year,round,race_name,race_date,driver_code,driver_name,constructor_name,circuit_id,circuit_name,qualifying_pos,grid,qualifying_pos_inv,grid_inv,driver_season_points_before,driver_season_races_before,driver_season_wins_before,driver_season_dnfs_before,driver_season_avg_pos_before,driver_last5_avg_pos,driver_last5_dnfs,driver_circuit_avg_pos,driver_circuit_races,driver_circuit_dnfs,constructor_season_points_before,constructor_season_avg_pos_before,constructor_season_dnfs_before,regulation_era,round_normalized,weather_is_wet,weather_air_temp,weather_track_temp,weather_max_rainfall,weather_humidity,is_win
2019,1,Australian Grand Prix,2019-03-17,GIO,Antonio Giovinazzi,Alfa Romeo,albert_park,Albert Park Grand Prix Circuit,14.0,14.0,0.07142857142857142,0.07142857142857142,0.0,0.0,0.0,0.0,11.375,11.0,0.0,10.0,0.0,0.0,0.0,11.416666666666666,0.0,0.0,0.047619047619047616,0.0,23.5,41.3,0.0,70.5,0
2019,1,Australian Grand Prix,2019-03-17,RAI,Kimi Räikkönen,Alfa Romeo,albert_park,Albert Park Grand Prix Circuit,9.0,9.0,0.1111111111111111,0.1111111111111111,0.0,0.0,0.0,0.0,11.375,6.2,0.0,3.0,1.0,0.0,0.0,15.0,0.0,0.0,0.047619047619047616,0.0,23.5,41.3,0.0,70.5,0
2019,2,Bahrain Grand Prix,2019-03-31,GIO,Antonio Giovinazzi,Alfa Romeo,bahrain,Bahrain International Circuit,16.0,16.0,0.0625,0.0625,0.0,1.0,0.0,0.0,15.0,15.0,0.0,10.0,0.0,0.0,4.0,11.5,0.0,0.0,0.09523809523809523,0.0,26.2,28.6,0.0,53.4,0
2019,2,Bahrain Grand Prix,2019-03-31,RAI,Kimi Räikkönen,Alfa Romeo,bahrain,Bahrain International Circuit,9.0,8.0,0.1111111111111111,0.125,4.0,1.0,0.0,0.0,8.0,6.8,0.0,18.0,1.0,0.0,4.0,11.333333333333334,0.0,0.0,0.09523809523809523,0.0,26.2,28.6,0.0,53.4,0
2019,3,Chinese Grand Prix,2019-04-14,GIO,Antonio Giovinazzi,Alfa Romeo,shanghai,Shanghai International Circuit,19.0,19.0,0.05263157894736842,0.05263157894736842,0.0,2.0,0.0,0.0,13.0,13.0,0.0,10.0,0.0,0.0,10.0,10.25,0.0,0.0,0.14285714285714285,0.0,19.3,27.3,0.0,46.0,0
2019,3,Chinese Grand Prix,2019-04-14,RAI,Kimi Räikkönen,Alfa Romeo,shanghai,Shanghai International Circuit,13.0,13.0,0.07692307692307693,0.07692307692307693,10.0,2.0,0.0,0.0,7.5,8.0,0.0,3.0,1.0,0.0,10.0,11.2,0.0,0.0,0.14285714285714285,0.0,19.3,27.3,0.0,46.0,0
2019,4,Azerbaijan Grand Prix,2019-04-28,GIO,Antonio Giovinazzi,Alfa Romeo,baku,Baku City Circuit,8.0,17.0,0.125,0.058823529411764705,0.0,3.0,0.0,0.0,13.666666666666666,13.666666666666666,0.0,10.0,0.0,0.0,12.0,10.833333333333334,0.0,0.0,0.19047619047619047,0.0,19.8,39.7,0.0,51.4,0
2019,4,Azerbaijan Grand Prix,2019-04-28,RAI,Kimi Räikkönen,Alfa Romeo,baku,Baku City Circuit,19.0,0.0,0.05263157894736842,1.0,12.0,3.0,0.0,0.0,8.0,9.2,0.0,2.0,1.0,0.0,12.0,11.0,0.0,0.0,0.19047619047619047,0.0,19.8,39.7,0.0,51.4,0
2019,5,Spanish Grand Prix,2019-05-12,GIO,Antonio Giovinazzi,Alfa Romeo,catalunya,Circuit de Barcelona-Catalunya,18.0,18.0,0.05555555555555555,0.05555555555555555,0.0,4.0,0.0,0.0,13.25,13.25,0.0,10.0,0.0,0.0,13.0,10.875,0.0,0.0,0.23809523809523808,0.0,20.1,40.7,0.0,54.7,0
2019,5,Spanish Grand Prix,2019-05-12,RAI,Kimi Räikkönen,Alfa Romeo,catalunya,Circuit de Barcelona-Catalunya,14.0,14.0,0.07142857142857142,0.07142857142857142,13.0,4.0,0.0,0.0,8.5,10.6,0.0,17.0,1.0,0.0,13.0,11.444444444444445,0.0,0.0,0.23809523809523808,0.0,20.1,40.7,0.0,54.7,0
2019,6,Monaco Grand Prix,2019-05-26,GIO,Antonio Giovinazzi,Alfa Romeo,monaco,Circuit de Monaco,15.0,18.0,0.06666666666666667,0.05555555555555555,0.0,5.0,0.0,0.0,13.8,13.8,0.0,10.0,0.0,0.0,13.0,11.7,0.0,0.0,0.2857142857142857,1.0,22.8,32.7,1.0,52.7,0
2019,6,Monaco Grand Prix,2019-05-26,RAI,Kimi Räikkönen,Alfa Romeo,monaco,Circuit de Monaco,14.0,14.0,0.07142857142857142,0.07142857142857142,13.0,5.0,0.0,0.0,9.6,9.6,0.0,4.0,1.0,0.0,13.0,12.363636363636363,0.0,0.0,0.2857142857142857,1.0,22.8,32.7,1.0,52.7,0
2019,7,Canadian Grand Prix,2019-06-09,GIO,Antonio Giovinazzi,Alfa Romeo,villeneuve,Circuit Gilles Villeneuve,13.0,12.0,0.07692307692307693,0.08333333333333333,0.0,6.0,0.0,0.0,14.666666666666666,14.6,0.0,10.0,0.0,0.0,13.0,12.75,0.0,0.0,0.3333333333333333,0.0,29.4,51.1,0.0,16.1,0
2019,7,Canadian Grand Prix,2019-06-09,RAI,Kimi Räikkönen,Alfa Romeo,villeneuve,Circuit Gilles Villeneuve,17.0,16.0,0.058823529411764705,0.0625,13.0,6.0,0.0,0.0,10.833333333333334,11.4,0.0,6.0,1.0,0.0,13.0,12.76923076923077,0.0,0.0,0.3333333333333333,0.0,29.4,51.1,0.0,16.1,0
2019,8,French Grand Prix,2019-06-23,GIO,Antonio Giovinazzi,Alfa Romeo,ricard,Circuit Paul Ricard,10.0,10.0,0.1,0.1,0.0,7.0,0.0,0.0,14.428571428571429,15.0,0.0,10.0,0.0,0.0,13.0,12.928571428571429,0.0,0.0,0.38095238095238093,0.0,26.9,54.5,0.0,39.1,0
2019,8,French Grand Prix,2019-06-23,RAI,Kimi Räikkönen,Alfa Romeo,ricard,Circuit Paul Ricard,12.0,12.0,0.08333333333333333,0.08333333333333333,13.0,7.0,0.0,0.0,11.428571428571429,13.0,0.0,3.0,1.0,0.0,13.0,13.133333333333333,0.0,0.0,0.38095238095238093,0.0,26.9,54.5,0.0,39.1,0
2019,9,Austrian Grand Prix,2019-06-30,GIO,Antonio Giovinazzi,Alfa Romeo,red_bull_ring,Red Bull Ring,8.0,7.0,0.125,0.14285714285714285,0.0,8.0,0.0,0.0,14.625,15.2,0.0,10.0,0.0,0.0,19.0,12.75,0.0,0.0,0.42857142857142855,0.0,34.4,50.7,0.0,18.0,0
2019,9,Austrian Grand Prix,2019-06-30,RAI,Kimi Räikkönen,Alfa Romeo,red_bull_ring,Red Bull Ring,7.0,6.0,0.14285714285714285,0.16666666666666666,19.0,8.0,0.0,0.0,10.875,12.6,0.0,2.0,1.0,0.0,20.0,12.588235294117647,0.0,0.0,0.42857142857142855,0.0,34.4,50.7,0.0,18.0,0
2019,10,British Grand Prix,2019-07-14,GIO,Antonio Giovinazzi,Alfa Romeo,silverstone,Silverstone Circuit,11.0,11.0,0.09090909090909091,0.09090909090909091,1.0,9.0,0.0,0.0,14.11111111111111,14.8,0.0,10.0,0.0,0.0,22.0,12.38888888888889,0.0,0.0,0.47619047619047616,0.0,18.9,30.3,0.0,62.1,0
2019,10,British Grand Prix,2019-07-14,RAI,Kimi Räikkönen,Alfa Romeo,silverstone,Silverstone Circuit,12.0,12.0,0.08333333333333333,0.08333333333333333,21.0,9.0,0.0,0.0,10.666666666666666,12.4,0.0,3.0,1.0,0.0,22.0,12.68421052631579,0.0,0.0,0.47619047619047616,0.0,18.9,30.3,0.0,62.1,0
2019,11,German Grand Prix,2019-07-28,GIO,Antonio Giovinazzi,Alfa Romeo,hockenheimring,Hockenheimring,11.0,11.0,0.09090909090909091,0.09090909090909091,1.0,10.0,0.0,0.0,14.5,15.2,0.0,10.0,0.0,0.0,26.0,12.45,0.0,0.0,0.5238095238095238,1.0,21.5,26.4,1.0,87.8,0
2019,11,German Grand Prix,2019-07-28,RAI,Kimi Räikkönen,Alfa Romeo,hockenheimring,Hockenheimring,5.0,5.0,0.2,0.2,25.0,10.0,0.0,0.0,10.4,11.2,0.0,3.0,1.0,0.0,26.0,12.476190476190476,0.0,0.0,0.5238095238095238,1.0,21.5,26.4,1.0,87.8,0
2019,12,Hungarian Grand Prix,2019-08-04,GIO,Antonio Giovinazzi,Alfa Romeo,hungaroring,Hungaroring,14.0,17.0,0.07142857142857142,0.058823529411764705,1.0,11.0,0.0,0.0,14.363636363636363,14.0,0.0,10.0,0.0,0.0,26.0,12.454545454545455,0.0,0.0,0.5714285714285714,0.0,25.7,44.1,0.0,33.9,0
2019,12,Hungarian Grand Prix,2019-08-04,RAI,Kimi Räikkönen,Alfa Romeo,hungaroring,Hungaroring,10.0,10.0,0.1,0.1,25.0,11.0,0.0,0.0,10.545454545454545,10.2,0.0,3.0,1.0,0.0,26.0,12.695652173913043,0.0,0.0,0.5714285714285714,0.0,25.7,44.1,0.0,33.9,0
2019,13,Belgian Grand Prix,2019-09-01,GIO,Antonio Giovinazzi,Alfa Romeo,spa,Circuit de Spa-Francorchamps,15.0,18.0,0.06666666666666667,0.05555555555555555,1.0,12.0,0.0,0.0,14.666666666666666,15.0,0.0,10.0,0.0,0.0,32.0,12.458333333333334,0.0,0.0,0.6190476190476191,0.0,17.4,28.1,0.0,57.0,0
2019,13,Belgian Grand Prix,2019-09-01,RAI,Kimi Räikkönen,Alfa Romeo,spa,Circuit de Spa-Francorchamps,8.0,6.0,0.125,0.16666666666666666,31.0,12.0,0.0,0.0,10.25,8.6,0.0,17.0,1.0,1.0,32.0,12.68,1.0,0.0,0.6190476190476191,0.0,17.4,28.1,0.0,57.0,0
2019,14,Italian Grand Prix,2019-09-08,GIO,Antonio Giovinazzi,Alfa Romeo,monza,Autodromo Nazionale di Monza,11.0,10.0,0.09090909090909091,0.1,1.0,13.0,0.0,1.0,14.923076923076923,15.4,1.0,10.0,0.0,0.0,32.0,12.807692307692308,1.0,0.0,0.6666666666666666,0.0,21.1,33.0,0.0,51.6,0
2019,14,Italian Grand Prix,2019-09-08,RAI,Kimi Räikkönen,Alfa Romeo,monza,Autodromo Nazionale di Monza,10.0,0.0,0.1,1.0,31.0,13.0,0.0,0.0,10.692307692307692,10.4,0.0,2.0,1.0,0.0,34.0,12.666666666666666,1.0,0.0,0.6666666666666666,0.0,21.1,33.0,0.0,51.6,0
2019,15,Singapore Grand Prix,2019-09-22,GIO,Antonio Giovinazzi,Alfa Romeo,marina_bay,Marina Bay Street Circuit,11.0,10.0,0.09090909090909091,0.1,3.0,14.0,0.0,1.0,14.5,15.2,1.0,10.0,0.0,0.0,34.0,12.75,1.0,0.0,0.7142857142857143,0.0,30.0,35.8,0.0,66.5,0
2019,15,Singapore Grand Prix,2019-09-22,RAI,Kimi Räikkönen,Alfa Romeo,marina_bay,Marina Bay Street Circuit,13.0,12.0,0.07692307692307693,0.08333333333333333,31.0,14.0,0.0,0.0,11.0,11.6,0.0,5.0,1.0,0.0,35.0,12.655172413793103,1.0,0.0,0.7142857142857143,0.0,30.0,35.8,0.0,66.5,0
2019,16,Russian Grand Prix,2019-09-29,GIO,Antonio Giovinazzi,Alfa Romeo,sochi,Sochi Autodrom,13.0,12.0,0.07692307692307693,0.08333333333333333,4.0,15.0,0.0,1.0,14.2,13.6,1.0,10.0,0.0,0.0,35.0,12.833333333333334,2.0,0.0,0.7619047619047619,1.0,22.0,34.3,1.0,67.4,0
2019,16,Russian Grand Prix,2019-09-29,RAI,Kimi Räikkönen,Alfa Romeo,sochi,Sochi Autodrom,16.0,15.0,0.0625,0.06666666666666667,31.0,15.0,0.0,1.0,11.466666666666667,13.6,1.0,4.0,1.0,0.0,35.0,12.903225806451612,2.0,0.0,0.7619047619047619,1.0,22.0,34.3,1.0,67.4,0
2019,17,Japanese Grand Prix,2019-10-13,GIO,Antonio Giovinazzi,Alfa Romeo,suzuka,Suzuka Circuit,11.0,11.0,0.09090909090909091,0.09090909090909091,4.0,16.0,0.0,1.0,14.25,14.0,1.0,10.0,0.0,0.0,35.0,12.90625,2.0,0.0,0.8095238095238095,0.0,21.6,32.2,0.0,57.5,0
2019,17,Japanese Grand Prix,2019-10-13,RAI,Kimi Räikkönen,Alfa Romeo,suzuka,Suzuka Circuit,13.0,13.0,0.07692307692307693,0.07692307692307693,31.0,16.0,0.0,1.0,11.5625,13.8,1.0,5.0,1.0,0.0,35.0,12.93939393939394,2.0,0.0,0.8095238095238095,0.0,21.6,32.2,0.0,57.5,0
2019,18,Mexican Grand Prix,2019-10-27,GIO,Antonio Giovinazzi,Alfa Romeo,rodriguez,Autódromo Hermanos Rodríguez,15.0,15.0,0.06666666666666667,0.06666666666666667,4.0,17.0,0.0,1.0,14.235294117647058,13.2,1.0,10.0,0.0,0.0,35.0,12.911764705882353,2.0,0.0,0.8571428571428571,0.0,23.2,41.6,0.0,46.3,0
2019,18,Mexican Grand Prix,2019-10-27,RAI,Kimi Räikkönen,Alfa Romeo,rodriguez,Autódromo Hermanos Rodríguez,14.0,14.0,0.07142857142857142,0.07142857142857142,31.0,17.0,0.0,1.0,11.588235294117647,14.8,1.0,3.0,1.0,0.0,35.0,12.942857142857143,2.0,0.0,0.8571428571428571,0.0,23.2,41.6,0.0,46.3,0
2019,19,United States Grand Prix,2019-11-03,GIO,Antonio Giovinazzi,Alfa Romeo,americas,Circuit of the Americas,16.0,16.0,0.0625,0.0625,4.0,18.0,0.0,1.0,14.222222222222221,12.4,0.0,10.0,0.0,0.0,35.0,13.11111111111111,2.0,0.0,0.9047619047619048,0.0,21.5,29.1,0.0,29.2,0
2019,19,United States Grand Prix,2019-11-03,RAI,Kimi Räikkönen,Alfa Romeo,americas,Circuit of the Americas,17.0,17.0,0.058823529411764705,0.058823529411764705,31.0,18.0,0.0,1.0,12.0,15.4,1.0,1.0,1.0,0.0,35.0,13.135135135135135,2.0,0.0,0.9047619047619048,0.0,21.5,29.1,0.0,29.2,0
2019,20,Brazilian Grand Prix,2019-11-17,GIO,Antonio Giovinazzi,Alfa Romeo,interlagos,Autódromo José Carlos Pace,13.0,12.0,0.07692307692307693,0.08333333333333333,4.0,19.0,0.0,1.0,14.210526315789474,13.4,0.0,10.0,0.0,0.0,35.0,13.078947368421053,2.0,0.0,0.9523809523809523,0.0,21.0,46.5,0.0,60.3,0
2019,20,Brazilian Grand Prix,2019-11-17,RAI,Kimi Räikkönen,Alfa Romeo,interlagos,Autódromo José Carlos Pace,9.0,8.0,0.1111111111111111,0.125,31.0,19.0,0.0,1.0,11.947368421052632,14.6,1.0,3.0,1.0,0.0,45.0,12.871794871794872,2.0,0.0,0.9523809523809523,0.0,21.0,46.5,0.0,60.3,0
2019,21,Abu Dhabi Grand Prix,2019-12-01,GIO,Antonio Giovinazzi,Alfa Romeo,yas_marina,Yas Marina Circuit,17.0,16.0,0.058823529411764705,0.0625,14.0,20.0,0.0,1.0,13.75,12.4,0.0,10.0,0.0,0.0,57.0,12.65,2.0,0.0,1.0,0.0,26.0,29.6,0.0,64.5,0
2019,21,Abu Dhabi Grand Prix,2019-12-01,RAI,Kimi Räikkönen,Alfa Romeo,yas_marina,Yas Marina Circuit,18.0,17.0,0.05555555555555555,0.058823529411764705,43.0,20.0,0.0,1.0,11.55,11.8,0.0,19.0,1.0,0.0,57.0,12.731707317073171,2.0,0.0,1.0,0.0,26.0,29.6,0.0,64.5,0
2020,1,Austrian Grand Prix,2020-07-05,GIO,Antonio Giovinazzi,Alfa Romeo,red_bull_ring,Red Bull Ring,18.0,18.0,0.05555555555555555,0.05555555555555555,0.0,0.0,0.0,0.0,11.375,12.6,0.0,10.0,1.0,0.0,0.0,11.416666666666666,0.0,0.0,0.058823529411764705,0.0,28.7,52.0,0.0,33.8,0
2020,1,Austrian Grand Prix,2020-07-05,RAI,Kimi Räikkönen,Alfa Romeo,red_bull_ring,Red Bull Ring,19.0,19.0,0.05263157894736842,0.05263157894736842,0.0,0.0,0.0,0.0,11.375,11.8,0.0,5.5,2.0,0.0,2.0,9.0,0.0,0.0,0.058823529411764705,0.0,28.7,52.0,0.0,33.8,0
2020,2,Styrian Grand Prix,2020-07-12,GIO,Antonio Giovinazzi,Alfa Romeo,red_bull_ring,Red Bull Ring,19.0,19.0,0.05263157894736842,0.05263157894736842,2.0,1.0,0.0,0.0,9.0,11.6,0.0,9.5,2.0,0.0,2.0,11.5,0.0,0.0,0.11764705882352941,1.0,20.8,39.9,1.0,34.0,0
2020,2,Styrian Grand Prix,2020-07-12,RAI,Kimi Räikkönen,Alfa Romeo,red_bull_ring,Red Bull Ring,16.0,16.0,0.0625,0.0625,0.0,1.0,0.0,0.0,14.0,12.2,0.0,8.333333333333334,3.0,0.0,2.0,12.333333333333334,0.0,0.0,0.11764705882352941,1.0,20.8,39.9,1.0,34.0,0
2020,3,Hungarian Grand Prix,2020-07-19,GIO,Antonio Giovinazzi,Alfa Romeo,hungaroring,Hungaroring,19.0,19.0,0.05263157894736842,0.05263157894736842,2.0,2.0,0.0,0.0,11.5,11.6,0.0,18.0,1.0,0.0,2.0,12.0,0.0,0.0,0.17647058823529413,1.0,20.7,27.1,1.0,77.2,0
2020,3,Hungarian Grand Prix,2020-07-19,RAI,Kimi Räikkönen,Alfa Romeo,hungaroring,Hungaroring,20.0,20.0,0.05,0.05,0.0,2.0,0.0,0.0,12.5,10.6,0.0,5.0,2.0,0.0,2.0,13.0,0.0,0.0,0.17647058823529413,1.0,20.7,27.1,1.0,77.2,0
2020,4,British Grand Prix,2020-08-02,GIO,Antonio Giovinazzi,Alfa Romeo,silverstone,Silverstone Circuit,17.0,15.0,0.058823529411764705,0.06666666666666667,2.0,3.0,0.0,0.0,13.333333333333334,12.2,0.0,18.0,1.0,0.0,2.0,13.333333333333334,0.0,0.0,0.23529411764705882,0.0,21.3,40.6,0.0,44.2,0
2020,4,British Grand Prix,2020-08-02,RAI,Kimi Räikkönen,Alfa Romeo,silverstone,Silverstone Circuit,18.0,16.0,0.05555555555555555,0.0625,0.0,3.0,0.0,0.0,13.333333333333334,11.4,0.0,5.5,2.0,0.0,2.0,13.428571428571429,0.0,0.0,0.23529411764705882,0.0,21.3,40.6,0.0,44.2,0
2020,5,70th Anniversary Grand Prix,2020-08-09,GIO,Antonio Giovinazzi,Alfa Romeo,silverstone,Silverstone Circuit,19.0,19.0,0.05263157894736842,0.05263157894736842,2.0,4.0,0.0,0.0,13.5,14.0,0.0,16.0,2.0,0.0,2.0,13.875,0.0,0.0,0.29411764705882354,0.0,25.3,43.2,0.0,58.6,0
2020,5,70th Anniversary Grand Prix,2020-08-09,RAI,Kimi Räikkönen,Alfa Romeo,silverstone,Silverstone Circuit,20.0,20.0,0.05,0.05,0.0,4.0,0.0,0.0,14.25,14.0,0.0,9.333333333333334,3.0,0.0,2.0,14.222222222222221,0.0,0.0,0.29411764705882354,0.0,25.3,43.2,0.0,58.6,0
2020,6,Spanish Grand Prix,2020-08-16,GIO,Antonio Giovinazzi,Alfa Romeo,catalunya,Circuit de Barcelona-Catalunya,20.0,20.0,0.05,0.05,2.0,5.0,0.0,0.0,14.2,14.2,0.0,16.0,1.0,0.0,2.0,14.3,0.0,0.0,0.35294117647058826,0.0,29.8,47.6,0.0,56.4,0
2020,6,Spanish Grand Prix,2020-08-16,RAI,Kimi Räikkönen,Alfa Romeo,catalunya,Circuit de Barcelona-Catalunya,14.0,14.0,0.07142857142857142,0.07142857142857142,0.0,5.0,0.0,0.0,14.4,14.4,0.0,15.5,2.0,0.0,2.0,14.454545454545455,0.0,0.0,0.35294117647058826,0.0,29.8,47.6,0.0,56.4,0
2020,7,Belgian Grand Prix,2020-08-30,GIO,Antonio Giovinazzi,Alfa Romeo,spa,Circuit de Spa-Francorchamps,18.0,18.0,0.05555555555555555,0.05555555555555555,2.0,6.0,0.0,0.0,14.5,15.6,0.0,18.0,1.0,1.0,2.0,14.416666666666666,0.0,0.0,0.4117647058823529,0.0,18.6,29.8,0.0,54.9,0
2020,7,Belgian Grand Prix,2020-08-30,RAI,Kimi Räikkönen,Alfa Romeo,spa,Circuit de Spa-Francorchamps,16.0,16.0,0.0625,0.0625,0.0,6.0,0.0,0.0,14.333333333333334,14.4,0.0,16.5,2.0,1.0,2.0,14.692307692307692,1.0,0.0,0.4117647058823529,0.0,18.6,29.8,0.0,54.9,0
2020,8,Italian Grand Prix,2020-09-06,GIO,Antonio Giovinazzi,Alfa Romeo,monza,Autodromo Nazionale di Monza,18.0,18.0,0.05555555555555555,0.05555555555555555,2.0,7.0,0.0,1.0,15.0,16.4,1.0,9.0,1.0,0.0,2.0,14.5,1.0,0.0,0.47058823529411764,0.0,28.1,41.2,0.0,40.1,0
2020,8,Italian Grand Prix,2020-09-06,RAI,Kimi Räikkönen,Alfa Romeo,monza,Autodromo Nazionale di Monza,14.0,14.0,0.07142857142857142,0.07142857142857142,0.0,7.0,0.0,0.0,14.0,14.6,0.0,8.5,2.0,0.0,2.0,14.6,1.0,0.0,0.47058823529411764,0.0,28.1,41.2,0.0,40.1,0
2020,9,Tuscan Grand Prix,2020-09-13,GIO,Antonio Giovinazzi,Alfa Romeo,mugello,Autodromo Internazionale del Mugello,17.0,17.0,0.058823529411764705,0.058823529411764705,2.0,8.0,0.0,1.0,15.125,16.2,1.0,10.0,0.0,0.0,2.0,14.5,1.0,0.0,0.5294117647058824,0.0,30.2,43.1,0.0,39.9,0
2020,9,Tuscan Grand Prix,2020-09-13,RAI,Kimi Räikkönen,Alfa Romeo,mugello,Autodromo Internazionale del Mugello,13.0,13.0,0.07692307692307693,0.07692307692307693,0.0,8.0,0.0,0.0,13.875,14.2,0.0,10.0,0.0,0.0,2.0,14.647058823529411,2.0,0.0,0.5294117647058824,0.0,30.2,43.1,0.0,39.9,0
2020,10,Russian Grand Prix,2020-09-27,GIO,Antonio Giovinazzi,Alfa Romeo,sochi,Sochi Autodrom,17.0,17.0,0.058823529411764705,0.058823529411764705,2.0,9.0,0.0,2.0,15.333333333333334,16.8,2.0,15.0,1.0,0.0,4.0,14.333333333333334,2.0,0.0,0.5882352941176471,0.0,28.8,40.3,0.0,51.4,0
2020,10,Russian Grand Prix,2020-09-27,RAI,Kimi Räikkönen,Alfa Romeo,sochi,Sochi Autodrom,20.0,19.0,0.05,0.05263157894736842,2.0,9.0,0.0,0.0,13.333333333333334,12.6,0.0,8.5,2.0,0.0,4.0,14.157894736842104,2.0,0.0,0.5882352941176471,0.0,28.8,40.3,0.0,51.4,0
2020,11,Eifel Grand Prix,2020-10-11,GIO,Antonio Giovinazzi,Alfa Romeo,nurburgring,Nürburgring,14.0,14.0,0.07142857142857142,0.07142857142857142,2.0,10.0,0.0,2.0,14.9,15.6,2.0,10.0,0.0,0.0,4.0,14.15,2.0,0.0,0.6470588235294118,1.0,9.5,16.4,1.0,59.4,0
2020,11,Eifel Grand Prix,2020-10-11,RAI,Kimi Räikkönen,Alfa Romeo,nurburgring,Nürburgring,19.0,19.0,0.05263157894736842,0.05263157894736842,2.0,10.0,0.0,0.0,13.4,12.4,0.0,10.0,0.0,0.0,5.0,13.952380952380953,2.0,0.0,0.6470588235294118,1.0,9.5,16.4,1.0,59.4,0
2020,12,Portuguese Grand Prix,2020-10-25,GIO,Antonio Giovinazzi,Alfa Romeo,portimao,Autódromo Internacional do Algarve,17.0,17.0,0.058823529411764705,0.058823529411764705,3.0,11.0,0.0,2.0,14.454545454545455,14.4,2.0,10.0,0.0,0.0,5.0,13.863636363636363,2.0,0.0,0.7058823529411765,0.0,20.5,25.7,0.0,67.5,0
2020,12,Portuguese Grand Prix,2020-10-25,RAI,Kimi Räikkönen,Alfa Romeo,portimao,Autódromo Internacional do Algarve,16.0,16.0,0.0625,0.0625,2.0,11.0,0.0,0.0,13.272727272727273,12.0,0.0,10.0,0.0,0.0,5.0,13.91304347826087,2.0,0.0,0.7058823529411765,0.0,20.5,25.7,0.0,67.5,0
2020,13,Emilia Romagna Grand Prix,2020-11-01,GIO,Antonio Giovinazzi,Alfa Romeo,imola,Autodromo Enzo e Dino Ferrari,20.0,20.0,0.05,0.05,3.0,12.0,0.0,2.0,14.5,13.8,1.0,10.0,0.0,0.0,5.0,13.791666666666666,2.0,0.0,0.7647058823529411,0.0,18.0,23.3,0.0,71.1,0
2020,13,Emilia Romagna Grand Prix,2020-11-01,RAI,Kimi Räikkönen,Alfa Romeo,imola,Autodromo Enzo e Dino Ferrari,18.0,18.0,0.05555555555555555,0.05555555555555555,2.0,12.0,0.0,0.0,13.083333333333334,11.8,0.0,10.0,0.0,0.0,6.0,13.64,2.0,0.0,0.7647058823529411,0.0,18.0,23.3,0.0,71.1,0
2020,14,Turkish Grand Prix,2020-11-15,GIO,Antonio Giovinazzi,Alfa Romeo,istanbul,Istanbul Park,10.0,10.0,0.1,0.1,4.0,13.0,0.0,2.0,14.153846153846153,12.6,1.0,10.0,0.0,0.0,8.0,13.461538461538462,2.0,0.0,0.8235294117647058,1.0,13.1,15.2,1.0,80.2,0
2020,14,Turkish Grand Prix,2020-11-15,RAI,Kimi Räikkönen,Alfa Romeo,istanbul,Istanbul Park,8.0,8.0,0.125,0.125,4.0,13.0,0.0,0.0,12.76923076923077,11.0,0.0,10.0,0.0,0.0,8.0,13.703703703703704,3.0,0.0,0.8235294117647058,1.0,13.1,15.2,1.0,80.2,0
2020,15,Bahrain Grand Prix,2020-11-29,GIO,Antonio Giovinazzi,Alfa Romeo,bahrain,Bahrain International Circuit,16.0,16.0,0.0625,0.0625,4.0,14.0,0.0,3.0,14.571428571428571,13.2,1.0,11.0,1.0,0.0,8.0,13.75,3.0,0.0,0.8823529411764706,0.0,25.1,27.5,0.0,67.8,0
2020,15,Bahrain Grand Prix,2020-11-29,RAI,Kimi Räikkönen,Alfa Romeo,bahrain,Bahrain International Circuit,17.0,17.0,0.058823529411764705,0.058823529411764705,4.0,14.0,0.0,0.0,12.928571428571429,12.2,0.0,12.5,2.0,0.0,8.0,13.827586206896552,3.0,0.0,0.8823529411764706,0.0,25.1,27.5,0.0,67.8,0
2020,16,Sakhir Grand Prix,2020-12-06,GIO,Antonio Giovinazzi,Alfa Romeo,bahrain,Bahrain International Circuit,14.0,14.0,0.07142857142857142,0.07142857142857142,4.0,15.0,0.0,3.0,14.666666666666666,14.2,1.0,13.5,2.0,0.0,8.0,13.866666666666667,3.0,0.0,0.9411764705882353,0.0,20.9,23.5,0.0,58.2,0
2020,16,Sakhir Grand Prix,2020-12-06,RAI,Kimi Räikkönen,Alfa Romeo,bahrain,Bahrain International Circuit,19.0,18.0,0.05263157894736842,0.05555555555555555,4.0,15.0,0.0,0.0,13.066666666666666,12.4,0.0,13.333333333333334,3.0,0.0,8.0,13.838709677419354,3.0,0.0,0.9411764705882353,0.0,20.9,23.5,0.0,58.2,0
2020,17,Abu Dhabi Grand Prix,2020-12-13,GIO,Antonio Giovinazzi,Alfa Romeo,yas_marina,Yas Marina Circuit,14.0,14.0,0.07142857142857142,0.07142857142857142,4.0,16.0,0.0,3.0,14.5625,14.8,1.0,16.0,1.0,0.0,8.0,13.84375,3.0,0.0,1.0,0.0,23.1,28.0,0.0,55.4,0
2020,17,Abu Dhabi Grand Prix,2020-12-13,RAI,Kimi Räikkönen,Alfa Romeo,yas_marina,Yas Marina Circuit,16.0,15.0,0.0625,0.06666666666666667,4.0,16.0,0.0,0.0,13.125,12.8,0.0,16.0,2.0,0.0,8.0,13.909090909090908,3.0,0.0,1.0,0.0,23.1,28.0,0.0,55.4,0
2021,1,Bahrain Grand Prix,2021-03-28,GIO,Antonio Giovinazzi,Alfa Romeo,bahrain,Bahrain International Circuit,12.0,12.0,0.08333333333333333,0.08333333333333333,0.0,0.0,0.0,0.0,11.375,15.0,1.0,13.333333333333334,3.0,0.0,0.0,11.416666666666666,0.0,0.0,0.045454545454545456,0.0,20.5,27.6,0.0,54.5,0
2021,1,Bahrain Grand Prix,2021-03-28,RAI,Kimi Räikkönen,Alfa Romeo,bahrain,Bahrain International Circuit,14.0,14.0,0.07142857142857142,0.07142857142857142,0.0,0.0,0.0,0.0,11.375,13.0,0.0,13.5,4.0,0.0,0.0,12.0,0.0,0.0,0.045454545454545456,0.0,20.5,27.6,0.0,54.5,0
2021,2,Emilia Romagna Grand Prix,2021-04-18,GIO,Antonio Giovinazzi,Alfa Romeo,imola,Autodromo Enzo e Dino Ferrari,17.0,17.0,0.058823529411764705,0.058823529411764705,0.0,1.0,0.0,0.0,12.0,15.4,1.0,10.0,1.0,0.0,0.0,11.5,0.0,0.0,0.09090909090909091,1.0,10.6,16.8,1.0,69.5,0
2021,2,Emilia Romagna Grand Prix,2021-04-18,RAI,Kimi Räikkönen,Alfa Romeo,imola,Autodromo Enzo e Dino Ferrari,16.0,16.0,0.0625,0.0625,0.0,1.0,0.0,0.0,11.0,13.4,0.0,9.0,1.0,0.0,0.0,12.333333333333334,0.0,0.0,0.09090909090909091,1.0,10.6,16.8,1.0,69.5,0
2021,3,Portuguese Grand Prix,2021-05-02,GIO,Antonio Giovinazzi,Alfa Romeo,portimao,Autódromo Internacional do Algarve,12.0,12.0,0.08333333333333333,0.08333333333333333,0.0,2.0,0.0,0.0,13.0,14.2,0.0,15.0,1.0,0.0,0.0,12.5,0.0,0.0,0.13636363636363635,0.0,19.4,39.0,0.0,39.4,0
2021,3,Portuguese Grand Prix,2021-05-02,RAI,Kimi Räikkönen,Alfa Romeo,portimao,Autódromo Internacional do Algarve,15.0,15.0,0.06666666666666667,0.06666666666666667,0.0,2.0,0.0,0.0,12.0,13.0,0.0,11.0,1.0,0.0,0.0,12.4,0.0,0.0,0.13636363636363635,0.0,19.4,39.0,0.0,39.4,0
2021,4,Spanish Grand Prix,2021-05-09,GIO,Antonio Giovinazzi,Alfa Romeo,catalunya,Circuit de Barcelona-Catalunya,14.0,14.0,0.07142857142857142,0.07142857142857142,0.0,3.0,0.0,0.0,12.666666666666666,13.4,0.0,16.0,2.0,0.0,0.0,13.666666666666666,1.0,0.0,0.18181818181818182,0.0,22.2,32.9,0.0,57.6,0
2021,4,Spanish Grand Prix,2021-05-09,RAI,Kimi Räikkönen,Alfa Romeo,catalunya,Circuit de Barcelona-Catalunya,17.0,17.0,0.058823529411764705,0.058823529411764705,0.0,3.0,0.0,1.0,14.666666666666666,14.0,1.0,15.0,3.0,0.0,0.0,13.857142857142858,1.0,0.0,0.18181818181818182,0.0,22.2,32.9,0.0,57.6,0
2021,5,Monaco Grand Prix,2021-05-23,GIO,Antonio Giovinazzi,Alfa Romeo,monaco,Circuit de Monaco,10.0,10.0,0.1,0.1,0.0,4.0,0.0,0.0,13.25,13.8,0.0,19.0,1.0,0.0,0.0,13.625,1.0,0.0,0.22727272727272727,0.0,20.8,37.6,0.0,61.4,0
2021,5,Monaco Grand Prix,2021-05-23,RAI,Kimi Räikkönen,Alfa Romeo,monaco,Circuit de Monaco,14.0,14.0,0.07142857142857142,0.07142857142857142,0.0,4.0,0.0,1.0,14.0,13.6,1.0,10.5,2.0,0.0,1.0,13.222222222222221,1.0,0.0,0.22727272727272727,0.0,20.8,37.6,0.0,61.4,0
2021,6,Azerbaijan Grand Prix,2021-06-06,GIO,Antonio Giovinazzi,Alfa Romeo,baku,Baku City Circuit,20.0,20.0,0.05,0.05,1.0,5.0,0.0,0.0,12.6,12.6,0.0,12.0,1.0,0.0,1.0,13.0,1.0,0.0,0.2727272727272727,0.0,24.2,38.3,0.0,55.8,0
2021,6,Azerbaijan Grand Prix,2021-06-06,RAI,Kimi Räikkönen,Alfa Romeo,baku,Baku City Circuit,14.0,14.0,0.07142857142857142,0.07142857142857142,0.0,5.0,0.0,1.0,13.4,13.4,1.0,6.0,2.0,0.0,1.0,12.818181818181818,1.0,0.0,0.2727272727272727,0.0,24.2,38.3,0.0,55.8,0
2021,7,French Grand Prix,2021-06-20,GIO,Antonio Giovinazzi,Alfa Romeo,ricard,Circuit Paul Ricard,13.0,13.0,0.07692307692307693,0.07692307692307693,1.0,6.0,0.0,0.0,12.333333333333334,12.4,0.0,16.0,1.0,0.0,2.0,12.583333333333334,1.0,0.0,0.3181818181818182,0.0,25.3,35.2,0.0,58.6,0
2021,7,French Grand Prix,2021-06-20,RAI,Kimi Räikkönen,Alfa Romeo,ricard,Circuit Paul Ricard,17.0,17.0,0.058823529411764705,0.058823529411764705,1.0,6.0,0.0,1.0,12.833333333333334,13.2,1.0,5.0,2.0,0.0,2.0,12.76923076923077,1.0,0.0,0.3181818181818182,0.0,25.3,35.2,0.0,58.6,0
2021,8,Styrian Grand Prix,2021-06-27,GIO,Antonio Giovinazzi,Alfa Romeo,red_bull_ring,Red Bull Ring,15.0,15.0,0.06666666666666667,0.06666666666666667,1.0,7.0,0.0,0.0,12.714285714285714,12.6,0.0,11.0,3.0,0.0,2.0,13.071428571428571,1.0,0.0,0.36363636363636365,0.0,26.7,52.4,0.0,33.2,0
2021,8,Styrian Grand Prix,2021-06-27,RAI,Kimi Räikkönen,Alfa Romeo,red_bull_ring,Red Bull Ring,18.0,18.0,0.05555555555555555,0.05555555555555555,1.0,7.0,0.0,1.0,13.428571428571429,14.0,1.0,9.0,4.0,0.0,2.0,13.2,1.0,0.0,0.36363636363636365,0.0,26.7,52.4,0.0,33.2,0
2021,9,Austrian Grand Prix,2021-07-04,GIO,Antonio Giovinazzi,Alfa Romeo,red_bull_ring,Red Bull Ring,15.0,15.0,0.06666666666666667,0.06666666666666667,1.0,8.0,0.0,0.0,13.0,13.2,0.0,12.0,4.0,0.0,2.0,13.0625,1.0,0.0,0.4090909090909091,1.0,21.0,33.2,1.0,49.7,0
2021,9,Austrian Grand Prix,2021-07-04,RAI,Kimi Räikkönen,Alfa Romeo,red_bull_ring,Red Bull Ring,16.0,16.0,0.0625,0.0625,1.0,8.0,0.0,1.0,13.125,12.2,0.0,9.4,5.0,0.0,2.0,13.117647058823529,1.0,0.0,0.4090909090909091,1.0,21.0,33.2,1.0,49.7,0
2021,10,British Grand Prix,2021-07-18,GIO,Antonio Giovinazzi,Alfa Romeo,silverstone,Silverstone Circuit,14.0,15.0,0.07142857142857142,0.06666666666666667,1.0,9.0,0.0,0.0,13.11111111111111,13.0,0.0,16.333333333333332,3.0,0.0,2.0,13.222222222222221,1.0,0.0,0.45454545454545453,0.0,29.4,50.9,0.0,37.2,0
2021,10,British Grand Prix,2021-07-18,RAI,Kimi Räikkönen,Alfa Romeo,silverstone,Silverstone Circuit,17.0,13.0,0.058823529411764705,0.07692307692307693,1.0,9.0,0.0,1.0,13.333333333333334,12.8,0.0,10.75,4.0,0.0,2.0,13.210526315789474,1.0,0.0,0.45454545454545453,0.0,29.4,50.9,0.0,37.2,0
2021,11,Hungarian Grand Prix,2021-08-01,GIO,Antonio Giovinazzi,Alfa Romeo,hungaroring,Hungaroring,14.0,0.0,0.07142857142857142,1.0,1.0,10.0,0.0,0.0,13.1,13.6,0.0,17.5,2.0,0.0,2.0,13.3,1.0,0.0,0.5,1.0,27.2,37.8,1.0,68.6,0
2021,11,Hungarian Grand Prix,2021-08-01,RAI,Kimi Räikkönen,Alfa Romeo,hungaroring,Hungaroring,13.0,13.0,0.07692307692307693,0.07692307692307693,1.0,10.0,0.0,1.0,13.5,13.6,0.0,8.333333333333334,3.0,0.0,2.0,13.285714285714286,1.0,0.0,0.5,1.0,27.2,37.8,1.0,68.6,0
2021,12,Belgian Grand Prix,2021-08-29,GIO,Antonio Giovinazzi,Alfa Romeo,spa,Circuit de Spa-Francorchamps,16.0,14.0,0.0625,0.07142857142857142,1.0,11.0,0.0,0.0,13.090909090909092,14.0,0.0,18.0,2.0,2.0,3.0,13.136363636363637,1.0,0.0,0.5454545454545454,1.0,13.0,15.3,1.0,96.4,0
2021,12,Belgian Grand Prix,2021-08-29,RAI,Kimi Räikkönen,Alfa Romeo,spa,Circuit de Spa-Francorchamps,19.0,0.0,0.05263157894736842,1.0,2.0,11.0,0.0,1.0,13.181818181818182,13.6,0.0,15.0,3.0,1.0,3.0,13.130434782608695,1.0,0.0,0.5454545454545454,1.0,13.0,15.3,1.0,96.4,0
2021,13,Dutch Grand Prix,2021-09-05,GIO,Antonio Giovinazzi,Alfa Romeo,zandvoort,Circuit Park Zandvoort,7.0,7.0,0.14285714285714285,0.14285714285714285,1.0,12.0,0.0,0.0,13.083333333333334,13.6,0.0,10.0,0.0,0.0,3.0,13.333333333333334,1.0,0.0,0.5909090909090909,0.0,21.5,36.1,0.0,54.1,0
2021,13,Dutch Grand Prix,2021-09-05,KUB,Robert Kubica,Alfa Romeo,zandvoort,Circuit Park Zandvoort,18.0,16.0,0.05555555555555555,0.0625,0.0,0.0,0.0,0.0,11.375,17.8,0.0,10.0,0.0,0.0,3.0,13.36,1.0,0.0,0.5909090909090909,0.0,21.5,36.1,0.0,54.1,0
2021,14,Italian Grand Prix,2021-09-12,GIO,Antonio Giovinazzi,Alfa Romeo,monza,Autodromo Nazionale di Monza,10.0,7.0,0.1,0.14285714285714285,1.0,13.0,0.0,0.0,13.153846153846153,13.4,0.0,12.5,2.0,0.0,3.0,13.423076923076923,1.0,0.0,0.6363636363636364,0.0,28.9,43.5,0.0,33.3,0
2021,14,Italian Grand Prix,2021-09-12,KUB,Robert Kubica,Alfa Romeo,monza,Autodromo Nazionale di Monza,19.0,17.0,0.05263157894736842,0.058823529411764705,0.0,1.0,0.0,0.0,15.0,17.4,0.0,17.0,1.0,0.0,3.0,13.407407407407407,1.0,0.0,0.6363636363636364,0.0,28.9,43.5,0.0,33.3,0
2021,15,Russian Grand Prix,2021-09-26,GIO,Antonio Giovinazzi,Alfa Romeo,sochi,Sochi Autodrom,18.0,17.0,0.05555555555555555,0.058823529411764705,1.0,14.0,0.0,0.0,13.142857142857142,13.2,0.0,13.0,2.0,0.0,3.0,13.428571428571429,1.0,0.0,0.6818181818181818,1.0,19.1,21.8,1.0,61.9,0
2021,15,Russian Grand Prix,2021-09-26,RAI,Kimi Räikkönen,Alfa Romeo,sochi,Sochi Autodrom,16.0,13.0,0.0625,0.07692307692307693,2.0,12.0,0.0,1.0,13.583333333333334,13.8,0.0,10.333333333333334,3.0,0.0,3.0,13.517241379310345,1.0,0.0,0.6818181818181818,1.0,19.1,21.8,1.0,61.9,0
2021,16,Turkish Grand Prix,2021-10-10,GIO,Antonio Giovinazzi,Alfa Romeo,istanbul,Istanbul Park,18.0,16.0,0.05555555555555555,0.0625,1.0,15.0,0.0,0.0,13.333333333333334,13.8,0.0,20.0,1.0,1.0,7.0,13.333333333333334,1.0,0.0,0.7272727272727273,0.0,15.8,18.2,0.0,93.5,0
2021,16,Turkish Grand Prix,2021-10-10,RAI,Kimi Räikkönen,Alfa Romeo,istanbul,Istanbul Park,19.0,17.0,0.05263157894736842,0.058823529411764705,6.0,13.0,0.0,1.0,13.153846153846153,13.2,0.0,15.0,1.0,0.0,7.0,13.258064516129032,1.0,0.0,0.7272727272727273,0.0,15.8,18.2,0.0,93.5,0
2021,17,United States Grand Prix,2021-10-24,GIO,Antonio Giovinazzi,Alfa Romeo,americas,Circuit of the Americas,13.0,12.0,0.07692307692307693,0.08333333333333333,1.0,16.0,0.0,0.0,13.1875,13.4,0.0,14.0,1.0,0.0,7.0,13.21875,1.0,0.0,0.7727272727272727,0.0,28.1,37.5,0.0,61.2,0
2021,17,United States Grand Prix,2021-10-24,RAI,Kimi Räikkönen,Alfa Romeo,americas,Circuit of the Americas,18.0,15.0,0.05555555555555555,0.06666666666666667,6.0,14.0,0.0,1.0,13.071428571428571,12.6,0.0,6.0,2.0,0.0,7.0,13.151515151515152,1.0,0.0,0.7727272727272727,0.0,28.1,37.5,0.0,61.2,0
2021,18,Mexico City Grand Prix,2021-11-07,GIO,Antonio Giovinazzi,Alfa Romeo,rodriguez,Autódromo Hermanos Rodríguez,14.0,11.0,0.07142857142857142,0.09090909090909091,1.0,17.0,0.0,0.0,13.058823529411764,13.0,0.0,14.0,1.0,0.0,7.0,13.147058823529411,1.0,0.0,0.8181818181818182,0.0,21.2,47.6,0.0,31.2,0
2021,18,Mexico City Grand Prix,2021-11-07,RAI,Kimi Räikkönen,Alfa Romeo,rodriguez,Autódromo Hermanos Rodríguez,12.0,10.0,0.08333333333333333,0.1,6.0,15.0,0.0,1.0,13.066666666666666,12.2,0.0,11.0,2.0,0.0,7.0,13.085714285714285,1.0,0.0,0.8181818181818182,0.0,21.2,47.6,0.0,31.2,0
2021,19,São Paulo Grand Prix,2021-11-14,GIO,Antonio Giovinazzi,Alfa Romeo,interlagos,Autódromo José Carlos Pace,15.0,13.0,0.06666666666666667,0.07692307692307693,1.0,18.0,0.0,0.0,12.944444444444445,12.4,0.0,5.0,1.0,0.0,11.0,12.944444444444445,1.0,0.0,0.8636363636363636,0.0,23.1,51.6,0.0,60.1,0
2021,19,São Paulo Grand Prix,2021-11-14,RAI,Kimi Räikkönen,Alfa Romeo,interlagos,Autódromo José Carlos Pace,14.0,0.0,0.07142857142857142,1.0,10.0,16.0,0.0,1.0,12.75,11.8,0.0,3.5,2.0,0.0,11.0,12.972972972972974,1.0,0.0,0.8636363636363636,0.0,23.1,51.6,0.0,60.1,0
2021,20,Qatar Grand Prix,2021-11-21,GIO,Antonio Giovinazzi,Alfa Romeo,losail,Losail International Circuit,18.0,18.0,0.05555555555555555,0.05555555555555555,1.0,19.0,0.0,0.0,13.0,12.6,0.0,10.0,0.0,0.0,11.0,12.947368421052632,1.0,0.0,0.9090909090909091,1.0,26.4,30.6,1.0,75.5,0
2021,20,Qatar Grand Prix,2021-11-21,RAI,Kimi Räikkönen,Alfa Romeo,losail,Losail International Circuit,16.0,16.0,0.0625,0.0625,10.0,17.0,0.0,1.0,12.705882352941176,10.6,0.0,10.0,0.0,0.0,11.0,13.0,1.0,0.0,0.9090909090909091,1.0,26.4,30.6,1.0,75.5,0
2021,21,Saudi Arabian Grand Prix,2021-12-05,GIO,Antonio Giovinazzi,Alfa Romeo,jeddah,Jeddah Corniche Circuit,10.0,10.0,0.1,0.1,1.0,20.0,0.0,0.0,13.1,12.4,0.0,10.0,0.0,0.0,11.0,13.025,1.0,0.0,0.9545454545454546,0.0,28.8,31.7,0.0,76.2,0
2021,21,Saudi Arabian Grand Prix,2021-12-05,RAI,Kimi Räikkönen,Alfa Romeo,jeddah,Jeddah Corniche Circuit,12.0,12.0,0.08333333333333333,0.08333333333333333,10.0,18.0,0.0,1.0,12.777777777777779,11.8,0.0,10.0,0.0,0.0,13.0,12.926829268292684,1.0,0.0,0.9545454545454546,0.0,28.8,31.7,0.0,76.2,0
2021,22,Abu Dhabi Grand Prix,2021-12-12,GIO,Antonio Giovinazzi,Alfa Romeo,yas_marina,Yas Marina Circuit,14.0,14.0,0.07142857142857142,0.07142857142857142,3.0,21.0,0.0,0.0,12.904761904761905,12.0,0.0,16.0,2.0,0.0,13.0,12.976190476190476,1.0,0.0,1.0,0.0,24.5,28.5,0.0,59.1,0
2021,22,Abu Dhabi Grand Prix,2021-12-12,RAI,Kimi Räikkönen,Alfa Romeo,yas_marina,Yas Marina Circuit,18.0,18.0,0.05555555555555555,0.05555555555555555,10.0,19.0,0.0,1.0,12.894736842105264,12.4,0.0,14.666666666666666,3.0,0.0,13.0,13.069767441860465,2.0,0.0,1.0,0.0,24.5,28.5,0.0,59.1,0
2022,1,Bahrain Grand Prix,2022-03-20,BOT,Valtteri Bottas,Alfa Romeo,bahrain,Bahrain International Circuit,6.0,6.0,0.16666666666666666,0.16666666666666666,0.0,0.0,0.0,0.0,11.375,9.4,0.0,4.6,5.0,0.0,0.0,11.416666666666666,0.0,1.0,0.045454545454545456,0.0,23.6,28.6,0.0,29.5,0
2022,1,Bahrain Grand Prix,2022-03-20,ZHO,Guanyu Zhou,Alfa Romeo,bahrain,Bahrain International Circuit,15.0,15.0,0.06666666666666667,0.06666666666666667,0.0,0.0,0.0,0.0,11.375,11.0,0.0,10.0,0.0,0.0,8.0,6.0,0.0,1.0,0.045454545454545456,0.0,23.6,28.6,0.0,29.5,0
2022,2,Saudi Arabian Grand Prix,2022-03-27,BOT,Valtteri Bottas,Alfa Romeo,jeddah,Jeddah Corniche Circuit,8.0,8.0,0.125,0.125,8.0,1.0,0.0,0.0,6.0,7.6,0.0,3.0,1.0,0.0,9.0,8.0,0.0,1.0,0.09090909090909091,0.0,25.4,28.4,0.0,59.7,0
2022,2,Saudi Arabian Grand Prix,2022-03-27,ZHO,Guanyu Zhou,Alfa Romeo,jeddah,Jeddah Corniche Circuit,13.0,12.0,0.07692307692307693,0.08333333333333333,1.0,1.0,0.0,0.0,10.0,10.0,0.0,10.0,0.0,0.0,9.0,10.333333333333334,0.0,1.0,0.09090909090909091,0.0,25.4,28.4,0.0,59.7,0
2022,3,Australian Grand Prix,2022-04-10,BOT,Valtteri Bottas,Alfa Romeo,albert_park,Albert Park Grand Prix Circuit,12.0,12.0,0.08333333333333333,0.08333333333333333,8.0,2.0,0.0,0.0,10.5,10.0,0.0,4.5,2.0,0.0,9.0,10.5,0.0,1.0,0.13636363636363635,0.0,26.7,37.4,0.0,43.7,0
2022,3,Australian Grand Prix,2022-04-10,ZHO,Guanyu Zhou,Alfa Romeo,albert_park,Albert Park Grand Prix Circuit,14.0,14.0,0.07142857142857142,0.07142857142857142,1.0,2.0,0.0,0.0,10.5,10.5,0.0,10.0,0.0,0.0,13.0,10.0,0.0,1.0,0.13636363636363635,0.0,26.7,37.4,0.0,43.7,0
2022,4,Emilia Romagna Grand Prix,2022-04-24,BOT,Valtteri Bottas,Alfa Romeo,imola,Autodromo Enzo e Dino Ferrari,8.0,7.0,0.125,0.14285714285714285,12.0,3.0,0.0,0.0,9.666666666666666,7.6,0.0,10.0,2.0,1.0,13.0,10.166666666666666,0.0,1.0,0.18181818181818182,0.0,12.9,17.4,0.0,83.2,0
2022,4,Emilia Romagna Grand Prix,2022-04-24,ZHO,Guanyu Zhou,Alfa Romeo,imola,Autodromo Enzo e Dino Ferrari,14.0,0.0,0.07142857142857142,1.0,1.0,3.0,0.0,0.0,10.666666666666666,10.666666666666666,0.0,10.0,0.0,0.0,23.0,9.428571428571429,0.0,1.0,0.18181818181818182,0.0,12.9,17.4,0.0,83.2,0
2022,5,Miami Grand Prix,2022-05-08,BOT,Valtteri Bottas,Alfa Romeo,miami,Miami International Autodrome,5.0,5.0,0.2,0.2,22.0,4.0,0.0,0.0,8.5,8.0,0.0,10.0,0.0,0.0,23.0,10.125,0.0,1.0,0.22727272727272727,1.0,30.6,42.8,1.0,58.9,0
2022,5,Miami Grand Prix,2022-05-08,ZHO,Guanyu Zhou,Alfa Romeo,miami,Miami International Autodrome,17.0,17.0,0.058823529411764705,0.058823529411764705,1.0,4.0,0.0,0.0,11.75,11.75,0.0,10.0,0.0,0.0,29.0,9.777777777777779,0.0,1.0,0.22727272727272727,1.0,30.6,42.8,1.0,58.9,0
2022,6,Spanish Grand Prix,2022-05-22,BOT,Valtteri Bottas,Alfa Romeo,catalunya,Circuit de Barcelona-Catalunya,7.0,7.0,0.14285714285714285,0.14285714285714285,28.0,5.0,0.0,0.0,8.2,8.2,0.0,2.5,4.0,0.0,29.0,10.8,0.0,1.0,0.2727272727272727,0.0,36.6,49.0,0.0,7.1,0
2022,6,Spanish Grand Prix,2022-05-22,ZHO,Guanyu Zhou,Alfa Romeo,catalunya,Circuit de Barcelona-Catalunya,15.0,15.0,0.06666666666666667,0.06666666666666667,1.0,5.0,0.0,0.0,13.4,13.4,0.0,10.0,0.0,0.0,37.0,10.363636363636363,0.0,1.0,0.2727272727272727,0.0,36.6,49.0,0.0,7.1,0
2022,7,Monaco Grand Prix,2022-05-29,BOT,Valtteri Bottas,Alfa Romeo,monaco,Circuit de Monaco,12.0,12.0,0.08333333333333333,0.08333333333333333,36.0,6.0,0.0,0.0,7.833333333333333,8.2,0.0,9.0,3.0,0.0,37.0,11.083333333333334,0.0,1.0,0.3181818181818182,1.0,22.3,31.0,1.0,75.7,0
2022,7,Monaco Grand Prix,2022-05-29,ZHO,Guanyu Zhou,Alfa Romeo,monaco,Circuit de Monaco,20.0,20.0,0.05,0.05,1.0,6.0,0.0,0.0,14.333333333333334,15.2,0.0,10.0,0.0,0.0,39.0,10.923076923076923,0.0,1.0,0.3181818181818182,1.0,22.3,31.0,1.0,75.7,0
2022,8,Azerbaijan Grand Prix,2022-06-12,BOT,Valtteri Bottas,Alfa Romeo,baku,Baku City Circuit,15.0,15.0,0.06666666666666667,0.06666666666666667,38.0,7.0,0.0,0.0,8.0,7.0,0.0,9.0,3.0,0.0,39.0,11.285714285714286,0.0,1.0,0.36363636363636365,0.0,25.4,47.1,0.0,59.5,0
2022,8,Azerbaijan Grand Prix,2022-06-12,ZHO,Guanyu Zhou,Alfa Romeo,baku,Baku City Circuit,14.0,14.0,0.07142857142857142,0.07142857142857142,1.0,7.0,0.0,0.0,14.571428571428571,16.2,0.0,10.0,0.0,0.0,39.0,11.266666666666667,0.0,1.0,0.36363636363636365,0.0,25.4,47.1,0.0,59.5,0
2022,9,Canadian Grand Prix,2022-06-19,BOT,Valtteri Bottas,Alfa Romeo,villeneuve,Circuit Gilles Villeneuve,11.0,11.0,0.09090909090909091,0.09090909090909091,38.0,8.0,0.0,0.0,8.375,7.6,0.0,3.0,2.0,0.0,39.0,11.6875,1.0,1.0,0.4090909090909091,0.0,20.8,41.3,0.0,28.9,0
2022,9,Canadian Grand Prix,2022-06-19,ZHO,Guanyu Zhou,Alfa Romeo,villeneuve,Circuit Gilles Villeneuve,10.0,10.0,0.1,0.1,1.0,8.0,0.0,1.0,15.0,17.6,1.0,10.0,0.0,0.0,45.0,11.411764705882353,1.0,1.0,0.4090909090909091,0.0,20.8,41.3,0.0,28.9,0
2022,10,British Grand Prix,2022-07-03,BOT,Valtteri Bottas,Alfa Romeo,silverstone,Silverstone Circuit,12.0,12.0,0.08333333333333333,0.08333333333333333,44.0,9.0,0.0,0.0,8.222222222222221,8.0,0.0,4.6,5.0,0.0,49.0,11.222222222222221,1.0,1.0,0.45454545454545453,1.0,18.3,30.0,1.0,59.7,0
2022,10,British Grand Prix,2022-07-03,ZHO,Guanyu Zhou,Alfa Romeo,silverstone,Silverstone Circuit,9.0,9.0,0.1111111111111111,0.1111111111111111,5.0,9.0,0.0,1.0,14.222222222222221,16.2,1.0,10.0,0.0,0.0,49.0,11.526315789473685,2.0,1.0,0.45454545454545453,1.0,18.3,30.0,1.0,59.7,0
2022,11,Austrian Grand Prix,2022-07-10,BOT,Valtteri Bottas,Alfa Romeo,red_bull_ring,Red Bull Ring,12.0,0.0,0.08333333333333333,1.0,44.0,10.0,0.0,1.0,9.1,10.0,1.0,5.0,6.0,1.0,49.0,11.9,3.0,1.0,0.5,0.0,20.3,30.7,0.0,35.1,0
2022,11,Austrian Grand Prix,2022-07-10,ZHO,Guanyu Zhou,Alfa Romeo,red_bull_ring,Red Bull Ring,18.0,13.0,0.05555555555555555,0.07692307692307693,5.0,10.0,0.0,2.0,14.7,16.0,2.0,10.0,0.0,0.0,49.0,11.857142857142858,3.0,1.0,0.5,0.0,20.3,30.7,0.0,35.1,0
2022,12,French Grand Prix,2022-07-24,BOT,Valtteri Bottas,Alfa Romeo,ricard,Circuit Paul Ricard,13.0,11.0,0.07692307692307693,0.09090909090909091,44.0,11.0,0.0,1.0,9.272727272727273,11.0,1.0,4.333333333333333,3.0,0.0,49.0,11.954545454545455,3.0,1.0,0.5454545454545454,0.0,30.2,54.5,0.0,47.7,0
2022,12,French Grand Prix,2022-07-24,ZHO,Guanyu Zhou,Alfa Romeo,ricard,Circuit Paul Ricard,18.0,16.0,0.05555555555555555,0.0625,5.0,11.0,0.0,2.0,14.636363636363637,15.0,2.0,10.0,0.0,0.0,49.0,12.043478260869565,3.0,1.0,0.5454545454545454,0.0,30.2,54.5,0.0,47.7,0
2022,13,Hungarian Grand Prix,2022-07-31,BOT,Valtteri Bottas,Alfa Romeo,hungaroring,Hungaroring,8.0,8.0,0.125,0.125,44.0,12.0,0.0,1.0,9.666666666666666,12.0,1.0,8.0,4.0,1.0,49.0,12.208333333333334,3.0,1.0,0.5909090909090909,1.0,18.6,26.7,1.0,69.3,0
2022,13,Hungarian Grand Prix,2022-07-31,ZHO,Guanyu Zhou,Alfa Romeo,hungaroring,Hungaroring,12.0,12.0,0.08333333333333333,0.08333333333333333,5.0,12.0,0.0,2.0,14.75,15.0,2.0,10.0,0.0,0.0,49.0,12.52,3.0,1.0,0.5909090909090909,1.0,18.6,26.7,1.0,69.3,0
2022,14,Belgian Grand Prix,2022-08-28,BOT,Valtteri Bottas,Alfa Romeo,spa,Circuit de Spa-Francorchamps,20.0,13.0,0.05,0.07692307692307693,44.0,13.0,0.0,1.0,10.461538461538462,13.8,1.0,5.25,4.0,0.0,49.0,12.538461538461538,3.0,1.0,0.6363636363636364,0.0,21.8,36.1,0.0,40.5,0
2022,14,Belgian Grand Prix,2022-08-28,ZHO,Guanyu Zhou,Alfa Romeo,spa,Circuit de Spa-Francorchamps,13.0,18.0,0.07692307692307693,0.05555555555555555,5.0,13.0,0.0,2.0,14.615384615384615,14.0,1.0,10.0,0.0,0.0,49.0,12.777777777777779,4.0,1.0,0.6363636363636364,0.0,21.8,36.1,0.0,40.5,0
2022,15,Dutch Grand Prix,2022-09-04,BOT,Valtteri Bottas,Alfa Romeo,zandvoort,Circuit Park Zandvoort,16.0,16.0,0.0625,0.0625,44.0,14.0,0.0,2.0,11.071428571428571,16.2,2.0,3.0,1.0,0.0,49.0,12.821428571428571,4.0,1.0,0.6818181818181818,0.0,22.7,33.4,0.0,75.4,0
2022,15,Dutch Grand Prix,2022-09-04,ZHO,Guanyu Zhou,Alfa Romeo,zandvoort,Circuit Park Zandvoort,14.0,14.0,0.07142857142857142,0.07142857142857142,5.0,14.0,0.0,2.0,14.571428571428571,15.2,1.0,10.0,0.0,0.0,49.0,13.03448275862069,5.0,1.0,0.6818181818181818,0.0,22.7,33.4,0.0,75.4,0
2022,16,Italian Grand Prix,2022-09-11,BOT,Valtteri Bottas,Alfa Romeo,monza,Autodromo Nazionale di Monza,12.0,15.0,0.08333333333333333,0.06666666666666667,44.0,15.0,0.0,3.0,11.6,16.6,2.0,3.25,4.0,0.0,49.0,13.133333333333333,5.0,1.0,0.7272727272727273,0.0,27.7,43.1,0.0,33.1,0
2022,16,Italian Grand Prix,2022-09-11,ZHO,Guanyu Zhou,Alfa Romeo,monza,Autodromo Nazionale di Monza,14.0,9.0,0.07142857142857142,0.1111111111111111,5.0,15.0,0.0,2.0,14.666666666666666,14.6,0.0,10.0,0.0,0.0,49.0,13.129032258064516,5.0,1.0,0.7272727272727273,0.0,27.7,43.1,0.0,33.1,0
2022,17,Singapore Grand Prix,2022-10-02,BOT,Valtteri Bottas,Alfa Romeo,marina_bay,Marina Bay Street Circuit,16.0,15.0,0.0625,0.06666666666666667,44.0,16.0,0.0,3.0,11.6875,17.0,2.0,4.5,2.0,0.0,50.0,13.03125,5.0,1.0,0.7727272727272727,1.0,26.2,29.0,1.0,87.4,0
2022,17,Singapore Grand Prix,2022-10-02,ZHO,Guanyu Zhou,Alfa Romeo,marina_bay,Marina Bay Street Circuit,15.0,14.0,0.06666666666666667,0.07142857142857142,6.0,16.0,0.0,2.0,14.375,13.8,0.0,10.0,0.0,0.0,50.0,12.969696969696969,5.0,1.0,0.7727272727272727,1.0,26.2,29.0,1.0,87.4,0
2022,18,Japanese Grand Prix,2022-10-09,BOT,Valtteri Bottas,Alfa Romeo,suzuka,Suzuka Circuit,12.0,12.0,0.08333333333333333,0.08333333333333333,44.0,17.0,0.0,3.0,11.647058823529411,16.4,2.0,1.5,2.0,0.0,50.0,13.176470588235293,6.0,1.0,0.8181818181818182,1.0,16.7,19.9,1.0,86.2,0
2022,18,Japanese Grand Prix,2022-10-09,ZHO,Guanyu Zhou,Alfa Romeo,suzuka,Suzuka Circuit,14.0,14.0,0.07142857142857142,0.07142857142857142,6.0,17.0,0.0,3.0,14.705882352941176,14.6,1.0,10.0,0.0,0.0,50.0,13.228571428571428,6.0,1.0,0.8181818181818182,1.0,16.7,19.9,1.0,86.2,0
2022,19,United States Grand Prix,2022-10-23,BOT,Valtteri Bottas,Alfa Romeo,americas,Circuit of the Americas,10.0,7.0,0.1,0.14285714285714285,44.0,18.0,0.0,3.0,11.833333333333334,15.4,2.0,4.0,3.0,0.0,50.0,13.305555555555555,6.0,1.0,0.8636363636363636,0.0,29.3,35.5,0.0,49.6,0
2022,19,United States Grand Prix,2022-10-23,ZHO,Guanyu Zhou,Alfa Romeo,americas,Circuit of the Americas,14.0,18.0,0.07142857142857142,0.05555555555555555,6.0,18.0,0.0,3.0,14.777777777777779,15.2,1.0,10.0,0.0,0.0,50.0,13.45945945945946,6.0,1.0,0.8636363636363636,0.0,29.3,35.5,0.0,49.6,0
2022,20,Mexico City Grand Prix,2022-10-30,BOT,Valtteri Bottas,Alfa Romeo,rodriguez,Autódromo Hermanos Rodríguez,6.0,6.0,0.16666666666666666,0.16666666666666666,44.0,19.0,0.0,3.0,12.210526315789474,15.4,1.0,7.666666666666667,3.0,0.0,50.0,13.421052631578947,6.0,1.0,0.9090909090909091,0.0,24.3,41.7,0.0,34.4,0
2022,20,Mexico City Grand Prix,2022-10-30,ZHO,Guanyu Zhou,Alfa Romeo,rodriguez,Autódromo Hermanos Rodríguez,12.0,12.0,0.08333333333333333,0.08333333333333333,6.0,19.0,0.0,3.0,14.631578947368421,14.8,1.0,10.0,0.0,0.0,51.0,13.333333333333334,6.0,1.0,0.9090909090909091,0.0,24.3,41.7,0.0,34.4,0
2022,21,São Paulo Grand Prix,2022-11-13,BOT,Valtteri Bottas,Alfa Romeo,interlagos,Autódromo José Carlos Pace,18.0,14.0,0.05555555555555555,0.07142857142857142,45.0,20.0,0.0,3.0,12.1,13.6,0.0,9.333333333333334,3.0,0.0,51.0,13.325,6.0,1.0,0.9545454545454546,0.0,23.0,46.0,0.0,76.1,0
2022,21,São Paulo Grand Prix,2022-11-13,ZHO,Guanyu Zhou,Alfa Romeo,interlagos,Autódromo José Carlos Pace,17.0,13.0,0.058823529411764705,0.07692307692307693,6.0,20.0,0.0,3.0,14.55,14.2,1.0,10.0,0.0,0.0,53.0,13.21951219512195,6.0,1.0,0.9545454545454546,0.0,23.0,46.0,0.0,76.1,0
2022,22,Abu Dhabi Grand Prix,2022-11-20,BOT,Valtteri Bottas,Alfa Romeo,yas_marina,Yas Marina Circuit,18.0,18.0,0.05555555555555555,0.05555555555555555,47.0,21.0,0.0,3.0,11.952380952380953,12.8,0.0,4.25,4.0,0.0,53.0,13.19047619047619,6.0,1.0,1.0,0.0,28.6,34.3,0.0,61.7,0
2022,22,Abu Dhabi Grand Prix,2022-11-20,ZHO,Guanyu Zhou,Alfa Romeo,yas_marina,Yas Marina Circuit,15.0,15.0,0.06666666666666667,0.06666666666666667,6.0,21.0,0.0,3.0,14.428571428571429,14.6,1.0,10.0,0.0,0.0,53.0,13.232558139534884,6.0,1.0,1.0,0.0,28.6,34.3,0.0,61.7,0
2023,1,Bahrain Grand Prix,2023-03-05,BOT,Valtteri Bottas,Alfa Romeo,bahrain,Bahrain International Circuit,12.0,12.0,0.08333333333333333,0.08333333333333333,0.0,0.0,0.0,0.0,11.375,13.6,0.0,4.833333333333333,6.0,0.0,0.0,11.416666666666666,0.0,1.0,0.045454545454545456,0.0,27.4,31.0,0.0,21.5,0
2023,1,Bahrain Grand Prix,2023-03-05,ZHO,Guanyu Zhou,Alfa Romeo,bahrain,Bahrain International Circuit,13.0,13.0,0.07692307692307693,0.07692307692307693,0.0,0.0,0.0,0.0,11.375,13.0,0.0,10.0,1.0,0.0,4.0,8.0,0.0,1.0,0.045454545454545456,0.0,27.4,31.0,0.0,21.5,0
2023,2,Saudi Arabian Grand Prix,2023-03-19,BOT,Valtteri Bottas,Alfa Romeo,jeddah,Jeddah Corniche Circuit,14.0,14.0,0.07142857142857142,0.07142857142857142,4.0,1.0,0.0,0.0,8.0,12.2,0.0,9.0,2.0,0.0,4.0,12.0,0.0,1.0,0.09090909090909091,0.0,26.1,31.8,0.0,57.8,0
2023,2,Saudi Arabian Grand Prix,2023-03-19,ZHO,Guanyu Zhou,Alfa Romeo,jeddah,Jeddah Corniche Circuit,12.0,11.0,0.08333333333333333,0.09090909090909091,0.0,1.0,0.0,0.0,16.0,13.0,0.0,11.0,1.0,0.0,4.0,14.0,0.0,1.0,0.09090909090909091,0.0,26.1,31.8,0.0,57.8,0
2023,3,Australian Grand Prix,2023-04-02,BOT,Valtteri Bottas,Alfa Romeo,albert_park,Albert Park Grand Prix Circuit,19.0,19.0,0.05263157894736842,0.05263157894736842,4.0,2.0,0.0,0.0,13.0,12.0,0.0,5.666666666666667,3.0,0.0,4.0,13.75,0.0,1.0,0.13636363636363635,0.0,17.4,30.1,0.0,54.2,0
2023,3,Australian Grand Prix,2023-04-02,ZHO,Guanyu Zhou,Alfa Romeo,albert_park,Albert Park Grand Prix Circuit,17.0,17.0,0.058823529411764705,0.058823529411764705,0.0,2.0,0.0,0.0,14.5,13.2,0.0,11.0,1.0,0.0,4.0,13.2,0.0,1.0,0.13636363636363635,0.0,17.4,30.1,0.0,54.2,0
2023,4,Azerbaijan Grand Prix,2023-04-30,BOT,Valtteri Bottas,Alfa Romeo,baku,Baku City Circuit,14.0,13.0,0.07142857142857142,0.07692307692307693,4.0,3.0,0.0,0.0,12.333333333333334,12.2,0.0,9.5,4.0,0.0,6.0,12.5,0.0,1.0,0.18181818181818182,0.0,24.9,41.2,0.0,49.2,0
2023,4,Azerbaijan Grand Prix,2023-04-30,ZHO,Guanyu Zhou,Alfa Romeo,baku,Baku City Circuit,16.0,15.0,0.0625,0.06666666666666667,2.0,3.0,0.0,0.0,12.666666666666666,12.4,0.0,18.0,1.0,1.0,6.0,13.285714285714286,0.0,1.0,0.18181818181818182,0.0,24.9,41.2,0.0,49.2,0
2023,5,Miami Grand Prix,2023-05-07,BOT,Valtteri Bottas,Alfa Romeo,miami,Miami International Autodrome,10.0,10.0,0.1,0.1,4.0,4.0,0.0,0.0,13.75,14.0,0.0,7.0,1.0,0.0,6.0,14.0,1.0,1.0,0.22727272727272727,0.0,27.1,36.7,0.0,59.4,0
2023,5,Miami Grand Prix,2023-05-07,ZHO,Guanyu Zhou,Alfa Romeo,miami,Miami International Autodrome,14.0,14.0,0.07142857142857142,0.07142857142857142,2.0,4.0,0.0,1.0,14.25,13.8,1.0,20.0,1.0,0.0,6.0,13.88888888888889,1.0,1.0,0.22727272727272727,0.0,27.1,36.7,0.0,59.4,0
2023,6,Monaco Grand Prix,2023-05-28,BOT,Valtteri Bottas,Alfa Romeo,monaco,Circuit de Monaco,15.0,15.0,0.06666666666666667,0.06666666666666667,4.0,5.0,0.0,0.0,13.6,13.6,0.0,9.0,4.0,0.0,6.0,14.1,1.0,1.0,0.2727272727272727,1.0,25.1,39.3,1.0,45.9,0
2023,6,Monaco Grand Prix,2023-05-28,ZHO,Guanyu Zhou,Alfa Romeo,monaco,Circuit de Monaco,19.0,19.0,0.05263157894736842,0.05263157894736842,2.0,5.0,0.0,1.0,14.6,14.6,1.0,16.0,1.0,0.0,6.0,13.818181818181818,1.0,1.0,0.2727272727272727,1.0,25.1,39.3,1.0,45.9,0
2023,7,Spanish Grand Prix,2023-06-04,BOT,Valtteri Bottas,Alfa Romeo,catalunya,Circuit de Barcelona-Catalunya,16.0,16.0,0.0625,0.0625,4.0,6.0,0.0,0.0,13.166666666666666,14.2,0.0,3.2,5.0,0.0,6.0,13.75,1.0,1.0,0.3181818181818182,0.0,22.7,33.8,0.0,63.1,0
2023,7,Spanish Grand Prix,2023-06-04,ZHO,Guanyu Zhou,Alfa Romeo,catalunya,Circuit de Barcelona-Catalunya,13.0,13.0,0.07692307692307693,0.07692307692307693,2.0,6.0,0.0,1.0,14.333333333333334,14.0,1.0,19.0,1.0,0.0,6.0,14.153846153846153,1.0,1.0,0.3181818181818182,0.0,22.7,33.8,0.0,63.1,0
2023,8,Canadian Grand Prix,2023-06-18,BOT,Valtteri Bottas,Alfa Romeo,villeneuve,Circuit Gilles Villeneuve,15.0,14.0,0.06666666666666667,0.07142857142857142,4.0,7.0,0.0,0.0,14.0,14.4,0.0,4.333333333333333,3.0,0.0,8.0,13.785714285714286,1.0,1.0,0.36363636363636365,0.0,18.5,30.6,0.0,63.9,0
2023,8,Canadian Grand Prix,2023-06-18,ZHO,Guanyu Zhou,Alfa Romeo,villeneuve,Circuit Gilles Villeneuve,20.0,20.0,0.05,0.05,4.0,7.0,0.0,1.0,13.571428571428571,13.2,1.0,8.0,1.0,0.0,9.0,13.533333333333333,1.0,1.0,0.36363636363636365,0.0,18.5,30.6,0.0,63.9,0
2023,9,Austrian Grand Prix,2023-07-02,BOT,Valtteri Bottas,Alfa Romeo,red_bull_ring,Red Bull Ring,14.0,14.0,0.07142857142857142,0.07142857142857142,5.0,8.0,0.0,0.0,13.5,14.2,0.0,5.857142857142857,7.0,1.0,9.0,13.6875,1.0,1.0,0.4090909090909091,1.0,22.4,32.1,1.0,52.0,0
2023,9,Austrian Grand Prix,2023-07-02,ZHO,Guanyu Zhou,Alfa Romeo,red_bull_ring,Red Bull Ring,17.0,17.0,0.058823529411764705,0.058823529411764705,4.0,8.0,0.0,1.0,13.875,14.6,1.0,14.0,1.0,0.0,9.0,13.764705882352942,1.0,1.0,0.4090909090909091,1.0,22.4,32.1,1.0,52.0,0
2023,10,British Grand Prix,2023-07-09,BOT,Valtteri Bottas,Alfa Romeo,silverstone,Silverstone Circuit,15.0,20.0,0.06666666666666667,0.05,5.0,9.0,0.0,0.0,13.666666666666666,13.6,0.0,6.666666666666667,6.0,1.0,9.0,13.666666666666666,1.0,1.0,0.45454545454545453,0.0,21.5,30.9,0.0,56.2,0
2023,10,British Grand Prix,2023-07-09,ZHO,Guanyu Zhou,Alfa Romeo,silverstone,Silverstone Circuit,17.0,17.0,0.058823529411764705,0.058823529411764705,4.0,9.0,0.0,1.0,13.666666666666666,13.2,0.0,19.0,1.0,1.0,9.0,13.578947368421053,1.0,1.0,0.45454545454545453,0.0,21.5,30.9,0.0,56.2,0
2023,11,Hungarian Grand Prix,2023-07-23,BOT,Valtteri Bottas,Alfa Romeo,hungaroring,Hungaroring,7.0,7.0,0.14285714285714285,0.14285714285714285,5.0,10.0,0.0,0.0,13.5,13.4,0.0,10.4,5.0,1.0,9.0,13.65,1.0,1.0,0.5,0.0,28.8,48.6,0.0,32.8,0
2023,11,Hungarian Grand Prix,2023-07-23,ZHO,Guanyu Zhou,Alfa Romeo,hungaroring,Hungaroring,5.0,5.0,0.2,0.2,4.0,10.0,0.0,1.0,13.8,13.0,0.0,13.0,1.0,0.0,9.0,13.571428571428571,1.0,1.0,0.5,0.0,28.8,48.6,0.0,32.8,0
2023,12,Belgian Grand Prix,2023-07-30,BOT,Valtteri Bottas,Alfa Romeo,spa,Circuit de Spa-Francorchamps,14.0,13.0,0.07142857142857142,0.07692307692307693,5.0,11.0,0.0,0.0,13.363636363636363,13.6,0.0,8.0,5.0,1.0,9.0,13.681818181818182,1.0,1.0,0.5454545454545454,1.0,17.9,28.2,1.0,61.9,0
2023,12,Belgian Grand Prix,2023-07-30,ZHO,Guanyu Zhou,Alfa Romeo,spa,Circuit de Spa-Francorchamps,17.0,17.0,0.058823529411764705,0.058823529411764705,4.0,11.0,0.0,1.0,14.0,13.6,0.0,14.0,1.0,0.0,9.0,13.608695652173912,1.0,1.0,0.5454545454545454,1.0,17.9,28.2,1.0,61.9,0
2023,13,Dutch Grand Prix,2023-08-27,BOT,Valtteri Bottas,Alfa Romeo,zandvoort,Circuit Park Zandvoort,19.0,18.0,0.05263157894736842,0.05555555555555555,5.0,12.0,0.0,0.0,13.25,12.2,0.0,11.0,2.0,1.0,9.0,13.583333333333334,1.0,1.0,0.5909090909090909,1.0,16.8,24.9,1.0,70.8,0
2023,13,Dutch Grand Prix,2023-08-27,ZHO,Guanyu Zhou,Alfa Romeo,zandvoort,Circuit Park Zandvoort,16.0,15.0,0.0625,0.06666666666666667,4.0,12.0,0.0,1.0,13.916666666666666,14.4,0.0,16.0,1.0,0.0,9.0,13.6,1.0,1.0,0.5909090909090909,1.0,16.8,24.9,1.0,70.8,0
2023,14,Italian Grand Prix,2023-09-03,BOT,Valtteri Bottas,Alfa Romeo,monza,Autodromo Nazionale di Monza,14.0,14.0,0.07142857142857142,0.07142857142857142,5.0,13.0,0.0,0.0,13.307692307692308,13.0,0.0,5.2,5.0,0.0,9.0,13.76923076923077,2.0,1.0,0.6363636363636364,0.0,29.3,42.9,0.0,42.3,0
2023,14,Italian Grand Prix,2023-09-03,ZHO,Guanyu Zhou,Alfa Romeo,monza,Autodromo Nazionale di Monza,16.0,16.0,0.0625,0.0625,4.0,13.0,0.0,2.0,14.23076923076923,14.8,1.0,10.0,1.0,0.0,10.0,13.62962962962963,2.0,1.0,0.6363636363636364,0.0,29.3,42.9,0.0,42.3,0
2023,15,Singapore Grand Prix,2023-09-17,BOT,Valtteri Bottas,Alfa Romeo,marina_bay,Marina Bay Street Circuit,16.0,16.0,0.0625,0.0625,6.0,14.0,0.0,0.0,13.071428571428571,12.0,0.0,6.666666666666667,3.0,0.0,10.0,13.642857142857142,2.0,1.0,0.6818181818181818,0.0,29.8,36.4,0.0,72.0,0
2023,15,Singapore Grand Prix,2023-09-17,ZHO,Guanyu Zhou,Alfa Romeo,marina_bay,Marina Bay Street Circuit,19.0,19.0,0.05263157894736842,0.05263157894736842,4.0,14.0,0.0,2.0,14.214285714285714,15.2,1.0,20.0,1.0,1.0,10.0,13.758620689655173,3.0,1.0,0.6818181818181818,0.0,29.8,36.4,0.0,72.0,0
2023,16,Japanese Grand Prix,2023-09-24,BOT,Valtteri Bottas,Alfa Romeo,suzuka,Suzuka Circuit,16.0,16.0,0.0625,0.0625,6.0,15.0,0.0,1.0,13.333333333333334,13.0,1.0,6.0,3.0,0.0,10.0,13.7,3.0,1.0,0.7272727272727273,0.0,27.3,42.1,0.0,42.3,0
2023,16,Japanese Grand Prix,2023-09-24,ZHO,Guanyu Zhou,Alfa Romeo,suzuka,Suzuka Circuit,19.0,19.0,0.05263157894736842,0.05263157894736842,4.0,15.0,0.0,2.0,14.066666666666666,14.6,1.0,16.0,1.0,0.0,10.0,13.903225806451612,4.0,1.0,0.7272727272727273,0.0,27.3,42.1,0.0,42.3,0
2023,17,Qatar Grand Prix,2023-10-08,BOT,Valtteri Bottas,Alfa Romeo,losail,Losail International Circuit,9.0,9.0,0.1111111111111111,0.1111111111111111,6.0,16.0,0.0,2.0,13.75,14.6,2.0,20.0,1.0,0.0,10.0,13.875,4.0,1.0,0.7727272727272727,0.0,31.5,36.9,0.0,73.2,0
2023,17,Qatar Grand Prix,2023-10-08,ZHO,Guanyu Zhou,Alfa Romeo,losail,Losail International Circuit,20.0,19.0,0.05,0.05263157894736842,4.0,16.0,0.0,2.0,14.0,14.0,1.0,10.0,0.0,0.0,14.0,13.696969696969697,4.0,1.0,0.7727272727272727,0.0,31.5,36.9,0.0,73.2,0
2023,18,United States Grand Prix,2023-10-22,BOT,Valtteri Bottas,Alfa Romeo,americas,Circuit of the Americas,13.0,13.0,0.07692307692307693,0.07692307692307693,10.0,17.0,0.0,2.0,13.411764705882353,13.8,2.0,7.75,4.0,0.0,16.0,13.558823529411764,4.0,1.0,0.8181818181818182,0.0,30.0,40.6,0.0,41.9,0
2023,18,United States Grand Prix,2023-10-22,ZHO,Guanyu Zhou,Alfa Romeo,americas,Circuit of the Americas,12.0,12.0,0.08333333333333333,0.08333333333333333,6.0,17.0,0.0,2.0,13.705882352941176,13.2,1.0,12.0,1.0,0.0,16.0,13.514285714285714,4.0,1.0,0.8181818181818182,0.0,30.0,40.6,0.0,41.9,0
2023,19,Mexico City Grand Prix,2023-10-29,BOT,Valtteri Bottas,Alfa Romeo,rodriguez,Autódromo Hermanos Rodríguez,9.0,9.0,0.1111111111111111,0.1111111111111111,10.0,18.0,0.0,2.0,13.333333333333334,13.4,2.0,8.25,4.0,0.0,16.0,13.5,4.0,1.0,0.8636363636363636,0.0,25.5,45.6,0.0,23.6,0
2023,19,Mexico City Grand Prix,2023-10-29,ZHO,Guanyu Zhou,Alfa Romeo,rodriguez,Autódromo Hermanos Rodríguez,10.0,10.0,0.1,0.1,6.0,18.0,0.0,2.0,13.666666666666666,12.2,0.0,13.0,1.0,0.0,16.0,13.54054054054054,4.0,1.0,0.8636363636363636,0.0,25.5,45.6,0.0,23.6,0
2023,20,São Paulo Grand Prix,2023-11-05,BOT,Valtteri Bottas,Alfa Romeo,interlagos,Autódromo José Carlos Pace,18.0,18.0,0.05555555555555555,0.05555555555555555,10.0,19.0,0.0,2.0,13.421052631578947,14.4,2.0,9.25,4.0,0.0,16.0,13.552631578947368,4.0,1.0,0.9090909090909091,1.0,20.5,46.8,1.0,58.2,0
2023,20,São Paulo Grand Prix,2023-11-05,ZHO,Guanyu Zhou,Alfa Romeo,interlagos,Autódromo José Carlos Pace,20.0,20.0,0.05,0.05,6.0,19.0,0.0,2.0,13.68421052631579,12.2,0.0,12.0,1.0,0.0,16.0,13.615384615384615,5.0,1.0,0.9090909090909091,1.0,20.5,46.8,1.0,58.2,0
2023,21,Las Vegas Grand Prix,2023-11-19,BOT,Valtteri Bottas,Alfa Romeo,vegas,Las Vegas Strip Street Circuit,8.0,7.0,0.125,0.14285714285714285,10.0,20.0,0.0,3.0,13.55,14.2,2.0,10.0,0.0,0.0,16.0,13.7,6.0,1.0,0.9545454545454546,0.0,18.1,18.0,0.0,47.4,0
2023,21,Las Vegas Grand Prix,2023-11-19,ZHO,Guanyu Zhou,Alfa Romeo,vegas,Las Vegas Strip Street Circuit,18.0,17.0,0.05555555555555555,0.058823529411764705,6.0,20.0,0.0,3.0,13.85,13.2,1.0,10.0,0.0,0.0,16.0,13.78048780487805,6.0,1.0,0.9545454545454546,0.0,18.1,18.0,0.0,47.4,0
2023,22,Abu Dhabi Grand Prix,2023-11-26,BOT,Valtteri Bottas,Alfa Romeo,yas_marina,Yas Marina Circuit,18.0,18.0,0.05555555555555555,0.05555555555555555,10.0,21.0,0.0,3.0,13.714285714285714,13.6,1.0,6.4,5.0,0.0,16.0,13.80952380952381,6.0,1.0,1.0,0.0,27.0,33.5,0.0,51.0,0
2023,22,Abu Dhabi Grand Prix,2023-11-26,ZHO,Guanyu Zhou,Alfa Romeo,yas_marina,Yas Marina Circuit,19.0,19.0,0.05263157894736842,0.05263157894736842,6.0,21.0,0.0,3.0,13.904761904761905,13.6,1.0,12.0,1.0,0.0,16.0,13.930232558139535,6.0,1.0,1.0,0.0,27.0,33.5,0.0,51.0,0
2020,1,Austrian Grand Prix,2020-07-05,GAS,Pierre Gasly,AlphaTauri,red_bull_ring,Red Bull Ring,12.0,12.0,0.08333333333333333,0.08333333333333333,0.0,0.0,0.0,0.0,11.375,10.4,0.0,9.0,2.0,0.0,0.0,11.416666666666666,0.0,0.0,0.058823529411764705,0.0,28.7,52.0,0.0,33.8,0
2020,1,Austrian Grand Prix,2020-07-05,KVY,Daniil Kvyat,AlphaTauri,red_bull_ring,Red Bull Ring,13.0,13.0,0.07692307692307693,0.07692307692307693,0.0,0.0,0.0,0.0,11.375,10.4,0.0,17.0,1.0,0.0,6.0,7.0,0.0,0.0,0.058823529411764705,0.0,28.7,52.0,0.0,33.8,0
2020,2,Styrian Grand Prix,2020-07-12,GAS,Pierre Gasly,AlphaTauri,red_bull_ring,Red Bull Ring,8.0,7.0,0.125,0.14285714285714285,6.0,1.0,0.0,0.0,7.0,10.4,0.0,8.333333333333334,3.0,0.0,6.0,9.5,0.0,0.0,0.11764705882352941,1.0,20.8,39.9,1.0,34.0,0
2020,2,Styrian Grand Prix,2020-07-12,KVY,Daniil Kvyat,AlphaTauri,red_bull_ring,Red Bull Ring,14.0,13.0,0.07142857142857142,0.07692307692307693,0.0,1.0,0.0,0.0,12.0,10.8,0.0,14.5,2.0,0.0,6.0,11.333333333333334,0.0,0.0,0.11764705882352941,1.0,20.8,39.9,1.0,34.0,0
2020,3,Hungarian Grand Prix,2020-07-19,GAS,Pierre Gasly,AlphaTauri,hungaroring,Hungaroring,10.0,10.0,0.1,0.1,6.0,2.0,0.0,0.0,11.0,11.6,0.0,6.0,2.0,0.0,7.0,11.0,0.0,0.0,0.17647058823529413,1.0,20.7,27.1,1.0,77.2,0
2020,3,Hungarian Grand Prix,2020-07-19,KVY,Daniil Kvyat,AlphaTauri,hungaroring,Hungaroring,17.0,17.0,0.058823529411764705,0.058823529411764705,1.0,2.0,0.0,0.0,11.0,10.6,0.0,15.0,1.0,0.0,7.0,12.8,1.0,0.0,0.17647058823529413,1.0,20.7,27.1,1.0,77.2,0
2020,4,British Grand Prix,2020-08-02,GAS,Pierre Gasly,AlphaTauri,silverstone,Silverstone Circuit,11.0,11.0,0.09090909090909091,0.09090909090909091,6.0,3.0,0.0,1.0,14.0,12.4,1.0,8.5,2.0,0.0,7.0,12.666666666666666,1.0,0.0,0.23529411764705882,0.0,21.3,40.6,0.0,44.2,0
2020,4,British Grand Prix,2020-08-02,KVY,Daniil Kvyat,AlphaTauri,silverstone,Silverstone Circuit,14.0,19.0,0.07142857142857142,0.05263157894736842,1.0,3.0,0.0,0.0,11.333333333333334,10.6,0.0,9.0,1.0,0.0,13.0,11.857142857142858,1.0,0.0,0.23529411764705882,0.0,21.3,40.6,0.0,44.2,0
2020,5,70th Anniversary Grand Prix,2020-08-09,GAS,Pierre Gasly,AlphaTauri,silverstone,Silverstone Circuit,7.0,7.0,0.14285714285714285,0.14285714285714285,12.0,4.0,0.0,1.0,12.25,13.4,1.0,8.0,3.0,0.0,13.0,12.625,2.0,0.0,0.29411764705882354,0.0,25.3,43.2,0.0,58.6,0
2020,5,70th Anniversary Grand Prix,2020-08-09,KVY,Daniil Kvyat,AlphaTauri,silverstone,Silverstone Circuit,16.0,16.0,0.0625,0.0625,1.0,4.0,0.0,1.0,13.0,12.2,1.0,13.5,2.0,1.0,13.0,12.444444444444445,2.0,0.0,0.29411764705882354,0.0,25.3,43.2,0.0,58.6,0
2020,6,Spanish Grand Prix,2020-08-16,GAS,Pierre Gasly,AlphaTauri,catalunya,Circuit de Barcelona-Catalunya,10.0,10.0,0.1,0.1,12.0,5.0,0.0,1.0,12.0,12.0,1.0,12.5,2.0,1.0,14.0,12.2,2.0,0.0,0.35294117647058826,0.0,29.8,47.6,0.0,56.4,0
2020,6,Spanish Grand Prix,2020-08-16,KVY,Daniil Kvyat,AlphaTauri,catalunya,Circuit de Barcelona-Catalunya,12.0,12.0,0.08333333333333333,0.08333333333333333,2.0,5.0,0.0,1.0,12.4,12.4,1.0,9.0,1.0,0.0,16.0,11.909090909090908,2.0,0.0,0.35294117647058826,0.0,29.8,47.6,0.0,56.4,0
2020,7,Belgian Grand Prix,2020-08-30,GAS,Pierre Gasly,AlphaTauri,spa,Circuit de Spa-Francorchamps,12.0,12.0,0.08333333333333333,0.08333333333333333,14.0,6.0,0.0,1.0,11.5,12.4,1.0,9.0,2.0,0.0,16.0,11.916666666666666,2.0,0.0,0.4117647058823529,0.0,18.6,29.8,0.0,54.9,0
2020,7,Belgian Grand Prix,2020-08-30,KVY,Daniil Kvyat,AlphaTauri,spa,Circuit de Spa-Francorchamps,11.0,11.0,0.09090909090909091,0.09090909090909091,2.0,6.0,0.0,1.0,12.333333333333334,12.4,1.0,7.0,1.0,0.0,20.0,11.615384615384615,2.0,0.0,0.4117647058823529,0.0,18.6,29.8,0.0,54.9,0
2020,8,Italian Grand Prix,2020-09-06,GAS,Pierre Gasly,AlphaTauri,monza,Autodromo Nazionale di Monza,10.0,10.0,0.1,0.1,18.0,7.0,0.0,1.0,11.0,11.0,1.0,12.5,2.0,0.0,20.0,11.571428571428571,2.0,0.0,0.47058823529411764,0.0,28.1,41.2,0.0,40.1,1
2020,8,Italian Grand Prix,2020-09-06,KVY,Daniil Kvyat,AlphaTauri,monza,Autodromo Nazionale di Monza,11.0,11.0,0.09090909090909091,0.09090909090909091,2.0,7.0,0.0,1.0,12.142857142857142,12.6,1.0,19.0,1.0,1.0,45.0,10.866666666666667,2.0,0.0,0.47058823529411764,0.0,28.1,41.2,0.0,40.1,0
2020,9,Tuscan Grand Prix,2020-09-13,GAS,Pierre Gasly,AlphaTauri,mugello,Autodromo Internazionale del Mugello,16.0,16.0,0.0625,0.0625,43.0,8.0,1.0,1.0,9.75,7.2,0.0,10.0,0.0,0.0,47.0,10.75,2.0,0.0,0.5294117647058824,0.0,30.2,43.1,0.0,39.9,0
2020,9,Tuscan Grand Prix,2020-09-13,KVY,Daniil Kvyat,AlphaTauri,mugello,Autodromo Internazionale del Mugello,12.0,12.0,0.08333333333333333,0.08333333333333333,4.0,8.0,0.0,1.0,11.75,12.0,1.0,10.0,0.0,0.0,47.0,11.294117647058824,3.0,0.0,0.5294117647058824,0.0,30.2,43.1,0.0,39.9,0
2020,10,Russian Grand Prix,2020-09-27,GAS,Pierre Gasly,AlphaTauri,sochi,Sochi Autodrom,9.0,9.0,0.1111111111111111,0.1111111111111111,43.0,9.0,1.0,2.0,10.88888888888889,9.8,1.0,16.5,2.0,1.0,53.0,11.055555555555555,3.0,0.0,0.5882352941176471,0.0,28.8,40.3,0.0,51.4,0
2020,10,Russian Grand Prix,2020-09-27,KVY,Daniil Kvyat,AlphaTauri,sochi,Sochi Autodrom,12.0,11.0,0.08333333333333333,0.09090909090909091,10.0,9.0,0.0,1.0,11.222222222222221,9.8,0.0,12.0,1.0,0.0,55.0,10.947368421052632,3.0,0.0,0.5882352941176471,0.0,28.8,40.3,0.0,51.4,0
2020,11,Eifel Grand Prix,2020-10-11,GAS,Pierre Gasly,AlphaTauri,nurburgring,Nürburgring,12.0,12.0,0.08333333333333333,0.08333333333333333,45.0,10.0,1.0,2.0,10.7,9.4,1.0,10.0,0.0,0.0,59.0,10.8,3.0,0.0,0.6470588235294118,1.0,9.5,16.4,1.0,59.4,0
2020,11,Eifel Grand Prix,2020-10-11,KVY,Daniil Kvyat,AlphaTauri,nurburgring,Nürburgring,13.0,13.0,0.07692307692307693,0.07692307692307693,14.0,10.0,0.0,1.0,10.9,9.4,0.0,10.0,0.0,0.0,67.0,10.571428571428571,3.0,0.0,0.6470588235294118,1.0,9.5,16.4,1.0,59.4,0
2020,12,Portuguese Grand Prix,2020-10-25,GAS,Pierre Gasly,AlphaTauri,portimao,Autódromo Internacional do Algarve,9.0,9.0,0.1111111111111111,0.1111111111111111,53.0,11.0,1.0,2.0,10.272727272727273,8.8,1.0,10.0,0.0,0.0,67.0,10.772727272727273,3.0,0.0,0.7058823529411765,0.0,20.5,25.7,0.0,67.5,0
2020,12,Portuguese Grand Prix,2020-10-25,KVY,Daniil Kvyat,AlphaTauri,portimao,Autódromo Internacional do Algarve,13.0,13.0,0.07692307692307693,0.07692307692307693,14.0,11.0,0.0,1.0,11.272727272727273,10.0,0.0,10.0,0.0,0.0,77.0,10.521739130434783,3.0,0.0,0.7058823529411765,0.0,20.5,25.7,0.0,67.5,0
2020,13,Emilia Romagna Grand Prix,2020-11-01,GAS,Pierre Gasly,AlphaTauri,imola,Autodromo Enzo e Dino Ferrari,4.0,4.0,0.25,0.25,63.0,12.0,1.0,2.0,9.833333333333334,8.2,1.0,10.0,0.0,0.0,77.0,10.875,3.0,0.0,0.7647058823529411,0.0,18.0,23.3,0.0,71.1,0
2020,13,Emilia Romagna Grand Prix,2020-11-01,KVY,Daniil Kvyat,AlphaTauri,imola,Autodromo Enzo e Dino Ferrari,8.0,8.0,0.125,0.125,14.0,12.0,0.0,1.0,11.916666666666666,11.6,0.0,10.0,0.0,0.0,77.0,11.24,3.0,0.0,0.7647058823529411,0.0,18.0,23.3,0.0,71.1,0
2020,14,Turkish Grand Prix,2020-11-15,GAS,Pierre Gasly,AlphaTauri,istanbul,Istanbul Park,15.0,19.0,0.06666666666666667,0.05263157894736842,63.0,13.0,1.0,2.0,10.615384615384615,12.0,1.0,10.0,0.0,0.0,89.0,10.961538461538462,3.0,0.0,0.8235294117647058,1.0,13.1,15.2,1.0,80.2,0
2020,14,Turkish Grand Prix,2020-11-15,KVY,Daniil Kvyat,AlphaTauri,istanbul,Istanbul Park,17.0,16.0,0.058823529411764705,0.0625,26.0,13.0,0.0,1.0,11.307692307692308,10.6,0.0,10.0,0.0,0.0,89.0,11.037037037037036,3.0,0.0,0.8235294117647058,1.0,13.1,15.2,1.0,80.2,0
2020,15,Bahrain Grand Prix,2020-11-29,GAS,Pierre Gasly,AlphaTauri,bahrain,Bahrain International Circuit,8.0,8.0,0.125,0.125,63.0,14.0,1.0,2.0,10.785714285714286,10.6,0.0,6.0,2.0,0.0,89.0,11.071428571428571,3.0,0.0,0.8823529411764706,0.0,25.1,27.5,0.0,67.8,0
2020,15,Bahrain Grand Prix,2020-11-29,KVY,Daniil Kvyat,AlphaTauri,bahrain,Bahrain International Circuit,10.0,10.0,0.1,0.1,26.0,14.0,0.0,1.0,11.357142857142858,11.6,0.0,12.0,1.0,0.0,97.0,10.89655172413793,3.0,0.0,0.8823529411764706,0.0,25.1,27.5,0.0,67.8,0
2020,16,Sakhir Grand Prix,2020-12-06,GAS,Pierre Gasly,AlphaTauri,bahrain,Bahrain International Circuit,9.0,9.0,0.1111111111111111,0.1111111111111111,71.0,15.0,1.0,2.0,10.466666666666667,10.0,0.0,6.0,3.0,0.0,97.0,10.9,3.0,0.0,0.9411764705882353,0.0,20.9,23.5,0.0,58.2,0
2020,16,Sakhir Grand Prix,2020-12-06,KVY,Daniil Kvyat,AlphaTauri,bahrain,Bahrain International Circuit,6.0,6.0,0.16666666666666666,0.16666666666666666,26.0,15.0,0.0,1.0,11.333333333333334,12.2,0.0,11.5,2.0,0.0,97.0,10.903225806451612,3.0,0.0,0.9411764705882353,0.0,20.9,23.5,0.0,58.2,0
2020,17,Abu Dhabi Grand Prix,2020-12-13,GAS,Pierre Gasly,AlphaTauri,yas_marina,Yas Marina Circuit,10.0,9.0,0.1,0.1111111111111111,71.0,16.0,1.0,2.0,10.5,11.0,0.0,17.0,2.0,1.0,103.0,10.78125,3.0,0.0,1.0,0.0,23.1,28.0,0.0,55.4,0
2020,17,Abu Dhabi Grand Prix,2020-12-13,KVY,Daniil Kvyat,AlphaTauri,yas_marina,Yas Marina Circuit,7.0,7.0,0.14285714285714285,0.14285714285714285,32.0,16.0,0.0,1.0,11.0625,10.6,0.0,9.0,1.0,0.0,107.0,10.696969696969697,3.0,0.0,1.0,0.0,23.1,28.0,0.0,55.4,0
2021,1,Bahrain Grand Prix,2021-03-28,GAS,Pierre Gasly,AlphaTauri,bahrain,Bahrain International Circuit,5.0,5.0,0.2,0.2,0.0,0.0,0.0,0.0,11.375,11.6,0.0,7.25,4.0,0.0,0.0,11.416666666666666,0.0,0.0,0.045454545454545456,0.0,20.5,27.6,0.0,54.5,0
2021,1,Bahrain Grand Prix,2021-03-28,TSU,Yuki Tsunoda,AlphaTauri,bahrain,Bahrain International Circuit,13.0,13.0,0.07692307692307693,0.07692307692307693,0.0,0.0,0.0,0.0,11.375,11.0,0.0,10.0,0.0,0.0,0.0,17.0,1.0,0.0,0.045454545454545456,0.0,20.5,27.6,0.0,54.5,0
2021,2,Emilia Romagna Grand Prix,2021-04-18,GAS,Pierre Gasly,AlphaTauri,imola,Autodromo Enzo e Dino Ferrari,5.0,5.0,0.2,0.2,0.0,1.0,0.0,1.0,17.0,11.0,1.0,20.0,1.0,0.0,2.0,13.0,1.0,0.0,0.09090909090909091,1.0,10.6,16.8,1.0,69.5,0
2021,2,Emilia Romagna Grand Prix,2021-04-18,TSU,Yuki Tsunoda,AlphaTauri,imola,Autodromo Enzo e Dino Ferrari,20.0,20.0,0.05,0.05,2.0,1.0,0.0,0.0,9.0,9.0,0.0,10.0,0.0,0.0,8.0,11.0,1.0,0.0,0.09090909090909091,1.0,10.6,16.8,1.0,69.5,0
2021,3,Portuguese Grand Prix,2021-05-02,GAS,Pierre Gasly,AlphaTauri,portimao,Autódromo Internacional do Algarve,9.0,9.0,0.1111111111111111,0.1111111111111111,6.0,2.0,0.0,1.0,12.0,9.8,1.0,5.0,1.0,0.0,8.0,11.25,1.0,0.0,0.13636363636363635,0.0,19.4,39.0,0.0,39.4,0
2021,3,Portuguese Grand Prix,2021-05-02,TSU,Yuki Tsunoda,AlphaTauri,portimao,Autódromo Internacional do Algarve,14.0,14.0,0.07142857142857142,0.07142857142857142,2.0,2.0,0.0,0.0,10.5,10.5,0.0,10.0,0.0,0.0,9.0,11.0,1.0,0.0,0.13636363636363635,0.0,19.4,39.0,0.0,39.4,0
2021,4,Spanish Grand Prix,2021-05-09,GAS,Pierre Gasly,AlphaTauri,catalunya,Circuit de Barcelona-Catalunya,12.0,12.0,0.08333333333333333,0.08333333333333333,7.0,3.0,0.0,1.0,11.333333333333334,10.6,1.0,11.333333333333334,3.0,1.0,9.0,11.666666666666666,1.0,0.0,0.18181818181818182,0.0,22.2,32.9,0.0,57.6,0
2021,4,Spanish Grand Prix,2021-05-09,TSU,Yuki Tsunoda,AlphaTauri,catalunya,Circuit de Barcelona-Catalunya,16.0,16.0,0.0625,0.0625,2.0,3.0,0.0,0.0,12.0,12.0,0.0,10.0,0.0,0.0,10.0,11.428571428571429,1.0,0.0,0.18181818181818182,0.0,22.2,32.9,0.0,57.6,0
2021,5,Monaco Grand Prix,2021-05-23,GAS,Pierre Gasly,AlphaTauri,monaco,Circuit de Monaco,6.0,6.0,0.16666666666666666,0.16666666666666666,8.0,4.0,0.0,1.0,11.0,10.4,1.0,6.0,2.0,0.0,10.0,12.5,2.0,0.0,0.22727272727272727,0.0,20.8,37.6,0.0,61.4,0
2021,5,Monaco Grand Prix,2021-05-23,TSU,Yuki Tsunoda,AlphaTauri,monaco,Circuit de Monaco,16.0,16.0,0.0625,0.0625,2.0,4.0,0.0,1.0,14.0,14.0,1.0,10.0,0.0,0.0,18.0,11.777777777777779,2.0,0.0,0.22727272727272727,0.0,20.8,37.6,0.0,61.4,0
2021,6,Azerbaijan Grand Prix,2021-06-06,GAS,Pierre Gasly,AlphaTauri,baku,Baku City Circuit,4.0,4.0,0.25,0.25,16.0,5.0,0.0,1.0,10.0,10.0,1.0,14.5,2.0,1.0,18.0,12.2,2.0,0.0,0.2727272727272727,0.0,24.2,38.3,0.0,55.8,0
2021,6,Azerbaijan Grand Prix,2021-06-06,TSU,Yuki Tsunoda,AlphaTauri,baku,Baku City Circuit,8.0,7.0,0.125,0.14285714285714285,2.0,5.0,0.0,1.0,14.4,14.4,1.0,10.0,0.0,0.0,33.0,11.363636363636363,2.0,0.0,0.2727272727272727,0.0,24.2,38.3,0.0,55.8,0
2021,7,French Grand Prix,2021-06-20,GAS,Pierre Gasly,AlphaTauri,ricard,Circuit Paul Ricard,6.0,6.0,0.16666666666666666,0.16666666666666666,31.0,6.0,0.0,1.0,8.833333333333334,7.2,0.0,15.0,2.0,1.0,39.0,11.0,2.0,0.0,0.3181818181818182,0.0,25.3,35.2,0.0,58.6,0
2021,7,French Grand Prix,2021-06-20,TSU,Yuki Tsunoda,AlphaTauri,ricard,Circuit Paul Ricard,20.0,0.0,0.05,1.0,8.0,6.0,0.0,1.0,13.166666666666666,14.0,1.0,10.0,0.0,0.0,45.0,10.692307692307692,2.0,0.0,0.3181818181818182,0.0,25.3,35.2,0.0,58.6,0
2021,8,Styrian Grand Prix,2021-06-27,GAS,Pierre Gasly,AlphaTauri,red_bull_ring,Red Bull Ring,6.0,6.0,0.16666666666666666,0.16666666666666666,37.0,7.0,0.0,1.0,8.571428571428571,7.2,0.0,10.0,4.0,0.0,45.0,10.857142857142858,2.0,0.0,0.36363636363636365,0.0,26.7,52.4,0.0,33.2,0
2021,8,Styrian Grand Prix,2021-06-27,TSU,Yuki Tsunoda,AlphaTauri,red_bull_ring,Red Bull Ring,8.0,11.0,0.125,0.09090909090909091,8.0,7.0,0.0,1.0,13.142857142857142,14.2,1.0,10.0,0.0,0.0,45.0,11.466666666666667,3.0,0.0,0.36363636363636365,0.0,26.7,52.4,0.0,33.2,0
2021,9,Austrian Grand Prix,2021-07-04,GAS,Pierre Gasly,AlphaTauri,red_bull_ring,Red Bull Ring,6.0,6.0,0.16666666666666666,0.16666666666666666,37.0,8.0,0.0,2.0,10.0,9.2,1.0,12.0,5.0,1.0,46.0,11.375,3.0,0.0,0.4090909090909091,1.0,21.0,33.2,1.0,49.7,0
2021,9,Austrian Grand Prix,2021-07-04,TSU,Yuki Tsunoda,AlphaTauri,red_bull_ring,Red Bull Ring,7.0,7.0,0.14285714285714285,0.14285714285714285,9.0,8.0,0.0,1.0,12.75,13.2,1.0,10.0,1.0,0.0,48.0,11.235294117647058,3.0,0.0,0.4090909090909091,1.0,21.0,33.2,1.0,49.7,0
2021,10,British Grand Prix,2021-07-18,GAS,Pierre Gasly,AlphaTauri,silverstone,Silverstone Circuit,12.0,11.0,0.08333333333333333,0.09090909090909091,39.0,9.0,0.0,2.0,9.88888888888889,9.0,1.0,8.75,4.0,0.0,48.0,11.277777777777779,3.0,0.0,0.45454545454545453,0.0,29.4,50.9,0.0,37.2,0
2021,10,British Grand Prix,2021-07-18,TSU,Yuki Tsunoda,AlphaTauri,silverstone,Silverstone Circuit,16.0,16.0,0.0625,0.0625,9.0,9.0,0.0,1.0,12.666666666666666,11.6,0.0,10.0,0.0,0.0,48.0,11.263157894736842,3.0,0.0,0.45454545454545453,0.0,29.4,50.9,0.0,37.2,0
2021,11,Hungarian Grand Prix,2021-08-01,GAS,Pierre Gasly,AlphaTauri,hungaroring,Hungaroring,5.0,5.0,0.2,0.2,39.0,10.0,0.0,2.0,10.0,10.0,1.0,10.666666666666666,3.0,1.0,49.0,11.2,3.0,0.0,0.5,1.0,27.2,37.8,1.0,68.6,0
2021,11,Hungarian Grand Prix,2021-08-01,TSU,Yuki Tsunoda,AlphaTauri,hungaroring,Hungaroring,16.0,16.0,0.0625,0.0625,10.0,10.0,0.0,1.0,12.4,10.4,0.0,10.0,0.0,0.0,60.0,10.904761904761905,3.0,0.0,0.5,1.0,27.2,37.8,1.0,68.6,0
2021,12,Belgian Grand Prix,2021-08-29,GAS,Pierre Gasly,AlphaTauri,spa,Circuit de Spa-Francorchamps,6.0,6.0,0.16666666666666666,0.16666666666666666,50.0,11.0,0.0,2.0,9.545454545454545,10.4,1.0,8.666666666666666,3.0,0.0,68.0,10.681818181818182,3.0,0.0,0.5454545454545454,1.0,13.0,15.3,1.0,96.4,0
2021,12,Belgian Grand Prix,2021-08-29,TSU,Yuki Tsunoda,AlphaTauri,spa,Circuit de Spa-Francorchamps,17.0,16.0,0.058823529411764705,0.0625,18.0,11.0,0.0,1.0,11.818181818181818,10.2,0.0,10.0,0.0,0.0,72.0,10.478260869565217,3.0,0.0,0.5454545454545454,1.0,13.0,15.3,1.0,96.4,0
2021,13,Dutch Grand Prix,2021-09-05,GAS,Pierre Gasly,AlphaTauri,zandvoort,Circuit Park Zandvoort,4.0,4.0,0.25,0.25,54.0,12.0,0.0,2.0,9.25,10.2,1.0,10.0,0.0,0.0,72.0,10.666666666666666,3.0,0.0,0.5909090909090909,0.0,21.5,36.1,0.0,54.1,0
2021,13,Dutch Grand Prix,2021-09-05,TSU,Yuki Tsunoda,AlphaTauri,zandvoort,Circuit Park Zandvoort,15.0,14.0,0.06666666666666667,0.07142857142857142,18.0,12.0,0.0,1.0,12.083333333333334,10.6,0.0,10.0,0.0,0.0,84.0,10.4,3.0,0.0,0.5909090909090909,0.0,21.5,36.1,0.0,54.1,0
2021,14,Italian Grand Prix,2021-09-12,GAS,Pierre Gasly,AlphaTauri,monza,Autodromo Nazionale di Monza,6.0,0.0,0.16666666666666666,1.0,66.0,13.0,0.0,2.0,8.846153846153847,7.0,0.0,8.666666666666666,3.0,0.0,84.0,10.73076923076923,3.0,0.0,0.6363636363636364,0.0,28.9,43.5,0.0,33.3,0
2021,14,Italian Grand Prix,2021-09-12,TSU,Yuki Tsunoda,AlphaTauri,monza,Autodromo Nazionale di Monza,17.0,0.0,0.058823529411764705,1.0,18.0,13.0,0.0,1.0,12.615384615384615,12.4,0.0,10.0,0.0,0.0,84.0,11.037037037037036,3.0,0.0,0.6363636363636364,0.0,28.9,43.5,0.0,33.3,0
2021,15,Russian Grand Prix,2021-09-26,GAS,Pierre Gasly,AlphaTauri,sochi,Sochi Autodrom,12.0,11.0,0.08333333333333333,0.09090909090909091,66.0,14.0,0.0,2.0,9.571428571428571,9.0,0.0,14.0,3.0,1.0,84.0,11.357142857142858,4.0,0.0,0.6818181818181818,1.0,19.1,21.8,1.0,61.9,0
2021,15,Russian Grand Prix,2021-09-26,TSU,Yuki Tsunoda,AlphaTauri,sochi,Sochi Autodrom,13.0,12.0,0.07692307692307693,0.08333333333333333,18.0,14.0,0.0,2.0,13.142857142857142,14.0,1.0,10.0,0.0,0.0,84.0,11.413793103448276,4.0,0.0,0.6818181818181818,1.0,19.1,21.8,1.0,61.9,0
2021,16,Turkish Grand Prix,2021-10-10,GAS,Pierre Gasly,AlphaTauri,istanbul,Istanbul Park,5.0,4.0,0.2,0.25,66.0,15.0,0.0,2.0,9.8,9.4,0.0,13.0,1.0,0.0,84.0,11.6,4.0,0.0,0.7272727272727273,0.0,15.8,18.2,0.0,93.5,0
2021,16,Turkish Grand Prix,2021-10-10,TSU,Yuki Tsunoda,AlphaTauri,istanbul,Istanbul Park,10.0,9.0,0.1,0.1111111111111111,18.0,15.0,0.0,2.0,13.4,15.4,1.0,10.0,0.0,0.0,92.0,11.419354838709678,4.0,0.0,0.7272727272727273,0.0,15.8,18.2,0.0,93.5,0
2021,17,United States Grand Prix,2021-10-24,GAS,Pierre Gasly,AlphaTauri,americas,Circuit of the Americas,9.0,8.0,0.1111111111111111,0.125,74.0,16.0,0.0,2.0,9.5625,9.6,0.0,14.0,2.0,0.0,92.0,11.5,4.0,0.0,0.7727272727272727,0.0,28.1,37.5,0.0,61.2,0
2021,17,United States Grand Prix,2021-10-24,TSU,Yuki Tsunoda,AlphaTauri,americas,Circuit of the Americas,10.0,10.0,0.1,0.1,18.0,16.0,0.0,2.0,13.4375,17.0,1.0,10.0,0.0,0.0,92.0,11.757575757575758,4.0,0.0,0.7727272727272727,0.0,28.1,37.5,0.0,61.2,0
2021,18,Mexico City Grand Prix,2021-11-07,GAS,Pierre Gasly,AlphaTauri,rodriguez,Autódromo Hermanos Rodríguez,5.0,5.0,0.2,0.2,74.0,17.0,0.0,2.0,10.176470588235293,12.4,0.0,9.5,2.0,0.0,94.0,11.676470588235293,4.0,0.0,0.8181818181818182,0.0,21.2,47.6,0.0,31.2,0
2021,18,Mexico City Grand Prix,2021-11-07,TSU,Yuki Tsunoda,AlphaTauri,rodriguez,Autódromo Hermanos Rodríguez,9.0,17.0,0.1111111111111111,0.058823529411764705,20.0,17.0,0.0,2.0,13.176470588235293,15.8,1.0,10.0,0.0,0.0,106.0,11.457142857142857,4.0,0.0,0.8181818181818182,0.0,21.2,47.6,0.0,31.2,0
2021,19,São Paulo Grand Prix,2021-11-14,GAS,Pierre Gasly,AlphaTauri,interlagos,Autódromo José Carlos Pace,5.0,7.0,0.2,0.14285714285714285,86.0,18.0,0.0,2.0,9.833333333333334,12.4,0.0,7.5,2.0,0.0,106.0,11.694444444444445,5.0,0.0,0.8636363636363636,0.0,23.1,51.6,0.0,60.1,0
2021,19,São Paulo Grand Prix,2021-11-14,TSU,Yuki Tsunoda,AlphaTauri,interlagos,Autódromo José Carlos Pace,13.0,15.0,0.07692307692307693,0.06666666666666667,20.0,18.0,0.0,3.0,13.555555555555555,16.0,2.0,10.0,0.0,0.0,112.0,11.567567567567568,5.0,0.0,0.8636363636363636,0.0,23.1,51.6,0.0,60.1,0
2021,20,Qatar Grand Prix,2021-11-21,GAS,Pierre Gasly,AlphaTauri,losail,Losail International Circuit,4.0,2.0,0.25,0.5,92.0,19.0,0.0,2.0,9.68421052631579,10.0,0.0,10.0,0.0,0.0,112.0,11.657894736842104,5.0,0.0,0.9090909090909091,1.0,26.4,30.6,1.0,75.5,0
2021,20,Qatar Grand Prix,2021-11-21,TSU,Yuki Tsunoda,AlphaTauri,losail,Losail International Circuit,8.0,8.0,0.125,0.125,20.0,19.0,0.0,3.0,13.631578947368421,15.0,1.0,10.0,0.0,0.0,112.0,11.64102564102564,5.0,0.0,0.9090909090909091,1.0,26.4,30.6,1.0,75.5,0
2021,21,Saudi Arabian Grand Prix,2021-12-05,GAS,Pierre Gasly,AlphaTauri,jeddah,Jeddah Corniche Circuit,6.0,6.0,0.16666666666666666,0.16666666666666666,92.0,20.0,0.0,2.0,9.75,9.6,0.0,10.0,0.0,0.0,112.0,11.675,5.0,0.0,0.9545454545454546,0.0,28.8,31.7,0.0,76.2,0
2021,21,Saudi Arabian Grand Prix,2021-12-05,TSU,Yuki Tsunoda,AlphaTauri,jeddah,Jeddah Corniche Circuit,8.0,8.0,0.125,0.125,20.0,20.0,0.0,3.0,13.6,14.2,1.0,10.0,0.0,0.0,120.0,11.536585365853659,5.0,0.0,0.9545454545454546,0.0,28.8,31.7,0.0,76.2,0
2021,22,Abu Dhabi Grand Prix,2021-12-12,GAS,Pierre Gasly,AlphaTauri,yas_marina,Yas Marina Circuit,12.0,12.0,0.08333333333333333,0.08333333333333333,100.0,21.0,0.0,2.0,9.571428571428571,9.6,0.0,14.0,3.0,1.0,120.0,11.595238095238095,5.0,0.0,1.0,0.0,24.5,28.5,0.0,59.1,0
2021,22,Abu Dhabi Grand Prix,2021-12-12,TSU,Yuki Tsunoda,AlphaTauri,yas_marina,Yas Marina Circuit,8.0,8.0,0.125,0.125,20.0,21.0,0.0,3.0,13.619047619047619,14.2,1.0,10.0,0.0,0.0,130.0,11.44186046511628,5.0,0.0,1.0,0.0,24.5,28.5,0.0,59.1,0
2022,1,Bahrain Grand Prix,2022-03-20,GAS,Pierre Gasly,AlphaTauri,bahrain,Bahrain International Circuit,10.0,10.0,0.1,0.1,0.0,0.0,0.0,0.0,11.375,6.6,0.0,9.2,5.0,1.0,0.0,11.416666666666666,0.0,1.0,0.045454545454545456,0.0,23.6,28.6,0.0,29.5,0
2022,1,Bahrain Grand Prix,2022-03-20,TSU,Yuki Tsunoda,AlphaTauri,bahrain,Bahrain International Circuit,16.0,16.0,0.0625,0.0625,0.0,0.0,0.0,0.0,11.375,13.2,1.0,9.0,1.0,0.0,0.0,20.0,0.0,1.0,0.045454545454545456,0.0,23.6,28.6,0.0,29.5,0
2022,2,Saudi Arabian Grand Prix,2022-03-27,GAS,Pierre Gasly,AlphaTauri,jeddah,Jeddah Corniche Circuit,9.0,9.0,0.1111111111111111,0.1111111111111111,0.0,1.0,0.0,0.0,20.0,9.8,0.0,6.0,1.0,0.0,4.0,14.0,0.0,1.0,0.09090909090909091,0.0,25.4,28.4,0.0,59.7,0
2022,2,Saudi Arabian Grand Prix,2022-03-27,TSU,Yuki Tsunoda,AlphaTauri,jeddah,Jeddah Corniche Circuit,20.0,19.0,0.05,0.05263157894736842,4.0,1.0,0.0,0.0,8.0,10.8,0.0,14.0,1.0,0.0,8.0,12.0,0.0,1.0,0.09090909090909091,0.0,25.4,28.4,0.0,59.7,0
2022,3,Australian Grand Prix,2022-04-10,GAS,Pierre Gasly,AlphaTauri,albert_park,Albert Park Grand Prix Circuit,11.0,11.0,0.09090909090909091,0.09090909090909091,4.0,2.0,0.0,0.0,14.0,10.0,0.0,14.5,2.0,1.0,8.0,13.75,0.0,1.0,0.13636363636363635,0.0,26.7,37.4,0.0,43.7,0
2022,3,Australian Grand Prix,2022-04-10,TSU,Yuki Tsunoda,AlphaTauri,albert_park,Albert Park Grand Prix Circuit,13.0,13.0,0.07692307692307693,0.07692307692307693,4.0,2.0,0.0,0.0,13.5,11.6,0.0,10.0,0.0,0.0,10.0,12.8,0.0,1.0,0.13636363636363635,0.0,26.7,37.4,0.0,43.7,0
2022,4,Emilia Romagna Grand Prix,2022-04-24,GAS,Pierre Gasly,AlphaTauri,imola,Autodromo Enzo e Dino Ferrari,17.0,17.0,0.058823529411764705,0.058823529411764705,6.0,3.0,0.0,0.0,12.333333333333334,9.6,0.0,13.5,2.0,0.0,10.0,13.166666666666666,0.0,1.0,0.18181818181818182,0.0,12.9,17.4,0.0,83.2,0
2022,4,Emilia Romagna Grand Prix,2022-04-24,TSU,Yuki Tsunoda,AlphaTauri,imola,Autodromo Enzo e Dino Ferrari,16.0,12.0,0.0625,0.08333333333333333,4.0,3.0,0.0,0.0,14.0,12.0,0.0,12.0,1.0,0.0,10.0,13.0,0.0,1.0,0.18181818181818182,0.0,12.9,17.4,0.0,83.2,0
2022,5,Miami Grand Prix,2022-05-08,GAS,Pierre Gasly,AlphaTauri,miami,Miami International Autodrome,7.0,7.0,0.14285714285714285,0.14285714285714285,6.0,4.0,0.0,0.0,12.25,10.8,0.0,10.0,0.0,0.0,16.0,12.25,0.0,1.0,0.22727272727272727,1.0,30.6,42.8,1.0,58.9,0
2022,5,Miami Grand Prix,2022-05-08,TSU,Yuki Tsunoda,AlphaTauri,miami,Miami International Autodrome,9.0,9.0,0.1111111111111111,0.1111111111111111,10.0,4.0,0.0,0.0,12.25,10.6,0.0,10.0,0.0,0.0,16.0,12.88888888888889,0.0,1.0,0.22727272727272727,1.0,30.6,42.8,1.0,58.9,0
2022,6,Spanish Grand Prix,2022-05-22,GAS,Pierre Gasly,AlphaTauri,catalunya,Circuit de Barcelona-Catalunya,14.0,14.0,0.07142857142857142,0.07142857142857142,6.0,5.0,0.0,0.0,13.4,13.4,0.0,11.0,4.0,1.0,16.0,12.8,0.0,1.0,0.2727272727272727,0.0,36.6,49.0,0.0,7.1,0
2022,6,Spanish Grand Prix,2022-05-22,TSU,Yuki Tsunoda,AlphaTauri,catalunya,Circuit de Barcelona-Catalunya,13.0,13.0,0.07692307692307693,0.07692307692307693,10.0,5.0,0.0,0.0,12.2,12.2,0.0,20.0,1.0,1.0,16.0,12.818181818181818,0.0,1.0,0.2727272727272727,0.0,36.6,49.0,0.0,7.1,0
2022,7,Monaco Grand Prix,2022-05-29,GAS,Pierre Gasly,AlphaTauri,monaco,Circuit de Monaco,17.0,17.0,0.058823529411764705,0.058823529411764705,6.0,6.0,0.0,0.0,13.333333333333334,12.0,0.0,6.0,3.0,0.0,17.0,12.583333333333334,0.0,1.0,0.3181818181818182,1.0,22.3,31.0,1.0,75.7,0
2022,7,Monaco Grand Prix,2022-05-29,TSU,Yuki Tsunoda,AlphaTauri,monaco,Circuit de Monaco,11.0,11.0,0.09090909090909091,0.09090909090909091,11.0,6.0,0.0,0.0,11.833333333333334,12.6,0.0,16.0,1.0,0.0,17.0,12.461538461538462,0.0,1.0,0.3181818181818182,1.0,22.3,31.0,1.0,75.7,0
2022,8,Azerbaijan Grand Prix,2022-06-12,GAS,Pierre Gasly,AlphaTauri,baku,Baku City Circuit,6.0,6.0,0.16666666666666666,0.16666666666666666,6.0,7.0,0.0,0.0,13.0,12.6,0.0,10.666666666666666,3.0,1.0,17.0,12.785714285714286,0.0,1.0,0.36363636363636365,0.0,25.4,47.1,0.0,59.5,0
2022,8,Azerbaijan Grand Prix,2022-06-12,TSU,Yuki Tsunoda,AlphaTauri,baku,Baku City Circuit,8.0,8.0,0.125,0.125,11.0,7.0,0.0,0.0,12.571428571428571,12.2,0.0,7.0,1.0,0.0,27.0,12.266666666666667,0.0,1.0,0.36363636363636365,0.0,25.4,47.1,0.0,59.5,0
2022,9,Canadian Grand Prix,2022-06-19,GAS,Pierre Gasly,AlphaTauri,villeneuve,Circuit Gilles Villeneuve,16.0,15.0,0.0625,0.06666666666666667,16.0,8.0,0.0,0.0,12.0,11.8,0.0,9.5,2.0,0.0,27.0,12.3125,0.0,1.0,0.4090909090909091,0.0,20.8,41.3,0.0,28.9,0
2022,9,Canadian Grand Prix,2022-06-19,TSU,Yuki Tsunoda,AlphaTauri,villeneuve,Circuit Gilles Villeneuve,20.0,20.0,0.05,0.05,11.0,8.0,0.0,0.0,12.625,11.8,0.0,10.0,0.0,0.0,27.0,12.411764705882353,0.0,1.0,0.4090909090909091,0.0,20.8,41.3,0.0,28.9,0
2022,10,British Grand Prix,2022-07-03,GAS,Pierre Gasly,AlphaTauri,silverstone,Silverstone Circuit,11.0,11.0,0.09090909090909091,0.09090909090909091,16.0,9.0,0.0,0.0,12.222222222222221,12.2,0.0,9.2,5.0,0.0,27.0,12.722222222222221,1.0,1.0,0.45454545454545453,1.0,18.3,30.0,1.0,59.7,0
2022,10,British Grand Prix,2022-07-03,TSU,Yuki Tsunoda,AlphaTauri,silverstone,Silverstone Circuit,13.0,13.0,0.07692307692307693,0.07692307692307693,11.0,9.0,0.0,1.0,13.222222222222221,14.0,1.0,10.0,1.0,0.0,27.0,12.894736842105264,2.0,1.0,0.45454545454545453,1.0,18.3,30.0,1.0,59.7,0
2022,11,Austrian Grand Prix,2022-07-10,GAS,Pierre Gasly,AlphaTauri,red_bull_ring,Red Bull Ring,10.0,14.0,0.1,0.07142857142857142,16.0,10.0,0.0,1.0,12.6,11.8,1.0,11.5,6.0,1.0,27.0,12.95,2.0,1.0,0.5,0.0,20.3,30.7,0.0,35.1,0
2022,11,Austrian Grand Prix,2022-07-10,TSU,Yuki Tsunoda,AlphaTauri,red_bull_ring,Red Bull Ring,14.0,16.0,0.07142857142857142,0.0625,11.0,10.0,0.0,1.0,13.3,14.4,1.0,11.0,2.0,0.0,27.0,13.047619047619047,2.0,1.0,0.5,0.0,20.3,30.7,0.0,35.1,0
2022,12,French Grand Prix,2022-07-24,GAS,Pierre Gasly,AlphaTauri,ricard,Circuit Paul Ricard,16.0,14.0,0.0625,0.07142857142857142,16.0,11.0,0.0,1.0,12.818181818181818,12.2,1.0,12.333333333333334,3.0,1.0,27.0,13.181818181818182,2.0,1.0,0.5454545454545454,0.0,30.2,54.5,0.0,47.7,0
2022,12,French Grand Prix,2022-07-24,TSU,Yuki Tsunoda,AlphaTauri,ricard,Circuit Paul Ricard,8.0,8.0,0.125,0.125,11.0,11.0,0.0,1.0,13.545454545454545,15.6,1.0,13.0,1.0,0.0,27.0,13.130434782608695,2.0,1.0,0.5454545454545454,0.0,30.2,54.5,0.0,47.7,0
2022,13,Hungarian Grand Prix,2022-07-31,GAS,Pierre Gasly,AlphaTauri,hungaroring,Hungaroring,19.0,0.0,0.05263157894736842,1.0,16.0,12.0,0.0,1.0,12.75,12.4,1.0,9.25,4.0,1.0,27.0,13.416666666666666,2.0,1.0,0.5909090909090909,1.0,18.6,26.7,1.0,69.3,0
2022,13,Hungarian Grand Prix,2022-07-31,TSU,Yuki Tsunoda,AlphaTauri,hungaroring,Hungaroring,16.0,16.0,0.0625,0.0625,11.0,12.0,0.0,1.0,14.083333333333334,16.2,1.0,6.0,1.0,0.0,27.0,13.36,2.0,1.0,0.5909090909090909,1.0,18.6,26.7,1.0,69.3,0
2022,14,Belgian Grand Prix,2022-08-28,GAS,Pierre Gasly,AlphaTauri,spa,Circuit de Spa-Francorchamps,12.0,0.0,0.08333333333333333,1.0,16.0,13.0,0.0,1.0,12.692307692307692,13.8,1.0,8.0,4.0,0.0,27.0,13.576923076923077,2.0,1.0,0.6363636363636364,0.0,21.8,36.1,0.0,40.5,0
2022,14,Belgian Grand Prix,2022-08-28,TSU,Yuki Tsunoda,AlphaTauri,spa,Circuit de Spa-Francorchamps,19.0,0.0,0.05263157894736842,1.0,11.0,13.0,0.0,1.0,14.461538461538462,17.4,1.0,15.0,1.0,0.0,29.0,13.407407407407407,2.0,1.0,0.6363636363636364,0.0,21.8,36.1,0.0,40.5,0
2022,15,Dutch Grand Prix,2022-09-04,GAS,Pierre Gasly,AlphaTauri,zandvoort,Circuit Park Zandvoort,11.0,11.0,0.09090909090909091,0.09090909090909091,18.0,14.0,0.0,1.0,12.428571428571429,12.8,1.0,4.0,1.0,0.0,29.0,13.392857142857142,2.0,1.0,0.6818181818181818,0.0,22.7,33.4,0.0,75.4,0
2022,15,Dutch Grand Prix,2022-09-04,TSU,Yuki Tsunoda,AlphaTauri,zandvoort,Circuit Park Zandvoort,9.0,9.0,0.1111111111111111,0.1111111111111111,11.0,14.0,0.0,1.0,14.357142857142858,16.4,0.0,19.0,1.0,0.0,29.0,13.310344827586206,2.0,1.0,0.6818181818181818,0.0,22.7,33.4,0.0,75.4,0
2022,16,Italian Grand Prix,2022-09-11,GAS,Pierre Gasly,AlphaTauri,monza,Autodromo Nazionale di Monza,9.0,5.0,0.1111111111111111,0.2,18.0,15.0,0.0,1.0,12.333333333333334,11.8,0.0,11.25,4.0,0.0,29.0,13.533333333333333,2.0,1.0,0.7272727272727273,0.0,27.7,43.1,0.0,33.1,0
2022,16,Italian Grand Prix,2022-09-11,TSU,Yuki Tsunoda,AlphaTauri,monza,Autodromo Nazionale di Monza,15.0,20.0,0.06666666666666667,0.05,11.0,15.0,0.0,1.0,14.733333333333333,17.6,0.0,20.0,1.0,1.0,33.0,13.35483870967742,2.0,1.0,0.7272727272727273,0.0,27.7,43.1,0.0,33.1,0
2022,17,Singapore Grand Prix,2022-10-02,GAS,Pierre Gasly,AlphaTauri,marina_bay,Marina Bay Street Circuit,7.0,7.0,0.14285714285714285,0.14285714285714285,22.0,16.0,0.0,1.0,12.0625,10.4,0.0,10.5,2.0,0.0,33.0,13.375,2.0,1.0,0.7727272727272727,1.0,26.2,29.0,1.0,87.4,0
2022,17,Singapore Grand Prix,2022-10-02,TSU,Yuki Tsunoda,AlphaTauri,marina_bay,Marina Bay Street Circuit,10.0,10.0,0.1,0.1,11.0,16.0,0.0,1.0,14.6875,17.2,0.0,10.0,0.0,0.0,34.0,13.272727272727273,2.0,1.0,0.7727272727272727,1.0,26.2,29.0,1.0,87.4,0
2022,18,Japanese Grand Prix,2022-10-09,GAS,Pierre Gasly,AlphaTauri,suzuka,Suzuka Circuit,17.0,17.0,0.058823529411764705,0.058823529411764705,23.0,17.0,0.0,1.0,11.941176470588236,10.0,0.0,9.0,2.0,0.0,34.0,13.323529411764707,3.0,1.0,0.8181818181818182,1.0,16.7,19.9,1.0,86.2,0
2022,18,Japanese Grand Prix,2022-10-09,TSU,Yuki Tsunoda,AlphaTauri,suzuka,Suzuka Circuit,13.0,13.0,0.07692307692307693,0.07692307692307693,11.0,17.0,0.0,2.0,14.705882352941176,16.2,1.0,10.0,0.0,0.0,34.0,13.457142857142857,3.0,1.0,0.8181818181818182,1.0,16.7,19.9,1.0,86.2,0
2022,19,United States Grand Prix,2022-10-23,GAS,Pierre Gasly,AlphaTauri,americas,Circuit of the Americas,13.0,11.0,0.07692307692307693,0.09090909090909091,23.0,18.0,0.0,1.0,12.277777777777779,11.2,0.0,16.0,3.0,0.0,34.0,13.444444444444445,3.0,1.0,0.8636363636363636,0.0,29.3,35.5,0.0,49.6,0
2022,19,United States Grand Prix,2022-10-23,TSU,Yuki Tsunoda,AlphaTauri,americas,Circuit of the Americas,15.0,19.0,0.06666666666666667,0.05263157894736842,11.0,18.0,0.0,2.0,14.61111111111111,15.0,1.0,9.0,1.0,0.0,34.0,13.45945945945946,3.0,1.0,0.8636363636363636,0.0,29.3,35.5,0.0,49.6,0
2022,20,Mexico City Grand Prix,2022-10-30,GAS,Pierre Gasly,AlphaTauri,rodriguez,Autódromo Hermanos Rodríguez,14.0,14.0,0.07142857142857142,0.07142857142857142,23.0,19.0,0.0,1.0,12.368421052631579,12.2,0.0,7.666666666666667,3.0,0.0,35.0,13.368421052631579,3.0,1.0,0.9090909090909091,0.0,24.3,41.7,0.0,34.4,0
2022,20,Mexico City Grand Prix,2022-10-30,TSU,Yuki Tsunoda,AlphaTauri,rodriguez,Autódromo Hermanos Rodríguez,13.0,13.0,0.07692307692307693,0.07692307692307693,12.0,19.0,0.0,2.0,14.368421052631579,14.4,1.0,20.0,1.0,1.0,35.0,13.307692307692308,3.0,1.0,0.9090909090909091,0.0,24.3,41.7,0.0,34.4,0
2022,21,São Paulo Grand Prix,2022-11-13,GAS,Pierre Gasly,AlphaTauri,interlagos,Autódromo José Carlos Pace,12.0,10.0,0.08333333333333333,0.1,23.0,20.0,0.0,1.0,12.3,12.2,0.0,7.333333333333333,3.0,0.0,35.0,13.475,4.0,1.0,0.9545454545454546,0.0,23.0,46.0,0.0,76.1,0
2022,21,São Paulo Grand Prix,2022-11-13,TSU,Yuki Tsunoda,AlphaTauri,interlagos,Autódromo José Carlos Pace,19.0,0.0,0.05263157894736842,1.0,12.0,20.0,0.0,3.0,14.65,14.4,2.0,15.0,1.0,0.0,35.0,13.487804878048781,4.0,1.0,0.9545454545454546,0.0,23.0,46.0,0.0,76.1,0
2022,22,Abu Dhabi Grand Prix,2022-11-20,GAS,Pierre Gasly,AlphaTauri,yas_marina,Yas Marina Circuit,17.0,17.0,0.058823529411764705,0.058823529411764705,23.0,21.0,0.0,1.0,12.380952380952381,13.4,0.0,11.75,4.0,1.0,35.0,13.571428571428571,4.0,1.0,1.0,0.0,28.6,34.3,0.0,61.7,0
2022,22,Abu Dhabi Grand Prix,2022-11-20,TSU,Yuki Tsunoda,AlphaTauri,yas_marina,Yas Marina Circuit,12.0,11.0,0.08333333333333333,0.09090909090909091,12.0,21.0,0.0,3.0,14.761904761904763,15.0,2.0,4.0,1.0,0.0,35.0,13.581395348837209,4.0,1.0,1.0,0.0,28.6,34.3,0.0,61.7,0
2023,1,Bahrain Grand Prix,2023-03-05,DEV,Nyck de Vries,AlphaTauri,bahrain,Bahrain International Circuit,19.0,19.0,0.05263157894736842,0.05263157894736842,0.0,0.0,0.0,0.0,11.375,9.0,0.0,10.0,0.0,0.0,0.0,11.416666666666666,0.0,1.0,0.045454545454545456,0.0,27.4,31.0,0.0,21.5,0
2023,1,Bahrain Grand Prix,2023-03-05,TSU,Yuki Tsunoda,AlphaTauri,bahrain,Bahrain International Circuit,14.0,14.0,0.07142857142857142,0.07142857142857142,0.0,0.0,0.0,0.0,11.375,14.2,1.0,8.5,2.0,0.0,0.0,14.0,0.0,1.0,0.045454545454545456,0.0,27.4,31.0,0.0,21.5,0
2023,2,Saudi Arabian Grand Prix,2023-03-19,DEV,Nyck de Vries,AlphaTauri,jeddah,Jeddah Corniche Circuit,18.0,18.0,0.05555555555555555,0.05555555555555555,0.0,1.0,0.0,0.0,14.0,11.5,0.0,10.0,0.0,0.0,0.0,12.5,0.0,1.0,0.09090909090909091,0.0,26.1,31.8,0.0,57.8,0
2023,2,Saudi Arabian Grand Prix,2023-03-19,TSU,Yuki Tsunoda,AlphaTauri,jeddah,Jeddah Corniche Circuit,16.0,16.0,0.0625,0.0625,0.0,1.0,0.0,0.0,11.0,13.8,1.0,16.5,2.0,0.0,0.0,13.0,0.0,1.0,0.09090909090909091,0.0,26.1,31.8,0.0,57.8,0
2023,3,Australian Grand Prix,2023-04-02,DEV,Nyck de Vries,AlphaTauri,albert_park,Albert Park Grand Prix Circuit,15.0,15.0,0.06666666666666667,0.06666666666666667,0.0,2.0,0.0,0.0,14.0,12.333333333333334,0.0,10.0,0.0,0.0,0.0,12.5,0.0,1.0,0.13636363636363635,0.0,17.4,30.1,0.0,54.2,0
2023,3,Australian Grand Prix,2023-04-02,TSU,Yuki Tsunoda,AlphaTauri,albert_park,Albert Park Grand Prix Circuit,12.0,12.0,0.08333333333333333,0.08333333333333333,0.0,2.0,0.0,0.0,11.0,14.0,1.0,15.0,1.0,0.0,0.0,13.0,1.0,1.0,0.13636363636363635,0.0,17.4,30.1,0.0,54.2,0
2023,4,Azerbaijan Grand Prix,2023-04-30,DEV,Nyck de Vries,AlphaTauri,baku,Baku City Circuit,20.0,18.0,0.05,0.05555555555555555,0.0,3.0,0.0,1.0,14.333333333333334,13.0,1.0,10.0,0.0,0.0,1.0,12.5,1.0,1.0,0.18181818181818182,0.0,24.9,41.2,0.0,49.2,0
2023,4,Azerbaijan Grand Prix,2023-04-30,TSU,Yuki Tsunoda,AlphaTauri,baku,Baku City Circuit,8.0,8.0,0.125,0.125,1.0,3.0,0.0,0.0,10.666666666666666,12.0,0.0,10.0,2.0,0.0,1.0,13.571428571428571,2.0,1.0,0.18181818181818182,0.0,24.9,41.2,0.0,49.2,0
2023,5,Miami Grand Prix,2023-05-07,DEV,Nyck de Vries,AlphaTauri,miami,Miami International Autodrome,15.0,15.0,0.06666666666666667,0.06666666666666667,0.0,4.0,0.0,2.0,15.75,14.4,2.0,10.0,0.0,0.0,2.0,13.125,2.0,1.0,0.22727272727272727,0.0,27.1,36.7,0.0,59.4,0
2023,5,Miami Grand Prix,2023-05-07,TSU,Yuki Tsunoda,AlphaTauri,miami,Miami International Autodrome,17.0,17.0,0.058823529411764705,0.058823529411764705,2.0,4.0,0.0,0.0,10.5,10.6,0.0,12.0,1.0,0.0,2.0,13.666666666666666,2.0,1.0,0.22727272727272727,0.0,27.1,36.7,0.0,59.4,0
2023,6,Monaco Grand Prix,2023-05-28,DEV,Nyck de Vries,AlphaTauri,monaco,Circuit de Monaco,12.0,12.0,0.08333333333333333,0.08333333333333333,0.0,5.0,0.0,2.0,16.2,16.2,2.0,10.0,0.0,0.0,2.0,13.4,2.0,1.0,0.2727272727272727,1.0,25.1,39.3,1.0,45.9,0
2023,6,Monaco Grand Prix,2023-05-28,TSU,Yuki Tsunoda,AlphaTauri,monaco,Circuit de Monaco,9.0,9.0,0.1111111111111111,0.1111111111111111,2.0,5.0,0.0,0.0,10.6,10.6,0.0,16.5,2.0,0.0,2.0,13.272727272727273,2.0,1.0,0.2727272727272727,1.0,25.1,39.3,1.0,45.9,0
2023,7,Spanish Grand Prix,2023-06-04,DEV,Nyck de Vries,AlphaTauri,catalunya,Circuit de Barcelona-Catalunya,14.0,14.0,0.07142857142857142,0.07142857142857142,0.0,6.0,0.0,2.0,15.5,15.8,2.0,10.0,0.0,0.0,2.0,13.416666666666666,2.0,1.0,0.3181818181818182,0.0,22.7,33.8,0.0,63.1,0
2023,7,Spanish Grand Prix,2023-06-04,TSU,Yuki Tsunoda,AlphaTauri,catalunya,Circuit de Barcelona-Catalunya,15.0,15.0,0.06666666666666667,0.06666666666666667,2.0,6.0,0.0,0.0,11.333333333333334,11.4,0.0,15.0,2.0,1.0,2.0,13.461538461538462,2.0,1.0,0.3181818181818182,0.0,22.7,33.8,0.0,63.1,0
2023,8,Canadian Grand Prix,2023-06-18,DEV,Nyck de Vries,AlphaTauri,villeneuve,Circuit Gilles Villeneuve,18.0,17.0,0.05555555555555555,0.058823529411764705,0.0,7.0,0.0,2.0,15.285714285714286,15.8,2.0,10.0,0.0,0.0,2.0,13.357142857142858,2.0,1.0,0.36363636363636365,0.0,18.5,30.6,0.0,63.9,0
2023,8,Canadian Grand Prix,2023-06-18,TSU,Yuki Tsunoda,AlphaTauri,villeneuve,Circuit Gilles Villeneuve,16.0,19.0,0.0625,0.05263157894736842,2.0,7.0,0.0,0.0,11.428571428571429,11.6,0.0,18.0,1.0,1.0,2.0,13.666666666666666,2.0,1.0,0.36363636363636365,0.0,18.5,30.6,0.0,63.9,0
2023,9,Austrian Grand Prix,2023-07-02,DEV,Nyck de Vries,AlphaTauri,red_bull_ring,Red Bull Ring,20.0,20.0,0.05,0.05,0.0,8.0,0.0,2.0,15.625,16.4,1.0,10.0,0.0,0.0,2.0,13.6875,2.0,1.0,0.4090909090909091,1.0,22.4,32.1,1.0,52.0,0
2023,9,Austrian Grand Prix,2023-07-02,TSU,Yuki Tsunoda,AlphaTauri,red_bull_ring,Red Bull Ring,16.0,16.0,0.0625,0.0625,2.0,8.0,0.0,0.0,11.75,12.4,0.0,12.666666666666666,3.0,0.0,2.0,13.882352941176471,2.0,1.0,0.4090909090909091,1.0,22.4,32.1,1.0,52.0,0
2023,10,British Grand Prix,2023-07-09,DEV,Nyck de Vries,AlphaTauri,silverstone,Silverstone Circuit,18.0,18.0,0.05555555555555555,0.05555555555555555,0.0,9.0,0.0,2.0,15.777777777777779,15.8,0.0,10.0,0.0,0.0,2.0,14.166666666666666,2.0,1.0,0.45454545454545453,0.0,21.5,30.9,0.0,56.2,0
2023,10,British Grand Prix,2023-07-09,TSU,Yuki Tsunoda,AlphaTauri,silverstone,Silverstone Circuit,16.0,16.0,0.0625,0.0625,2.0,9.0,0.0,0.0,12.555555555555555,14.2,0.0,12.0,2.0,0.0,2.0,14.31578947368421,2.0,1.0,0.45454545454545453,0.0,21.5,30.9,0.0,56.2,0
2023,11,Hungarian Grand Prix,2023-07-23,RIC,Daniel Ricciardo,AlphaTauri,hungaroring,Hungaroring,13.0,13.0,0.07692307692307693,0.07692307692307693,0.0,0.0,0.0,0.0,11.375,12.6,1.0,10.4,5.0,0.0,2.0,14.4,2.0,1.0,0.5,0.0,28.8,48.6,0.0,32.8,0
2023,11,Hungarian Grand Prix,2023-07-23,TSU,Yuki Tsunoda,AlphaTauri,hungaroring,Hungaroring,17.0,17.0,0.058823529411764705,0.058823529411764705,2.0,10.0,0.0,0.0,12.9,15.2,0.0,12.5,2.0,0.0,2.0,14.333333333333334,2.0,1.0,0.5,0.0,28.8,48.6,0.0,32.8,0
2023,12,Belgian Grand Prix,2023-07-30,RIC,Daniel Ricciardo,AlphaTauri,spa,Circuit de Spa-Francorchamps,19.0,19.0,0.05263157894736842,0.05263157894736842,0.0,1.0,0.0,0.0,13.0,13.0,1.0,10.6,5.0,1.0,2.0,14.363636363636363,2.0,1.0,0.5454545454545454,1.0,17.9,28.2,1.0,61.9,0
2023,12,Belgian Grand Prix,2023-07-30,TSU,Yuki Tsunoda,AlphaTauri,spa,Circuit de Spa-Francorchamps,11.0,11.0,0.09090909090909091,0.09090909090909091,2.0,11.0,0.0,0.0,13.090909090909092,15.2,0.0,14.0,2.0,0.0,2.0,14.434782608695652,2.0,1.0,0.5454545454545454,1.0,17.9,28.2,1.0,61.9,0
2023,13,Dutch Grand Prix,2023-08-27,LAW,Liam Lawson,AlphaTauri,zandvoort,Circuit Park Zandvoort,20.0,19.0,0.05,0.05263157894736842,0.0,0.0,0.0,0.0,11.375,11.0,0.0,10.0,0.0,0.0,3.0,14.25,2.0,1.0,0.5909090909090909,1.0,16.8,24.9,1.0,70.8,0
2023,13,Dutch Grand Prix,2023-08-27,TSU,Yuki Tsunoda,AlphaTauri,zandvoort,Circuit Park Zandvoort,14.0,17.0,0.07142857142857142,0.058823529411764705,3.0,12.0,0.0,0.0,12.833333333333334,14.8,0.0,19.5,2.0,0.0,3.0,14.2,2.0,1.0,0.5909090909090909,1.0,16.8,24.9,1.0,70.8,0
2023,14,Italian Grand Prix,2023-09-03,LAW,Liam Lawson,AlphaTauri,monza,Autodromo Nazionale di Monza,12.0,12.0,0.08333333333333333,0.08333333333333333,0.0,1.0,0.0,0.0,13.0,13.0,0.0,10.0,0.0,0.0,3.0,14.23076923076923,2.0,1.0,0.6363636363636364,0.0,29.3,42.9,0.0,42.3,0
2023,14,Italian Grand Prix,2023-09-03,TSU,Yuki Tsunoda,AlphaTauri,monza,Autodromo Nazionale di Monza,11.0,11.0,0.09090909090909091,0.09090909090909091,3.0,13.0,0.0,0.0,13.0,15.0,0.0,17.0,2.0,1.0,3.0,14.11111111111111,2.0,1.0,0.6363636363636364,0.0,29.3,42.9,0.0,42.3,0
2023,15,Singapore Grand Prix,2023-09-17,LAW,Liam Lawson,AlphaTauri,marina_bay,Marina Bay Street Circuit,10.0,10.0,0.1,0.1,0.0,2.0,0.0,0.0,12.0,12.0,0.0,10.0,0.0,0.0,3.0,14.321428571428571,2.0,1.0,0.6818181818181818,0.0,29.8,36.4,0.0,72.0,0
2023,15,Singapore Grand Prix,2023-09-17,TSU,Yuki Tsunoda,AlphaTauri,marina_bay,Marina Bay Street Circuit,15.0,15.0,0.06666666666666667,0.06666666666666667,3.0,14.0,0.0,0.0,13.5,15.2,0.0,15.0,1.0,1.0,5.0,14.137931034482758,2.0,1.0,0.6818181818181818,0.0,29.8,36.4,0.0,72.0,0
2023,16,Japanese Grand Prix,2023-09-24,LAW,Liam Lawson,AlphaTauri,suzuka,Suzuka Circuit,11.0,11.0,0.09090909090909091,0.09090909090909091,2.0,3.0,0.0,0.0,11.0,11.0,0.0,10.0,0.0,0.0,5.0,14.3,3.0,1.0,0.7272727272727273,0.0,27.3,42.1,0.0,42.3,0
2023,16,Japanese Grand Prix,2023-09-24,TSU,Yuki Tsunoda,AlphaTauri,suzuka,Suzuka Circuit,9.0,9.0,0.1111111111111111,0.1111111111111111,3.0,15.0,0.0,1.0,13.866666666666667,15.8,1.0,13.0,1.0,0.0,5.0,14.193548387096774,3.0,1.0,0.7272727272727273,0.0,27.3,42.1,0.0,42.3,0
2023,17,Qatar Grand Prix,2023-10-08,LAW,Liam Lawson,AlphaTauri,losail,Losail International Circuit,18.0,17.0,0.05555555555555555,0.058823529411764705,2.0,4.0,0.0,0.0,11.0,11.0,0.0,10.0,0.0,0.0,5.0,14.125,3.0,1.0,0.7727272727272727,0.0,31.5,36.9,0.0,73.2,0
2023,17,Qatar Grand Prix,2023-10-08,TSU,Yuki Tsunoda,AlphaTauri,losail,Losail International Circuit,11.0,11.0,0.09090909090909091,0.09090909090909091,3.0,16.0,0.0,1.0,13.75,15.2,1.0,13.0,1.0,0.0,5.0,14.212121212121213,3.0,1.0,0.7727272727272727,0.0,31.5,36.9,0.0,73.2,0
2023,18,United States Grand Prix,2023-10-22,RIC,Daniel Ricciardo,AlphaTauri,americas,Circuit of the Americas,15.0,14.0,0.06666666666666667,0.07142857142857142,0.0,2.0,0.0,0.0,14.5,13.0,1.0,10.75,4.0,0.0,5.0,14.235294117647058,3.0,1.0,0.8181818181818182,0.0,30.0,40.6,0.0,41.9,0
2023,18,United States Grand Prix,2023-10-22,TSU,Yuki Tsunoda,AlphaTauri,americas,Circuit of the Americas,11.0,11.0,0.09090909090909091,0.09090909090909091,3.0,17.0,0.0,1.0,13.823529411764707,16.2,1.0,9.5,2.0,0.0,5.0,14.257142857142858,3.0,1.0,0.8181818181818182,0.0,30.0,40.6,0.0,41.9,0
2023,19,Mexico City Grand Prix,2023-10-29,RIC,Daniel Ricciardo,AlphaTauri,rodriguez,Autódromo Hermanos Rodríguez,4.0,4.0,0.25,0.25,0.0,3.0,0.0,0.0,14.666666666666666,14.6,1.0,11.0,4.0,1.0,10.0,14.083333333333334,3.0,1.0,0.8636363636363636,0.0,25.5,45.6,0.0,23.6,0
2023,19,Mexico City Grand Prix,2023-10-29,TSU,Yuki Tsunoda,AlphaTauri,rodriguez,Autódromo Hermanos Rodríguez,15.0,18.0,0.06666666666666667,0.05555555555555555,8.0,18.0,0.0,1.0,13.5,14.8,1.0,20.0,2.0,2.0,16.0,13.891891891891891,3.0,1.0,0.8636363636363636,0.0,25.5,45.6,0.0,23.6,0
2023,20,São Paulo Grand Prix,2023-11-05,RIC,Daniel Ricciardo,AlphaTauri,interlagos,Autódromo José Carlos Pace,17.0,17.0,0.058823529411764705,0.058823529411764705,6.0,4.0,0.0,0.0,12.75,12.0,0.0,12.25,4.0,1.0,16.0,13.842105263157896,3.0,1.0,0.9090909090909091,1.0,20.5,46.8,1.0,58.2,0
2023,20,São Paulo Grand Prix,2023-11-05,TSU,Yuki Tsunoda,AlphaTauri,interlagos,Autódromo José Carlos Pace,16.0,16.0,0.0625,0.0625,8.0,19.0,0.0,1.0,13.421052631578947,13.2,1.0,16.0,2.0,0.0,16.0,13.820512820512821,3.0,1.0,0.9090909090909091,1.0,20.5,46.8,1.0,58.2,0
2023,21,Las Vegas Grand Prix,2023-11-19,RIC,Daniel Ricciardo,AlphaTauri,vegas,Las Vegas Strip Street Circuit,15.0,14.0,0.06666666666666667,0.07142857142857142,6.0,5.0,0.0,0.0,12.8,12.8,0.0,10.0,0.0,0.0,18.0,13.7,3.0,1.0,0.9545454545454546,0.0,18.1,18.0,0.0,47.4,0
2023,21,Las Vegas Grand Prix,2023-11-19,TSU,Yuki Tsunoda,AlphaTauri,vegas,Las Vegas Strip Street Circuit,20.0,20.0,0.05,0.05,10.0,20.0,0.0,1.0,13.2,11.2,0.0,10.0,0.0,0.0,18.0,13.707317073170731,3.0,1.0,0.9545454545454546,0.0,18.1,18.0,0.0,47.4,0
2023,22,Abu Dhabi Grand Prix,2023-11-26,RIC,Daniel Ricciardo,AlphaTauri,yas_marina,Yas Marina Circuit,15.0,15.0,0.06666666666666667,0.06666666666666667,6.0,6.0,0.0,0.0,13.0,13.0,0.0,8.6,5.0,0.0,18.0,13.80952380952381,4.0,1.0,1.0,0.0,27.0,33.5,0.0,51.0,0
2023,22,Abu Dhabi Grand Prix,2023-11-26,TSU,Yuki Tsunoda,AlphaTauri,yas_marina,Yas Marina Circuit,6.0,6.0,0.16666666666666666,0.16666666666666666,10.0,21.0,0.0,2.0,13.428571428571429,12.4,1.0,7.5,2.0,0.0,18.0,13.744186046511627,4.0,1.0,1.0,0.0,27.0,33.5,0.0,51.0,0
2021,1,Bahrain Grand Prix,2021-03-28,ALO,Fernando Alonso,Alpine F1 Team,bahrain,Bahrain International Circuit,9.0,9.0,0.1111111111111111,0.1111111111111111,0.0,0.0,0.0,0.0,11.375,16.0,2.0,7.0,1.0,0.0,0.0,11.416666666666666,0.0,0.0,0.045454545454545456,0.0,20.5,27.6,0.0,54.5,0
2021,1,Bahrain Grand Prix,2021-03-28,OCO,Esteban Ocon,Alpine F1 Team,bahrain,Bahrain International Circuit,16.0,16.0,0.0625,0.0625,0.0,0.0,0.0,0.0,11.375,10.0,1.0,7.0,3.0,0.0,0.0,19.0,1.0,0.0,0.045454545454545456,0.0,20.5,27.6,0.0,54.5,0
2021,2,Emilia Romagna Grand Prix,2021-04-18,ALO,Fernando Alonso,Alpine F1 Team,imola,Autodromo Enzo e Dino Ferrari,15.0,15.0,0.06666666666666667,0.06666666666666667,0.0,1.0,0.0,1.0,19.0,17.0,3.0,10.0,0.0,0.0,0.0,16.0,1.0,0.0,0.09090909090909091,1.0,10.6,16.8,1.0,69.5,0
2021,2,Emilia Romagna Grand Prix,2021-04-18,OCO,Esteban Ocon,Alpine F1 Team,imola,Autodromo Enzo e Dino Ferrari,9.0,9.0,0.1111111111111111,0.1111111111111111,0.0,1.0,0.0,0.0,13.0,8.8,0.0,19.0,1.0,1.0,1.0,14.0,1.0,0.0,0.09090909090909091,1.0,10.6,16.8,1.0,69.5,0
2021,3,Portuguese Grand Prix,2021-05-02,ALO,Fernando Alonso,Alpine F1 Team,portimao,Autódromo Internacional do Algarve,13.0,13.0,0.07692307692307693,0.07692307692307693,1.0,2.0,0.0,1.0,14.5,15.4,2.0,10.0,0.0,0.0,3.0,12.75,1.0,0.0,0.13636363636363635,0.0,19.4,39.0,0.0,39.4,0
2021,3,Portuguese Grand Prix,2021-05-02,OCO,Esteban Ocon,Alpine F1 Team,portimao,Autódromo Internacional do Algarve,6.0,6.0,0.16666666666666666,0.16666666666666666,2.0,2.0,0.0,0.0,11.0,8.4,0.0,8.0,1.0,0.0,7.0,11.8,1.0,0.0,0.13636363636363635,0.0,19.4,39.0,0.0,39.4,0
2021,4,Spanish Grand Prix,2021-05-09,ALO,Fernando Alonso,Alpine F1 Team,catalunya,Circuit de Barcelona-Catalunya,10.0,10.0,0.1,0.1,5.0,3.0,0.0,1.0,12.333333333333334,13.0,1.0,8.0,1.0,0.0,13.0,11.0,1.0,0.0,0.18181818181818182,0.0,22.2,32.9,0.0,57.6,0
2021,4,Spanish Grand Prix,2021-05-09,OCO,Esteban Ocon,Alpine F1 Team,catalunya,Circuit de Barcelona-Catalunya,5.0,5.0,0.2,0.2,8.0,3.0,0.0,0.0,9.666666666666666,8.0,0.0,14.5,2.0,0.0,13.0,11.857142857142858,1.0,0.0,0.18181818181818182,0.0,22.2,32.9,0.0,57.6,0
2021,5,Monaco Grand Prix,2021-05-23,ALO,Fernando Alonso,Alpine F1 Team,monaco,Circuit de Monaco,17.0,17.0,0.058823529411764705,0.058823529411764705,5.0,4.0,0.0,1.0,13.5,13.0,1.0,20.0,1.0,1.0,15.0,11.5,1.0,0.0,0.22727272727272727,0.0,20.8,37.6,0.0,61.4,0
2021,5,Monaco Grand Prix,2021-05-23,OCO,Esteban Ocon,Alpine F1 Team,monaco,Circuit de Monaco,11.0,11.0,0.09090909090909091,0.09090909090909091,10.0,4.0,0.0,0.0,9.5,9.4,0.0,6.0,1.0,0.0,15.0,11.666666666666666,1.0,0.0,0.22727272727272727,0.0,20.8,37.6,0.0,61.4,0
2021,6,Azerbaijan Grand Prix,2021-06-06,ALO,Fernando Alonso,Alpine F1 Team,baku,Baku City Circuit,9.0,8.0,0.1111111111111111,0.125,5.0,5.0,0.0,1.0,13.4,13.4,1.0,7.0,1.0,0.0,17.0,11.4,1.0,0.0,0.2727272727272727,0.0,24.2,38.3,0.0,55.8,0
2021,6,Azerbaijan Grand Prix,2021-06-06,OCO,Esteban Ocon,Alpine F1 Team,baku,Baku City Circuit,12.0,12.0,0.08333333333333333,0.08333333333333333,12.0,5.0,0.0,0.0,9.4,9.4,0.0,19.0,1.0,1.0,25.0,10.909090909090908,1.0,0.0,0.2727272727272727,0.0,24.2,38.3,0.0,55.8,0
2021,7,French Grand Prix,2021-06-20,ALO,Fernando Alonso,Alpine F1 Team,ricard,Circuit Paul Ricard,9.0,9.0,0.1111111111111111,0.1111111111111111,13.0,6.0,0.0,1.0,12.166666666666666,10.8,0.0,16.0,1.0,0.0,25.0,11.666666666666666,1.0,0.0,0.3181818181818182,0.0,25.3,35.2,0.0,58.6,0
2021,7,French Grand Prix,2021-06-20,OCO,Esteban Ocon,Alpine F1 Team,ricard,Circuit Paul Ricard,11.0,11.0,0.09090909090909091,0.09090909090909091,12.0,6.0,0.0,0.0,11.166666666666666,10.8,0.0,19.0,1.0,1.0,29.0,11.384615384615385,1.0,0.0,0.3181818181818182,0.0,25.3,35.2,0.0,58.6,0
2021,8,Styrian Grand Prix,2021-06-27,ALO,Fernando Alonso,Alpine F1 Team,red_bull_ring,Red Bull Ring,9.0,8.0,0.1111111111111111,0.125,17.0,7.0,0.0,1.0,11.571428571428571,10.4,0.0,8.0,1.0,0.0,29.0,11.571428571428571,1.0,0.0,0.36363636363636365,0.0,26.7,52.4,0.0,33.2,0
2021,8,Styrian Grand Prix,2021-06-27,OCO,Esteban Ocon,Alpine F1 Team,red_bull_ring,Red Bull Ring,17.0,17.0,0.058823529411764705,0.058823529411764705,12.0,7.0,0.0,0.0,11.571428571428571,11.8,0.0,10.666666666666666,3.0,0.0,31.0,11.4,1.0,0.0,0.36363636363636365,0.0,26.7,52.4,0.0,33.2,0
2021,9,Austrian Grand Prix,2021-07-04,ALO,Fernando Alonso,Alpine F1 Team,red_bull_ring,Red Bull Ring,14.0,14.0,0.07142857142857142,0.07142857142857142,19.0,8.0,0.0,1.0,11.25,10.6,0.0,8.5,2.0,0.0,31.0,11.5625,1.0,0.0,0.4090909090909091,1.0,21.0,33.2,1.0,49.7,0
2021,9,Austrian Grand Prix,2021-07-04,OCO,Esteban Ocon,Alpine F1 Team,red_bull_ring,Red Bull Ring,17.0,17.0,0.058823529411764705,0.058823529411764705,12.0,8.0,0.0,0.0,11.875,13.2,0.0,11.5,4.0,0.0,32.0,11.470588235294118,1.0,0.0,0.4090909090909091,1.0,21.0,33.2,1.0,49.7,0
2021,10,British Grand Prix,2021-07-18,ALO,Fernando Alonso,Alpine F1 Team,silverstone,Silverstone Circuit,11.0,7.0,0.09090909090909091,0.14285714285714285,20.0,9.0,0.0,1.0,11.11111111111111,9.2,0.0,8.0,1.0,0.0,32.0,11.944444444444445,2.0,0.0,0.45454545454545453,0.0,29.4,50.9,0.0,37.2,0
2021,10,British Grand Prix,2021-07-18,OCO,Esteban Ocon,Alpine F1 Team,silverstone,Silverstone Circuit,13.0,9.0,0.07692307692307693,0.1111111111111111,12.0,9.0,0.0,1.0,12.777777777777779,15.4,1.0,7.0,3.0,0.0,38.0,11.68421052631579,2.0,0.0,0.45454545454545453,0.0,29.4,50.9,0.0,37.2,0
2021,11,Hungarian Grand Prix,2021-08-01,ALO,Fernando Alonso,Alpine F1 Team,hungaroring,Hungaroring,9.0,9.0,0.1111111111111111,0.1111111111111111,26.0,10.0,0.0,1.0,10.7,8.0,0.0,8.0,1.0,0.0,40.0,11.55,2.0,0.0,0.5,1.0,27.2,37.8,1.0,68.6,0
2021,11,Hungarian Grand Prix,2021-08-01,OCO,Esteban Ocon,Alpine F1 Team,hungaroring,Hungaroring,8.0,8.0,0.125,0.125,14.0,10.0,0.0,1.0,12.4,15.4,1.0,13.5,2.0,0.0,52.0,11.19047619047619,2.0,0.0,0.5,1.0,27.2,37.8,1.0,68.6,1
2021,12,Belgian Grand Prix,2021-08-29,ALO,Fernando Alonso,Alpine F1 Team,spa,Circuit de Spa-Francorchamps,14.0,12.0,0.07142857142857142,0.08333333333333333,38.0,11.0,0.0,1.0,10.090909090909092,7.6,0.0,19.0,1.0,1.0,77.0,10.727272727272727,2.0,0.0,0.5454545454545454,1.0,13.0,15.3,1.0,96.4,0
2021,12,Belgian Grand Prix,2021-08-29,OCO,Esteban Ocon,Alpine F1 Team,spa,Circuit de Spa-Francorchamps,9.0,8.0,0.1111111111111111,0.125,39.0,11.0,1.0,1.0,11.363636363636363,11.6,1.0,5.5,2.0,0.0,77.0,10.73913043478261,2.0,0.0,0.5454545454545454,1.0,13.0,15.3,1.0,96.4,0
2021,13,Dutch Grand Prix,2021-09-05,ALO,Fernando Alonso,Alpine F1 Team,zandvoort,Circuit Park Zandvoort,9.0,9.0,0.1111111111111111,0.1111111111111111,38.0,12.0,0.0,1.0,10.166666666666666,8.2,0.0,10.0,0.0,0.0,80.0,10.583333333333334,2.0,0.0,0.5909090909090909,0.0,21.5,36.1,0.0,54.1,0
2021,13,Dutch Grand Prix,2021-09-05,OCO,Esteban Ocon,Alpine F1 Team,zandvoort,Circuit Park Zandvoort,8.0,8.0,0.125,0.125,42.0,12.0,1.0,1.0,11.0,10.2,1.0,10.0,0.0,0.0,88.0,10.4,2.0,0.0,0.5909090909090909,0.0,21.5,36.1,0.0,54.1,0
2021,14,Italian Grand Prix,2021-09-12,ALO,Fernando Alonso,Alpine F1 Team,monza,Autodromo Nazionale di Monza,13.0,10.0,0.07692307692307693,0.1,46.0,13.0,0.0,1.0,9.846153846153847,7.6,0.0,18.0,1.0,1.0,90.0,10.346153846153847,2.0,0.0,0.6363636363636364,0.0,28.9,43.5,0.0,33.3,0
2021,14,Italian Grand Prix,2021-09-12,OCO,Esteban Ocon,Alpine F1 Team,monza,Autodromo Nazionale di Monza,14.0,12.0,0.07142857142857142,0.08333333333333333,44.0,13.0,1.0,1.0,10.846153846153847,9.2,1.0,7.0,2.0,0.0,94.0,10.25925925925926,2.0,0.0,0.6363636363636364,0.0,28.9,43.5,0.0,33.3,0
2021,15,Russian Grand Prix,2021-09-26,ALO,Fernando Alonso,Alpine F1 Team,sochi,Sochi Autodrom,6.0,6.0,0.16666666666666666,0.16666666666666666,50.0,14.0,0.0,1.0,9.714285714285714,7.2,0.0,14.0,1.0,0.0,95.0,10.25,2.0,0.0,0.6818181818181818,1.0,19.1,21.8,1.0,61.9,0
2021,15,Russian Grand Prix,2021-09-26,OCO,Esteban Ocon,Alpine F1 Team,sochi,Sochi Autodrom,10.0,9.0,0.1,0.1111111111111111,45.0,14.0,1.0,1.0,10.785714285714286,7.2,0.0,8.0,2.0,0.0,103.0,10.10344827586207,2.0,0.0,0.6818181818181818,1.0,19.1,21.8,1.0,61.9,0
2021,16,Turkish Grand Prix,2021-10-10,ALO,Fernando Alonso,Alpine F1 Team,istanbul,Istanbul Park,6.0,5.0,0.16666666666666666,0.2,58.0,15.0,0.0,1.0,9.466666666666667,7.0,0.0,10.0,0.0,0.0,103.0,10.233333333333333,2.0,0.0,0.7272727272727273,0.0,15.8,18.2,0.0,93.5,0
2021,16,Turkish Grand Prix,2021-10-10,OCO,Esteban Ocon,Alpine F1 Team,istanbul,Istanbul Park,12.0,12.0,0.08333333333333333,0.08333333333333333,45.0,15.0,1.0,1.0,11.0,8.2,0.0,11.0,1.0,0.0,103.0,10.419354838709678,2.0,0.0,0.7272727272727273,0.0,15.8,18.2,0.0,93.5,0
2021,17,United States Grand Prix,2021-10-24,ALO,Fernando Alonso,Alpine F1 Team,americas,Circuit of the Americas,14.0,19.0,0.07142857142857142,0.05263157894736842,58.0,16.0,0.0,1.0,9.875,9.4,0.0,18.0,1.0,1.0,104.0,10.40625,2.0,0.0,0.7727272727272727,0.0,28.1,37.5,0.0,61.2,0
2021,17,United States Grand Prix,2021-10-24,OCO,Esteban Ocon,Alpine F1 Team,americas,Circuit of the Americas,11.0,11.0,0.09090909090909091,0.09090909090909091,46.0,16.0,1.0,1.0,10.9375,10.0,0.0,19.0,1.0,0.0,104.0,10.636363636363637,2.0,0.0,0.7727272727272727,0.0,28.1,37.5,0.0,61.2,0
2021,18,Mexico City Grand Prix,2021-11-07,ALO,Fernando Alonso,Alpine F1 Team,rodriguez,Autódromo Hermanos Rodríguez,16.0,12.0,0.0625,0.08333333333333333,58.0,17.0,0.0,1.0,10.352941176470589,10.8,0.0,20.0,1.0,1.0,104.0,10.882352941176471,2.0,0.0,0.8181818181818182,0.0,21.2,47.6,0.0,31.2,0
2021,18,Mexico City Grand Prix,2021-11-07,OCO,Esteban Ocon,Alpine F1 Team,rodriguez,Autódromo Hermanos Rodríguez,15.0,19.0,0.06666666666666667,0.05263157894736842,46.0,17.0,1.0,1.0,11.411764705882353,12.4,0.0,11.0,1.0,0.0,106.0,10.82857142857143,2.0,0.0,0.8181818181818182,0.0,21.2,47.6,0.0,31.2,0
2021,19,São Paulo Grand Prix,2021-11-14,ALO,Fernando Alonso,Alpine F1 Team,interlagos,Autódromo José Carlos Pace,10.0,12.0,0.1,0.08333333333333333,60.0,18.0,0.0,1.0,10.277777777777779,11.4,0.0,17.0,1.0,0.0,106.0,10.88888888888889,2.0,0.0,0.8636363636363636,0.0,23.1,51.6,0.0,60.1,0
2021,19,São Paulo Grand Prix,2021-11-14,OCO,Esteban Ocon,Alpine F1 Team,interlagos,Autódromo José Carlos Pace,11.0,8.0,0.09090909090909091,0.125,46.0,18.0,1.0,1.0,11.5,13.2,0.0,15.0,1.0,0.0,108.0,10.837837837837839,2.0,0.0,0.8636363636363636,0.0,23.1,51.6,0.0,60.1,0
2021,20,Qatar Grand Prix,2021-11-21,ALO,Fernando Alonso,Alpine F1 Team,losail,Losail International Circuit,5.0,3.0,0.2,0.3333333333333333,62.0,19.0,0.0,1.0,10.210526315789474,11.6,0.0,10.0,0.0,0.0,112.0,10.763157894736842,2.0,0.0,0.9090909090909091,1.0,26.4,30.6,1.0,75.5,0
2021,20,Qatar Grand Prix,2021-11-21,OCO,Esteban Ocon,Alpine F1 Team,losail,Losail International Circuit,9.0,9.0,0.1111111111111111,0.1111111111111111,50.0,19.0,1.0,1.0,11.31578947368421,12.8,0.0,10.0,0.0,0.0,127.0,10.564102564102564,2.0,0.0,0.9090909090909091,1.0,26.4,30.6,1.0,75.5,0
2021,21,Saudi Arabian Grand Prix,2021-12-05,ALO,Fernando Alonso,Alpine F1 Team,jeddah,Jeddah Corniche Circuit,13.0,13.0,0.07692307692307693,0.07692307692307693,77.0,20.0,0.0,1.0,9.85,11.0,0.0,10.0,0.0,0.0,137.0,10.425,2.0,0.0,0.9545454545454546,0.0,28.8,31.7,0.0,76.2,0
2021,21,Saudi Arabian Grand Prix,2021-12-05,OCO,Esteban Ocon,Alpine F1 Team,jeddah,Jeddah Corniche Circuit,9.0,9.0,0.1111111111111111,0.1111111111111111,60.0,20.0,1.0,1.0,11.0,11.0,0.0,10.0,0.0,0.0,137.0,10.487804878048781,2.0,0.0,0.9545454545454546,0.0,28.8,31.7,0.0,76.2,0
2021,22,Abu Dhabi Grand Prix,2021-12-12,ALO,Fernando Alonso,Alpine F1 Team,yas_marina,Yas Marina Circuit,11.0,11.0,0.09090909090909091,0.09090909090909091,77.0,21.0,0.0,1.0,10.0,10.4,0.0,11.0,1.0,0.0,149.0,10.333333333333334,2.0,0.0,1.0,0.0,24.5,28.5,0.0,59.1,0
2021,22,Abu Dhabi Grand Prix,2021-12-12,OCO,Esteban Ocon,Alpine F1 Team,yas_marina,Yas Marina Circuit,9.0,9.0,0.1111111111111111,0.1111111111111111,72.0,21.0,1.0,1.0,10.666666666666666,9.8,0.0,13.0,2.0,1.0,153.0,10.279069767441861,2.0,0.0,1.0,0.0,24.5,28.5,0.0,59.1,0
2022,1,Bahrain Grand Prix,2022-03-20,ALO,Fernando Alonso,Alpine F1 Team,bahrain,Bahrain International Circuit,8.0,8.0,0.125,0.125,0.0,0.0,0.0,0.0,11.375,8.4,0.0,13.0,2.0,1.0,0.0,11.416666666666666,0.0,1.0,0.045454545454545456,0.0,23.6,28.6,0.0,29.5,0
2022,1,Bahrain Grand Prix,2022-03-20,OCO,Esteban Ocon,Alpine F1 Team,bahrain,Bahrain International Circuit,11.0,11.0,0.09090909090909091,0.09090909090909091,0.0,0.0,0.0,0.0,11.375,7.8,0.0,8.5,4.0,0.0,2.0,9.0,0.0,1.0,0.045454545454545456,0.0,23.6,28.6,0.0,29.5,0
2022,2,Saudi Arabian Grand Prix,2022-03-27,ALO,Fernando Alonso,Alpine F1 Team,jeddah,Jeddah Corniche Circuit,7.0,7.0,0.14285714285714285,0.14285714285714285,2.0,1.0,0.0,0.0,9.0,8.4,0.0,13.0,1.0,0.0,8.0,8.0,0.0,1.0,0.09090909090909091,0.0,25.4,28.4,0.0,59.7,0
2022,2,Saudi Arabian Grand Prix,2022-03-27,OCO,Esteban Ocon,Alpine F1 Team,jeddah,Jeddah Corniche Circuit,5.0,5.0,0.2,0.2,6.0,1.0,0.0,0.0,7.0,6.6,0.0,4.0,1.0,0.0,8.0,10.666666666666666,0.0,1.0,0.09090909090909091,0.0,25.4,28.4,0.0,59.7,0
2022,3,Australian Grand Prix,2022-04-10,ALO,Fernando Alonso,Alpine F1 Team,albert_park,Albert Park Grand Prix Circuit,10.0,10.0,0.1,0.1,2.0,2.0,0.0,0.0,12.5,9.8,0.0,5.0,1.0,0.0,16.0,9.5,0.0,1.0,0.13636363636363635,0.0,26.7,37.4,0.0,43.7,0
2022,3,Australian Grand Prix,2022-04-10,OCO,Esteban Ocon,Alpine F1 Team,albert_park,Albert Park Grand Prix Circuit,8.0,8.0,0.125,0.125,14.0,2.0,0.0,0.0,6.5,6.2,0.0,12.0,1.0,0.0,16.0,11.0,0.0,1.0,0.13636363636363635,0.0,26.7,37.4,0.0,43.7,0
2022,4,Emilia Romagna Grand Prix,2022-04-24,ALO,Fernando Alonso,Alpine F1 Team,imola,Autodromo Enzo e Dino Ferrari,5.0,9.0,0.2,0.1111111111111111,2.0,3.0,0.0,0.0,14.0,12.6,0.0,10.0,1.0,0.0,22.0,10.333333333333334,0.0,1.0,0.18181818181818182,0.0,12.9,17.4,0.0,83.2,0
2022,4,Emilia Romagna Grand Prix,2022-04-24,OCO,Esteban Ocon,Alpine F1 Team,imola,Autodromo Enzo e Dino Ferrari,19.0,16.0,0.05263157894736842,0.0625,20.0,3.0,0.0,0.0,6.666666666666667,6.6,0.0,14.0,2.0,1.0,22.0,11.571428571428571,1.0,1.0,0.18181818181818182,0.0,12.9,17.4,0.0,83.2,0
2022,5,Miami Grand Prix,2022-05-08,ALO,Fernando Alonso,Alpine F1 Team,miami,Miami International Autodrome,11.0,11.0,0.09090909090909091,0.09090909090909091,2.0,4.0,0.0,1.0,15.25,13.8,1.0,10.0,0.0,0.0,22.0,11.875,1.0,1.0,0.22727272727272727,1.0,30.6,42.8,1.0,58.9,0
2022,5,Miami Grand Prix,2022-05-08,OCO,Esteban Ocon,Alpine F1 Team,miami,Miami International Autodrome,20.0,20.0,0.05,0.05,20.0,4.0,0.0,0.0,8.5,8.6,0.0,10.0,0.0,0.0,22.0,11.777777777777779,1.0,1.0,0.22727272727272727,1.0,30.6,42.8,1.0,58.9,0
2022,6,Spanish Grand Prix,2022-05-22,ALO,Fernando Alonso,Alpine F1 Team,catalunya,Circuit de Barcelona-Catalunya,17.0,20.0,0.058823529411764705,0.05,2.0,5.0,0.0,1.0,14.4,14.4,1.0,12.5,2.0,0.0,26.0,11.4,1.0,1.0,0.2727272727272727,0.0,36.6,49.0,0.0,7.1,0
2022,6,Spanish Grand Prix,2022-05-22,OCO,Esteban Ocon,Alpine F1 Team,catalunya,Circuit de Barcelona-Catalunya,12.0,12.0,0.08333333333333333,0.08333333333333333,24.0,5.0,0.0,0.0,8.4,8.4,0.0,12.666666666666666,3.0,0.0,28.0,11.181818181818182,1.0,1.0,0.2727272727272727,0.0,36.6,49.0,0.0,7.1,0
2022,7,Monaco Grand Prix,2022-05-29,ALO,Fernando Alonso,Alpine F1 Team,monaco,Circuit de Monaco,7.0,7.0,0.14285714285714285,0.14285714285714285,4.0,6.0,0.0,1.0,13.5,14.4,1.0,16.5,2.0,1.0,34.0,10.833333333333334,1.0,1.0,0.3181818181818182,1.0,22.3,31.0,1.0,75.7,0
2022,7,Monaco Grand Prix,2022-05-29,OCO,Esteban Ocon,Alpine F1 Team,monaco,Circuit de Monaco,10.0,10.0,0.1,0.1,30.0,6.0,0.0,0.0,8.166666666666666,8.4,0.0,7.5,2.0,0.0,40.0,10.538461538461538,1.0,1.0,0.3181818181818182,1.0,22.3,31.0,1.0,75.7,0
2022,8,Azerbaijan Grand Prix,2022-06-12,ALO,Fernando Alonso,Alpine F1 Team,baku,Baku City Circuit,10.0,10.0,0.1,0.1,10.0,7.0,0.0,1.0,12.571428571428571,12.6,1.0,6.5,2.0,0.0,40.0,10.642857142857142,1.0,1.0,0.36363636363636365,0.0,25.4,47.1,0.0,59.5,0
2022,8,Azerbaijan Grand Prix,2022-06-12,OCO,Esteban Ocon,Alpine F1 Team,baku,Baku City Circuit,13.0,13.0,0.07692307692307693,0.07692307692307693,30.0,7.0,0.0,0.0,8.714285714285714,9.6,0.0,19.5,2.0,1.0,46.0,10.4,1.0,1.0,0.36363636363636365,0.0,25.4,47.1,0.0,59.5,0
2022,9,Canadian Grand Prix,2022-06-19,ALO,Fernando Alonso,Alpine F1 Team,villeneuve,Circuit Gilles Villeneuve,2.0,2.0,0.5,0.5,16.0,8.0,0.0,1.0,11.875,10.6,1.0,18.0,1.0,0.0,47.0,10.375,1.0,1.0,0.4090909090909091,0.0,20.8,41.3,0.0,28.9,0
2022,9,Canadian Grand Prix,2022-06-19,OCO,Esteban Ocon,Alpine F1 Team,villeneuve,Circuit Gilles Villeneuve,7.0,7.0,0.14285714285714285,0.14285714285714285,31.0,8.0,0.0,0.0,8.875,10.2,0.0,9.0,1.0,0.0,49.0,10.294117647058824,1.0,1.0,0.4090909090909091,0.0,20.8,41.3,0.0,28.9,0
2022,10,British Grand Prix,2022-07-03,ALO,Fernando Alonso,Alpine F1 Team,silverstone,Silverstone Circuit,7.0,7.0,0.14285714285714285,0.14285714285714285,18.0,9.0,0.0,1.0,11.555555555555555,8.6,0.0,7.5,2.0,0.0,57.0,10.055555555555555,1.0,1.0,0.45454545454545453,1.0,18.3,30.0,1.0,59.7,0
2022,10,British Grand Prix,2022-07-03,OCO,Esteban Ocon,Alpine F1 Team,silverstone,Silverstone Circuit,15.0,15.0,0.06666666666666667,0.06666666666666667,39.0,9.0,0.0,0.0,8.555555555555555,8.6,0.0,7.5,4.0,0.0,67.0,9.789473684210526,1.0,1.0,0.45454545454545453,1.0,18.3,30.0,1.0,59.7,0
2022,11,Austrian Grand Prix,2022-07-10,ALO,Fernando Alonso,Alpine F1 Team,red_bull_ring,Red Bull Ring,8.0,19.0,0.125,0.05263157894736842,28.0,10.0,0.0,1.0,10.9,7.4,0.0,9.0,3.0,0.0,67.0,10.05,1.0,1.0,0.5,0.0,20.3,30.7,0.0,35.1,0
2022,11,Austrian Grand Prix,2022-07-10,OCO,Esteban Ocon,Alpine F1 Team,red_bull_ring,Red Bull Ring,5.0,6.0,0.2,0.16666666666666666,39.0,10.0,0.0,0.0,9.2,10.0,0.0,13.2,5.0,1.0,68.0,10.047619047619047,1.0,1.0,0.5,0.0,20.3,30.7,0.0,35.1,0
2022,12,French Grand Prix,2022-07-24,ALO,Fernando Alonso,Alpine F1 Team,ricard,Circuit Paul Ricard,7.0,7.0,0.14285714285714285,0.14285714285714285,29.0,11.0,0.0,1.0,10.818181818181818,7.6,0.0,12.0,2.0,0.0,78.0,9.818181818181818,1.0,1.0,0.5454545454545454,0.0,30.2,54.5,0.0,47.7,0
2022,12,French Grand Prix,2022-07-24,OCO,Esteban Ocon,Alpine F1 Team,ricard,Circuit Paul Ricard,12.0,10.0,0.08333333333333333,0.1,49.0,11.0,0.0,0.0,8.818181818181818,9.6,0.0,16.5,2.0,1.0,86.0,9.652173913043478,1.0,1.0,0.5454545454545454,0.0,30.2,54.5,0.0,47.7,0
2022,13,Hungarian Grand Prix,2022-07-31,ALO,Fernando Alonso,Alpine F1 Team,hungaroring,Hungaroring,6.0,6.0,0.16666666666666666,0.16666666666666666,37.0,12.0,0.0,1.0,10.416666666666666,7.4,0.0,6.0,2.0,0.0,90.0,9.583333333333334,1.0,1.0,0.5909090909090909,1.0,18.6,26.7,1.0,69.3,0
2022,13,Hungarian Grand Prix,2022-07-31,OCO,Esteban Ocon,Alpine F1 Team,hungaroring,Hungaroring,5.0,5.0,0.2,0.2,53.0,12.0,0.0,0.0,8.75,8.8,0.0,9.333333333333334,3.0,0.0,94.0,9.52,1.0,1.0,0.5909090909090909,1.0,18.6,26.7,1.0,69.3,0
2022,14,Belgian Grand Prix,2022-08-28,ALO,Fernando Alonso,Alpine F1 Team,spa,Circuit de Spa-Francorchamps,6.0,3.0,0.16666666666666666,0.3333333333333333,41.0,13.0,0.0,1.0,10.23076923076923,7.6,0.0,15.0,2.0,1.0,96.0,9.5,1.0,1.0,0.6363636363636364,0.0,21.8,36.1,0.0,40.5,0
2022,14,Belgian Grand Prix,2022-08-28,OCO,Esteban Ocon,Alpine F1 Team,spa,Circuit de Spa-Francorchamps,5.0,16.0,0.2,0.0625,55.0,13.0,0.0,0.0,8.76923076923077,8.6,0.0,6.0,3.0,0.0,106.0,9.333333333333334,1.0,1.0,0.6363636363636364,0.0,21.8,36.1,0.0,40.5,0
2022,15,Dutch Grand Prix,2022-09-04,ALO,Fernando Alonso,Alpine F1 Team,zandvoort,Circuit Park Zandvoort,13.0,13.0,0.07692307692307693,0.07692307692307693,51.0,14.0,0.0,1.0,9.857142857142858,6.8,0.0,6.0,1.0,0.0,112.0,9.25,1.0,1.0,0.6818181818181818,0.0,22.7,33.4,0.0,75.4,0
2022,15,Dutch Grand Prix,2022-09-04,OCO,Esteban Ocon,Alpine F1 Team,zandvoort,Circuit Park Zandvoort,12.0,12.0,0.08333333333333333,0.08333333333333333,61.0,14.0,0.0,0.0,8.642857142857142,8.8,0.0,9.0,1.0,0.0,120.0,9.137931034482758,1.0,1.0,0.6818181818181818,0.0,22.7,33.4,0.0,75.4,0
2022,16,Italian Grand Prix,2022-09-11,ALO,Fernando Alonso,Alpine F1 Team,monza,Autodromo Nazionale di Monza,10.0,6.0,0.1,0.16666666666666666,59.0,15.0,0.0,1.0,9.6,7.0,0.0,13.0,2.0,1.0,122.0,9.133333333333333,1.0,1.0,0.7272727272727273,0.0,27.7,43.1,0.0,33.1,0
2022,16,Italian Grand Prix,2022-09-11,OCO,Esteban Ocon,Alpine F1 Team,monza,Autodromo Nazionale di Monza,11.0,14.0,0.09090909090909091,0.07142857142857142,63.0,15.0,0.0,0.0,8.666666666666666,7.6,0.0,8.0,3.0,0.0,122.0,9.451612903225806,1.0,1.0,0.7272727272727273,0.0,27.7,43.1,0.0,33.1,0
2022,17,Singapore Grand Prix,2022-10-02,ALO,Fernando Alonso,Alpine F1 Team,marina_bay,Marina Bay Street Circuit,5.0,5.0,0.2,0.2,59.0,16.0,0.0,1.0,10.1875,8.8,0.0,7.0,1.0,0.0,122.0,9.5,1.0,1.0,0.7727272727272727,1.0,26.2,29.0,1.0,87.4,0
2022,17,Singapore Grand Prix,2022-10-02,OCO,Esteban Ocon,Alpine F1 Team,marina_bay,Marina Bay Street Circuit,18.0,17.0,0.05555555555555555,0.058823529411764705,63.0,16.0,0.0,0.0,8.8125,8.8,0.0,20.0,1.0,1.0,122.0,9.757575757575758,2.0,1.0,0.7727272727272727,1.0,26.2,29.0,1.0,87.4,0
2022,18,Japanese Grand Prix,2022-10-09,ALO,Fernando Alonso,Alpine F1 Team,suzuka,Suzuka Circuit,7.0,7.0,0.14285714285714285,0.14285714285714285,59.0,17.0,0.0,2.0,10.647058823529411,11.2,1.0,14.0,1.0,0.0,122.0,9.941176470588236,3.0,1.0,0.8181818181818182,1.0,16.7,19.9,1.0,86.2,0
2022,18,Japanese Grand Prix,2022-10-09,OCO,Esteban Ocon,Alpine F1 Team,suzuka,Suzuka Circuit,5.0,5.0,0.2,0.2,63.0,17.0,0.0,1.0,9.235294117647058,10.4,1.0,9.0,1.0,0.0,128.0,9.857142857142858,3.0,1.0,0.8181818181818182,1.0,16.7,19.9,1.0,86.2,0
2022,19,United States Grand Prix,2022-10-23,ALO,Fernando Alonso,Alpine F1 Team,americas,Circuit of the Americas,9.0,14.0,0.1111111111111111,0.07142857142857142,65.0,18.0,0.0,2.0,10.444444444444445,11.0,1.0,18.0,2.0,1.0,140.0,9.694444444444445,3.0,1.0,0.8636363636363636,0.0,29.3,35.5,0.0,49.6,0
2022,19,United States Grand Prix,2022-10-23,OCO,Esteban Ocon,Alpine F1 Team,americas,Circuit of the Americas,18.0,0.0,0.05555555555555555,1.0,75.0,18.0,0.0,1.0,8.944444444444445,9.4,1.0,19.0,2.0,0.0,146.0,9.621621621621621,3.0,1.0,0.8636363636363636,0.0,29.3,35.5,0.0,49.6,0
2022,20,Mexico City Grand Prix,2022-10-30,ALO,Fernando Alonso,Alpine F1 Team,rodriguez,Autódromo Hermanos Rodríguez,9.0,9.0,0.1111111111111111,0.1111111111111111,71.0,19.0,0.0,2.0,10.263157894736842,11.4,1.0,14.5,2.0,1.0,146.0,9.657894736842104,3.0,1.0,0.9090909090909091,0.0,24.3,41.7,0.0,34.4,0
2022,20,Mexico City Grand Prix,2022-10-30,OCO,Esteban Ocon,Alpine F1 Team,rodriguez,Autódromo Hermanos Rodríguez,10.0,10.0,0.1,0.1,75.0,19.0,0.0,1.0,9.052631578947368,10.2,1.0,12.0,2.0,0.0,146.0,9.897435897435898,4.0,1.0,0.9090909090909091,0.0,24.3,41.7,0.0,34.4,0
2022,21,São Paulo Grand Prix,2022-11-13,ALO,Fernando Alonso,Alpine F1 Team,interlagos,Autódromo José Carlos Pace,7.0,17.0,0.14285714285714285,0.058823529411764705,71.0,20.0,0.0,3.0,10.7,14.0,2.0,13.0,2.0,0.0,150.0,9.85,4.0,1.0,0.9545454545454546,0.0,23.0,46.0,0.0,76.1,0
2022,21,São Paulo Grand Prix,2022-11-13,OCO,Esteban Ocon,Alpine F1 Team,interlagos,Autódromo José Carlos Pace,6.0,16.0,0.16666666666666666,0.0625,79.0,20.0,0.0,1.0,9.0,10.0,1.0,11.5,2.0,0.0,160.0,9.731707317073171,4.0,1.0,0.9545454545454546,0.0,23.0,46.0,0.0,76.1,0
2022,22,Abu Dhabi Grand Prix,2022-11-20,ALO,Fernando Alonso,Alpine F1 Team,yas_marina,Yas Marina Circuit,11.0,10.0,0.09090909090909091,0.1,81.0,21.0,0.0,3.0,10.428571428571429,11.2,2.0,9.5,2.0,0.0,164.0,9.69047619047619,4.0,1.0,1.0,0.0,28.6,34.3,0.0,61.7,0
2022,22,Abu Dhabi Grand Prix,2022-11-20,OCO,Esteban Ocon,Alpine F1 Team,yas_marina,Yas Marina Circuit,8.0,8.0,0.125,0.125,83.0,21.0,0.0,1.0,8.952380952380953,9.4,1.0,11.666666666666666,3.0,1.0,164.0,9.930232558139535,4.0,1.0,1.0,0.0,28.6,34.3,0.0,61.7,0
2023,1,Bahrain Grand Prix,2023-03-05,GAS,Pierre Gasly,Alpine F1 Team,bahrain,Bahrain International Circuit,20.0,20.0,0.05,0.05,0.0,0.0,0.0,0.0,11.375,14.2,0.0,11.0,6.0,1.0,0.0,11.416666666666666,0.0,1.0,0.045454545454545456,0.0,27.4,31.0,0.0,21.5,0
2023,1,Bahrain Grand Prix,2023-03-05,OCO,Esteban Ocon,Alpine F1 Team,bahrain,Bahrain International Circuit,9.0,9.0,0.1111111111111111,0.1111111111111111,0.0,0.0,0.0,0.0,11.375,7.6,0.0,8.2,5.0,0.0,2.0,9.0,0.0,1.0,0.045454545454545456,0.0,27.4,31.0,0.0,21.5,0
2023,2,Saudi Arabian Grand Prix,2023-03-19,GAS,Pierre Gasly,Alpine F1 Team,jeddah,Jeddah Corniche Circuit,10.0,9.0,0.1,0.1111111111111111,2.0,1.0,0.0,0.0,9.0,12.4,0.0,7.0,2.0,0.0,2.0,13.5,1.0,1.0,0.09090909090909091,0.0,26.1,31.8,0.0,57.8,0
2023,2,Saudi Arabian Grand Prix,2023-03-19,OCO,Esteban Ocon,Alpine F1 Team,jeddah,Jeddah Corniche Circuit,7.0,6.0,0.14285714285714285,0.16666666666666666,0.0,1.0,0.0,1.0,18.0,10.4,1.0,5.0,2.0,0.0,4.0,12.0,1.0,1.0,0.09090909090909091,0.0,26.1,31.8,0.0,57.8,0
2023,3,Australian Grand Prix,2023-04-02,GAS,Pierre Gasly,Alpine F1 Team,albert_park,Albert Park Grand Prix Circuit,9.0,9.0,0.1111111111111111,0.1111111111111111,4.0,2.0,0.0,0.0,9.0,11.4,0.0,12.666666666666666,3.0,1.0,8.0,11.0,1.0,1.0,0.13636363636363635,0.0,17.4,30.1,0.0,54.2,0
2023,3,Australian Grand Prix,2023-04-02,OCO,Esteban Ocon,Alpine F1 Team,albert_park,Albert Park Grand Prix Circuit,11.0,11.0,0.09090909090909091,0.09090909090909091,4.0,2.0,0.0,1.0,13.0,9.8,1.0,9.5,2.0,0.0,8.0,11.4,2.0,1.0,0.13636363636363635,0.0,17.4,30.1,0.0,54.2,0
2023,4,Azerbaijan Grand Prix,2023-04-30,GAS,Pierre Gasly,Alpine F1 Team,baku,Baku City Circuit,19.0,17.0,0.05263157894736842,0.058823529411764705,4.0,3.0,0.0,1.0,10.333333333333334,11.8,1.0,9.25,4.0,1.0,8.0,11.833333333333334,3.0,1.0,0.18181818181818182,0.0,24.9,41.2,0.0,49.2,0
2023,4,Azerbaijan Grand Prix,2023-04-30,OCO,Esteban Ocon,Alpine F1 Team,baku,Baku City Circuit,12.0,19.0,0.08333333333333333,0.05263157894736842,4.0,3.0,0.0,2.0,13.333333333333334,11.0,2.0,16.333333333333332,3.0,1.0,8.0,12.142857142857142,3.0,1.0,0.18181818181818182,0.0,24.9,41.2,0.0,49.2,0
2023,5,Miami Grand Prix,2023-05-07,GAS,Pierre Gasly,Alpine F1 Team,miami,Miami International Autodrome,5.0,5.0,0.2,0.2,4.0,4.0,0.0,1.0,11.25,11.8,1.0,18.0,1.0,0.0,8.0,12.5,3.0,1.0,0.22727272727272727,0.0,27.1,36.7,0.0,59.4,0
2023,5,Miami Grand Prix,2023-05-07,OCO,Esteban Ocon,Alpine F1 Team,miami,Miami International Autodrome,8.0,8.0,0.125,0.125,4.0,4.0,0.0,2.0,13.75,12.4,2.0,8.0,1.0,0.0,12.0,12.0,3.0,1.0,0.22727272727272727,0.0,27.1,36.7,0.0,59.4,0
2023,6,Monaco Grand Prix,2023-05-28,GAS,Pierre Gasly,Alpine F1 Team,monaco,Circuit de Monaco,7.0,7.0,0.14285714285714285,0.14285714285714285,8.0,5.0,0.0,1.0,10.6,10.6,1.0,7.25,4.0,0.0,14.0,11.7,3.0,1.0,0.2727272727272727,1.0,25.1,39.3,1.0,45.9,0
2023,6,Monaco Grand Prix,2023-05-28,OCO,Esteban Ocon,Alpine F1 Team,monaco,Circuit de Monaco,4.0,3.0,0.25,0.3333333333333333,6.0,5.0,0.0,2.0,12.8,12.8,2.0,9.0,3.0,0.0,20.0,11.272727272727273,3.0,1.0,0.2727272727272727,1.0,25.1,39.3,1.0,45.9,0
2023,7,Spanish Grand Prix,2023-06-04,GAS,Pierre Gasly,Alpine F1 Team,catalunya,Circuit de Barcelona-Catalunya,4.0,10.0,0.25,0.1,14.0,6.0,0.0,1.0,10.0,10.2,1.0,11.4,5.0,1.0,35.0,10.583333333333334,3.0,1.0,0.3181818181818182,0.0,22.7,33.8,0.0,63.1,0
2023,7,Spanish Grand Prix,2023-06-04,OCO,Esteban Ocon,Alpine F1 Team,catalunya,Circuit de Barcelona-Catalunya,7.0,6.0,0.14285714285714285,0.16666666666666666,21.0,6.0,0.0,2.0,11.166666666666666,9.8,1.0,11.25,4.0,0.0,36.0,10.538461538461538,3.0,1.0,0.3181818181818182,0.0,22.7,33.8,0.0,63.1,0
2023,8,Canadian Grand Prix,2023-06-18,GAS,Pierre Gasly,Alpine F1 Team,villeneuve,Circuit Gilles Villeneuve,17.0,15.0,0.058823529411764705,0.06666666666666667,15.0,7.0,0.0,1.0,10.0,10.4,1.0,11.0,3.0,0.0,40.0,10.357142857142858,3.0,1.0,0.36363636363636365,0.0,18.5,30.6,0.0,63.9,0
2023,8,Canadian Grand Prix,2023-06-18,OCO,Esteban Ocon,Alpine F1 Team,villeneuve,Circuit Gilles Villeneuve,6.0,6.0,0.16666666666666666,0.16666666666666666,25.0,7.0,0.0,2.0,10.714285714285714,9.8,1.0,7.5,2.0,0.0,40.0,10.466666666666667,3.0,1.0,0.36363636363636365,0.0,18.5,30.6,0.0,63.9,0
2023,9,Austrian Grand Prix,2023-07-02,GAS,Pierre Gasly,Alpine F1 Team,red_bull_ring,Red Bull Ring,9.0,9.0,0.1111111111111111,0.1111111111111111,15.0,8.0,0.0,1.0,10.25,10.2,0.0,12.0,7.0,1.0,44.0,10.3125,3.0,1.0,0.4090909090909091,1.0,22.4,32.1,1.0,52.0,0
2023,9,Austrian Grand Prix,2023-07-02,OCO,Esteban Ocon,Alpine F1 Team,red_bull_ring,Red Bull Ring,12.0,12.0,0.08333333333333333,0.08333333333333333,29.0,8.0,0.0,2.0,10.375,8.6,0.0,11.833333333333334,6.0,1.0,45.0,10.294117647058824,3.0,1.0,0.4090909090909091,1.0,22.4,32.1,1.0,52.0,0
2023,10,British Grand Prix,2023-07-09,GAS,Pierre Gasly,Alpine F1 Team,silverstone,Silverstone Circuit,10.0,10.0,0.1,0.1,16.0,9.0,0.0,1.0,10.222222222222221,9.4,0.0,10.333333333333334,6.0,1.0,45.0,10.5,3.0,1.0,0.45454545454545453,0.0,21.5,30.9,0.0,56.2,0
2023,10,British Grand Prix,2023-07-09,OCO,Esteban Ocon,Alpine F1 Team,silverstone,Silverstone Circuit,13.0,13.0,0.07692307692307693,0.07692307692307693,29.0,9.0,0.0,2.0,10.777777777777779,8.4,0.0,9.0,5.0,0.0,45.0,10.894736842105264,4.0,1.0,0.45454545454545453,0.0,21.5,30.9,0.0,56.2,0
2023,11,Hungarian Grand Prix,2023-07-23,GAS,Pierre Gasly,Alpine F1 Team,hungaroring,Hungaroring,15.0,15.0,0.06666666666666667,0.06666666666666667,16.0,10.0,0.0,2.0,11.0,11.4,1.0,9.8,5.0,1.0,45.0,11.35,5.0,1.0,0.5,0.0,28.8,48.6,0.0,32.8,0
2023,11,Hungarian Grand Prix,2023-07-23,OCO,Esteban Ocon,Alpine F1 Team,hungaroring,Hungaroring,12.0,12.0,0.08333333333333333,0.08333333333333333,29.0,10.0,0.0,3.0,11.7,10.6,1.0,9.25,4.0,0.0,45.0,11.761904761904763,6.0,1.0,0.5,0.0,28.8,48.6,0.0,32.8,0
2023,12,Belgian Grand Prix,2023-07-30,GAS,Pierre Gasly,Alpine F1 Team,spa,Circuit de Spa-Francorchamps,12.0,12.0,0.08333333333333333,0.08333333333333333,16.0,11.0,0.0,3.0,11.818181818181818,14.0,2.0,8.2,5.0,0.0,45.0,12.090909090909092,7.0,1.0,0.5454545454545454,1.0,17.9,28.2,1.0,61.9,0
2023,12,Belgian Grand Prix,2023-07-30,OCO,Esteban Ocon,Alpine F1 Team,spa,Circuit de Spa-Francorchamps,15.0,14.0,0.06666666666666667,0.07142857142857142,29.0,11.0,0.0,4.0,12.363636363636363,13.8,2.0,6.25,4.0,0.0,45.0,12.043478260869565,7.0,1.0,0.5454545454545454,1.0,17.9,28.2,1.0,61.9,0
2023,13,Dutch Grand Prix,2023-08-27,GAS,Pierre Gasly,Alpine F1 Team,zandvoort,Circuit Park Zandvoort,12.0,12.0,0.08333333333333333,0.08333333333333333,16.0,12.0,0.0,3.0,11.75,14.2,2.0,7.5,2.0,0.0,49.0,11.875,7.0,1.0,0.5909090909090909,1.0,16.8,24.9,1.0,70.8,0
2023,13,Dutch Grand Prix,2023-08-27,OCO,Esteban Ocon,Alpine F1 Team,zandvoort,Circuit Park Zandvoort,17.0,16.0,0.058823529411764705,0.0625,33.0,12.0,0.0,4.0,12.0,13.8,2.0,9.0,2.0,0.0,64.0,11.52,7.0,1.0,0.5909090909090909,1.0,16.8,24.9,1.0,70.8,0
2023,14,Italian Grand Prix,2023-09-03,GAS,Pierre Gasly,Alpine F1 Team,monza,Autodromo Nazionale di Monza,17.0,17.0,0.058823529411764705,0.058823529411764705,31.0,13.0,0.0,3.0,11.076923076923077,12.4,2.0,10.6,5.0,0.0,65.0,11.461538461538462,7.0,1.0,0.6363636363636364,0.0,29.3,42.9,0.0,42.3,0
2023,14,Italian Grand Prix,2023-09-03,OCO,Esteban Ocon,Alpine F1 Team,monza,Autodromo Nazionale di Monza,18.0,18.0,0.05555555555555555,0.05555555555555555,34.0,13.0,0.0,4.0,11.846153846153847,14.2,2.0,8.75,4.0,0.0,65.0,11.592592592592593,7.0,1.0,0.6363636363636364,0.0,29.3,42.9,0.0,42.3,0
2023,15,Singapore Grand Prix,2023-09-17,GAS,Pierre Gasly,Alpine F1 Team,marina_bay,Marina Bay Street Circuit,12.0,12.0,0.08333333333333333,0.08333333333333333,31.0,14.0,0.0,3.0,11.357142857142858,13.4,2.0,10.333333333333334,3.0,0.0,65.0,11.857142857142858,8.0,1.0,0.6818181818181818,0.0,29.8,36.4,0.0,72.0,0
2023,15,Singapore Grand Prix,2023-09-17,OCO,Esteban Ocon,Alpine F1 Team,marina_bay,Marina Bay Street Circuit,8.0,8.0,0.125,0.125,34.0,14.0,0.0,5.0,12.357142857142858,15.2,3.0,18.0,2.0,2.0,73.0,11.655172413793103,8.0,1.0,0.6818181818181818,0.0,29.8,36.4,0.0,72.0,0
2023,16,Japanese Grand Prix,2023-09-24,GAS,Pierre Gasly,Alpine F1 Team,suzuka,Suzuka Circuit,12.0,12.0,0.08333333333333333,0.08333333333333333,39.0,15.0,0.0,3.0,11.0,11.0,1.0,12.0,3.0,0.0,73.0,11.866666666666667,9.0,1.0,0.7272727272727273,0.0,27.3,42.1,0.0,42.3,0
2023,16,Japanese Grand Prix,2023-09-24,OCO,Esteban Ocon,Alpine F1 Team,suzuka,Suzuka Circuit,14.0,14.0,0.07142857142857142,0.07142857142857142,34.0,15.0,0.0,6.0,12.733333333333333,14.8,3.0,6.5,2.0,0.0,74.0,11.806451612903226,9.0,1.0,0.7272727272727273,0.0,27.3,42.1,0.0,42.3,0
2023,17,Qatar Grand Prix,2023-10-08,GAS,Pierre Gasly,Alpine F1 Team,losail,Losail International Circuit,7.0,7.0,0.14285714285714285,0.14285714285714285,40.0,16.0,0.0,3.0,10.9375,9.0,0.0,11.0,1.0,0.0,76.0,11.71875,9.0,1.0,0.7727272727272727,0.0,31.5,36.9,0.0,73.2,0
2023,17,Qatar Grand Prix,2023-10-08,OCO,Esteban Ocon,Alpine F1 Team,losail,Losail International Circuit,8.0,8.0,0.125,0.125,36.0,16.0,0.0,6.0,12.5,12.8,2.0,5.0,1.0,0.0,76.0,11.727272727272727,9.0,1.0,0.7727272727272727,0.0,31.5,36.9,0.0,73.2,0
2023,18,United States Grand Prix,2023-10-22,GAS,Pierre Gasly,Alpine F1 Team,americas,Circuit of the Americas,7.0,7.0,0.14285714285714285,0.14285714285714285,40.0,17.0,0.0,3.0,11.0,9.2,0.0,15.5,4.0,0.0,82.0,11.588235294117647,9.0,1.0,0.8181818181818182,0.0,30.0,40.6,0.0,41.9,0
2023,18,United States Grand Prix,2023-10-22,OCO,Esteban Ocon,Alpine F1 Team,americas,Circuit of the Americas,8.0,8.0,0.125,0.125,42.0,17.0,0.0,6.0,12.176470588235293,12.6,2.0,16.333333333333332,3.0,0.0,90.0,11.428571428571429,9.0,1.0,0.8181818181818182,0.0,30.0,40.6,0.0,41.9,0
2023,19,Mexico City Grand Prix,2023-10-29,GAS,Pierre Gasly,Alpine F1 Team,rodriguez,Autódromo Hermanos Rodríguez,11.0,11.0,0.09090909090909091,0.09090909090909091,48.0,18.0,0.0,3.0,10.722222222222221,9.8,0.0,8.5,4.0,0.0,90.0,11.61111111111111,10.0,1.0,0.8636363636363636,0.0,25.5,45.6,0.0,23.6,0
2023,19,Mexico City Grand Prix,2023-10-29,OCO,Esteban Ocon,Alpine F1 Team,rodriguez,Autódromo Hermanos Rodríguez,16.0,15.0,0.0625,0.06666666666666667,42.0,18.0,0.0,7.0,12.5,14.2,3.0,10.666666666666666,3.0,0.0,90.0,11.594594594594595,10.0,1.0,0.8636363636363636,0.0,25.5,45.6,0.0,23.6,0
2023,20,São Paulo Grand Prix,2023-11-05,GAS,Pierre Gasly,Alpine F1 Team,interlagos,Autódromo José Carlos Pace,13.0,15.0,0.07692307692307693,0.06666666666666667,48.0,19.0,0.0,3.0,10.736842105263158,9.0,0.0,9.0,4.0,0.0,91.0,11.552631578947368,10.0,1.0,0.9090909090909091,1.0,20.5,46.8,1.0,58.2,0
2023,20,São Paulo Grand Prix,2023-11-05,OCO,Esteban Ocon,Alpine F1 Team,interlagos,Autódromo José Carlos Pace,12.0,14.0,0.08333333333333333,0.07142857142857142,43.0,19.0,0.0,7.0,12.368421052631579,12.4,2.0,10.333333333333334,3.0,0.0,97.0,11.435897435897436,10.0,1.0,0.9090909090909091,1.0,20.5,46.8,1.0,58.2,0
2023,21,Las Vegas Grand Prix,2023-11-19,GAS,Pierre Gasly,Alpine F1 Team,vegas,Las Vegas Strip Street Circuit,5.0,4.0,0.2,0.25,54.0,20.0,0.0,3.0,10.55,9.2,0.0,10.0,0.0,0.0,98.0,11.4,10.0,1.0,0.9545454545454546,0.0,18.1,18.0,0.0,47.4,0
2023,21,Las Vegas Grand Prix,2023-11-19,OCO,Esteban Ocon,Alpine F1 Team,vegas,Las Vegas Strip Street Circuit,17.0,16.0,0.058823529411764705,0.0625,44.0,20.0,0.0,7.0,12.25,10.8,1.0,10.0,0.0,0.0,98.0,11.390243902439025,10.0,1.0,0.9545454545454546,0.0,18.1,18.0,0.0,47.4,0
2023,22,Abu Dhabi Grand Prix,2023-11-26,GAS,Pierre Gasly,Alpine F1 Team,yas_marina,Yas Marina Circuit,10.0,10.0,0.1,0.1,54.0,21.0,0.0,3.0,10.571428571428571,9.4,0.0,12.2,5.0,1.0,110.0,11.214285714285714,10.0,1.0,1.0,0.0,27.0,33.5,0.0,51.0,0
2023,22,Abu Dhabi Grand Prix,2023-11-26,OCO,Esteban Ocon,Alpine F1 Team,yas_marina,Yas Marina Circuit,12.0,12.0,0.08333333333333333,0.08333333333333333,56.0,21.0,0.0,7.0,11.857142857142858,9.8,1.0,10.5,4.0,1.0,110.0,11.255813953488373,10.0,1.0,1.0,0.0,27.0,33.5,0.0,51.0,0
2024,1,Bahrain Grand Prix,2024-03-02,GAS,Pierre Gasly,Alpine F1 Team,bahrain,Bahrain International Circuit,20.0,20.0,0.05,0.05,0.0,0.0,0.0,0.0,11.375,9.6,0.0,10.714285714285714,7.0,1.0,0.0,11.416666666666666,0.0,1.0,0.041666666666666664,0.0,18.2,23.7,0.0,48.8,0
2024,1,Bahrain Grand Prix,2024-03-02,OCO,Esteban Ocon,Alpine F1 Team,bahrain,Bahrain International Circuit,19.0,19.0,0.05263157894736842,0.05263157894736842,0.0,0.0,0.0,0.0,11.375,10.8,1.0,9.833333333333334,6.0,1.0,0.0,18.0,0.0,1.0,0.041666666666666664,0.0,18.2,23.7,0.0,48.8,0
2024,2,Saudi Arabian Grand Prix,2024-03-09,GAS,Pierre Gasly,Alpine F1 Team,jeddah,Jeddah Corniche Circuit,18.0,18.0,0.05555555555555555,0.05555555555555555,0.0,1.0,0.0,0.0,18.0,12.0,0.0,7.666666666666667,3.0,0.0,0.0,17.5,0.0,1.0,0.08333333333333333,0.0,25.5,31.6,0.0,62.3,0
2024,2,Saudi Arabian Grand Prix,2024-03-09,OCO,Esteban Ocon,Alpine F1 Team,jeddah,Jeddah Corniche Circuit,17.0,17.0,0.058823529411764705,0.058823529411764705,0.0,1.0,0.0,0.0,17.0,10.6,0.0,6.0,3.0,0.0,0.0,18.333333333333332,1.0,1.0,0.08333333333333333,0.0,25.5,31.6,0.0,62.3,0
2024,3,Australian Grand Prix,2024-03-24,GAS,Pierre Gasly,Alpine F1 Team,albert_park,Albert Park Grand Prix Circuit,17.0,17.0,0.058823529411764705,0.058823529411764705,0.0,2.0,0.0,1.0,19.0,13.8,1.0,12.75,4.0,2.0,0.0,17.0,1.0,1.0,0.125,0.0,20.6,38.4,0.0,44.5,0
2024,3,Australian Grand Prix,2024-03-24,OCO,Esteban Ocon,Alpine F1 Team,albert_park,Albert Park Grand Prix Circuit,15.0,15.0,0.06666666666666667,0.06666666666666667,0.0,2.0,0.0,0.0,15.0,11.2,0.0,11.0,3.0,1.0,0.0,16.2,1.0,1.0,0.125,0.0,20.6,38.4,0.0,44.5,0
2024,4,Japanese Grand Prix,2024-04-07,GAS,Pierre Gasly,Alpine F1 Team,suzuka,Suzuka Circuit,17.0,17.0,0.058823529411764705,0.058823529411764705,0.0,3.0,0.0,1.0,17.0,15.0,1.0,11.5,4.0,0.0,0.0,16.166666666666668,1.0,1.0,0.16666666666666666,0.0,21.7,37.5,0.0,43.4,0
2024,4,Japanese Grand Prix,2024-04-07,OCO,Esteban Ocon,Alpine F1 Team,suzuka,Suzuka Circuit,15.0,15.0,0.06666666666666667,0.06666666666666667,0.0,3.0,0.0,0.0,15.333333333333334,12.4,0.0,7.333333333333333,3.0,0.0,0.0,16.142857142857142,1.0,1.0,0.16666666666666666,0.0,21.7,37.5,0.0,43.4,0
2024,5,Chinese Grand Prix,2024-04-21,GAS,Pierre Gasly,Alpine F1 Team,shanghai,Shanghai International Circuit,15.0,15.0,0.06666666666666667,0.06666666666666667,0.0,4.0,0.0,1.0,16.75,16.0,1.0,12.0,2.0,0.0,0.0,16.0,1.0,1.0,0.20833333333333334,0.0,18.6,29.8,0.0,66.1,0
2024,5,Chinese Grand Prix,2024-04-21,OCO,Esteban Ocon,Alpine F1 Team,shanghai,Shanghai International Circuit,13.0,13.0,0.07692307692307693,0.07692307692307693,0.0,4.0,0.0,0.0,15.25,14.6,0.0,11.0,1.0,0.0,0.0,15.666666666666666,1.0,1.0,0.20833333333333334,0.0,18.6,29.8,0.0,66.1,0
2024,6,Miami Grand Prix,2024-05-05,GAS,Pierre Gasly,Alpine F1 Team,miami,Miami International Autodrome,12.0,12.0,0.08333333333333333,0.08333333333333333,0.0,5.0,0.0,1.0,16.0,16.0,1.0,13.0,2.0,0.0,0.0,15.2,1.0,1.0,0.25,0.0,28.5,44.7,0.0,59.0,0
2024,6,Miami Grand Prix,2024-05-05,OCO,Esteban Ocon,Alpine F1 Team,miami,Miami International Autodrome,13.0,13.0,0.07692307692307693,0.07692307692307693,0.0,5.0,0.0,0.0,14.4,14.4,0.0,8.5,2.0,0.0,0.0,14.909090909090908,1.0,1.0,0.25,0.0,28.5,44.7,0.0,59.0,0
2024,7,Emilia Romagna Grand Prix,2024-05-19,GAS,Pierre Gasly,Alpine F1 Team,imola,Autodromo Enzo e Dino Ferrari,15.0,15.0,0.06666666666666667,0.06666666666666667,0.0,6.0,0.0,1.0,15.333333333333334,14.8,1.0,13.0,3.0,0.0,1.0,14.5,1.0,1.0,0.2916666666666667,0.0,25.1,42.0,0.0,48.4,0
2024,7,Emilia Romagna Grand Prix,2024-05-19,OCO,Esteban Ocon,Alpine F1 Team,imola,Autodromo Enzo e Dino Ferrari,12.0,12.0,0.08333333333333333,0.08333333333333333,1.0,6.0,0.0,0.0,13.666666666666666,13.0,0.0,14.0,3.0,1.0,1.0,14.615384615384615,1.0,1.0,0.2916666666666667,0.0,25.1,42.0,0.0,48.4,0
2024,8,Monaco Grand Prix,2024-05-26,GAS,Pierre Gasly,Alpine F1 Team,monaco,Circuit de Monaco,10.0,10.0,0.1,0.1,0.0,7.0,0.0,1.0,15.428571428571429,14.0,0.0,7.2,5.0,0.0,1.0,14.571428571428571,1.0,1.0,0.3333333333333333,0.0,21.6,46.3,0.0,64.0,0
2024,8,Monaco Grand Prix,2024-05-26,OCO,Esteban Ocon,Alpine F1 Team,monaco,Circuit de Monaco,11.0,11.0,0.09090909090909091,0.09090909090909091,1.0,7.0,0.0,0.0,13.714285714285714,13.2,0.0,7.5,4.0,0.0,2.0,14.266666666666667,1.0,1.0,0.3333333333333333,0.0,21.6,46.3,0.0,64.0,0
2024,9,Canadian Grand Prix,2024-06-09,GAS,Pierre Gasly,Alpine F1 Team,villeneuve,Circuit Gilles Villeneuve,15.0,15.0,0.06666666666666667,0.06666666666666667,1.0,8.0,0.0,1.0,14.75,13.4,0.0,11.25,4.0,0.0,2.0,14.4375,2.0,1.0,0.375,1.0,17.8,24.6,1.0,73.4,0
2024,9,Canadian Grand Prix,2024-06-09,OCO,Esteban Ocon,Alpine F1 Team,villeneuve,Circuit Gilles Villeneuve,18.0,18.0,0.05555555555555555,0.05555555555555555,1.0,8.0,0.0,1.0,14.125,13.4,1.0,7.666666666666667,3.0,0.0,4.0,14.117647058823529,2.0,1.0,0.375,1.0,17.8,24.6,1.0,73.4,0
2024,10,Spanish Grand Prix,2024-06-23,GAS,Pierre Gasly,Alpine F1 Team,catalunya,Circuit de Barcelona-Catalunya,7.0,7.0,0.14285714285714285,0.14285714285714285,3.0,9.0,0.0,1.0,14.11111111111111,12.0,0.0,11.166666666666666,6.0,1.0,5.0,13.88888888888889,2.0,1.0,0.4166666666666667,1.0,24.1,41.1,1.0,63.4,0
2024,10,Spanish Grand Prix,2024-06-23,OCO,Esteban Ocon,Alpine F1 Team,catalunya,Circuit de Barcelona-Catalunya,9.0,8.0,0.1111111111111111,0.125,2.0,9.0,0.0,1.0,13.666666666666666,12.4,1.0,10.6,5.0,0.0,7.0,13.631578947368421,2.0,1.0,0.4166666666666667,1.0,24.1,41.1,1.0,63.4,0
2024,11,Austrian Grand Prix,2024-06-30,GAS,Pierre Gasly,Alpine F1 Team,red_bull_ring,Red Bull Ring,13.0,13.0,0.07692307692307693,0.07692307692307693,5.0,10.0,0.0,1.0,13.6,11.2,0.0,11.75,8.0,1.0,8.0,13.45,2.0,1.0,0.4583333333333333,1.0,29.4,46.4,1.0,35.0,0
2024,11,Austrian Grand Prix,2024-06-30,OCO,Esteban Ocon,Alpine F1 Team,red_bull_ring,Red Bull Ring,10.0,10.0,0.1,0.1,3.0,10.0,0.0,1.0,13.3,12.2,1.0,12.142857142857142,7.0,1.0,9.0,13.285714285714286,2.0,1.0,0.4583333333333333,1.0,29.4,46.4,1.0,35.0,0
2024,12,British Grand Prix,2024-07-07,GAS,Pierre Gasly,Alpine F1 Team,silverstone,Silverstone Circuit,20.0,19.0,0.05,0.05263157894736842,6.0,11.0,0.0,1.0,13.272727272727273,10.8,0.0,11.428571428571429,7.0,2.0,9.0,13.227272727272727,2.0,1.0,0.5,1.0,15.8,27.7,1.0,67.3,0
2024,12,British Grand Prix,2024-07-07,OCO,Esteban Ocon,Alpine F1 Team,silverstone,Silverstone Circuit,18.0,18.0,0.05555555555555555,0.05555555555555555,3.0,11.0,0.0,1.0,13.181818181818182,12.6,1.0,10.833333333333334,6.0,1.0,9.0,13.521739130434783,2.0,1.0,0.5,1.0,15.8,27.7,1.0,67.3,0
2024,13,Hungarian Grand Prix,2024-07-21,GAS,Pierre Gasly,Alpine F1 Team,hungaroring,Hungaroring,20.0,20.0,0.05,0.05,6.0,12.0,0.0,1.0,13.833333333333334,11.6,0.0,11.5,6.0,2.0,9.0,13.625,2.0,1.0,0.5416666666666666,0.0,28.8,44.9,0.0,46.9,0
2024,13,Hungarian Grand Prix,2024-07-21,OCO,Esteban Ocon,Alpine F1 Team,hungaroring,Hungaroring,19.0,19.0,0.05263157894736842,0.05263157894736842,3.0,12.0,0.0,1.0,13.416666666666666,13.0,1.0,11.2,5.0,1.0,9.0,13.88,3.0,1.0,0.5416666666666666,0.0,28.8,44.9,0.0,46.9,0
2024,14,Belgian Grand Prix,2024-07-28,GAS,Pierre Gasly,Alpine F1 Team,spa,Circuit de Spa-Francorchamps,12.0,12.0,0.08333333333333333,0.08333333333333333,6.0,13.0,0.0,2.0,14.307692307692308,13.6,1.0,8.666666666666666,6.0,0.0,9.0,14.038461538461538,3.0,1.0,0.5833333333333334,0.0,21.3,42.3,0.0,49.6,0
2024,14,Belgian Grand Prix,2024-07-28,OCO,Esteban Ocon,Alpine F1 Team,spa,Circuit de Spa-Francorchamps,10.0,9.0,0.1,0.1111111111111111,3.0,13.0,0.0,1.0,13.76923076923077,13.2,0.0,6.6,5.0,0.0,9.0,14.0,3.0,1.0,0.5833333333333334,0.0,21.3,42.3,0.0,49.6,0
2024,15,Dutch Grand Prix,2024-08-25,GAS,Pierre Gasly,Alpine F1 Team,zandvoort,Circuit Park Zandvoort,9.0,9.0,0.1111111111111111,0.1111111111111111,6.0,14.0,0.0,2.0,14.214285714285714,14.4,1.0,6.0,3.0,0.0,11.0,13.821428571428571,3.0,1.0,0.625,0.0,19.0,30.8,0.0,61.0,0
2024,15,Dutch Grand Prix,2024-08-25,OCO,Esteban Ocon,Alpine F1 Team,zandvoort,Circuit Park Zandvoort,16.0,15.0,0.0625,0.06666666666666667,5.0,14.0,0.0,1.0,13.428571428571429,13.0,0.0,9.333333333333334,3.0,0.0,13.0,13.655172413793103,3.0,1.0,0.625,0.0,19.0,30.8,0.0,61.0,0
2024,16,Italian Grand Prix,2024-09-01,GAS,Pierre Gasly,Alpine F1 Team,monza,Autodromo Nazionale di Monza,14.0,14.0,0.07142857142857142,0.07142857142857142,8.0,15.0,0.0,2.0,13.866666666666667,14.4,1.0,11.333333333333334,6.0,0.0,13.0,13.7,3.0,1.0,0.6666666666666666,0.0,33.1,49.3,0.0,32.3,0
2024,16,Italian Grand Prix,2024-09-01,OCO,Esteban Ocon,Alpine F1 Team,monza,Autodromo Nazionale di Monza,15.0,15.0,0.06666666666666667,0.06666666666666667,5.0,15.0,0.0,1.0,13.533333333333333,14.0,0.0,10.8,5.0,1.0,13.0,13.741935483870968,3.0,1.0,0.6666666666666666,0.0,33.1,49.3,0.0,32.3,0
2024,17,Azerbaijan Grand Prix,2024-09-15,GAS,Pierre Gasly,Alpine F1 Team,baku,Baku City Circuit,15.0,18.0,0.06666666666666667,0.05555555555555555,8.0,16.0,0.0,2.0,13.9375,15.4,1.0,10.2,5.0,1.0,13.0,13.75,3.0,1.0,0.7083333333333334,0.0,26.7,44.3,0.0,38.0,0
2024,17,Azerbaijan Grand Prix,2024-09-15,OCO,Esteban Ocon,Alpine F1 Team,baku,Baku City Circuit,19.0,20.0,0.05263157894736842,0.05,5.0,16.0,0.0,1.0,13.5625,14.4,0.0,16.0,4.0,1.0,13.0,13.696969696969697,3.0,1.0,0.7083333333333334,0.0,26.7,44.3,0.0,38.0,0
2024,18,Singapore Grand Prix,2024-09-22,GAS,Pierre Gasly,Alpine F1 Team,marina_bay,Marina Bay Street Circuit,18.0,18.0,0.05555555555555555,0.05555555555555555,8.0,17.0,0.0,2.0,13.823529411764707,13.8,1.0,9.25,4.0,0.0,13.0,13.735294117647058,3.0,1.0,0.75,0.0,30.8,36.4,0.0,74.7,0
2024,18,Singapore Grand Prix,2024-09-22,OCO,Esteban Ocon,Alpine F1 Team,marina_bay,Marina Bay Street Circuit,15.0,15.0,0.06666666666666667,0.06666666666666667,5.0,17.0,0.0,1.0,13.647058823529411,14.2,0.0,18.0,3.0,3.0,13.0,13.82857142857143,3.0,1.0,0.75,0.0,30.8,36.4,0.0,74.7,0
2024,19,United States Grand Prix,2024-10-20,GAS,Pierre Gasly,Alpine F1 Team,americas,Circuit of the Americas,7.0,6.0,0.14285714285714285,0.16666666666666666,8.0,18.0,0.0,2.0,14.0,13.2,0.0,13.6,5.0,0.0,13.0,13.805555555555555,3.0,1.0,0.7916666666666666,0.0,28.1,46.6,0.0,35.5,0
2024,19,United States Grand Prix,2024-10-20,OCO,Esteban Ocon,Alpine F1 Team,americas,Circuit of the Americas,13.0,12.0,0.07692307692307693,0.08333333333333333,5.0,18.0,0.0,1.0,13.61111111111111,13.2,0.0,16.75,4.0,1.0,13.0,13.756756756756756,3.0,1.0,0.7916666666666666,0.0,28.1,46.6,0.0,35.5,0
2024,20,Mexico City Grand Prix,2024-10-27,GAS,Pierre Gasly,Alpine F1 Team,rodriguez,Autódromo Hermanos Rodríguez,8.0,8.0,0.125,0.125,8.0,19.0,0.0,2.0,13.894736842105264,13.0,0.0,9.0,5.0,0.0,13.0,13.868421052631579,3.0,1.0,0.8333333333333334,0.0,19.9,35.6,0.0,51.1,0
2024,20,Mexico City Grand Prix,2024-10-27,OCO,Esteban Ocon,Alpine F1 Team,rodriguez,Autódromo Hermanos Rodríguez,19.0,0.0,0.05263157894736842,1.0,5.0,19.0,0.0,1.0,13.842105263157896,15.0,0.0,10.5,4.0,0.0,14.0,13.76923076923077,3.0,1.0,0.8333333333333334,0.0,19.9,35.6,0.0,51.1,0
2024,21,São Paulo Grand Prix,2024-11-03,GAS,Pierre Gasly,Alpine F1 Team,interlagos,Autódromo José Carlos Pace,15.0,13.0,0.06666666666666667,0.07692307692307693,9.0,20.0,0.0,2.0,13.7,13.2,0.0,8.6,5.0,0.0,14.0,13.75,3.0,1.0,0.875,1.0,21.7,25.8,1.0,85.3,0
2024,21,São Paulo Grand Prix,2024-11-03,OCO,Esteban Ocon,Alpine F1 Team,interlagos,Autódromo José Carlos Pace,4.0,4.0,0.25,0.25,5.0,20.0,0.0,1.0,13.8,14.6,0.0,10.25,4.0,0.0,29.0,13.487804878048781,3.0,1.0,0.875,1.0,21.7,25.8,1.0,85.3,0
2024,22,Las Vegas Grand Prix,2024-11-23,GAS,Pierre Gasly,Alpine F1 Team,vegas,Las Vegas Strip Street Circuit,3.0,3.0,0.3333333333333333,0.3333333333333333,24.0,21.0,0.0,2.0,13.19047619047619,10.8,0.0,11.0,1.0,0.0,47.0,13.214285714285714,3.0,1.0,0.9166666666666666,0.0,17.8,17.7,0.0,47.9,0
2024,22,Las Vegas Grand Prix,2024-11-23,OCO,Esteban Ocon,Alpine F1 Team,vegas,Las Vegas Strip Street Circuit,11.0,11.0,0.09090909090909091,0.09090909090909091,23.0,21.0,0.0,1.0,13.238095238095237,12.2,0.0,4.0,1.0,0.0,47.0,13.372093023255815,4.0,1.0,0.9166666666666666,0.0,17.8,17.7,0.0,47.9,0
2024,23,Qatar Grand Prix,2024-12-01,GAS,Pierre Gasly,Alpine F1 Team,losail,Losail International Circuit,11.0,11.0,0.09090909090909091,0.09090909090909091,24.0,22.0,0.0,3.0,13.5,12.4,1.0,11.5,2.0,0.0,47.0,13.454545454545455,4.0,1.0,0.9583333333333334,0.0,18.9,22.8,0.0,57.3,0
2024,23,Qatar Grand Prix,2024-12-01,OCO,Esteban Ocon,Alpine F1 Team,losail,Losail International Circuit,20.0,20.0,0.05,0.05,23.0,22.0,0.0,1.0,13.409090909090908,12.6,0.0,6.0,2.0,0.0,57.0,13.266666666666667,4.0,1.0,0.9583333333333334,0.0,18.9,22.8,0.0,57.3,0
2024,24,Abu Dhabi Grand Prix,2024-12-08,DOO,Jack Doohan,Alpine F1 Team,yas_marina,Yas Marina Circuit,20.0,17.0,0.05,0.058823529411764705,0.0,0.0,0.0,0.0,11.375,11.0,0.0,10.0,0.0,0.0,57.0,13.41304347826087,5.0,1.0,1.0,0.0,26.8,31.8,0.0,51.4,0
2024,24,Abu Dhabi Grand Prix,2024-12-08,GAS,Pierre Gasly,Alpine F1 Team,yas_marina,Yas Marina Circuit,6.0,5.0,0.16666666666666666,0.2,34.0,23.0,0.0,3.0,13.130434782608695,10.0,1.0,12.333333333333334,6.0,1.0,57.0,13.446808510638299,5.0,1.0,1.0,0.0,26.8,31.8,0.0,51.4,0
2025,1,Australian Grand Prix,2025-03-16,DOO,Jack Doohan,Alpine F1 Team,albert_park,Albert Park Grand Prix Circuit,14.0,14.0,0.07142857142857142,0.07142857142857142,0.0,0.0,0.0,0.0,11.375,15.0,0.0,10.0,0.0,0.0,0.0,11.416666666666666,0.0,1.0,0.041666666666666664,1.0,15.7,18.9,1.0,78.4,0
2025,1,Australian Grand Prix,2025-03-16,GAS,Pierre Gasly,Alpine F1 Team,albert_park,Albert Park Grand Prix Circuit,9.0,9.0,0.1111111111111111,0.1111111111111111,0.0,0.0,0.0,0.0,11.375,9.0,1.0,12.8,5.0,2.0,0.0,19.0,1.0,1.0,0.041666666666666664,1.0,15.7,18.9,1.0,78.4,0
2025,2,Chinese Grand Prix,2025-03-23,DOO,Jack Doohan,Alpine F1 Team,shanghai,Shanghai International Circuit,18.0,18.0,0.05555555555555555,0.05555555555555555,0.0,1.0,0.0,1.0,19.0,17.0,1.0,10.0,0.0,0.0,0.0,15.0,1.0,1.0,0.08333333333333333,0.0,27.2,35.8,0.0,18.2,0
2025,2,Chinese Grand Prix,2025-03-23,GAS,Pierre Gasly,Alpine F1 Team,shanghai,Shanghai International Circuit,16.0,16.0,0.0625,0.0625,0.0,1.0,0.0,0.0,11.0,9.2,1.0,12.333333333333334,3.0,0.0,0.0,14.333333333333334,1.0,1.0,0.08333333333333333,0.0,27.2,35.8,0.0,18.2,0
2025,3,Japanese Grand Prix,2025-04-06,DOO,Jack Doohan,Alpine F1 Team,suzuka,Suzuka Circuit,19.0,19.0,0.05263157894736842,0.05263157894736842,0.0,2.0,0.0,1.0,16.0,15.666666666666666,1.0,10.0,0.0,0.0,0.0,15.75,1.0,1.0,0.125,0.0,14.4,20.5,0.0,76.4,0
2025,3,Japanese Grand Prix,2025-04-06,GAS,Pierre Gasly,Alpine F1 Team,suzuka,Suzuka Circuit,11.0,11.0,0.09090909090909091,0.09090909090909091,0.0,2.0,0.0,0.0,15.5,12.6,1.0,12.4,5.0,0.0,0.0,15.6,1.0,1.0,0.125,0.0,14.4,20.5,0.0,76.4,0
2025,4,Bahrain Grand Prix,2025-04-13,DOO,Jack Doohan,Alpine F1 Team,bahrain,Bahrain International Circuit,11.0,11.0,0.09090909090909091,0.09090909090909091,0.0,3.0,0.0,1.0,15.666666666666666,15.5,1.0,10.0,0.0,0.0,0.0,15.166666666666666,1.0,1.0,0.16666666666666666,0.0,27.1,31.9,0.0,45.3,0
2025,4,Bahrain Grand Prix,2025-04-13,GAS,Pierre Gasly,Alpine F1 Team,bahrain,Bahrain International Circuit,5.0,4.0,0.2,0.25,0.0,3.0,0.0,0.0,14.666666666666666,11.2,0.0,11.625,8.0,1.0,0.0,15.0,1.0,1.0,0.16666666666666666,0.0,27.1,31.9,0.0,45.3,0
2025,5,Saudi Arabian Grand Prix,2025-04-20,DOO,Jack Doohan,Alpine F1 Team,jeddah,Jeddah Corniche Circuit,17.0,17.0,0.058823529411764705,0.058823529411764705,0.0,4.0,0.0,1.0,15.25,15.2,1.0,10.0,0.0,0.0,6.0,14.0,1.0,1.0,0.20833333333333334,0.0,29.5,37.8,0.0,62.7,0
2025,5,Saudi Arabian Grand Prix,2025-04-20,GAS,Pierre Gasly,Alpine F1 Team,jeddah,Jeddah Corniche Circuit,9.0,9.0,0.1111111111111111,0.1111111111111111,6.0,4.0,0.0,0.0,12.75,11.6,0.0,10.75,4.0,1.0,6.0,14.333333333333334,1.0,1.0,0.20833333333333334,0.0,29.5,37.8,0.0,62.7,0
2025,6,Miami Grand Prix,2025-05-04,DOO,Jack Doohan,Alpine F1 Team,miami,Miami International Autodrome,14.0,14.0,0.07142857142857142,0.07142857142857142,0.0,5.0,0.0,1.0,15.6,15.6,1.0,10.0,0.0,0.0,6.0,14.9,2.0,1.0,0.25,1.0,26.6,38.7,1.0,63.0,0
2025,6,Miami Grand Prix,2025-05-04,GAS,Pierre Gasly,Alpine F1 Team,miami,Miami International Autodrome,18.0,20.0,0.05555555555555555,0.05,6.0,5.0,0.0,1.0,14.2,14.2,1.0,12.666666666666666,3.0,0.0,6.0,15.363636363636363,3.0,1.0,0.25,1.0,26.6,38.7,1.0,63.0,0
2025,7,Emilia Romagna Grand Prix,2025-05-18,COL,Franco Colapinto,Alpine F1 Team,imola,Autodromo Enzo e Dino Ferrari,15.0,16.0,0.06666666666666667,0.0625,0.0,0.0,0.0,0.0,11.375,16.2,3.0,10.0,0.0,0.0,6.0,15.166666666666666,3.0,1.0,0.2916666666666667,0.0,24.0,42.7,0.0,38.3,0
2025,7,Emilia Romagna Grand Prix,2025-05-18,GAS,Pierre Gasly,Alpine F1 Team,imola,Autodromo Enzo e Dino Ferrari,10.0,10.0,0.1,0.1,6.0,6.0,0.0,1.0,14.0,14.6,1.0,13.75,4.0,0.0,6.0,15.23076923076923,3.0,1.0,0.2916666666666667,0.0,24.0,42.7,0.0,38.3,0
2025,8,Monaco Grand Prix,2025-05-25,COL,Franco Colapinto,Alpine F1 Team,monaco,Circuit de Monaco,20.0,18.0,0.05,0.05555555555555555,0.0,1.0,0.0,0.0,16.0,17.0,3.0,10.0,0.0,0.0,6.0,15.071428571428571,3.0,1.0,0.3333333333333333,0.0,22.2,43.3,0.0,52.5,0
2025,8,Monaco Grand Prix,2025-05-25,GAS,Pierre Gasly,Alpine F1 Team,monaco,Circuit de Monaco,18.0,17.0,0.05555555555555555,0.058823529411764705,6.0,7.0,0.0,1.0,13.857142857142858,13.2,1.0,7.666666666666667,6.0,0.0,6.0,14.933333333333334,3.0,1.0,0.3333333333333333,0.0,22.2,43.3,0.0,52.5,0
2025,9,Spanish Grand Prix,2025-06-01,COL,Franco Colapinto,Alpine F1 Team,catalunya,Circuit de Barcelona-Catalunya,19.0,18.0,0.05263157894736842,0.05555555555555555,0.0,2.0,0.0,0.0,14.5,16.2,2.0,10.0,0.0,0.0,6.0,15.25,4.0,1.0,0.375,0.0,29.1,48.5,0.0,54.6,0
2025,9,Spanish Grand Prix,2025-06-01,GAS,Pierre Gasly,Alpine F1 Team,catalunya,Circuit de Barcelona-Catalunya,8.0,8.0,0.125,0.125,6.0,8.0,0.0,2.0,14.625,14.6,2.0,10.857142857142858,7.0,1.0,6.0,15.235294117647058,4.0,1.0,0.375,0.0,29.1,48.5,0.0,54.6,0
2025,10,Canadian Grand Prix,2025-06-15,COL,Franco Colapinto,Alpine F1 Team,villeneuve,Circuit Gilles Villeneuve,12.0,10.0,0.08333333333333333,0.1,0.0,3.0,0.0,0.0,14.666666666666666,16.4,2.0,10.0,0.0,0.0,10.0,14.833333333333334,4.0,1.0,0.4166666666666667,1.0,24.0,49.3,1.0,28.0,0
2025,10,Canadian Grand Prix,2025-06-15,GAS,Pierre Gasly,Alpine F1 Team,villeneuve,Circuit Gilles Villeneuve,20.0,20.0,0.05,0.05,10.0,9.0,0.0,2.0,13.88888888888889,14.8,2.0,10.8,5.0,0.0,10.0,14.736842105263158,4.0,1.0,0.4166666666666667,1.0,24.0,49.3,1.0,28.0,0
2025,11,Austrian Grand Prix,2025-06-29,COL,Franco Colapinto,Alpine F1 Team,red_bull_ring,Red Bull Ring,14.0,14.0,0.07142857142857142,0.07142857142857142,0.0,4.0,0.0,0.0,14.25,15.2,1.0,10.0,0.0,0.0,10.0,14.75,4.0,1.0,0.4583333333333333,0.0,30.3,49.2,0.0,32.0,0
2025,11,Austrian Grand Prix,2025-06-29,GAS,Pierre Gasly,Alpine F1 Team,red_bull_ring,Red Bull Ring,10.0,10.0,0.1,0.1,10.0,10.0,0.0,2.0,14.0,13.8,1.0,11.555555555555555,9.0,1.0,10.0,14.761904761904763,4.0,1.0,0.4583333333333333,0.0,30.3,49.2,0.0,32.0,0
2025,12,British Grand Prix,2025-07-06,COL,Franco Colapinto,Alpine F1 Team,silverstone,Silverstone Circuit,20.0,20.0,0.05,0.05,0.0,5.0,0.0,0.0,14.4,14.4,0.0,10.0,0.0,0.0,10.0,14.681818181818182,4.0,1.0,0.5,1.0,17.9,23.6,1.0,78.4,0
2025,12,British Grand Prix,2025-07-06,GAS,Pierre Gasly,Alpine F1 Team,silverstone,Silverstone Circuit,10.0,8.0,0.1,0.125,10.0,11.0,0.0,2.0,13.909090909090908,13.8,1.0,12.5,8.0,2.0,10.0,14.91304347826087,4.0,1.0,0.5,1.0,17.9,23.6,1.0,78.4,0
2025,13,Belgian Grand Prix,2025-07-27,COL,Franco Colapinto,Alpine F1 Team,spa,Circuit de Spa-Francorchamps,17.0,15.0,0.058823529411764705,0.06666666666666667,0.0,6.0,0.0,0.0,15.333333333333334,15.2,0.0,10.0,0.0,0.0,18.0,14.541666666666666,4.0,1.0,0.5416666666666666,1.0,17.0,24.1,1.0,84.4,0
2025,13,Belgian Grand Prix,2025-07-27,GAS,Pierre Gasly,Alpine F1 Team,spa,Circuit de Spa-Francorchamps,13.0,13.0,0.07692307692307693,0.07692307692307693,18.0,12.0,0.0,2.0,13.25,12.4,1.0,9.285714285714286,7.0,0.0,18.0,14.72,4.0,1.0,0.5416666666666666,1.0,17.0,24.1,1.0,84.4,0
2025,14,Hungarian Grand Prix,2025-08-03,COL,Franco Colapinto,Alpine F1 Team,hungaroring,Hungaroring,14.0,14.0,0.07142857142857142,0.07142857142857142,0.0,7.0,0.0,0.0,15.857142857142858,16.4,0.0,10.0,0.0,0.0,19.0,14.538461538461538,4.0,1.0,0.5833333333333334,0.0,22.1,32.7,0.0,57.2,0
2025,14,Hungarian Grand Prix,2025-08-03,GAS,Pierre Gasly,Alpine F1 Team,hungaroring,Hungaroring,17.0,16.0,0.058823529411764705,0.0625,19.0,13.0,0.0,2.0,13.0,10.4,0.0,12.714285714285714,7.0,3.0,19.0,14.666666666666666,4.0,1.0,0.5833333333333334,0.0,22.1,32.7,0.0,57.2,0
2025,15,Dutch Grand Prix,2025-08-31,COL,Franco Colapinto,Alpine F1 Team,zandvoort,Circuit Park Zandvoort,16.0,16.0,0.0625,0.0625,0.0,8.0,0.0,0.0,16.125,17.0,0.0,10.0,0.0,0.0,19.0,14.821428571428571,4.0,1.0,0.625,0.0,20.1,28.0,0.0,71.2,0
2025,15,Dutch Grand Prix,2025-08-31,GAS,Pierre Gasly,Alpine F1 Team,zandvoort,Circuit Park Zandvoort,14.0,14.0,0.07142857142857142,0.07142857142857142,19.0,14.0,0.0,2.0,13.428571428571429,12.6,0.0,6.75,4.0,0.0,19.0,14.689655172413794,4.0,1.0,0.625,0.0,20.1,28.0,0.0,71.2,0
2025,16,Italian Grand Prix,2025-09-07,COL,Franco Colapinto,Alpine F1 Team,monza,Autodromo Nazionale di Monza,18.0,17.0,0.05555555555555555,0.058823529411764705,0.0,9.0,0.0,0.0,15.555555555555555,16.6,0.0,12.0,1.0,0.0,19.0,14.766666666666667,4.0,1.0,0.6666666666666666,0.0,26.8,43.3,0.0,42.6,0
2025,16,Italian Grand Prix,2025-09-07,GAS,Pierre Gasly,Alpine F1 Team,monza,Autodromo Nazionale di Monza,19.0,20.0,0.05263157894736842,0.05,19.0,15.0,0.0,2.0,13.666666666666666,13.0,0.0,11.857142857142858,7.0,0.0,19.0,14.838709677419354,4.0,1.0,0.6666666666666666,0.0,26.8,43.3,0.0,42.6,0
2025,17,Azerbaijan Grand Prix,2025-09-21,COL,Franco Colapinto,Alpine F1 Team,baku,Baku City Circuit,16.0,16.0,0.0625,0.0625,0.0,10.0,0.0,0.0,15.7,17.0,0.0,8.0,1.0,0.0,19.0,14.875,4.0,1.0,0.7083333333333334,0.0,20.6,26.1,0.0,59.8,0
2025,17,Azerbaijan Grand Prix,2025-09-21,GAS,Pierre Gasly,Alpine F1 Team,baku,Baku City Circuit,18.0,18.0,0.05555555555555555,0.05555555555555555,19.0,16.0,0.0,2.0,13.8125,13.6,0.0,10.5,6.0,1.0,19.0,15.0,4.0,1.0,0.7083333333333334,0.0,20.6,26.1,0.0,59.8,0
2025,18,Singapore Grand Prix,2025-10-05,COL,Franco Colapinto,Alpine F1 Team,marina_bay,Marina Bay Street Circuit,16.0,16.0,0.0625,0.0625,0.0,11.0,0.0,0.0,16.0,16.8,0.0,11.0,1.0,0.0,19.0,15.088235294117647,4.0,1.0,0.75,1.0,29.1,33.9,1.0,74.4,0
2025,18,Singapore Grand Prix,2025-10-05,GAS,Pierre Gasly,Alpine F1 Team,marina_bay,Marina Bay Street Circuit,18.0,19.0,0.05555555555555555,0.05263157894736842,19.0,17.0,0.0,2.0,14.058823529411764,16.0,0.0,10.8,5.0,0.0,19.0,15.114285714285714,4.0,1.0,0.75,1.0,29.1,33.9,1.0,74.4,0
2025,19,United States Grand Prix,2025-10-19,COL,Franco Colapinto,Alpine F1 Team,americas,Circuit of the Americas,15.0,15.0,0.06666666666666667,0.06666666666666667,0.0,12.0,0.0,0.0,16.0,16.2,0.0,10.0,1.0,0.0,19.0,15.222222222222221,4.0,1.0,0.7916666666666666,0.0,28.3,45.0,0.0,22.5,0
2025,19,United States Grand Prix,2025-10-19,GAS,Pierre Gasly,Alpine F1 Team,americas,Circuit of the Americas,14.0,14.0,0.07142857142857142,0.07142857142857142,19.0,18.0,0.0,2.0,14.333333333333334,17.8,0.0,13.333333333333334,6.0,0.0,19.0,15.27027027027027,4.0,1.0,0.7916666666666666,0.0,28.3,45.0,0.0,22.5,0
2025,20,Mexico City Grand Prix,2025-10-26,COL,Franco Colapinto,Alpine F1 Team,rodriguez,Autódromo Hermanos Rodríguez,20.0,20.0,0.05,0.05,0.0,13.0,0.0,0.0,16.076923076923077,16.0,0.0,12.0,1.0,0.0,19.0,15.368421052631579,4.0,1.0,0.8333333333333334,0.0,26.4,50.6,0.0,23.2,0
2025,20,Mexico City Grand Prix,2025-10-26,GAS,Pierre Gasly,Alpine F1 Team,rodriguez,Autódromo Hermanos Rodríguez,18.0,18.0,0.05555555555555555,0.05555555555555555,19.0,19.0,0.0,2.0,14.578947368421053,17.8,0.0,9.166666666666666,6.0,0.0,19.0,15.384615384615385,4.0,1.0,0.8333333333333334,0.0,26.4,50.6,0.0,23.2,0
2025,21,São Paulo Grand Prix,2025-11-09,COL,Franco Colapinto,Alpine F1 Team,interlagos,Autódromo José Carlos Pace,18.0,16.0,0.05555555555555555,0.0625,0.0,14.0,0.0,0.0,16.071428571428573,17.0,0.0,17.0,1.0,1.0,19.0,15.375,4.0,1.0,0.875,0.0,17.3,30.7,0.0,70.6,0
2025,21,São Paulo Grand Prix,2025-11-09,GAS,Pierre Gasly,Alpine F1 Team,interlagos,Autódromo José Carlos Pace,9.0,9.0,0.1111111111111111,0.1111111111111111,19.0,20.0,0.0,2.0,14.6,17.4,0.0,7.666666666666667,6.0,0.0,19.0,15.365853658536585,4.0,1.0,0.875,0.0,17.3,30.7,0.0,70.6,0
2025,22,Las Vegas Grand Prix,2025-11-23,COL,Franco Colapinto,Alpine F1 Team,vegas,Las Vegas Strip Street Circuit,15.0,15.0,0.06666666666666667,0.06666666666666667,0.0,15.0,0.0,0.0,16.0,16.6,0.0,14.0,1.0,0.0,20.0,15.238095238095237,4.0,1.0,0.9166666666666666,0.0,16.7,19.5,0.0,37.8,0
2025,22,Las Vegas Grand Prix,2025-11-23,GAS,Pierre Gasly,Alpine F1 Team,vegas,Las Vegas Strip Street Circuit,10.0,10.0,0.1,0.1,20.0,21.0,0.0,2.0,14.380952380952381,16.2,0.0,15.5,2.0,1.0,20.0,15.232558139534884,4.0,1.0,0.9166666666666666,0.0,16.7,19.5,0.0,37.8,0
2025,23,Qatar Grand Prix,2025-11-30,COL,Franco Colapinto,Alpine F1 Team,losail,Losail International Circuit,20.0,20.0,0.05,0.05,0.0,16.0,0.0,0.0,15.9375,15.8,0.0,19.0,1.0,1.0,20.0,15.181818181818182,4.0,1.0,0.9583333333333334,0.0,22.6,28.2,0.0,69.0,0
2025,23,Qatar Grand Prix,2025-11-30,GAS,Pierre Gasly,Alpine F1 Team,losail,Losail International Circuit,9.0,9.0,0.1111111111111111,0.1111111111111111,20.0,22.0,0.0,2.0,14.318181818181818,15.2,0.0,9.333333333333334,3.0,0.0,20.0,15.155555555555555,4.0,1.0,0.9583333333333334,0.0,22.6,28.2,0.0,69.0,0
2025,24,Abu Dhabi Grand Prix,2025-12-07,COL,Franco Colapinto,Alpine F1 Team,yas_marina,Yas Marina Circuit,20.0,20.0,0.05,0.05,0.0,17.0,0.0,0.0,15.823529411764707,15.4,0.0,19.0,1.0,1.0,20.0,15.173913043478262,4.0,1.0,1.0,0.0,26.7,31.1,0.0,60.4,0
2025,24,Abu Dhabi Grand Prix,2025-12-07,GAS,Pierre Gasly,Alpine F1 Team,yas_marina,Yas Marina Circuit,19.0,19.0,0.05263157894736842,0.05263157894736842,20.0,23.0,0.0,2.0,14.391304347826088,14.6,0.0,11.571428571428571,7.0,1.0,20.0,15.27659574468085,4.0,1.0,1.0,0.0,26.7,31.1,0.0,60.4,0
2021,1,Bahrain Grand Prix,2021-03-28,STR,Lance Stroll,Aston Martin,bahrain,Bahrain International Circuit,10.0,10.0,0.1,0.1,0.0,0.0,0.0,0.0,11.375,10.8,1.0,12.5,4.0,1.0,0.0,11.416666666666666,0.0,0.0,0.045454545454545456,0.0,20.5,27.6,0.0,54.5,0
2021,1,Bahrain Grand Prix,2021-03-28,VET,Sebastian Vettel,Aston Martin,bahrain,Bahrain International Circuit,18.0,20.0,0.05555555555555555,0.05,0.0,0.0,0.0,0.0,11.375,10.8,0.0,7.75,4.0,0.0,1.0,10.0,0.0,0.0,0.045454545454545456,0.0,20.5,27.6,0.0,54.5,0
2021,2,Emilia Romagna Grand Prix,2021-04-18,STR,Lance Stroll,Aston Martin,imola,Autodromo Enzo e Dino Ferrari,10.0,10.0,0.1,0.1,1.0,1.0,0.0,0.0,10.0,10.2,1.0,13.0,1.0,0.0,1.0,12.5,0.0,0.0,0.09090909090909091,1.0,10.6,16.8,1.0,69.5,0
2021,2,Emilia Romagna Grand Prix,2021-04-18,VET,Sebastian Vettel,Aston Martin,imola,Autodromo Enzo e Dino Ferrari,13.0,0.0,0.07692307692307693,1.0,0.0,1.0,0.0,0.0,15.0,11.4,0.0,12.0,1.0,0.0,5.0,11.0,0.0,0.0,0.09090909090909091,1.0,10.6,16.8,1.0,69.5,0
2021,3,Portuguese Grand Prix,2021-05-02,STR,Lance Stroll,Aston Martin,portimao,Autódromo Internacional do Algarve,17.0,17.0,0.058823529411764705,0.058823529411764705,5.0,2.0,0.0,0.0,9.0,10.0,1.0,20.0,1.0,1.0,5.0,12.0,1.0,0.0,0.13636363636363635,0.0,19.4,39.0,0.0,39.4,0
2021,3,Portuguese Grand Prix,2021-05-02,VET,Sebastian Vettel,Aston Martin,portimao,Autódromo Internacional do Algarve,10.0,10.0,0.1,0.1,0.0,2.0,0.0,1.0,15.0,13.8,1.0,10.0,1.0,0.0,5.0,12.4,1.0,0.0,0.13636363636363635,0.0,19.4,39.0,0.0,39.4,0
2021,4,Spanish Grand Prix,2021-05-09,STR,Lance Stroll,Aston Martin,catalunya,Circuit de Barcelona-Catalunya,11.0,11.0,0.09090909090909091,0.09090909090909091,5.0,3.0,0.0,0.0,10.666666666666666,9.0,0.0,11.333333333333334,3.0,1.0,5.0,12.5,1.0,0.0,0.18181818181818182,0.0,22.2,32.9,0.0,57.6,0
2021,4,Spanish Grand Prix,2021-05-09,VET,Sebastian Vettel,Aston Martin,catalunya,Circuit de Barcelona-Catalunya,13.0,13.0,0.07692307692307693,0.07692307692307693,0.0,3.0,0.0,1.0,14.333333333333334,13.8,1.0,5.0,3.0,0.0,5.0,12.285714285714286,1.0,0.0,0.18181818181818182,0.0,22.2,32.9,0.0,57.6,0
2021,5,Monaco Grand Prix,2021-05-23,STR,Lance Stroll,Aston Martin,monaco,Circuit de Monaco,13.0,13.0,0.07692307692307693,0.07692307692307693,5.0,4.0,0.0,0.0,10.75,10.6,0.0,16.5,2.0,0.0,5.0,12.375,1.0,0.0,0.22727272727272727,0.0,20.8,37.6,0.0,61.4,0
2021,5,Monaco Grand Prix,2021-05-23,VET,Sebastian Vettel,Aston Martin,monaco,Circuit de Monaco,8.0,8.0,0.125,0.125,0.0,4.0,0.0,1.0,14.0,14.0,1.0,2.0,2.0,0.0,9.0,11.88888888888889,1.0,0.0,0.22727272727272727,0.0,20.8,37.6,0.0,61.4,0
2021,6,Azerbaijan Grand Prix,2021-06-06,STR,Lance Stroll,Aston Martin,baku,Baku City Circuit,19.0,19.0,0.05263157894736842,0.05263157894736842,9.0,5.0,0.0,0.0,10.2,10.2,0.0,8.5,2.0,0.0,19.0,11.2,1.0,0.0,0.2727272727272727,0.0,24.2,38.3,0.0,55.8,0
2021,6,Azerbaijan Grand Prix,2021-06-06,VET,Sebastian Vettel,Aston Martin,baku,Baku City Circuit,11.0,11.0,0.09090909090909091,0.09090909090909091,10.0,5.0,0.0,1.0,12.2,12.2,1.0,3.5,2.0,0.0,19.0,11.909090909090908,2.0,0.0,0.2727272727272727,0.0,24.2,38.3,0.0,55.8,0
2021,7,French Grand Prix,2021-06-20,STR,Lance Stroll,Aston Martin,ricard,Circuit Paul Ricard,19.0,19.0,0.05263157894736842,0.05263157894736842,9.0,6.0,0.0,1.0,11.666666666666666,12.0,1.0,15.0,2.0,0.0,37.0,11.083333333333334,2.0,0.0,0.3181818181818182,0.0,25.3,35.2,0.0,58.6,0
2021,7,French Grand Prix,2021-06-20,VET,Sebastian Vettel,Aston Martin,ricard,Circuit Paul Ricard,12.0,12.0,0.08333333333333333,0.08333333333333333,28.0,6.0,0.0,1.0,10.5,9.6,1.0,5.0,2.0,0.0,38.0,11.0,2.0,0.0,0.3181818181818182,0.0,25.3,35.2,0.0,58.6,0
2021,8,Styrian Grand Prix,2021-06-27,STR,Lance Stroll,Aston Martin,red_bull_ring,Red Bull Ring,10.0,9.0,0.1,0.1111111111111111,10.0,7.0,0.0,1.0,11.428571428571429,12.4,1.0,13.25,4.0,1.0,40.0,10.857142857142858,2.0,0.0,0.36363636363636365,0.0,26.7,52.4,0.0,33.2,0
2021,8,Styrian Grand Prix,2021-06-27,VET,Sebastian Vettel,Aston Martin,red_bull_ring,Red Bull Ring,14.0,14.0,0.07142857142857142,0.07142857142857142,30.0,7.0,0.0,1.0,10.285714285714286,8.4,0.0,9.25,4.0,1.0,44.0,10.666666666666666,2.0,0.0,0.36363636363636365,0.0,26.7,52.4,0.0,33.2,0
2021,9,Austrian Grand Prix,2021-07-04,STR,Lance Stroll,Aston Martin,red_bull_ring,Red Bull Ring,10.0,9.0,0.1,0.1111111111111111,14.0,8.0,0.0,1.0,11.0,11.2,1.0,12.2,5.0,1.0,44.0,10.75,2.0,0.0,0.4090909090909091,1.0,21.0,33.2,1.0,49.7,0
2021,9,Austrian Grand Prix,2021-07-04,VET,Sebastian Vettel,Aston Martin,red_bull_ring,Red Bull Ring,8.0,11.0,0.125,0.09090909090909091,30.0,8.0,0.0,1.0,10.5,8.2,0.0,9.8,5.0,1.0,44.0,10.882352941176471,2.0,0.0,0.4090909090909091,1.0,21.0,33.2,1.0,49.7,0
2021,10,British Grand Prix,2021-07-18,STR,Lance Stroll,Aston Martin,silverstone,Silverstone Circuit,15.0,14.0,0.06666666666666667,0.07142857142857142,14.0,9.0,0.0,1.0,11.222222222222221,11.6,1.0,10.0,4.0,0.0,44.0,11.222222222222221,3.0,0.0,0.45454545454545453,0.0,29.4,50.9,0.0,37.2,0
2021,10,British Grand Prix,2021-07-18,VET,Sebastian Vettel,Aston Martin,silverstone,Silverstone Circuit,10.0,8.0,0.1,0.125,30.0,9.0,0.0,2.0,11.222222222222221,9.0,1.0,9.75,4.0,0.0,48.0,11.052631578947368,3.0,0.0,0.45454545454545453,0.0,29.4,50.9,0.0,37.2,0
2021,11,Hungarian Grand Prix,2021-08-01,STR,Lance Stroll,Aston Martin,hungaroring,Hungaroring,12.0,12.0,0.08333333333333333,0.08333333333333333,18.0,10.0,0.0,1.0,10.9,11.6,1.0,12.666666666666666,3.0,0.0,48.0,11.45,4.0,0.0,0.5,1.0,27.2,37.8,1.0,68.6,0
2021,11,Hungarian Grand Prix,2021-08-01,VET,Sebastian Vettel,Aston Martin,hungaroring,Hungaroring,10.0,10.0,0.1,0.1,30.0,10.0,0.0,3.0,12.0,11.8,2.0,3.6666666666666665,3.0,0.0,48.0,11.80952380952381,5.0,0.0,0.5,1.0,27.2,37.8,1.0,68.6,0
2021,12,Belgian Grand Prix,2021-08-29,STR,Lance Stroll,Aston Martin,spa,Circuit de Spa-Francorchamps,15.0,19.0,0.06666666666666667,0.05263157894736842,18.0,11.0,0.0,2.0,11.636363636363637,11.6,1.0,10.666666666666666,3.0,0.0,48.0,12.181818181818182,5.0,0.0,0.5454545454545454,1.0,13.0,15.3,1.0,96.4,0
2021,12,Belgian Grand Prix,2021-08-29,VET,Sebastian Vettel,Aston Martin,spa,Circuit de Spa-Francorchamps,5.0,5.0,0.2,0.2,30.0,11.0,0.0,3.0,12.727272727272727,15.4,2.0,6.0,3.0,0.0,48.0,12.521739130434783,5.0,0.0,0.5454545454545454,1.0,13.0,15.3,1.0,96.4,0
2021,13,Dutch Grand Prix,2021-09-05,STR,Lance Stroll,Aston Martin,zandvoort,Circuit Park Zandvoort,12.0,12.0,0.08333333333333333,0.08333333333333333,18.0,12.0,0.0,2.0,12.333333333333334,13.6,1.0,10.0,0.0,0.0,53.0,12.208333333333334,5.0,0.0,0.5909090909090909,0.0,21.5,36.1,0.0,54.1,0
2021,13,Dutch Grand Prix,2021-09-05,VET,Sebastian Vettel,Aston Martin,zandvoort,Circuit Park Zandvoort,17.0,15.0,0.058823529411764705,0.06666666666666667,35.0,12.0,0.0,3.0,12.083333333333334,14.6,2.0,10.0,0.0,0.0,53.0,12.2,5.0,0.0,0.5909090909090909,0.0,21.5,36.1,0.0,54.1,0
2021,14,Italian Grand Prix,2021-09-12,STR,Lance Stroll,Aston Martin,monza,Autodromo Nazionale di Monza,12.0,9.0,0.08333333333333333,0.1111111111111111,18.0,13.0,0.0,2.0,12.307692307692308,14.4,1.0,8.0,3.0,0.0,53.0,12.23076923076923,5.0,0.0,0.6363636363636364,0.0,28.9,43.5,0.0,33.3,0
2021,14,Italian Grand Prix,2021-09-12,VET,Sebastian Vettel,Aston Martin,monza,Autodromo Nazionale di Monza,11.0,11.0,0.09090909090909091,0.09090909090909091,35.0,13.0,0.0,3.0,12.153846153846153,14.8,2.0,12.333333333333334,3.0,1.0,59.0,12.037037037037036,5.0,0.0,0.6363636363636364,0.0,28.9,43.5,0.0,33.3,0
2021,15,Russian Grand Prix,2021-09-26,STR,Lance Stroll,Aston Martin,sochi,Sochi Autodrom,8.0,7.0,0.125,0.14285714285714285,24.0,14.0,0.0,2.0,11.928571428571429,13.2,1.0,15.333333333333334,3.0,1.0,59.0,12.035714285714286,5.0,0.0,0.6818181818181818,1.0,19.1,21.8,1.0,61.9,0
2021,15,Russian Grand Prix,2021-09-26,VET,Sebastian Vettel,Aston Martin,sochi,Sochi Autodrom,11.0,10.0,0.09090909090909091,0.1,35.0,14.0,0.0,3.0,12.142857142857142,13.8,1.0,11.333333333333334,3.0,0.0,59.0,12.0,5.0,0.0,0.6818181818181818,1.0,19.1,21.8,1.0,61.9,0
2021,16,Turkish Grand Prix,2021-10-10,STR,Lance Stroll,Aston Martin,istanbul,Istanbul Park,9.0,8.0,0.1111111111111111,0.125,24.0,15.0,0.0,2.0,11.866666666666667,13.8,1.0,9.0,1.0,0.0,59.0,12.0,5.0,0.0,0.7272727272727273,0.0,15.8,18.2,0.0,93.5,0
2021,16,Turkish Grand Prix,2021-10-10,VET,Sebastian Vettel,Aston Martin,istanbul,Istanbul Park,11.0,10.0,0.09090909090909091,0.1,35.0,15.0,0.0,3.0,12.133333333333333,12.4,0.0,3.0,1.0,0.0,61.0,11.903225806451612,5.0,0.0,0.7272727272727273,0.0,15.8,18.2,0.0,93.5,0
2021,17,United States Grand Prix,2021-10-24,STR,Lance Stroll,Aston Martin,americas,Circuit of the Americas,16.0,13.0,0.0625,0.07692307692307693,26.0,16.0,0.0,2.0,11.6875,11.8,0.0,13.5,2.0,0.0,61.0,12.09375,5.0,0.0,0.7727272727272727,0.0,28.1,37.5,0.0,61.2,0
2021,17,United States Grand Prix,2021-10-24,VET,Sebastian Vettel,Aston Martin,americas,Circuit of the Americas,12.0,18.0,0.08333333333333333,0.05555555555555555,35.0,16.0,0.0,3.0,12.5,12.0,0.0,12.0,2.0,0.0,61.0,12.090909090909092,5.0,0.0,0.7727272727272727,0.0,28.1,37.5,0.0,61.2,0
2021,18,Mexico City Grand Prix,2021-11-07,STR,Lance Stroll,Aston Martin,rodriguez,Autódromo Hermanos Rodríguez,20.0,20.0,0.05,0.05,26.0,17.0,0.0,2.0,11.705882352941176,10.2,0.0,12.0,2.0,0.0,62.0,12.029411764705882,5.0,0.0,0.8181818181818182,0.0,21.2,47.6,0.0,31.2,0
2021,18,Mexico City Grand Prix,2021-11-07,VET,Sebastian Vettel,Aston Martin,rodriguez,Autódromo Hermanos Rodríguez,11.0,9.0,0.09090909090909091,0.1111111111111111,36.0,17.0,0.0,3.0,12.352941176470589,13.0,0.0,2.0,2.0,0.0,62.0,12.085714285714285,5.0,0.0,0.8181818181818182,0.0,21.2,47.6,0.0,31.2,0
2021,19,São Paulo Grand Prix,2021-11-14,STR,Lance Stroll,Aston Martin,interlagos,Autódromo José Carlos Pace,16.0,14.0,0.0625,0.07142857142857142,26.0,18.0,0.0,2.0,11.833333333333334,10.6,0.0,18.5,2.0,0.0,68.0,11.944444444444445,5.0,0.0,0.8636363636363636,0.0,23.1,51.6,0.0,60.1,0
2021,19,São Paulo Grand Prix,2021-11-14,VET,Sebastian Vettel,Aston Martin,interlagos,Autódromo José Carlos Pace,12.0,9.0,0.08333333333333333,0.1111111111111111,42.0,18.0,0.0,3.0,12.055555555555555,11.8,0.0,11.5,2.0,1.0,68.0,12.162162162162161,6.0,0.0,0.8636363636363636,0.0,23.1,51.6,0.0,60.1,0
2021,20,Qatar Grand Prix,2021-11-21,STR,Lance Stroll,Aston Martin,losail,Losail International Circuit,12.0,12.0,0.08333333333333333,0.08333333333333333,26.0,19.0,0.0,3.0,12.263157894736842,13.2,1.0,10.0,0.0,0.0,68.0,12.131578947368421,6.0,0.0,0.9090909090909091,1.0,26.4,30.6,1.0,75.5,0
2021,20,Qatar Grand Prix,2021-11-21,VET,Sebastian Vettel,Aston Martin,losail,Losail International Circuit,10.0,10.0,0.1,0.1,42.0,19.0,0.0,3.0,12.0,11.6,0.0,10.0,0.0,0.0,76.0,11.974358974358974,6.0,0.0,0.9090909090909091,1.0,26.4,30.6,1.0,75.5,0
2021,21,Saudi Arabian Grand Prix,2021-12-05,STR,Lance Stroll,Aston Martin,jeddah,Jeddah Corniche Circuit,18.0,18.0,0.05555555555555555,0.05555555555555555,34.0,20.0,0.0,3.0,11.95,12.2,1.0,10.0,0.0,0.0,77.0,11.925,6.0,0.0,0.9545454545454546,0.0,28.8,31.7,0.0,76.2,0
2021,21,Saudi Arabian Grand Prix,2021-12-05,VET,Sebastian Vettel,Aston Martin,jeddah,Jeddah Corniche Circuit,17.0,17.0,0.058823529411764705,0.058823529411764705,43.0,20.0,0.0,3.0,11.9,11.2,0.0,10.0,0.0,0.0,77.0,11.902439024390244,6.0,0.0,0.9545454545454546,0.0,28.8,31.7,0.0,76.2,0
2021,22,Abu Dhabi Grand Prix,2021-12-12,STR,Lance Stroll,Aston Martin,yas_marina,Yas Marina Circuit,13.0,13.0,0.07692307692307693,0.07692307692307693,34.0,21.0,0.0,3.0,11.904761904761905,12.6,1.0,14.333333333333334,3.0,1.0,77.0,12.0,7.0,0.0,1.0,0.0,24.5,28.5,0.0,59.1,0
2021,22,Abu Dhabi Grand Prix,2021-12-12,VET,Sebastian Vettel,Aston Martin,yas_marina,Yas Marina Circuit,15.0,15.0,0.06666666666666667,0.06666666666666667,43.0,21.0,0.0,4.0,12.095238095238095,10.8,1.0,7.0,3.0,0.0,77.0,12.023255813953488,7.0,0.0,1.0,0.0,24.5,28.5,0.0,59.1,0
2022,1,Bahrain Grand Prix,2022-03-20,HUL,Nico Hülkenberg,Aston Martin,bahrain,Bahrain International Circuit,17.0,17.0,0.058823529411764705,0.058823529411764705,0.0,0.0,0.0,0.0,11.375,12.4,0.0,11.5,2.0,1.0,0.0,11.416666666666666,0.0,1.0,0.045454545454545456,0.0,23.6,28.6,0.0,29.5,0
2022,1,Bahrain Grand Prix,2022-03-20,STR,Lance Stroll,Aston Martin,bahrain,Bahrain International Circuit,19.0,19.0,0.05263157894736842,0.05263157894736842,0.0,0.0,0.0,0.0,11.375,12.8,1.0,12.0,5.0,1.0,0.0,17.0,0.0,1.0,0.045454545454545456,0.0,23.6,28.6,0.0,29.5,0
2022,2,Saudi Arabian Grand Prix,2022-03-27,HUL,Nico Hülkenberg,Aston Martin,jeddah,Jeddah Corniche Circuit,18.0,17.0,0.05555555555555555,0.058823529411764705,0.0,1.0,0.0,0.0,17.0,12.8,0.0,10.0,0.0,0.0,0.0,14.5,0.0,1.0,0.09090909090909091,0.0,25.4,28.4,0.0,59.7,0
2022,2,Saudi Arabian Grand Prix,2022-03-27,STR,Lance Stroll,Aston Martin,jeddah,Jeddah Corniche Circuit,15.0,13.0,0.06666666666666667,0.07692307692307693,0.0,1.0,0.0,0.0,12.0,12.4,1.0,11.0,1.0,0.0,0.0,13.666666666666666,0.0,1.0,0.09090909090909091,0.0,25.4,28.4,0.0,59.7,0
2022,3,Australian Grand Prix,2022-04-10,STR,Lance Stroll,Aston Martin,albert_park,Albert Park Grand Prix Circuit,20.0,19.0,0.05,0.05263157894736842,0.0,2.0,0.0,0.0,12.5,11.0,0.0,11.5,2.0,0.0,0.0,13.5,0.0,1.0,0.13636363636363635,0.0,26.7,37.4,0.0,43.7,0
2022,3,Australian Grand Prix,2022-04-10,VET,Sebastian Vettel,Aston Martin,albert_park,Albert Park Grand Prix Circuit,18.0,17.0,0.05555555555555555,0.058823529411764705,0.0,0.0,0.0,0.0,11.375,11.0,1.0,2.5,2.0,0.0,0.0,13.2,0.0,1.0,0.13636363636363635,0.0,26.7,37.4,0.0,43.7,0
2022,4,Emilia Romagna Grand Prix,2022-04-24,STR,Lance Stroll,Aston Martin,imola,Autodromo Enzo e Dino Ferrari,15.0,15.0,0.06666666666666667,0.06666666666666667,0.0,3.0,0.0,0.0,12.333333333333334,12.2,0.0,10.5,2.0,0.0,0.0,14.166666666666666,1.0,1.0,0.18181818181818182,0.0,12.9,17.4,0.0,83.2,0
2022,4,Emilia Romagna Grand Prix,2022-04-24,VET,Sebastian Vettel,Aston Martin,imola,Autodromo Enzo e Dino Ferrari,9.0,13.0,0.1111111111111111,0.07692307692307693,0.0,1.0,0.0,1.0,19.0,13.4,2.0,13.5,2.0,1.0,1.0,13.571428571428571,1.0,1.0,0.18181818181818182,0.0,12.9,17.4,0.0,83.2,0
2022,5,Miami Grand Prix,2022-05-08,STR,Lance Stroll,Aston Martin,miami,Miami International Autodrome,10.0,0.0,0.1,1.0,1.0,4.0,0.0,0.0,11.75,12.0,0.0,10.0,0.0,0.0,5.0,12.875,1.0,1.0,0.22727272727272727,1.0,30.6,42.8,1.0,58.9,0
2022,5,Miami Grand Prix,2022-05-08,VET,Sebastian Vettel,Aston Martin,miami,Miami International Autodrome,13.0,0.0,0.07692307692307693,1.0,4.0,2.0,0.0,1.0,13.5,12.8,2.0,10.0,0.0,0.0,6.0,12.555555555555555,1.0,1.0,0.22727272727272727,1.0,30.6,42.8,1.0,58.9,0
2022,6,Spanish Grand Prix,2022-05-22,STR,Lance Stroll,Aston Martin,catalunya,Circuit de Barcelona-Catalunya,18.0,17.0,0.05555555555555555,0.058823529411764705,2.0,5.0,0.0,0.0,11.4,11.4,0.0,11.25,4.0,1.0,6.0,13.0,2.0,1.0,0.2727272727272727,0.0,36.6,49.0,0.0,7.1,0
2022,6,Spanish Grand Prix,2022-05-22,VET,Sebastian Vettel,Aston Martin,catalunya,Circuit de Barcelona-Catalunya,16.0,16.0,0.0625,0.0625,4.0,3.0,0.0,2.0,14.666666666666666,14.2,3.0,7.0,4.0,0.0,6.0,13.181818181818182,2.0,1.0,0.2727272727272727,0.0,36.6,49.0,0.0,7.1,0
2022,7,Monaco Grand Prix,2022-05-29,STR,Lance Stroll,Aston Martin,monaco,Circuit de Monaco,18.0,18.0,0.05555555555555555,0.05555555555555555,2.0,6.0,0.0,0.0,12.0,12.0,0.0,13.666666666666666,3.0,0.0,6.0,13.0,2.0,1.0,0.3181818181818182,1.0,22.3,31.0,1.0,75.7,0
2022,7,Monaco Grand Prix,2022-05-29,VET,Sebastian Vettel,Aston Martin,monaco,Circuit de Monaco,9.0,9.0,0.1111111111111111,0.1111111111111111,4.0,4.0,0.0,2.0,13.75,13.2,2.0,3.0,3.0,0.0,6.0,13.076923076923077,2.0,1.0,0.3181818181818182,1.0,22.3,31.0,1.0,75.7,0
2022,8,Azerbaijan Grand Prix,2022-06-12,STR,Lance Stroll,Aston Martin,baku,Baku City Circuit,19.0,19.0,0.05263157894736842,0.05263157894736842,2.0,7.0,0.0,0.0,12.285714285714286,12.2,0.0,12.0,3.0,1.0,7.0,12.857142857142858,2.0,1.0,0.36363636363636365,0.0,25.4,47.1,0.0,59.5,0
2022,8,Azerbaijan Grand Prix,2022-06-12,VET,Sebastian Vettel,Aston Martin,baku,Baku City Circuit,9.0,9.0,0.1111111111111111,0.1111111111111111,5.0,5.0,0.0,2.0,13.0,13.0,2.0,3.0,3.0,0.0,7.0,13.066666666666666,2.0,1.0,0.36363636363636365,0.0,25.4,47.1,0.0,59.5,0
2022,9,Canadian Grand Prix,2022-06-19,STR,Lance Stroll,Aston Martin,villeneuve,Circuit Gilles Villeneuve,18.0,17.0,0.05555555555555555,0.058823529411764705,2.0,8.0,0.0,0.0,12.75,13.0,0.0,14.5,2.0,1.0,15.0,12.625,2.0,1.0,0.4090909090909091,0.0,20.8,41.3,0.0,28.9,0
2022,9,Canadian Grand Prix,2022-06-19,VET,Sebastian Vettel,Aston Martin,villeneuve,Circuit Gilles Villeneuve,17.0,16.0,0.058823529411764705,0.0625,13.0,6.0,0.0,2.0,11.833333333333334,10.4,1.0,1.5,2.0,0.0,16.0,12.470588235294118,2.0,1.0,0.4090909090909091,0.0,20.8,41.3,0.0,28.9,0
2022,10,British Grand Prix,2022-07-03,STR,Lance Stroll,Aston Martin,silverstone,Silverstone Circuit,20.0,20.0,0.05,0.05,3.0,9.0,0.0,0.0,12.444444444444445,13.0,0.0,9.6,5.0,0.0,16.0,12.444444444444445,2.0,1.0,0.45454545454545453,1.0,18.3,30.0,1.0,59.7,0
2022,10,British Grand Prix,2022-07-03,VET,Sebastian Vettel,Aston Martin,silverstone,Silverstone Circuit,18.0,18.0,0.05555555555555555,0.05555555555555555,13.0,7.0,0.0,2.0,11.857142857142858,11.2,1.0,11.6,5.0,1.0,16.0,12.368421052631579,2.0,1.0,0.45454545454545453,1.0,18.3,30.0,1.0,59.7,0
2022,11,Austrian Grand Prix,2022-07-10,STR,Lance Stroll,Aston Martin,red_bull_ring,Red Bull Ring,17.0,12.0,0.058823529411764705,0.08333333333333333,3.0,10.0,0.0,0.0,12.3,13.2,0.0,12.333333333333334,6.0,1.0,18.0,12.2,2.0,1.0,0.5,0.0,20.3,30.7,0.0,35.1,0
2022,11,Austrian Grand Prix,2022-07-10,VET,Sebastian Vettel,Aston Martin,red_bull_ring,Red Bull Ring,20.0,18.0,0.05,0.05555555555555555,15.0,8.0,0.0,2.0,11.5,9.6,0.0,11.0,6.0,2.0,18.0,12.238095238095237,2.0,1.0,0.5,0.0,20.3,30.7,0.0,35.1,0
2022,12,French Grand Prix,2022-07-24,STR,Lance Stroll,Aston Martin,ricard,Circuit Paul Ricard,17.0,15.0,0.058823529411764705,0.06666666666666667,3.0,11.0,0.0,0.0,12.363636363636363,12.8,0.0,13.333333333333334,3.0,0.0,18.0,12.454545454545455,2.0,1.0,0.5454545454545454,0.0,30.2,54.5,0.0,47.7,0
2022,12,French Grand Prix,2022-07-24,VET,Sebastian Vettel,Aston Martin,ricard,Circuit Paul Ricard,14.0,12.0,0.07142857142857142,0.08333333333333333,15.0,9.0,0.0,2.0,12.11111111111111,10.8,0.0,6.333333333333333,3.0,0.0,19.0,12.347826086956522,2.0,1.0,0.5454545454545454,0.0,30.2,54.5,0.0,47.7,0
2022,13,Hungarian Grand Prix,2022-07-31,STR,Lance Stroll,Aston Martin,hungaroring,Hungaroring,14.0,14.0,0.07142857142857142,0.07142857142857142,4.0,12.0,0.0,0.0,12.166666666666666,12.0,0.0,14.25,4.0,1.0,19.0,12.291666666666666,2.0,1.0,0.5909090909090909,1.0,18.6,26.7,1.0,69.3,0
2022,13,Hungarian Grand Prix,2022-07-31,VET,Sebastian Vettel,Aston Martin,hungaroring,Hungaroring,18.0,18.0,0.05555555555555555,0.05555555555555555,15.0,10.0,0.0,2.0,12.0,11.0,0.0,7.75,4.0,0.0,19.0,12.24,2.0,1.0,0.5909090909090909,1.0,18.6,26.7,1.0,69.3,0
2022,14,Belgian Grand Prix,2022-08-28,STR,Lance Stroll,Aston Martin,spa,Circuit de Spa-Francorchamps,14.0,9.0,0.07142857142857142,0.1111111111111111,4.0,13.0,0.0,0.0,12.076923076923077,11.0,0.0,13.0,4.0,0.0,20.0,12.153846153846153,2.0,1.0,0.6363636363636364,0.0,21.8,36.1,0.0,40.5,0
2022,14,Belgian Grand Prix,2022-08-28,VET,Sebastian Vettel,Aston Martin,spa,Circuit de Spa-Francorchamps,16.0,10.0,0.0625,0.1,16.0,11.0,0.0,2.0,11.818181818181818,11.8,0.0,5.75,4.0,0.0,20.0,12.11111111111111,2.0,1.0,0.6363636363636364,0.0,21.8,36.1,0.0,40.5,0
2022,15,Dutch Grand Prix,2022-09-04,STR,Lance Stroll,Aston Martin,zandvoort,Circuit Park Zandvoort,10.0,10.0,0.1,0.1,4.0,14.0,0.0,0.0,12.0,11.2,0.0,12.0,1.0,0.0,24.0,11.964285714285714,2.0,1.0,0.6818181818181818,0.0,22.7,33.4,0.0,75.4,0
2022,15,Dutch Grand Prix,2022-09-04,VET,Sebastian Vettel,Aston Martin,zandvoort,Circuit Park Zandvoort,19.0,19.0,0.05263157894736842,0.05263157894736842,20.0,12.0,0.0,2.0,11.5,11.0,0.0,13.0,1.0,0.0,25.0,11.89655172413793,2.0,1.0,0.6818181818181818,0.0,22.7,33.4,0.0,75.4,0
2022,16,Italian Grand Prix,2022-09-11,STR,Lance Stroll,Aston Martin,monza,Autodromo Nazionale di Monza,18.0,12.0,0.05555555555555555,0.08333333333333333,5.0,15.0,0.0,0.0,11.866666666666667,11.0,0.0,7.75,4.0,0.0,25.0,11.966666666666667,2.0,1.0,0.7272727272727273,0.0,27.7,43.1,0.0,33.1,0
2022,16,Italian Grand Prix,2022-09-11,VET,Sebastian Vettel,Aston Martin,monza,Autodromo Nazionale di Monza,17.0,11.0,0.058823529411764705,0.09090909090909091,20.0,13.0,0.0,2.0,11.692307692307692,12.0,0.0,12.25,4.0,1.0,25.0,12.161290322580646,3.0,1.0,0.7272727272727273,0.0,27.7,43.1,0.0,33.1,0
2022,17,Singapore Grand Prix,2022-10-02,STR,Lance Stroll,Aston Martin,marina_bay,Marina Bay Street Circuit,12.0,11.0,0.08333333333333333,0.09090909090909091,5.0,16.0,0.0,1.0,12.25,12.0,1.0,13.5,2.0,0.0,25.0,12.40625,4.0,1.0,0.7727272727272727,1.0,26.2,29.0,1.0,87.4,0
2022,17,Singapore Grand Prix,2022-10-02,VET,Sebastian Vettel,Aston Martin,marina_bay,Marina Bay Street Circuit,14.0,13.0,0.07142857142857142,0.07692307692307693,20.0,14.0,0.0,3.0,12.285714285714286,12.6,1.0,2.0,2.0,0.0,33.0,12.212121212121213,4.0,1.0,0.7727272727272727,1.0,26.2,29.0,1.0,87.4,0
2022,18,Japanese Grand Prix,2022-10-09,STR,Lance Stroll,Aston Martin,suzuka,Suzuka Circuit,19.0,19.0,0.05263157894736842,0.05263157894736842,13.0,17.0,0.0,1.0,11.882352941176471,11.2,1.0,13.0,2.0,0.0,37.0,12.088235294117647,4.0,1.0,0.8181818181818182,1.0,16.7,19.9,1.0,86.2,0
2022,18,Japanese Grand Prix,2022-10-09,VET,Sebastian Vettel,Aston Martin,suzuka,Suzuka Circuit,9.0,9.0,0.1111111111111111,0.1111111111111111,24.0,15.0,0.0,3.0,12.0,12.0,1.0,4.0,2.0,0.0,37.0,12.085714285714285,4.0,1.0,0.8181818181818182,1.0,16.7,19.9,1.0,86.2,0
2022,19,United States Grand Prix,2022-10-23,STR,Lance Stroll,Aston Martin,americas,Circuit of the Americas,7.0,5.0,0.14285714285714285,0.2,13.0,18.0,0.0,1.0,11.88888888888889,11.4,1.0,13.0,3.0,0.0,45.0,11.916666666666666,4.0,1.0,0.8636363636363636,0.0,29.3,35.5,0.0,49.6,0
2022,19,United States Grand Prix,2022-10-23,VET,Sebastian Vettel,Aston Martin,americas,Circuit of the Americas,12.0,10.0,0.08333333333333333,0.1,32.0,16.0,0.0,3.0,11.625,11.2,1.0,11.333333333333334,3.0,0.0,45.0,12.08108108108108,5.0,1.0,0.8636363636363636,0.0,29.3,35.5,0.0,49.6,0
2022,20,Mexico City Grand Prix,2022-10-30,STR,Lance Stroll,Aston Martin,rodriguez,Autódromo Hermanos Rodríguez,18.0,20.0,0.05555555555555555,0.05,13.0,19.0,0.0,2.0,12.210526315789474,12.8,2.0,12.666666666666666,3.0,0.0,49.0,11.973684210526315,5.0,1.0,0.9090909090909091,0.0,24.3,41.7,0.0,34.4,0
2022,20,Mexico City Grand Prix,2022-10-30,VET,Sebastian Vettel,Aston Martin,rodriguez,Autódromo Hermanos Rodríguez,17.0,16.0,0.058823529411764705,0.0625,36.0,17.0,0.0,3.0,11.411764705882353,11.2,1.0,3.6666666666666665,3.0,0.0,49.0,12.051282051282051,5.0,1.0,0.9090909090909091,0.0,24.3,41.7,0.0,34.4,0
2022,21,São Paulo Grand Prix,2022-11-13,STR,Lance Stroll,Aston Martin,interlagos,Autódromo José Carlos Pace,15.0,15.0,0.06666666666666667,0.06666666666666667,13.0,20.0,0.0,2.0,12.35,13.8,2.0,19.0,3.0,1.0,49.0,12.1,5.0,1.0,0.9545454545454546,0.0,23.0,46.0,0.0,76.1,0
2022,21,São Paulo Grand Prix,2022-11-13,VET,Sebastian Vettel,Aston Martin,interlagos,Autódromo José Carlos Pace,13.0,9.0,0.07692307692307693,0.1111111111111111,36.0,18.0,0.0,3.0,11.555555555555555,11.2,1.0,11.333333333333334,3.0,1.0,50.0,12.048780487804878,5.0,1.0,0.9545454545454546,0.0,23.0,46.0,0.0,76.1,0
2022,22,Abu Dhabi Grand Prix,2022-11-20,STR,Lance Stroll,Aston Martin,yas_marina,Yas Marina Circuit,14.0,14.0,0.07142857142857142,0.07142857142857142,14.0,21.0,0.0,2.0,12.238095238095237,12.2,1.0,14.0,4.0,1.0,50.0,12.023809523809524,5.0,1.0,1.0,0.0,28.6,34.3,0.0,61.7,0
2022,22,Abu Dhabi Grand Prix,2022-11-20,VET,Sebastian Vettel,Aston Martin,yas_marina,Yas Marina Circuit,9.0,9.0,0.1111111111111111,0.1111111111111111,36.0,19.0,0.0,3.0,11.526315789473685,9.4,0.0,8.0,4.0,0.0,54.0,11.930232558139535,5.0,1.0,1.0,0.0,28.6,34.3,0.0,61.7,0
2023,1,Bahrain Grand Prix,2023-03-05,ALO,Fernando Alonso,Aston Martin,bahrain,Bahrain International Circuit,5.0,5.0,0.2,0.2,0.0,0.0,0.0,0.0,11.375,11.6,1.0,11.666666666666666,3.0,1.0,0.0,11.416666666666666,0.0,1.0,0.045454545454545456,0.0,27.4,31.0,0.0,21.5,0
2023,1,Bahrain Grand Prix,2023-03-05,STR,Lance Stroll,Aston Martin,bahrain,Bahrain International Circuit,8.0,8.0,0.125,0.125,0.0,0.0,0.0,0.0,11.375,12.6,1.0,12.0,6.0,1.0,15.0,3.0,0.0,1.0,0.045454545454545456,0.0,27.4,31.0,0.0,21.5,0
2023,2,Saudi Arabian Grand Prix,2023-03-19,ALO,Fernando Alonso,Aston Martin,jeddah,Jeddah Corniche Circuit,3.0,2.0,0.3333333333333333,0.5,15.0,1.0,0.0,0.0,3.0,10.8,1.0,14.5,2.0,0.0,23.0,4.5,0.0,1.0,0.09090909090909091,0.0,26.1,31.8,0.0,57.8,0
2023,2,Saudi Arabian Grand Prix,2023-03-19,STR,Lance Stroll,Aston Martin,jeddah,Jeddah Corniche Circuit,6.0,5.0,0.16666666666666666,0.2,8.0,1.0,0.0,0.0,6.0,11.4,1.0,12.0,2.0,0.0,38.0,4.0,0.0,1.0,0.09090909090909091,0.0,26.1,31.8,0.0,57.8,0
2023,3,Australian Grand Prix,2023-04-02,ALO,Fernando Alonso,Aston Martin,albert_park,Albert Park Grand Prix Circuit,4.0,4.0,0.25,0.25,30.0,2.0,0.0,0.0,3.0,10.0,1.0,11.0,2.0,0.0,38.0,8.0,1.0,1.0,0.13636363636363635,0.0,17.4,30.1,0.0,54.2,0
2023,3,Australian Grand Prix,2023-04-02,STR,Lance Stroll,Aston Martin,albert_park,Albert Park Grand Prix Circuit,6.0,6.0,0.16666666666666666,0.16666666666666666,8.0,2.0,0.0,1.0,13.0,11.8,1.0,11.666666666666666,3.0,0.0,53.0,7.0,1.0,1.0,0.13636363636363635,0.0,17.4,30.1,0.0,54.2,0
2023,4,Azerbaijan Grand Prix,2023-04-30,ALO,Fernando Alonso,Aston Martin,baku,Baku City Circuit,6.0,6.0,0.16666666666666666,0.16666666666666666,45.0,3.0,0.0,0.0,3.0,6.8,0.0,6.666666666666667,3.0,0.0,65.0,6.5,1.0,1.0,0.18181818181818182,0.0,24.9,41.2,0.0,49.2,0
2023,4,Azerbaijan Grand Prix,2023-04-30,STR,Lance Stroll,Aston Martin,baku,Baku City Circuit,9.0,9.0,0.1111111111111111,0.1111111111111111,20.0,3.0,0.0,1.0,10.0,9.6,1.0,13.0,4.0,1.0,77.0,6.142857142857143,1.0,1.0,0.18181818181818182,0.0,24.9,41.2,0.0,49.2,0
2023,5,Miami Grand Prix,2023-05-07,ALO,Fernando Alonso,Aston Martin,miami,Miami International Autodrome,2.0,2.0,0.5,0.5,57.0,4.0,0.0,0.0,3.25,6.6,0.0,11.0,1.0,0.0,83.0,6.25,1.0,1.0,0.22727272727272727,0.0,27.1,36.7,0.0,59.4,0
2023,5,Miami Grand Prix,2023-05-07,STR,Lance Stroll,Aston Martin,miami,Miami International Autodrome,18.0,18.0,0.05555555555555555,0.05555555555555555,26.0,4.0,0.0,1.0,9.25,9.0,1.0,10.0,1.0,0.0,98.0,5.888888888888889,1.0,1.0,0.22727272727272727,0.0,27.1,36.7,0.0,59.4,0
2023,6,Monaco Grand Prix,2023-05-28,ALO,Fernando Alonso,Aston Martin,monaco,Circuit de Monaco,2.0,2.0,0.5,0.5,72.0,5.0,0.0,0.0,3.2,3.2,0.0,13.333333333333334,3.0,1.0,98.0,6.5,1.0,1.0,0.2727272727272727,1.0,25.1,39.3,1.0,45.9,0
2023,6,Monaco Grand Prix,2023-05-28,STR,Lance Stroll,Aston Martin,monaco,Circuit de Monaco,14.0,14.0,0.07142857142857142,0.07142857142857142,26.0,5.0,0.0,1.0,9.8,9.8,1.0,13.75,4.0,0.0,116.0,6.090909090909091,1.0,1.0,0.2727272727272727,1.0,25.1,39.3,1.0,45.9,0
2023,7,Spanish Grand Prix,2023-06-04,ALO,Fernando Alonso,Aston Martin,catalunya,Circuit de Barcelona-Catalunya,9.0,8.0,0.1111111111111111,0.125,90.0,6.0,0.0,0.0,3.0,3.0,0.0,11.333333333333334,3.0,0.0,116.0,7.25,2.0,1.0,0.3181818181818182,0.0,22.7,33.8,0.0,63.1,0
2023,7,Spanish Grand Prix,2023-06-04,STR,Lance Stroll,Aston Martin,catalunya,Circuit de Barcelona-Catalunya,6.0,5.0,0.16666666666666666,0.2,26.0,6.0,0.0,2.0,11.5,12.6,2.0,12.0,5.0,1.0,122.0,7.230769230769231,2.0,1.0,0.3181818181818182,0.0,22.7,33.8,0.0,63.1,0
2023,8,Canadian Grand Prix,2023-06-18,ALO,Fernando Alonso,Aston Martin,villeneuve,Circuit Gilles Villeneuve,3.0,2.0,0.3333333333333333,0.5,96.0,7.0,0.0,0.0,3.5714285714285716,3.8,0.0,13.5,2.0,0.0,130.0,7.142857142857143,2.0,1.0,0.36363636363636365,0.0,18.5,30.6,0.0,63.9,0
2023,8,Canadian Grand Prix,2023-06-18,STR,Lance Stroll,Aston Martin,villeneuve,Circuit Gilles Villeneuve,13.0,16.0,0.07692307692307693,0.0625,34.0,7.0,0.0,2.0,10.714285714285714,9.8,1.0,13.0,3.0,1.0,148.0,6.8,2.0,1.0,0.36363636363636365,0.0,18.5,30.6,0.0,63.9,0
2023,9,Austrian Grand Prix,2023-07-02,ALO,Fernando Alonso,Aston Martin,red_bull_ring,Red Bull Ring,7.0,7.0,0.14285714285714285,0.14285714285714285,114.0,8.0,0.0,0.0,3.375,3.6,0.0,9.25,4.0,0.0,150.0,6.9375,2.0,1.0,0.4090909090909091,1.0,22.4,32.1,1.0,52.0,0
2023,9,Austrian Grand Prix,2023-07-02,STR,Lance Stroll,Aston Martin,red_bull_ring,Red Bull Ring,6.0,6.0,0.16666666666666666,0.16666666666666666,36.0,8.0,0.0,2.0,10.5,10.8,1.0,12.428571428571429,7.0,1.0,160.0,6.823529411764706,2.0,1.0,0.4090909090909091,1.0,22.4,32.1,1.0,52.0,0
2023,10,British Grand Prix,2023-07-09,ALO,Fernando Alonso,Aston Martin,silverstone,Silverstone Circuit,9.0,9.0,0.1111111111111111,0.1111111111111111,124.0,9.0,0.0,0.0,3.5555555555555554,3.8,0.0,6.666666666666667,3.0,0.0,162.0,6.944444444444445,2.0,1.0,0.45454545454545453,0.0,21.5,30.9,0.0,56.2,0
2023,10,British Grand Prix,2023-07-09,STR,Lance Stroll,Aston Martin,silverstone,Silverstone Circuit,12.0,12.0,0.08333333333333333,0.08333333333333333,38.0,9.0,0.0,2.0,10.333333333333334,11.2,1.0,9.833333333333334,6.0,0.0,168.0,6.947368421052632,2.0,1.0,0.45454545454545453,0.0,21.5,30.9,0.0,56.2,0
2023,11,Hungarian Grand Prix,2023-07-23,ALO,Fernando Alonso,Aston Martin,hungaroring,Hungaroring,8.0,8.0,0.125,0.125,130.0,10.0,0.0,0.0,3.9,4.6,0.0,6.666666666666667,3.0,0.0,168.0,7.3,2.0,1.0,0.5,0.0,28.8,48.6,0.0,32.8,0
2023,11,Hungarian Grand Prix,2023-07-23,STR,Lance Stroll,Aston Martin,hungaroring,Hungaroring,14.0,14.0,0.07142857142857142,0.07142857142857142,38.0,10.0,0.0,2.0,10.7,11.6,1.0,13.6,5.0,1.0,170.0,7.380952380952381,2.0,1.0,0.5,0.0,28.8,48.6,0.0,32.8,0
2023,12,Belgian Grand Prix,2023-07-30,ALO,Fernando Alonso,Aston Martin,spa,Circuit de Spa-Francorchamps,9.0,9.0,0.1111111111111111,0.1111111111111111,132.0,11.0,0.0,0.0,4.363636363636363,6.0,0.0,11.666666666666666,3.0,1.0,171.0,7.5,2.0,1.0,0.5454545454545454,1.0,17.9,28.2,1.0,61.9,0
2023,12,Belgian Grand Prix,2023-07-30,STR,Lance Stroll,Aston Martin,spa,Circuit de Spa-Francorchamps,10.0,10.0,0.1,0.1,39.0,11.0,0.0,2.0,10.636363636363637,9.6,0.0,12.6,5.0,0.0,181.0,7.391304347826087,2.0,1.0,0.5454545454545454,1.0,17.9,28.2,1.0,61.9,0
2023,13,Dutch Grand Prix,2023-08-27,ALO,Fernando Alonso,Aston Martin,zandvoort,Circuit Park Zandvoort,5.0,5.0,0.2,0.2,142.0,12.0,0.0,0.0,4.416666666666667,5.6,0.0,6.0,2.0,0.0,183.0,7.458333333333333,2.0,1.0,0.5909090909090909,1.0,16.8,24.9,1.0,70.8,0
2023,13,Dutch Grand Prix,2023-08-27,STR,Lance Stroll,Aston Martin,zandvoort,Circuit Park Zandvoort,11.0,11.0,0.09090909090909091,0.09090909090909091,41.0,12.0,0.0,2.0,10.5,10.2,0.0,11.0,2.0,0.0,202.0,7.24,2.0,1.0,0.5909090909090909,1.0,16.8,24.9,1.0,70.8,0
2023,14,Italian Grand Prix,2023-09-03,ALO,Fernando Alonso,Aston Martin,monza,Autodromo Nazionale di Monza,10.0,10.0,0.1,0.1,161.0,13.0,0.0,0.0,4.230769230769231,5.6,0.0,15.0,3.0,1.0,202.0,7.384615384615385,2.0,1.0,0.6363636363636364,0.0,29.3,42.9,0.0,42.3,0
2023,14,Italian Grand Prix,2023-09-03,STR,Lance Stroll,Aston Martin,monza,Autodromo Nazionale di Monza,20.0,20.0,0.05,0.05,41.0,13.0,0.0,2.0,10.538461538461538,10.6,0.0,9.8,5.0,1.0,204.0,7.444444444444445,2.0,1.0,0.6363636363636364,0.0,29.3,42.9,0.0,42.3,0
2023,15,Singapore Grand Prix,2023-09-17,ALO,Fernando Alonso,Aston Martin,marina_bay,Marina Bay Street Circuit,7.0,7.0,0.14285714285714285,0.14285714285714285,163.0,14.0,0.0,0.0,4.571428571428571,6.4,0.0,12.5,2.0,1.0,204.0,7.75,2.0,1.0,0.6818181818181818,0.0,29.8,36.4,0.0,72.0,0
2023,15,Singapore Grand Prix,2023-09-17,STR,Lance Stroll,Aston Martin,marina_bay,Marina Bay Street Circuit,20.0,0.0,0.05,1.0,41.0,14.0,0.0,2.0,10.928571428571429,12.0,0.0,11.0,3.0,0.0,204.0,8.0,2.0,1.0,0.6818181818181818,0.0,29.8,36.4,0.0,72.0,0
2023,16,Japanese Grand Prix,2023-09-24,ALO,Fernando Alonso,Aston Martin,suzuka,Suzuka Circuit,10.0,10.0,0.1,0.1,163.0,15.0,0.0,0.0,5.266666666666667,8.0,0.0,10.5,2.0,0.0,204.0,8.4,2.0,1.0,0.7272727272727273,0.0,27.3,42.1,0.0,42.3,0
2023,16,Japanese Grand Prix,2023-09-24,STR,Lance Stroll,Aston Martin,suzuka,Suzuka Circuit,17.0,17.0,0.058823529411764705,0.058823529411764705,41.0,15.0,0.0,2.0,11.533333333333333,13.2,0.0,12.666666666666666,3.0,0.0,208.0,8.387096774193548,2.0,1.0,0.7272727272727273,0.0,27.3,42.1,0.0,42.3,0
2023,17,Qatar Grand Prix,2023-10-08,ALO,Fernando Alonso,Aston Martin,losail,Losail International Circuit,4.0,4.0,0.25,0.25,167.0,16.0,0.0,0.0,5.4375,7.8,0.0,3.0,1.0,0.0,208.0,8.6875,3.0,1.0,0.7727272727272727,0.0,31.5,36.9,0.0,73.2,0
2023,17,Qatar Grand Prix,2023-10-08,STR,Lance Stroll,Aston Martin,losail,Losail International Circuit,17.0,16.0,0.058823529411764705,0.0625,41.0,16.0,0.0,3.0,11.9375,14.8,1.0,6.0,1.0,0.0,216.0,8.606060606060606,3.0,1.0,0.7727272727272727,0.0,31.5,36.9,0.0,73.2,0
2023,18,United States Grand Prix,2023-10-22,ALO,Fernando Alonso,Aston Martin,americas,Circuit of the Americas,17.0,19.0,0.058823529411764705,0.05263157894736842,175.0,17.0,0.0,0.0,5.470588235294118,8.0,0.0,14.333333333333334,3.0,1.0,216.0,8.676470588235293,3.0,1.0,0.8181818181818182,0.0,30.0,40.6,0.0,41.9,0
2023,18,United States Grand Prix,2023-10-22,STR,Lance Stroll,Aston Martin,americas,Circuit of the Americas,19.0,20.0,0.05263157894736842,0.05,41.0,17.0,0.0,3.0,11.882352941176471,15.2,1.0,14.25,4.0,1.0,216.0,8.885714285714286,4.0,1.0,0.8181818181818182,0.0,30.0,40.6,0.0,41.9,0
2023,19,Mexico City Grand Prix,2023-10-29,ALO,Fernando Alonso,Aston Martin,rodriguez,Autódromo Hermanos Rodríguez,13.0,13.0,0.07692307692307693,0.07692307692307693,175.0,18.0,0.0,1.0,6.055555555555555,10.8,1.0,16.0,3.0,2.0,222.0,8.833333333333334,4.0,1.0,0.8636363636363636,0.0,25.5,45.6,0.0,23.6,0
2023,19,Mexico City Grand Prix,2023-10-29,STR,Lance Stroll,Aston Martin,rodriguez,Autódromo Hermanos Rodríguez,18.0,0.0,0.05555555555555555,1.0,47.0,18.0,0.0,3.0,11.61111111111111,14.4,1.0,13.25,4.0,0.0,222.0,9.08108108108108,4.0,1.0,0.8636363636363636,0.0,25.5,45.6,0.0,23.6,0
2023,20,São Paulo Grand Prix,2023-11-05,ALO,Fernando Alonso,Aston Martin,interlagos,Autódromo José Carlos Pace,4.0,4.0,0.25,0.25,175.0,19.0,0.0,1.0,6.684210526315789,12.6,1.0,10.333333333333334,3.0,0.0,222.0,9.289473684210526,5.0,1.0,0.9090909090909091,1.0,20.5,46.8,1.0,58.2,0
2023,20,São Paulo Grand Prix,2023-11-05,STR,Lance Stroll,Aston Martin,interlagos,Autódromo José Carlos Pace,3.0,3.0,0.3333333333333333,0.3333333333333333,47.0,19.0,0.0,4.0,11.894736842105264,14.6,2.0,16.75,4.0,1.0,237.0,9.128205128205128,5.0,1.0,0.9090909090909091,1.0,20.5,46.8,1.0,58.2,0
2023,21,Las Vegas Grand Prix,2023-11-19,ALO,Fernando Alonso,Aston Martin,vegas,Las Vegas Strip Street Circuit,10.0,9.0,0.1,0.1111111111111111,190.0,20.0,0.0,1.0,6.5,10.2,1.0,10.0,0.0,0.0,247.0,9.025,5.0,1.0,0.9545454545454546,0.0,18.1,18.0,0.0,47.4,0
2023,21,Las Vegas Grand Prix,2023-11-19,STR,Lance Stroll,Aston Martin,vegas,Las Vegas Strip Street Circuit,14.0,19.0,0.07142857142857142,0.05263157894736842,57.0,20.0,0.0,4.0,11.55,11.6,2.0,10.0,0.0,0.0,249.0,9.024390243902438,5.0,1.0,0.9545454545454546,0.0,18.1,18.0,0.0,47.4,0
2023,22,Abu Dhabi Grand Prix,2023-11-26,ALO,Fernando Alonso,Aston Martin,yas_marina,Yas Marina Circuit,7.0,7.0,0.14285714285714285,0.14285714285714285,192.0,21.0,0.0,1.0,6.619047619047619,10.4,1.0,13.0,3.0,0.0,259.0,8.928571428571429,5.0,1.0,1.0,0.0,27.0,33.5,0.0,51.0,0
2023,22,Abu Dhabi Grand Prix,2023-11-26,STR,Lance Stroll,Aston Martin,yas_marina,Yas Marina Circuit,13.0,13.0,0.07692307692307693,0.07692307692307693,67.0,21.0,0.0,4.0,11.238095238095237,9.0,1.0,12.8,5.0,1.0,265.0,8.883720930232558,5.0,1.0,1.0,0.0,27.0,33.5,0.0,51.0,0
2024,1,Bahrain Grand Prix,2024-03-02,ALO,Fernando Alonso,Aston Martin,bahrain,Bahrain International Circuit,6.0,6.0,0.16666666666666666,0.16666666666666666,0.0,0.0,0.0,0.0,11.375,10.6,1.0,9.5,4.0,1.0,0.0,11.416666666666666,0.0,1.0,0.041666666666666664,0.0,18.2,23.7,0.0,48.8,0
2024,1,Bahrain Grand Prix,2024-03-02,STR,Lance Stroll,Aston Martin,bahrain,Bahrain International Circuit,12.0,12.0,0.08333333333333333,0.08333333333333333,0.0,0.0,0.0,0.0,11.375,8.8,1.0,11.142857142857142,7.0,1.0,2.0,9.0,0.0,1.0,0.041666666666666664,0.0,18.2,23.7,0.0,48.8,0
2024,2,Saudi Arabian Grand Prix,2024-03-09,ALO,Fernando Alonso,Aston Martin,jeddah,Jeddah Corniche Circuit,4.0,4.0,0.25,0.25,2.0,1.0,0.0,0.0,9.0,9.2,0.0,10.666666666666666,3.0,0.0,3.0,9.5,0.0,1.0,0.08333333333333333,0.0,25.5,31.6,0.0,62.3,0
2024,2,Saudi Arabian Grand Prix,2024-03-09,STR,Lance Stroll,Aston Martin,jeddah,Jeddah Corniche Circuit,10.0,10.0,0.1,0.1,1.0,1.0,0.0,0.0,10.0,9.4,1.0,14.666666666666666,3.0,1.0,13.0,8.0,0.0,1.0,0.08333333333333333,0.0,25.5,31.6,0.0,62.3,0
2024,3,Australian Grand Prix,2024-03-24,ALO,Fernando Alonso,Aston Martin,albert_park,Albert Park Grand Prix Circuit,10.0,10.0,0.1,0.1,12.0,2.0,0.0,0.0,7.0,6.6,0.0,8.333333333333334,3.0,0.0,13.0,10.75,1.0,1.0,0.125,0.0,20.6,38.4,0.0,44.5,0
2024,3,Australian Grand Prix,2024-03-24,STR,Lance Stroll,Aston Martin,albert_park,Albert Park Grand Prix Circuit,9.0,9.0,0.1111111111111111,0.1111111111111111,1.0,2.0,0.0,1.0,14.5,9.8,1.0,9.75,4.0,0.0,17.0,10.2,1.0,1.0,0.125,0.0,20.6,38.4,0.0,44.5,0
2024,4,Japanese Grand Prix,2024-04-07,ALO,Fernando Alonso,Aston Martin,suzuka,Suzuka Circuit,5.0,5.0,0.2,0.2,16.0,3.0,0.0,0.0,7.333333333333333,7.6,0.0,9.666666666666666,3.0,0.0,25.0,9.5,1.0,1.0,0.16666666666666666,0.0,21.7,37.5,0.0,43.4,0
2024,4,Japanese Grand Prix,2024-04-07,STR,Lance Stroll,Aston Martin,suzuka,Suzuka Circuit,16.0,16.0,0.0625,0.0625,9.0,3.0,0.0,1.0,11.666666666666666,10.0,1.0,14.0,4.0,1.0,33.0,9.0,1.0,1.0,0.16666666666666666,0.0,21.7,37.5,0.0,43.4,0
2024,5,Chinese Grand Prix,2024-04-21,ALO,Fernando Alonso,Aston Martin,shanghai,Shanghai International Circuit,3.0,3.0,0.3333333333333333,0.3333333333333333,24.0,4.0,0.0,0.0,7.0,7.0,0.0,7.0,1.0,0.0,33.0,9.375,1.0,1.0,0.20833333333333334,0.0,18.6,29.8,0.0,66.1,0
2024,5,Chinese Grand Prix,2024-04-21,STR,Lance Stroll,Aston Martin,shanghai,Shanghai International Circuit,11.0,11.0,0.09090909090909091,0.09090909090909091,9.0,4.0,0.0,1.0,11.75,11.4,1.0,13.0,2.0,0.0,40.0,9.11111111111111,1.0,1.0,0.20833333333333334,0.0,18.6,29.8,0.0,66.1,0
2024,6,Miami Grand Prix,2024-05-05,ALO,Fernando Alonso,Aston Martin,miami,Miami International Autodrome,15.0,15.0,0.06666666666666667,0.06666666666666667,31.0,5.0,0.0,0.0,7.0,7.0,0.0,7.0,2.0,0.0,40.0,9.7,1.0,1.0,0.25,0.0,28.5,44.7,0.0,59.0,0
2024,6,Miami Grand Prix,2024-05-05,STR,Lance Stroll,Aston Martin,miami,Miami International Autodrome,11.0,11.0,0.09090909090909091,0.09090909090909091,9.0,5.0,0.0,1.0,12.4,12.4,1.0,11.0,2.0,0.0,42.0,9.636363636363637,1.0,1.0,0.25,0.0,28.5,44.7,0.0,59.0,0
2024,7,Emilia Romagna Grand Prix,2024-05-19,ALO,Fernando Alonso,Aston Martin,imola,Autodromo Enzo e Dino Ferrari,19.0,20.0,0.05263157894736842,0.05,33.0,6.0,0.0,0.0,7.333333333333333,7.0,0.0,14.5,2.0,1.0,42.0,10.25,1.0,1.0,0.2916666666666667,0.0,25.1,42.0,0.0,48.4,0
2024,7,Emilia Romagna Grand Prix,2024-05-19,STR,Lance Stroll,Aston Martin,imola,Autodromo Enzo e Dino Ferrari,13.0,13.0,0.07692307692307693,0.07692307692307693,9.0,6.0,0.0,1.0,13.166666666666666,13.8,1.0,10.333333333333334,3.0,0.0,42.0,10.923076923076923,1.0,1.0,0.2916666666666667,0.0,25.1,42.0,0.0,48.4,0
2024,8,Monaco Grand Prix,2024-05-26,ALO,Fernando Alonso,Aston Martin,monaco,Circuit de Monaco,14.0,14.0,0.07142857142857142,0.07142857142857142,33.0,7.0,0.0,0.0,9.0,9.8,0.0,10.5,4.0,1.0,44.0,10.785714285714286,1.0,1.0,0.3333333333333333,0.0,21.6,46.3,0.0,64.0,0
2024,8,Monaco Grand Prix,2024-05-26,STR,Lance Stroll,Aston Martin,monaco,Circuit de Monaco,13.0,13.0,0.07692307692307693,0.07692307692307693,11.0,7.0,0.0,1.0,12.571428571428571,11.8,0.0,15.0,5.0,1.0,44.0,10.8,1.0,1.0,0.3333333333333333,0.0,21.6,46.3,0.0,64.0,0
2024,9,Canadian Grand Prix,2024-06-09,ALO,Fernando Alonso,Aston Martin,villeneuve,Circuit Gilles Villeneuve,6.0,6.0,0.16666666666666666,0.16666666666666666,33.0,8.0,0.0,0.0,9.25,10.4,0.0,9.666666666666666,3.0,0.0,44.0,11.0,1.0,1.0,0.375,1.0,17.8,24.6,1.0,73.4,0
2024,9,Canadian Grand Prix,2024-06-09,STR,Lance Stroll,Aston Martin,villeneuve,Circuit Gilles Villeneuve,9.0,9.0,0.1111111111111111,0.1111111111111111,11.0,8.0,0.0,1.0,12.75,13.4,0.0,12.0,4.0,1.0,52.0,10.705882352941176,1.0,1.0,0.375,1.0,17.8,24.6,1.0,73.4,0
2024,10,Spanish Grand Prix,2024-06-23,ALO,Fernando Alonso,Aston Martin,catalunya,Circuit de Barcelona-Catalunya,11.0,10.0,0.09090909090909091,0.1,41.0,9.0,0.0,0.0,8.88888888888889,10.4,0.0,10.25,4.0,0.0,58.0,10.5,1.0,1.0,0.4166666666666667,1.0,24.1,41.1,1.0,63.4,0
2024,10,Spanish Grand Prix,2024-06-23,STR,Lance Stroll,Aston Martin,catalunya,Circuit de Barcelona-Catalunya,14.0,14.0,0.07142857142857142,0.07142857142857142,17.0,9.0,0.0,1.0,12.11111111111111,12.4,0.0,11.0,6.0,1.0,58.0,10.578947368421053,1.0,1.0,0.4166666666666667,1.0,24.1,41.1,1.0,63.4,0
2024,11,Austrian Grand Prix,2024-06-30,ALO,Fernando Alonso,Aston Martin,red_bull_ring,Red Bull Ring,15.0,15.0,0.06666666666666667,0.06666666666666667,41.0,10.0,0.0,0.0,9.2,11.4,0.0,8.4,5.0,0.0,58.0,10.75,1.0,1.0,0.4583333333333333,1.0,29.4,46.4,1.0,35.0,0
2024,11,Austrian Grand Prix,2024-06-30,STR,Lance Stroll,Aston Martin,red_bull_ring,Red Bull Ring,17.0,17.0,0.058823529411764705,0.058823529411764705,17.0,10.0,0.0,1.0,12.3,12.2,0.0,12.0,8.0,1.0,58.0,11.095238095238095,1.0,1.0,0.4583333333333333,1.0,29.4,46.4,1.0,35.0,0
2024,12,British Grand Prix,2024-07-07,ALO,Fernando Alonso,Aston Martin,silverstone,Silverstone Circuit,10.0,10.0,0.1,0.1,41.0,11.0,0.0,0.0,10.0,13.2,0.0,6.75,4.0,0.0,58.0,11.181818181818182,1.0,1.0,0.5,1.0,15.8,27.7,1.0,67.3,0
2024,12,British Grand Prix,2024-07-07,STR,Lance Stroll,Aston Martin,silverstone,Silverstone Circuit,8.0,8.0,0.125,0.125,17.0,11.0,0.0,1.0,12.363636363636363,11.4,0.0,10.428571428571429,7.0,0.0,62.0,11.043478260869565,1.0,1.0,0.5,1.0,15.8,27.7,1.0,67.3,0
2024,13,Hungarian Grand Prix,2024-07-21,ALO,Fernando Alonso,Aston Martin,hungaroring,Hungaroring,7.0,7.0,0.14285714285714285,0.14285714285714285,45.0,12.0,0.0,0.0,9.833333333333334,11.0,0.0,7.25,4.0,0.0,68.0,10.875,1.0,1.0,0.5416666666666666,0.0,28.8,44.9,0.0,46.9,0
2024,13,Hungarian Grand Prix,2024-07-21,STR,Lance Stroll,Aston Martin,hungaroring,Hungaroring,8.0,8.0,0.125,0.125,23.0,12.0,0.0,1.0,11.916666666666666,11.0,0.0,13.0,6.0,1.0,68.0,10.88,1.0,1.0,0.5416666666666666,0.0,28.8,44.9,0.0,46.9,0
2024,14,Belgian Grand Prix,2024-07-28,ALO,Fernando Alonso,Aston Martin,spa,Circuit de Spa-Francorchamps,9.0,8.0,0.1111111111111111,0.125,45.0,13.0,0.0,0.0,9.923076923076923,11.0,0.0,10.0,4.0,1.0,69.0,10.846153846153847,1.0,1.0,0.5833333333333334,0.0,21.3,42.3,0.0,49.6,0
2024,14,Belgian Grand Prix,2024-07-28,STR,Lance Stroll,Aston Martin,spa,Circuit de Spa-Francorchamps,15.0,15.0,0.06666666666666667,0.06666666666666667,24.0,13.0,0.0,1.0,11.76923076923077,10.2,0.0,12.0,6.0,0.0,73.0,10.74074074074074,1.0,1.0,0.5833333333333334,0.0,21.3,42.3,0.0,49.6,0
2024,15,Dutch Grand Prix,2024-08-25,ALO,Fernando Alonso,Aston Martin,zandvoort,Circuit Park Zandvoort,7.0,7.0,0.14285714285714285,0.14285714285714285,49.0,14.0,0.0,0.0,9.785714285714286,11.4,0.0,4.666666666666667,3.0,0.0,73.0,10.75,1.0,1.0,0.625,0.0,19.0,30.8,0.0,61.0,0
2024,15,Dutch Grand Prix,2024-08-25,STR,Lance Stroll,Aston Martin,zandvoort,Circuit Park Zandvoort,8.0,8.0,0.125,0.125,24.0,14.0,0.0,1.0,11.714285714285714,11.0,0.0,11.0,3.0,0.0,74.0,10.724137931034482,1.0,1.0,0.625,0.0,19.0,30.8,0.0,61.0,0
2024,16,Italian Grand Prix,2024-09-01,ALO,Fernando Alonso,Aston Martin,monza,Autodromo Nazionale di Monza,11.0,11.0,0.09090909090909091,0.09090909090909091,50.0,15.0,0.0,0.0,9.8,11.0,0.0,13.5,4.0,1.0,74.0,10.8,1.0,1.0,0.6666666666666666,0.0,33.1,49.3,0.0,32.3,0
2024,16,Italian Grand Prix,2024-09-01,STR,Lance Stroll,Aston Martin,monza,Autodromo Nazionale di Monza,17.0,17.0,0.058823529411764705,0.058823529411764705,24.0,15.0,0.0,1.0,11.8,10.8,0.0,10.833333333333334,6.0,1.0,74.0,10.806451612903226,1.0,1.0,0.6666666666666666,0.0,33.1,49.3,0.0,32.3,0
2024,17,Azerbaijan Grand Prix,2024-09-15,ALO,Fernando Alonso,Aston Martin,baku,Baku City Circuit,8.0,7.0,0.125,0.14285714285714285,50.0,16.0,0.0,0.0,9.875,9.6,0.0,6.0,4.0,0.0,74.0,11.0625,1.0,1.0,0.7083333333333334,0.0,26.7,44.3,0.0,38.0,0
2024,17,Azerbaijan Grand Prix,2024-09-15,STR,Lance Stroll,Aston Martin,baku,Baku City Circuit,14.0,13.0,0.07142857142857142,0.07692307692307693,24.0,16.0,0.0,1.0,12.25,12.0,0.0,11.8,5.0,1.0,82.0,10.909090909090908,1.0,1.0,0.7083333333333334,0.0,26.7,44.3,0.0,38.0,0
2024,18,Singapore Grand Prix,2024-09-22,ALO,Fernando Alonso,Aston Martin,marina_bay,Marina Bay Street Circuit,7.0,7.0,0.14285714285714285,0.14285714285714285,58.0,17.0,0.0,0.0,9.647058823529411,9.2,0.0,13.333333333333334,3.0,1.0,82.0,11.147058823529411,2.0,1.0,0.75,0.0,30.8,36.4,0.0,74.7,0
2024,18,Singapore Grand Prix,2024-09-22,STR,Lance Stroll,Aston Martin,marina_bay,Marina Bay Street Circuit,17.0,17.0,0.058823529411764705,0.058823529411764705,24.0,17.0,0.0,2.0,12.647058823529411,14.4,1.0,13.25,4.0,0.0,86.0,11.057142857142857,2.0,1.0,0.75,0.0,30.8,36.4,0.0,74.7,0
2024,19,United States Grand Prix,2024-10-20,ALO,Fernando Alonso,Aston Martin,americas,Circuit of the Americas,8.0,7.0,0.125,0.14285714285714285,62.0,18.0,0.0,0.0,9.555555555555555,8.6,0.0,14.75,4.0,2.0,86.0,11.13888888888889,2.0,1.0,0.7916666666666666,0.0,28.1,46.6,0.0,35.5,0
2024,19,United States Grand Prix,2024-10-20,STR,Lance Stroll,Aston Martin,americas,Circuit of the Americas,14.0,13.0,0.07142857142857142,0.07692307692307693,24.0,18.0,0.0,2.0,12.722222222222221,15.2,1.0,12.8,5.0,1.0,86.0,11.18918918918919,2.0,1.0,0.7916666666666666,0.0,28.1,46.6,0.0,35.5,0
2024,20,Mexico City Grand Prix,2024-10-27,ALO,Fernando Alonso,Aston Martin,rodriguez,Autódromo Hermanos Rodríguez,13.0,13.0,0.07692307692307693,0.07692307692307693,62.0,19.0,0.0,0.0,9.736842105263158,9.6,0.0,16.5,4.0,2.0,86.0,11.289473684210526,2.0,1.0,0.8333333333333334,0.0,19.9,35.6,0.0,51.1,0
2024,20,Mexico City Grand Prix,2024-10-27,STR,Lance Stroll,Aston Martin,rodriguez,Autódromo Hermanos Rodríguez,14.0,14.0,0.07142857142857142,0.07142857142857142,24.0,19.0,0.0,2.0,12.842105263157896,16.0,1.0,14.0,5.0,1.0,86.0,11.461538461538462,3.0,1.0,0.8333333333333334,0.0,19.9,35.6,0.0,51.1,0
2024,21,São Paulo Grand Prix,2024-11-03,ALO,Fernando Alonso,Aston Martin,interlagos,Autódromo José Carlos Pace,9.0,9.0,0.1111111111111111,0.1111111111111111,62.0,20.0,0.0,1.0,10.15,11.2,1.0,8.5,4.0,0.0,86.0,11.45,3.0,1.0,0.875,1.0,21.7,25.8,1.0,85.3,0
2024,21,São Paulo Grand Prix,2024-11-03,STR,Lance Stroll,Aston Martin,interlagos,Autódromo José Carlos Pace,10.0,10.0,0.1,0.1,24.0,20.0,0.0,2.0,12.75,15.6,1.0,14.4,5.0,1.0,86.0,11.512195121951219,3.0,1.0,0.875,1.0,21.7,25.8,1.0,85.3,0
2024,22,Las Vegas Grand Prix,2024-11-23,ALO,Fernando Alonso,Aston Martin,vegas,Las Vegas Strip Street Circuit,17.0,16.0,0.058823529411764705,0.0625,62.0,21.0,0.0,1.0,10.333333333333334,11.8,1.0,9.0,1.0,0.0,86.0,11.69047619047619,3.0,1.0,0.9166666666666666,0.0,17.8,17.7,0.0,47.9,0
2024,22,Las Vegas Grand Prix,2024-11-23,STR,Lance Stroll,Aston Martin,vegas,Las Vegas Strip Street Circuit,20.0,18.0,0.05,0.05555555555555555,24.0,21.0,0.0,2.0,13.047619047619047,15.6,1.0,5.0,1.0,0.0,86.0,11.674418604651162,3.0,1.0,0.9166666666666666,0.0,17.8,17.7,0.0,47.9,0
2024,23,Qatar Grand Prix,2024-12-01,ALO,Fernando Alonso,Aston Martin,losail,Losail International Circuit,8.0,8.0,0.125,0.125,62.0,22.0,0.0,1.0,10.363636363636363,12.8,1.0,4.5,2.0,0.0,86.0,11.75,3.0,1.0,0.9583333333333334,0.0,18.9,22.8,0.0,57.3,0
2024,23,Qatar Grand Prix,2024-12-01,STR,Lance Stroll,Aston Martin,losail,Losail International Circuit,15.0,15.0,0.06666666666666667,0.06666666666666667,24.0,22.0,0.0,2.0,13.136363636363637,14.8,0.0,8.5,2.0,0.0,92.0,11.644444444444444,3.0,1.0,0.9583333333333334,0.0,18.9,22.8,0.0,57.3,0
2024,24,Abu Dhabi Grand Prix,2024-12-08,ALO,Fernando Alonso,Aston Martin,yas_marina,Yas Marina Circuit,8.0,8.0,0.125,0.125,68.0,23.0,0.0,1.0,10.217391304347826,12.6,1.0,11.5,4.0,0.0,92.0,11.782608695652174,4.0,1.0,1.0,0.0,26.8,31.8,0.0,51.4,0
2024,24,Abu Dhabi Grand Prix,2024-12-08,STR,Lance Stroll,Aston Martin,yas_marina,Yas Marina Circuit,13.0,13.0,0.07692307692307693,0.07692307692307693,24.0,23.0,0.0,3.0,13.347826086956522,15.6,1.0,12.333333333333334,6.0,1.0,94.0,11.72340425531915,4.0,1.0,1.0,0.0,26.8,31.8,0.0,51.4,0
2025,1,Australian Grand Prix,2025-03-16,ALO,Fernando Alonso,Aston Martin,albert_park,Albert Park Grand Prix Circuit,12.0,12.0,0.08333333333333333,0.08333333333333333,0.0,0.0,0.0,0.0,11.375,11.8,1.0,8.25,4.0,0.0,0.0,11.416666666666666,0.0,1.0,0.041666666666666664,1.0,15.7,18.9,1.0,78.4,0
2025,1,Australian Grand Prix,2025-03-16,STR,Lance Stroll,Aston Martin,albert_park,Albert Park Grand Prix Circuit,13.0,13.0,0.07692307692307693,0.07692307692307693,0.0,0.0,0.0,0.0,11.375,15.4,1.0,9.0,5.0,0.0,0.0,17.0,1.0,1.0,0.041666666666666664,1.0,15.7,18.9,1.0,78.4,0
2025,2,Chinese Grand Prix,2025-03-23,ALO,Fernando Alonso,Aston Martin,shanghai,Shanghai International Circuit,13.0,13.0,0.07692307692307693,0.07692307692307693,0.0,1.0,0.0,1.0,17.0,11.6,1.0,7.0,2.0,0.0,8.0,11.5,1.0,1.0,0.08333333333333333,0.0,27.2,35.8,0.0,18.2,0
2025,2,Chinese Grand Prix,2025-03-23,STR,Lance Stroll,Aston Martin,shanghai,Shanghai International Circuit,14.0,14.0,0.07142857142857142,0.07142857142857142,8.0,1.0,0.0,0.0,6.0,14.4,1.0,13.666666666666666,3.0,0.0,8.0,13.333333333333334,2.0,1.0,0.08333333333333333,0.0,27.2,35.8,0.0,18.2,0
2025,3,Japanese Grand Prix,2025-04-06,ALO,Fernando Alonso,Aston Martin,suzuka,Suzuka Circuit,13.0,12.0,0.07692307692307693,0.08333333333333333,0.0,2.0,0.0,2.0,17.0,12.2,2.0,8.75,4.0,0.0,10.0,12.25,2.0,1.0,0.125,0.0,14.4,20.5,0.0,76.4,0
2025,3,Japanese Grand Prix,2025-04-06,STR,Lance Stroll,Aston Martin,suzuka,Suzuka Circuit,20.0,20.0,0.05,0.05,10.0,2.0,0.0,0.0,7.5,12.4,1.0,13.6,5.0,1.0,10.0,12.0,2.0,1.0,0.125,0.0,14.4,20.5,0.0,76.4,0
2025,4,Bahrain Grand Prix,2025-04-13,ALO,Fernando Alonso,Aston Martin,bahrain,Bahrain International Circuit,13.0,13.0,0.07692307692307693,0.07692307692307693,0.0,3.0,0.0,2.0,15.0,12.2,2.0,9.4,5.0,1.0,10.0,13.333333333333334,2.0,1.0,0.16666666666666666,0.0,27.1,31.9,0.0,45.3,0
2025,4,Bahrain Grand Prix,2025-04-13,STR,Lance Stroll,Aston Martin,bahrain,Bahrain International Circuit,19.0,19.0,0.05263157894736842,0.05263157894736842,10.0,3.0,0.0,0.0,11.666666666666666,13.4,1.0,11.0,8.0,1.0,10.0,13.571428571428571,2.0,1.0,0.16666666666666666,0.0,27.1,31.9,0.0,45.3,0
2025,5,Saudi Arabian Grand Prix,2025-04-20,ALO,Fernando Alonso,Aston Martin,jeddah,Jeddah Corniche Circuit,13.0,13.0,0.07692307692307693,0.07692307692307693,0.0,4.0,0.0,2.0,15.0,13.8,2.0,9.25,4.0,0.0,10.0,14.0,2.0,1.0,0.20833333333333334,0.0,29.5,37.8,0.0,62.7,0
2025,5,Saudi Arabian Grand Prix,2025-04-20,STR,Lance Stroll,Aston Martin,jeddah,Jeddah Corniche Circuit,16.0,16.0,0.0625,0.0625,10.0,4.0,0.0,0.0,13.0,13.2,0.0,15.75,4.0,2.0,10.0,13.666666666666666,2.0,1.0,0.20833333333333334,0.0,29.5,37.8,0.0,62.7,0
2025,6,Miami Grand Prix,2025-05-04,ALO,Fernando Alonso,Aston Martin,miami,Miami International Autodrome,17.0,17.0,0.058823529411764705,0.058823529411764705,0.0,5.0,0.0,2.0,14.2,14.2,2.0,7.666666666666667,3.0,0.0,10.0,13.9,2.0,1.0,0.25,1.0,26.6,38.7,1.0,63.0,0
2025,6,Miami Grand Prix,2025-05-04,STR,Lance Stroll,Aston Martin,miami,Miami International Autodrome,19.0,18.0,0.05263157894736842,0.05555555555555555,10.0,5.0,0.0,0.0,13.6,13.6,0.0,13.0,3.0,0.0,10.0,14.0,2.0,1.0,0.25,1.0,26.6,38.7,1.0,63.0,0
2025,7,Emilia Romagna Grand Prix,2025-05-18,ALO,Fernando Alonso,Aston Martin,imola,Autodromo Enzo e Dino Ferrari,5.0,5.0,0.2,0.2,0.0,6.0,0.0,2.0,14.333333333333334,13.8,1.0,16.0,3.0,1.0,10.0,14.166666666666666,2.0,1.0,0.2916666666666667,0.0,24.0,42.7,0.0,38.3,0
2025,7,Emilia Romagna Grand Prix,2025-05-18,STR,Lance Stroll,Aston Martin,imola,Autodromo Enzo e Dino Ferrari,8.0,8.0,0.125,0.125,10.0,6.0,0.0,0.0,14.0,15.6,0.0,10.0,4.0,0.0,10.0,13.923076923076923,2.0,1.0,0.2916666666666667,0.0,24.0,42.7,0.0,38.3,0
2025,8,Monaco Grand Prix,2025-05-25,ALO,Fernando Alonso,Aston Martin,monaco,Circuit de Monaco,7.0,6.0,0.14285714285714285,0.16666666666666666,0.0,7.0,0.0,2.0,13.857142857142858,12.6,0.0,10.6,5.0,1.0,10.0,14.0,2.0,1.0,0.3333333333333333,0.0,22.2,43.3,0.0,52.5,0
2025,8,Monaco Grand Prix,2025-05-25,STR,Lance Stroll,Aston Martin,monaco,Circuit de Monaco,19.0,19.0,0.05263157894736842,0.05263157894736842,10.0,7.0,0.0,0.0,14.142857142857142,16.8,0.0,14.833333333333334,6.0,1.0,10.0,14.333333333333334,3.0,1.0,0.3333333333333333,0.0,22.2,43.3,0.0,52.5,0
2025,9,Spanish Grand Prix,2025-06-01,ALO,Fernando Alonso,Aston Martin,catalunya,Circuit de Barcelona-Catalunya,10.0,10.0,0.1,0.1,0.0,8.0,0.0,3.0,14.5,14.2,1.0,10.6,5.0,0.0,10.0,14.375,3.0,1.0,0.375,0.0,29.1,48.5,0.0,54.6,0
2025,10,Canadian Grand Prix,2025-06-15,ALO,Fernando Alonso,Aston Martin,villeneuve,Circuit Gilles Villeneuve,6.0,6.0,0.16666666666666666,0.16666666666666666,2.0,9.0,0.0,3.0,13.88888888888889,13.0,1.0,8.75,4.0,0.0,12.0,14.058823529411764,3.0,1.0,0.4166666666666667,1.0,24.0,49.3,1.0,28.0,0
2025,10,Canadian Grand Prix,2025-06-15,STR,Lance Stroll,Aston Martin,villeneuve,Circuit Gilles Villeneuve,18.0,17.0,0.05555555555555555,0.058823529411764705,10.0,8.0,0.0,0.0,14.25,15.8,0.0,11.0,5.0,1.0,18.0,13.666666666666666,3.0,1.0,0.4166666666666667,1.0,24.0,49.3,1.0,28.0,0
2025,11,Austrian Grand Prix,2025-06-29,ALO,Fernando Alonso,Aston Martin,red_bull_ring,Red Bull Ring,11.0,11.0,0.09090909090909091,0.09090909090909091,8.0,10.0,0.0,3.0,13.2,12.2,1.0,10.0,6.0,0.0,18.0,13.842105263157896,3.0,1.0,0.4583333333333333,0.0,30.3,49.2,0.0,32.0,0
2025,11,Austrian Grand Prix,2025-06-29,STR,Lance Stroll,Aston Martin,red_bull_ring,Red Bull Ring,16.0,16.0,0.0625,0.0625,10.0,9.0,0.0,0.0,14.555555555555555,15.8,0.0,12.11111111111111,9.0,1.0,24.0,13.5,3.0,1.0,0.4583333333333333,0.0,30.3,49.2,0.0,32.0,0
2025,12,British Grand Prix,2025-07-06,ALO,Fernando Alonso,Aston Martin,silverstone,Silverstone Circuit,9.0,7.0,0.1111111111111111,0.14285714285714285,14.0,11.0,0.0,3.0,12.636363636363637,10.6,1.0,7.0,5.0,0.0,24.0,13.523809523809524,3.0,1.0,0.5,1.0,17.9,23.6,1.0,78.4,0
2025,12,British Grand Prix,2025-07-06,STR,Lance Stroll,Aston Martin,silverstone,Silverstone Circuit,18.0,17.0,0.05555555555555555,0.058823529411764705,10.0,10.0,0.0,0.0,14.5,15.4,0.0,10.0,8.0,0.0,26.0,13.318181818181818,3.0,1.0,0.5,1.0,17.9,23.6,1.0,78.4,0
2025,13,Belgian Grand Prix,2025-07-27,ALO,Fernando Alonso,Aston Martin,spa,Circuit de Spa-Francorchamps,19.0,20.0,0.05263157894736842,0.05,16.0,12.0,0.0,3.0,12.333333333333334,10.2,1.0,9.6,5.0,1.0,32.0,13.043478260869565,3.0,1.0,0.5416666666666666,1.0,17.0,24.1,1.0,84.4,0
2025,13,Belgian Grand Prix,2025-07-27,STR,Lance Stroll,Aston Martin,spa,Circuit de Spa-Francorchamps,20.0,16.0,0.05,0.0625,16.0,11.0,0.0,0.0,13.818181818181818,13.6,0.0,11.857142857142858,7.0,0.0,32.0,13.208333333333334,3.0,1.0,0.5416666666666666,1.0,17.0,24.1,1.0,84.4,0
2025,14,Hungarian Grand Prix,2025-08-03,ALO,Fernando Alonso,Aston Martin,hungaroring,Hungaroring,5.0,5.0,0.2,0.2,16.0,13.0,0.0,3.0,12.692307692307692,9.8,0.0,8.0,5.0,0.0,32.0,13.24,3.0,1.0,0.5833333333333334,0.0,22.1,32.7,0.0,57.2,0
2025,14,Hungarian Grand Prix,2025-08-03,STR,Lance Stroll,Aston Martin,hungaroring,Hungaroring,6.0,6.0,0.16666666666666666,0.16666666666666666,16.0,12.0,0.0,0.0,13.833333333333334,13.4,0.0,12.571428571428571,7.0,1.0,42.0,12.923076923076923,3.0,1.0,0.5833333333333334,0.0,22.1,32.7,0.0,57.2,0
2025,15,Dutch Grand Prix,2025-08-31,ALO,Fernando Alonso,Aston Martin,zandvoort,Circuit Park Zandvoort,10.0,10.0,0.1,0.1,26.0,14.0,0.0,3.0,12.142857142857142,9.0,0.0,6.0,4.0,0.0,48.0,12.703703703703704,3.0,1.0,0.625,0.0,20.1,28.0,0.0,71.2,0
2025,15,Dutch Grand Prix,2025-08-31,STR,Lance Stroll,Aston Martin,zandvoort,Circuit Park Zandvoort,20.0,19.0,0.05,0.05263157894736842,22.0,13.0,0.0,0.0,13.307692307692308,11.8,0.0,11.5,4.0,0.0,52.0,12.535714285714286,3.0,1.0,0.625,0.0,20.1,28.0,0.0,71.2,0
2025,16,Italian Grand Prix,2025-09-07,ALO,Fernando Alonso,Aston Martin,monza,Autodromo Nazionale di Monza,9.0,8.0,0.1111111111111111,0.125,30.0,15.0,0.0,3.0,11.866666666666667,9.2,0.0,13.0,5.0,1.0,58.0,12.344827586206897,3.0,1.0,0.6666666666666666,0.0,26.8,43.3,0.0,42.6,0
2025,16,Italian Grand Prix,2025-09-07,STR,Lance Stroll,Aston Martin,monza,Autodromo Nazionale di Monza,17.0,16.0,0.058823529411764705,0.0625,28.0,14.0,0.0,0.0,12.857142857142858,9.8,0.0,12.0,7.0,1.0,58.0,12.566666666666666,4.0,1.0,0.6666666666666666,0.0,26.8,43.3,0.0,42.6,0
2025,17,Azerbaijan Grand Prix,2025-09-21,ALO,Fernando Alonso,Aston Martin,baku,Baku City Circuit,11.0,11.0,0.09090909090909091,0.09090909090909091,30.0,16.0,0.0,4.0,12.3125,11.6,1.0,6.0,5.0,0.0,58.0,12.741935483870968,4.0,1.0,0.7083333333333334,0.0,20.6,26.1,0.0,59.8,0
2025,17,Azerbaijan Grand Prix,2025-09-21,STR,Lance Stroll,Aston Martin,baku,Baku City Circuit,14.0,14.0,0.07142857142857142,0.07142857142857142,28.0,15.0,0.0,0.0,13.2,10.6,0.0,13.0,6.0,2.0,58.0,12.8125,4.0,1.0,0.7083333333333334,0.0,20.6,26.1,0.0,59.8,0
2025,18,Singapore Grand Prix,2025-10-05,ALO,Fernando Alonso,Aston Martin,marina_bay,Marina Bay Street Circuit,10.0,10.0,0.1,0.1,30.0,17.0,0.0,4.0,12.470588235294118,12.8,1.0,12.0,4.0,1.0,58.0,12.93939393939394,4.0,1.0,0.75,1.0,29.1,33.9,1.0,74.4,0
2025,18,Singapore Grand Prix,2025-10-05,STR,Lance Stroll,Aston Martin,marina_bay,Marina Bay Street Circuit,15.0,15.0,0.06666666666666667,0.06666666666666667,28.0,16.0,0.0,0.0,13.4375,12.6,0.0,13.4,5.0,0.0,64.0,12.764705882352942,4.0,1.0,0.75,1.0,29.1,33.9,1.0,74.4,0
2025,19,United States Grand Prix,2025-10-19,ALO,Fernando Alonso,Aston Martin,americas,Circuit of the Americas,10.0,10.0,0.1,0.1,36.0,18.0,0.0,4.0,12.166666666666666,10.8,1.0,14.4,5.0,2.0,64.0,12.771428571428572,4.0,1.0,0.7916666666666666,0.0,28.3,45.0,0.0,22.5,0
2025,19,United States Grand Prix,2025-10-19,STR,Lance Stroll,Aston Martin,americas,Circuit of the Americas,18.0,19.0,0.05555555555555555,0.05263157894736842,28.0,17.0,0.0,0.0,13.411764705882353,12.4,0.0,13.166666666666666,6.0,1.0,65.0,12.694444444444445,4.0,1.0,0.7916666666666666,0.0,28.3,45.0,0.0,22.5,0
2025,20,Mexico City Grand Prix,2025-10-26,ALO,Fernando Alonso,Aston Martin,rodriguez,Autódromo Hermanos Rodríguez,14.0,14.0,0.07142857142857142,0.07142857142857142,37.0,19.0,0.0,4.0,12.052631578947368,11.8,1.0,16.8,5.0,3.0,65.0,12.675675675675675,4.0,1.0,0.8333333333333334,0.0,26.4,50.6,0.0,23.2,0
2025,20,Mexico City Grand Prix,2025-10-26,STR,Lance Stroll,Aston Martin,rodriguez,Autódromo Hermanos Rodríguez,19.0,19.0,0.05263157894736842,0.05263157894736842,28.0,18.0,0.0,0.0,13.333333333333334,13.4,0.0,13.5,6.0,1.0,65.0,12.81578947368421,5.0,1.0,0.8333333333333334,0.0,26.4,50.6,0.0,23.2,0
2025,21,São Paulo Grand Prix,2025-11-09,ALO,Fernando Alonso,Aston Martin,interlagos,Autódromo José Carlos Pace,11.0,11.0,0.09090909090909091,0.09090909090909091,37.0,20.0,0.0,5.0,12.35,13.8,2.0,9.6,5.0,0.0,65.0,12.846153846153847,5.0,1.0,0.875,0.0,17.3,30.7,0.0,70.6,0
2025,21,São Paulo Grand Prix,2025-11-09,STR,Lance Stroll,Aston Martin,interlagos,Autódromo José Carlos Pace,14.0,14.0,0.07142857142857142,0.07142857142857142,28.0,19.0,0.0,0.0,13.368421052631579,14.8,0.0,15.166666666666666,6.0,1.0,65.0,12.875,5.0,1.0,0.875,0.0,17.3,30.7,0.0,70.6,0
2025,22,Las Vegas Grand Prix,2025-11-23,ALO,Fernando Alonso,Aston Martin,vegas,Las Vegas Strip Street Circuit,7.0,7.0,0.14285714285714285,0.14285714285714285,37.0,21.0,0.0,5.0,12.428571428571429,12.8,1.0,10.0,2.0,0.0,65.0,12.951219512195122,5.0,1.0,0.9166666666666666,0.0,16.7,19.5,0.0,37.8,0
2025,22,Las Vegas Grand Prix,2025-11-23,STR,Lance Stroll,Aston Martin,vegas,Las Vegas Strip Street Circuit,12.0,12.0,0.08333333333333333,0.08333333333333333,28.0,20.0,0.0,0.0,13.5,14.4,0.0,10.0,2.0,0.0,65.0,12.904761904761905,5.0,1.0,0.9166666666666666,0.0,16.7,19.5,0.0,37.8,0
2025,23,Qatar Grand Prix,2025-11-30,ALO,Fernando Alonso,Aston Martin,losail,Losail International Circuit,8.0,8.0,0.125,0.125,37.0,22.0,0.0,5.0,12.363636363636363,12.0,1.0,5.333333333333333,3.0,0.0,65.0,13.023255813953488,6.0,1.0,0.9583333333333334,0.0,22.6,28.2,0.0,69.0,0
2025,23,Qatar Grand Prix,2025-11-30,STR,Lance Stroll,Aston Martin,losail,Losail International Circuit,19.0,18.0,0.05263157894736842,0.05555555555555555,28.0,21.0,0.0,1.0,13.714285714285714,14.6,1.0,11.666666666666666,3.0,1.0,71.0,12.886363636363637,6.0,1.0,0.9583333333333334,0.0,22.6,28.2,0.0,69.0,0
2025,24,Abu Dhabi Grand Prix,2025-12-07,ALO,Fernando Alonso,Aston Martin,yas_marina,Yas Marina Circuit,6.0,6.0,0.16666666666666666,0.16666666666666666,43.0,23.0,0.0,5.0,12.130434782608695,12.0,1.0,11.0,5.0,0.0,71.0,12.977777777777778,7.0,1.0,1.0,0.0,26.7,31.1,0.0,60.4,0
2025,24,Abu Dhabi Grand Prix,2025-12-07,STR,Lance Stroll,Aston Martin,yas_marina,Yas Marina Circuit,15.0,15.0,0.06666666666666667,0.06666666666666667,28.0,22.0,0.0,2.0,13.863636363636363,15.4,2.0,12.571428571428571,7.0,1.0,79.0,12.826086956521738,7.0,1.0,1.0,0.0,26.7,31.1,0.0,60.4,0
2018,1,Australian Grand Prix,2018-03-25,RAI,Kimi Räikkönen,Ferrari,albert_park,Albert Park Grand Prix Circuit,2.0,2.0,0.5,0.5,0.0,0.0,0.0,0.0,11.375,11.0,0.0,10.0,0.0,0.0,0.0,11.416666666666666,0.0,0.0,0.047619047619047616,1.0,24.1,36.3,1.0,30.9,0
2018,1,Australian Grand Prix,2018-03-25,VET,Sebastian Vettel,Ferrari,albert_park,Albert Park Grand Prix Circuit,3.0,3.0,0.3333333333333333,0.3333333333333333,0.0,0.0,0.0,0.0,11.375,11.0,0.0,10.0,0.0,0.0,15.0,3.0,0.0,0.0,0.047619047619047616,1.0,24.1,36.3,1.0,30.9,1
2018,2,Bahrain Grand Prix,2018-04-08,RAI,Kimi Räikkönen,Ferrari,bahrain,Bahrain International Circuit,2.0,2.0,0.5,0.5,15.0,1.0,0.0,0.0,3.0,3.0,0.0,10.0,0.0,0.0,40.0,2.0,0.0,0.0,0.09523809523809523,0.0,28.0,32.2,0.0,47.4,0
2018,2,Bahrain Grand Prix,2018-04-08,VET,Sebastian Vettel,Ferrari,bahrain,Bahrain International Circuit,1.0,1.0,1.0,1.0,25.0,1.0,1.0,0.0,1.0,1.0,0.0,10.0,0.0,0.0,40.0,7.333333333333333,0.0,0.0,0.09523809523809523,0.0,28.0,32.2,0.0,47.4,1
2018,3,Chinese Grand Prix,2018-04-15,RAI,Kimi Räikkönen,Ferrari,shanghai,Shanghai International Circuit,2.0,2.0,0.5,0.5,15.0,2.0,0.0,0.0,10.5,10.5,0.0,10.0,0.0,0.0,65.0,5.75,0.0,0.0,0.14285714285714285,1.0,19.4,37.0,1.0,24.1,0
2018,3,Chinese Grand Prix,2018-04-15,VET,Sebastian Vettel,Ferrari,shanghai,Shanghai International Circuit,1.0,1.0,1.0,1.0,50.0,2.0,2.0,0.0,1.0,1.0,0.0,10.0,0.0,0.0,80.0,5.2,0.0,0.0,0.14285714285714285,1.0,19.4,37.0,1.0,24.1,0
2018,4,Azerbaijan Grand Prix,2018-04-29,RAI,Kimi Räikkönen,Ferrari,baku,Baku City Circuit,6.0,6.0,0.16666666666666666,0.16666666666666666,30.0,3.0,0.0,0.0,8.0,8.0,0.0,10.0,0.0,0.0,84.0,5.666666666666667,0.0,0.0,0.19047619047619047,0.0,16.7,25.3,0.0,45.7,0
2018,4,Azerbaijan Grand Prix,2018-04-29,VET,Sebastian Vettel,Ferrari,baku,Baku City Circuit,1.0,1.0,1.0,1.0,54.0,3.0,2.0,0.0,3.3333333333333335,3.3333333333333335,0.0,10.0,0.0,0.0,102.0,5.142857142857143,0.0,0.0,0.19047619047619047,0.0,16.7,25.3,0.0,45.7,0
2018,5,Spanish Grand Prix,2018-05-13,RAI,Kimi Räikkönen,Ferrari,catalunya,Circuit de Barcelona-Catalunya,4.0,4.0,0.25,0.25,48.0,4.0,0.0,0.0,6.5,6.5,0.0,10.0,0.0,0.0,114.0,5.0,0.0,0.0,0.23809523809523808,1.0,16.1,32.3,1.0,52.3,0
2018,5,Spanish Grand Prix,2018-05-13,VET,Sebastian Vettel,Ferrari,catalunya,Circuit de Barcelona-Catalunya,3.0,3.0,0.3333333333333333,0.3333333333333333,66.0,4.0,2.0,0.0,3.5,3.5,0.0,10.0,0.0,0.0,114.0,6.333333333333333,0.0,0.0,0.23809523809523808,1.0,16.1,32.3,1.0,52.3,0
2018,6,Monaco Grand Prix,2018-05-27,RAI,Kimi Räikkönen,Ferrari,monaco,Circuit de Monaco,4.0,4.0,0.25,0.25,48.0,5.0,0.0,0.0,8.6,8.6,0.0,10.0,0.0,0.0,126.0,6.1,0.0,0.0,0.2857142857142857,1.0,26.6,34.6,1.0,50.9,0
2018,6,Monaco Grand Prix,2018-05-27,VET,Sebastian Vettel,Ferrari,monaco,Circuit de Monaco,2.0,2.0,0.5,0.5,78.0,5.0,2.0,0.0,3.6,3.6,0.0,10.0,0.0,0.0,138.0,5.909090909090909,0.0,0.0,0.2857142857142857,1.0,26.6,34.6,1.0,50.9,0
2018,7,Canadian Grand Prix,2018-06-10,RAI,Kimi Räikkönen,Ferrari,villeneuve,Circuit Gilles Villeneuve,5.0,5.0,0.2,0.2,60.0,6.0,0.0,0.0,7.833333333333333,8.8,0.0,10.0,0.0,0.0,156.0,5.583333333333333,0.0,0.0,0.3333333333333333,0.0,20.5,36.9,0.0,27.8,0
2018,7,Canadian Grand Prix,2018-06-10,VET,Sebastian Vettel,Ferrari,villeneuve,Circuit Gilles Villeneuve,1.0,1.0,1.0,1.0,96.0,6.0,2.0,0.0,3.3333333333333335,3.8,0.0,10.0,0.0,0.0,164.0,5.615384615384615,0.0,0.0,0.3333333333333333,0.0,20.5,36.9,0.0,27.8,1
2018,8,French Grand Prix,2018-06-24,RAI,Kimi Räikkönen,Ferrari,ricard,Circuit Paul Ricard,6.0,6.0,0.16666666666666666,0.16666666666666666,68.0,7.0,0.0,0.0,7.571428571428571,6.4,0.0,10.0,0.0,0.0,189.0,5.285714285714286,0.0,0.0,0.38095238095238093,1.0,24.5,42.0,1.0,49.0,0
2018,8,French Grand Prix,2018-06-24,VET,Sebastian Vettel,Ferrari,ricard,Circuit Paul Ricard,3.0,3.0,0.3333333333333333,0.3333333333333333,121.0,7.0,3.0,0.0,3.0,3.8,0.0,10.0,0.0,0.0,204.0,5.133333333333334,0.0,0.0,0.38095238095238093,1.0,24.5,42.0,1.0,49.0,0
2018,9,Austrian Grand Prix,2018-07-01,RAI,Kimi Räikkönen,Ferrari,red_bull_ring,Red Bull Ring,4.0,3.0,0.25,0.3333333333333333,83.0,8.0,0.0,0.0,7.0,6.4,0.0,10.0,0.0,0.0,214.0,5.125,0.0,0.0,0.42857142857142855,0.0,23.2,45.9,0.0,37.1,0
2018,9,Austrian Grand Prix,2018-07-01,VET,Sebastian Vettel,Ferrari,red_bull_ring,Red Bull Ring,3.0,6.0,0.3333333333333333,0.16666666666666666,131.0,8.0,3.0,0.0,3.25,3.2,0.0,10.0,0.0,0.0,232.0,4.9411764705882355,0.0,0.0,0.42857142857142855,0.0,23.2,45.9,0.0,37.1,0
2018,10,British Grand Prix,2018-07-08,RAI,Kimi Räikkönen,Ferrari,silverstone,Silverstone Circuit,3.0,3.0,0.3333333333333333,0.3333333333333333,101.0,9.0,0.0,0.0,6.444444444444445,6.4,0.0,10.0,0.0,0.0,247.0,4.833333333333333,0.0,0.0,0.47619047619047616,0.0,27.4,52.2,0.0,38.7,0
2018,10,British Grand Prix,2018-07-08,VET,Sebastian Vettel,Ferrari,silverstone,Silverstone Circuit,2.0,2.0,0.5,0.5,146.0,9.0,3.0,0.0,3.2222222222222223,3.0,0.0,10.0,0.0,0.0,262.0,4.7368421052631575,0.0,0.0,0.47619047619047616,0.0,27.4,52.2,0.0,38.7,1
2018,11,German Grand Prix,2018-07-22,RAI,Kimi Räikkönen,Ferrari,hockenheimring,Hockenheimring,3.0,3.0,0.3333333333333333,0.3333333333333333,116.0,10.0,0.0,0.0,6.1,3.6,0.0,10.0,0.0,0.0,287.0,4.55,0.0,0.0,0.5238095238095238,1.0,26.4,40.7,1.0,54.8,0
2018,11,German Grand Prix,2018-07-22,VET,Sebastian Vettel,Ferrari,hockenheimring,Hockenheimring,1.0,1.0,1.0,1.0,171.0,10.0,4.0,0.0,3.0,2.4,0.0,10.0,0.0,0.0,302.0,4.476190476190476,0.0,0.0,0.5238095238095238,1.0,26.4,40.7,1.0,54.8,0
2018,12,Hungarian Grand Prix,2018-07-29,RAI,Kimi Räikkönen,Ferrari,hungaroring,Hungaroring,3.0,3.0,0.3333333333333333,0.3333333333333333,131.0,11.0,0.0,0.0,5.818181818181818,3.4,0.0,10.0,0.0,0.0,302.0,5.090909090909091,1.0,0.0,0.5714285714285714,0.0,33.8,51.1,0.0,33.0,0
2018,12,Hungarian Grand Prix,2018-07-29,VET,Sebastian Vettel,Ferrari,hungaroring,Hungaroring,4.0,4.0,0.25,0.25,171.0,11.0,4.0,1.0,4.363636363636363,5.6,1.0,10.0,0.0,0.0,317.0,5.0,1.0,0.0,0.5714285714285714,0.0,33.8,51.1,0.0,33.0,0
2018,13,Belgian Grand Prix,2018-08-26,RAI,Kimi Räikkönen,Ferrari,spa,Circuit de Spa-Francorchamps,6.0,6.0,0.16666666666666666,0.16666666666666666,146.0,12.0,0.0,0.0,5.583333333333333,2.8,0.0,10.0,0.0,0.0,335.0,4.875,1.0,0.0,0.6190476190476191,0.0,17.3,27.9,0.0,37.7,0
2018,13,Belgian Grand Prix,2018-08-26,VET,Sebastian Vettel,Ferrari,spa,Circuit de Spa-Francorchamps,2.0,2.0,0.5,0.5,189.0,12.0,4.0,1.0,4.166666666666667,5.8,1.0,10.0,0.0,0.0,335.0,5.36,2.0,0.0,0.6190476190476191,0.0,17.3,27.9,0.0,37.7,1
2018,14,Italian Grand Prix,2018-09-02,RAI,Kimi Räikkönen,Ferrari,monza,Autodromo Nazionale di Monza,1.0,1.0,1.0,1.0,146.0,13.0,0.0,1.0,6.461538461538462,5.6,1.0,10.0,0.0,0.0,360.0,5.1923076923076925,2.0,0.0,0.6666666666666666,1.0,22.2,30.8,1.0,63.8,0
2018,14,Italian Grand Prix,2018-09-02,VET,Sebastian Vettel,Ferrari,monza,Autodromo Nazionale di Monza,2.0,2.0,0.5,0.5,214.0,13.0,5.0,1.0,3.923076923076923,5.0,1.0,10.0,0.0,0.0,378.0,5.074074074074074,2.0,0.0,0.6666666666666666,1.0,22.2,30.8,1.0,63.8,0
2018,15,Singapore Grand Prix,2018-09-16,RAI,Kimi Räikkönen,Ferrari,marina_bay,Marina Bay Street Circuit,5.0,5.0,0.2,0.2,164.0,14.0,0.0,1.0,6.142857142857143,5.6,1.0,10.0,0.0,0.0,390.0,5.035714285714286,2.0,0.0,0.7142857142857143,0.0,29.9,33.1,0.0,66.0,0
2018,15,Singapore Grand Prix,2018-09-16,VET,Sebastian Vettel,Ferrari,marina_bay,Marina Bay Street Circuit,3.0,3.0,0.3333333333333333,0.3333333333333333,226.0,14.0,5.0,1.0,3.9285714285714284,5.2,1.0,10.0,0.0,0.0,400.0,5.0344827586206895,2.0,0.0,0.7142857142857143,0.0,29.9,33.1,0.0,66.0,0
2018,16,Russian Grand Prix,2018-09-30,RAI,Kimi Räikkönen,Ferrari,sochi,Sochi Autodrom,4.0,4.0,0.25,0.25,174.0,15.0,0.0,1.0,6.066666666666666,6.0,1.0,10.0,0.0,0.0,415.0,4.966666666666667,2.0,0.0,0.7619047619047619,1.0,24.8,29.9,1.0,61.3,0
2018,16,Russian Grand Prix,2018-09-30,VET,Sebastian Vettel,Ferrari,sochi,Sochi Autodrom,3.0,3.0,0.3333333333333333,0.3333333333333333,241.0,15.0,5.0,1.0,3.8666666666666667,5.6,1.0,10.0,0.0,0.0,427.0,4.935483870967742,2.0,0.0,0.7619047619047619,1.0,24.8,29.9,1.0,61.3,0
2018,17,Japanese Grand Prix,2018-10-07,RAI,Kimi Räikkönen,Ferrari,suzuka,Suzuka Circuit,4.0,4.0,0.25,0.25,186.0,16.0,0.0,1.0,5.9375,6.2,1.0,10.0,0.0,0.0,442.0,4.875,2.0,0.0,0.8095238095238095,0.0,28.3,37.2,0.0,50.5,0
2018,17,Japanese Grand Prix,2018-10-07,VET,Sebastian Vettel,Ferrari,suzuka,Suzuka Circuit,9.0,8.0,0.1111111111111111,0.125,256.0,16.0,5.0,1.0,3.8125,2.6,0.0,10.0,0.0,0.0,452.0,4.878787878787879,2.0,0.0,0.8095238095238095,0.0,28.3,37.2,0.0,50.5,0
2018,18,United States Grand Prix,2018-10-21,RAI,Kimi Räikkönen,Ferrari,americas,Circuit of the Americas,3.0,2.0,0.3333333333333333,0.5,196.0,17.0,0.0,1.0,5.882352941176471,6.6,1.0,10.0,0.0,0.0,460.0,4.911764705882353,2.0,0.0,0.8571428571428571,0.0,21.9,30.5,0.0,37.6,1
2018,18,United States Grand Prix,2018-10-21,VET,Sebastian Vettel,Ferrari,americas,Circuit of the Americas,2.0,5.0,0.5,0.2,264.0,17.0,5.0,1.0,3.9411764705882355,3.4,0.0,10.0,0.0,0.0,485.0,4.8,2.0,0.0,0.8571428571428571,0.0,21.9,30.5,0.0,37.6,0
2018,19,Mexican Grand Prix,2018-10-28,RAI,Kimi Räikkönen,Ferrari,rodriguez,Autódromo Hermanos Rodríguez,6.0,6.0,0.16666666666666666,0.16666666666666666,221.0,18.0,1.0,1.0,5.611111111111111,3.4,0.0,10.0,0.0,0.0,497.0,4.777777777777778,2.0,0.0,0.9047619047619048,0.0,20.1,34.5,0.0,50.7,0
2018,19,Mexican Grand Prix,2018-10-28,VET,Sebastian Vettel,Ferrari,rodriguez,Autódromo Hermanos Rodríguez,4.0,4.0,0.25,0.25,276.0,18.0,5.0,1.0,3.9444444444444446,4.0,0.0,10.0,0.0,0.0,512.0,4.72972972972973,2.0,0.0,0.9047619047619048,0.0,20.1,34.5,0.0,50.7,0
2018,20,Brazilian Grand Prix,2018-11-11,RAI,Kimi Räikkönen,Ferrari,interlagos,Autódromo José Carlos Pace,4.0,4.0,0.25,0.25,236.0,19.0,1.0,1.0,5.473684210526316,3.6,0.0,10.0,0.0,0.0,530.0,4.657894736842105,2.0,0.0,0.9523809523809523,0.0,23.8,40.1,0.0,75.4,0
2018,20,Brazilian Grand Prix,2018-11-11,VET,Sebastian Vettel,Ferrari,interlagos,Autódromo José Carlos Pace,2.0,2.0,0.5,0.5,294.0,19.0,5.0,1.0,3.8421052631578947,3.6,0.0,10.0,0.0,0.0,545.0,4.615384615384615,2.0,0.0,0.9523809523809523,0.0,23.8,40.1,0.0,75.4,0
2018,21,Abu Dhabi Grand Prix,2018-11-25,RAI,Kimi Räikkönen,Ferrari,yas_marina,Yas Marina Circuit,4.0,4.0,0.25,0.25,251.0,20.0,1.0,1.0,5.35,3.2,0.0,10.0,0.0,0.0,553.0,4.65,2.0,0.0,1.0,1.0,31.3,33.3,1.0,45.4,0
2018,21,Abu Dhabi Grand Prix,2018-11-25,VET,Sebastian Vettel,Ferrari,yas_marina,Yas Marina Circuit,3.0,3.0,0.3333333333333333,0.3333333333333333,302.0,20.0,5.0,1.0,3.95,4.2,0.0,10.0,0.0,0.0,553.0,5.0,2.0,0.0,1.0,1.0,31.3,33.3,1.0,45.4,0
2019,1,Australian Grand Prix,2019-03-17,LEC,Charles Leclerc,Ferrari,albert_park,Albert Park Grand Prix Circuit,5.0,5.0,0.2,0.2,0.0,0.0,0.0,0.0,11.375,10.8,1.0,13.0,1.0,0.0,0.0,11.416666666666666,0.0,0.0,0.047619047619047616,0.0,23.5,41.3,0.0,70.5,0
2019,1,Australian Grand Prix,2019-03-17,VET,Sebastian Vettel,Ferrari,albert_park,Albert Park Grand Prix Circuit,3.0,3.0,0.3333333333333333,0.3333333333333333,0.0,0.0,0.0,0.0,11.375,4.0,0.0,1.0,1.0,0.0,10.0,5.0,0.0,0.0,0.047619047619047616,0.0,23.5,41.3,0.0,70.5,0
2019,2,Bahrain Grand Prix,2019-03-31,LEC,Charles Leclerc,Ferrari,bahrain,Bahrain International Circuit,1.0,1.0,1.0,1.0,10.0,1.0,0.0,0.0,5.0,8.2,1.0,12.0,1.0,0.0,22.0,4.5,0.0,0.0,0.09523809523809523,0.0,26.2,28.6,0.0,53.4,0
2019,2,Bahrain Grand Prix,2019-03-31,VET,Sebastian Vettel,Ferrari,bahrain,Bahrain International Circuit,2.0,2.0,0.5,0.5,12.0,1.0,0.0,0.0,4.0,3.6,0.0,1.0,1.0,0.0,38.0,4.0,0.0,0.0,0.09523809523809523,0.0,26.2,28.6,0.0,53.4,0
2019,3,Chinese Grand Prix,2019-04-14,LEC,Charles Leclerc,Ferrari,shanghai,Shanghai International Circuit,4.0,4.0,0.25,0.25,26.0,2.0,0.0,0.0,4.0,5.8,0.0,19.0,1.0,0.0,48.0,4.25,0.0,0.0,0.14285714285714285,0.0,19.3,27.3,0.0,46.0,0
2019,3,Chinese Grand Prix,2019-04-14,VET,Sebastian Vettel,Ferrari,shanghai,Shanghai International Circuit,3.0,3.0,0.3333333333333333,0.3333333333333333,22.0,2.0,0.0,0.0,4.5,3.8,0.0,8.0,1.0,0.0,58.0,4.4,0.0,0.0,0.14285714285714285,0.0,19.3,27.3,0.0,46.0,0
2019,4,Azerbaijan Grand Prix,2019-04-28,LEC,Charles Leclerc,Ferrari,baku,Baku City Circuit,9.0,8.0,0.1111111111111111,0.125,36.0,3.0,0.0,0.0,4.333333333333333,5.4,0.0,6.0,1.0,0.0,73.0,4.166666666666667,0.0,0.0,0.19047619047619047,0.0,19.8,39.7,0.0,51.4,0
2019,4,Azerbaijan Grand Prix,2019-04-28,VET,Sebastian Vettel,Ferrari,baku,Baku City Circuit,3.0,3.0,0.3333333333333333,0.3333333333333333,37.0,3.0,0.0,0.0,4.0,4.0,0.0,4.0,1.0,0.0,84.0,4.285714285714286,0.0,0.0,0.19047619047619047,0.0,19.8,39.7,0.0,51.4,0
2019,5,Spanish Grand Prix,2019-05-12,LEC,Charles Leclerc,Ferrari,catalunya,Circuit de Barcelona-Catalunya,5.0,5.0,0.2,0.2,47.0,4.0,0.0,0.0,4.5,5.0,0.0,10.0,1.0,0.0,99.0,4.125,0.0,0.0,0.23809523809523808,0.0,20.1,40.7,0.0,54.7,0
2019,5,Spanish Grand Prix,2019-05-12,VET,Sebastian Vettel,Ferrari,catalunya,Circuit de Barcelona-Catalunya,3.0,3.0,0.3333333333333333,0.3333333333333333,52.0,4.0,0.0,0.0,3.75,3.4,0.0,4.0,1.0,0.0,109.0,4.222222222222222,0.0,0.0,0.23809523809523808,0.0,20.1,40.7,0.0,54.7,0
2019,6,Monaco Grand Prix,2019-05-26,LEC,Charles Leclerc,Ferrari,monaco,Circuit de Monaco,16.0,15.0,0.0625,0.06666666666666667,57.0,5.0,0.0,0.0,4.6,4.6,0.0,18.0,1.0,1.0,121.0,4.2,0.0,0.0,0.2857142857142857,1.0,22.8,32.7,1.0,52.7,0
2019,6,Monaco Grand Prix,2019-05-26,VET,Sebastian Vettel,Ferrari,monaco,Circuit de Monaco,4.0,4.0,0.25,0.25,64.0,5.0,0.0,0.0,3.8,3.8,0.0,2.0,1.0,0.0,121.0,5.636363636363637,1.0,0.0,0.2857142857142857,1.0,22.8,32.7,1.0,52.7,0
2019,7,Canadian Grand Prix,2019-06-09,LEC,Charles Leclerc,Ferrari,villeneuve,Circuit Gilles Villeneuve,3.0,3.0,0.3333333333333333,0.3333333333333333,57.0,6.0,0.0,1.0,7.166666666666667,7.6,1.0,10.0,1.0,0.0,139.0,5.333333333333333,1.0,0.0,0.3333333333333333,0.0,29.4,51.1,0.0,16.1,0
2019,7,Canadian Grand Prix,2019-06-09,VET,Sebastian Vettel,Ferrari,villeneuve,Circuit Gilles Villeneuve,1.0,1.0,1.0,1.0,82.0,6.0,0.0,0.0,3.5,3.4,0.0,1.0,1.0,0.0,154.0,5.153846153846154,1.0,0.0,0.3333333333333333,0.0,29.4,51.1,0.0,16.1,0
2019,8,French Grand Prix,2019-06-23,LEC,Charles Leclerc,Ferrari,ricard,Circuit Paul Ricard,3.0,3.0,0.3333333333333333,0.3333333333333333,72.0,7.0,0.0,1.0,6.571428571428571,7.6,1.0,10.0,1.0,0.0,172.0,4.928571428571429,1.0,0.0,0.38095238095238093,0.0,26.9,54.5,0.0,39.1,0
2019,8,French Grand Prix,2019-06-23,VET,Sebastian Vettel,Ferrari,ricard,Circuit Paul Ricard,7.0,7.0,0.14285714285714285,0.14285714285714285,100.0,7.0,0.0,0.0,3.2857142857142856,2.8,0.0,5.0,1.0,0.0,187.0,4.8,1.0,0.0,0.38095238095238093,0.0,26.9,54.5,0.0,39.1,0
2019,9,Austrian Grand Prix,2019-06-30,LEC,Charles Leclerc,Ferrari,red_bull_ring,Red Bull Ring,1.0,1.0,1.0,1.0,87.0,8.0,0.0,1.0,6.125,7.2,1.0,9.0,1.0,0.0,198.0,4.8125,1.0,0.0,0.42857142857142855,0.0,34.4,50.7,0.0,18.0,0
2019,9,Austrian Grand Prix,2019-06-30,VET,Sebastian Vettel,Ferrari,red_bull_ring,Red Bull Ring,10.0,9.0,0.1,0.1111111111111111,111.0,8.0,0.0,0.0,3.5,3.2,0.0,3.0,1.0,0.0,216.0,4.647058823529412,1.0,0.0,0.42857142857142855,0.0,34.4,50.7,0.0,18.0,0
2019,10,British Grand Prix,2019-07-14,LEC,Charles Leclerc,Ferrari,silverstone,Silverstone Circuit,3.0,3.0,0.3333333333333333,0.3333333333333333,105.0,9.0,0.0,1.0,5.666666666666667,6.6,1.0,19.0,1.0,0.0,228.0,4.611111111111111,1.0,0.0,0.47619047619047616,0.0,18.9,30.3,0.0,62.1,0
2019,10,British Grand Prix,2019-07-14,VET,Sebastian Vettel,Ferrari,silverstone,Silverstone Circuit,6.0,6.0,0.16666666666666666,0.16666666666666666,123.0,9.0,0.0,0.0,3.5555555555555554,3.4,0.0,1.0,1.0,0.0,243.0,4.526315789473684,1.0,0.0,0.47619047619047616,0.0,18.9,30.3,0.0,62.1,0
2019,11,German Grand Prix,2019-07-28,LEC,Charles Leclerc,Ferrari,hockenheimring,Hockenheimring,10.0,10.0,0.1,0.1,120.0,10.0,0.0,1.0,5.4,6.2,1.0,15.0,1.0,0.0,243.0,5.1,1.0,0.0,0.5238095238095238,1.0,21.5,26.4,1.0,87.8,0
2019,11,German Grand Prix,2019-07-28,VET,Sebastian Vettel,Ferrari,hockenheimring,Hockenheimring,20.0,20.0,0.05,0.05,123.0,10.0,0.0,0.0,4.8,5.8,0.0,18.0,1.0,1.0,243.0,5.666666666666667,2.0,0.0,0.5238095238095238,1.0,21.5,26.4,1.0,87.8,0
2019,12,Hungarian Grand Prix,2019-08-04,LEC,Charles Leclerc,Ferrari,hungaroring,Hungaroring,4.0,4.0,0.25,0.25,120.0,11.0,0.0,2.0,6.454545454545454,5.6,1.0,20.0,1.0,0.0,261.0,5.5,2.0,0.0,0.5714285714285714,0.0,25.7,44.1,0.0,33.9,0
2019,12,Hungarian Grand Prix,2019-08-04,VET,Sebastian Vettel,Ferrari,hungaroring,Hungaroring,5.0,5.0,0.2,0.2,141.0,11.0,0.0,0.0,4.545454545454546,5.8,0.0,2.0,1.0,0.0,273.0,5.434782608695652,2.0,0.0,0.5714285714285714,0.0,25.7,44.1,0.0,33.9,0
2019,13,Belgian Grand Prix,2019-09-01,LEC,Charles Leclerc,Ferrari,spa,Circuit de Spa-Francorchamps,1.0,1.0,1.0,1.0,132.0,12.0,0.0,2.0,6.25,5.8,1.0,18.0,1.0,1.0,288.0,5.333333333333333,2.0,0.0,0.6190476190476191,0.0,17.4,28.1,0.0,57.0,1
2019,13,Belgian Grand Prix,2019-09-01,VET,Sebastian Vettel,Ferrari,spa,Circuit de Spa-Francorchamps,2.0,2.0,0.5,0.5,156.0,12.0,0.0,0.0,4.416666666666667,6.0,0.0,1.0,1.0,0.0,313.0,5.16,2.0,0.0,0.6190476190476191,0.0,17.4,28.1,0.0,57.0,0
2019,14,Italian Grand Prix,2019-09-08,LEC,Charles Leclerc,Ferrari,monza,Autodromo Nazionale di Monza,1.0,1.0,1.0,1.0,157.0,13.0,1.0,2.0,5.846153846153846,5.4,1.0,11.0,1.0,0.0,326.0,5.115384615384615,2.0,0.0,0.6666666666666666,0.0,21.1,33.0,0.0,51.6,1
2019,14,Italian Grand Prix,2019-09-08,VET,Sebastian Vettel,Ferrari,monza,Autodromo Nazionale di Monza,4.0,4.0,0.25,0.25,169.0,13.0,0.0,0.0,4.384615384615385,5.8,0.0,4.0,1.0,0.0,351.0,4.962962962962963,2.0,0.0,0.6666666666666666,0.0,21.1,33.0,0.0,51.6,0
2019,15,Singapore Grand Prix,2019-09-22,LEC,Charles Leclerc,Ferrari,marina_bay,Marina Bay Street Circuit,1.0,1.0,1.0,1.0,182.0,14.0,2.0,2.0,5.5,5.2,1.0,9.0,1.0,0.0,351.0,5.25,2.0,0.0,0.7142857142857143,0.0,30.0,35.8,0.0,66.5,0
2019,15,Singapore Grand Prix,2019-09-22,VET,Sebastian Vettel,Ferrari,marina_bay,Marina Bay Street Circuit,3.0,3.0,0.3333333333333333,0.3333333333333333,169.0,14.0,0.0,0.0,5.0,7.6,0.0,3.0,1.0,0.0,369.0,5.137931034482759,2.0,0.0,0.7142857142857143,0.0,30.0,35.8,0.0,66.5,1
2019,16,Russian Grand Prix,2019-09-29,LEC,Charles Leclerc,Ferrari,sochi,Sochi Autodrom,1.0,1.0,1.0,1.0,200.0,15.0,2.0,2.0,5.266666666666667,5.0,1.0,7.0,1.0,0.0,394.0,5.0,2.0,0.0,0.7619047619047619,1.0,22.0,34.3,1.0,67.4,0
2019,16,Russian Grand Prix,2019-09-29,VET,Sebastian Vettel,Ferrari,sochi,Sochi Autodrom,3.0,3.0,0.3333333333333333,0.3333333333333333,194.0,15.0,1.0,0.0,4.733333333333333,4.6,0.0,3.0,1.0,0.0,409.0,4.935483870967742,2.0,0.0,0.7619047619047619,1.0,22.0,34.3,1.0,67.4,0
2019,17,Japanese Grand Prix,2019-10-13,LEC,Charles Leclerc,Ferrari,suzuka,Suzuka Circuit,2.0,2.0,0.5,0.5,215.0,16.0,2.0,2.0,5.125,2.2,0.0,18.0,1.0,0.0,409.0,5.34375,2.0,0.0,0.8095238095238095,0.0,21.6,32.2,0.0,57.5,0
2019,17,Japanese Grand Prix,2019-10-13,VET,Sebastian Vettel,Ferrari,suzuka,Suzuka Circuit,1.0,1.0,1.0,1.0,194.0,16.0,1.0,0.0,5.5625,7.8,0.0,6.0,1.0,0.0,417.0,5.363636363636363,2.0,0.0,0.8095238095238095,0.0,21.6,32.2,0.0,57.5,0
2019,18,Mexican Grand Prix,2019-10-27,LEC,Charles Leclerc,Ferrari,rodriguez,Autódromo Hermanos Rodríguez,2.0,1.0,0.5,1.0,223.0,17.0,2.0,2.0,5.176470588235294,2.6,0.0,7.0,1.0,0.0,435.0,5.264705882352941,2.0,0.0,0.8571428571428571,0.0,23.2,41.6,0.0,46.3,0
2019,18,Mexican Grand Prix,2019-10-27,VET,Sebastian Vettel,Ferrari,rodriguez,Autódromo Hermanos Rodríguez,3.0,2.0,0.3333333333333333,0.5,212.0,17.0,1.0,0.0,5.352941176470588,7.6,0.0,2.0,1.0,0.0,448.0,5.228571428571429,2.0,0.0,0.8571428571428571,0.0,23.2,41.6,0.0,46.3,0
2019,19,United States Grand Prix,2019-11-03,LEC,Charles Leclerc,Ferrari,americas,Circuit of the Americas,4.0,4.0,0.25,0.25,236.0,18.0,2.0,2.0,5.111111111111111,3.2,0.0,15.0,1.0,1.0,466.0,5.138888888888889,2.0,0.0,0.9047619047619048,0.0,21.5,29.1,0.0,29.2,0
2019,19,United States Grand Prix,2019-11-03,VET,Sebastian Vettel,Ferrari,americas,Circuit of the Americas,2.0,2.0,0.5,0.5,230.0,18.0,1.0,0.0,5.166666666666667,7.2,0.0,4.0,1.0,0.0,479.0,5.108108108108108,2.0,0.0,0.9047619047619048,0.0,21.5,29.1,0.0,29.2,0
2019,20,Brazilian Grand Prix,2019-11-17,LEC,Charles Leclerc,Ferrari,interlagos,Autódromo José Carlos Pace,4.0,14.0,0.25,0.07142857142857142,249.0,19.0,2.0,2.0,5.052631578947368,3.8,0.0,7.0,1.0,0.0,479.0,5.5,2.0,0.0,0.9523809523809523,0.0,21.0,46.5,0.0,60.3,0
2019,20,Brazilian Grand Prix,2019-11-17,VET,Sebastian Vettel,Ferrari,interlagos,Autódromo José Carlos Pace,2.0,2.0,0.5,0.5,230.0,19.0,1.0,0.0,5.947368421052632,8.6,0.0,6.0,1.0,0.0,479.0,5.82051282051282,3.0,0.0,0.9523809523809523,0.0,21.0,46.5,0.0,60.3,0
2019,21,Abu Dhabi Grand Prix,2019-12-01,LEC,Charles Leclerc,Ferrari,yas_marina,Yas Marina Circuit,4.0,3.0,0.25,0.3333333333333333,249.0,20.0,2.0,3.0,5.7,7.0,1.0,7.0,1.0,0.0,479.0,6.1,4.0,0.0,1.0,0.0,26.0,29.6,0.0,64.5,0
2019,21,Abu Dhabi Grand Prix,2019-12-01,VET,Sebastian Vettel,Ferrari,yas_marina,Yas Marina Circuit,5.0,4.0,0.2,0.25,230.0,20.0,1.0,1.0,6.5,11.8,1.0,2.0,1.0,0.0,494.0,6.024390243902439,4.0,0.0,1.0,0.0,26.0,29.6,0.0,64.5,0
2020,1,Austrian Grand Prix,2020-07-05,LEC,Charles Leclerc,Ferrari,red_bull_ring,Red Bull Ring,7.0,7.0,0.14285714285714285,0.14285714285714285,0.0,0.0,0.0,0.0,11.375,7.0,1.0,5.5,2.0,0.0,0.0,11.416666666666666,0.0,0.0,0.058823529411764705,0.0,28.7,52.0,0.0,33.8,0
2020,1,Austrian Grand Prix,2020-07-05,VET,Sebastian Vettel,Ferrari,red_bull_ring,Red Bull Ring,11.0,11.0,0.09090909090909091,0.09090909090909091,0.0,0.0,0.0,0.0,11.375,9.2,1.0,3.5,2.0,0.0,18.0,2.0,0.0,0.0,0.058823529411764705,0.0,28.7,52.0,0.0,33.8,0
2020,2,Styrian Grand Prix,2020-07-12,LEC,Charles Leclerc,Ferrari,red_bull_ring,Red Bull Ring,11.0,14.0,0.09090909090909091,0.07142857142857142,18.0,1.0,0.0,0.0,2.0,6.2,1.0,4.333333333333333,3.0,0.0,19.0,6.0,0.0,0.0,0.11764705882352941,1.0,20.8,39.9,1.0,34.0,0
2020,2,Styrian Grand Prix,2020-07-12,VET,Sebastian Vettel,Ferrari,red_bull_ring,Red Bull Ring,10.0,10.0,0.1,0.1,1.0,1.0,0.0,0.0,10.0,10.8,1.0,5.666666666666667,3.0,0.0,19.0,10.333333333333334,1.0,0.0,0.11764705882352941,1.0,20.8,39.9,1.0,34.0,0
2020,3,Hungarian Grand Prix,2020-07-19,LEC,Charles Leclerc,Ferrari,hungaroring,Hungaroring,6.0,6.0,0.16666666666666666,0.16666666666666666,18.0,2.0,0.0,1.0,10.5,9.2,2.0,12.0,2.0,0.0,19.0,12.75,2.0,0.0,0.17647058823529413,1.0,20.7,27.1,1.0,77.2,0
2020,3,Hungarian Grand Prix,2020-07-19,VET,Sebastian Vettel,Ferrari,hungaroring,Hungaroring,5.0,5.0,0.2,0.2,1.0,2.0,0.0,1.0,15.0,14.4,2.0,2.5,2.0,0.0,19.0,12.4,2.0,0.0,0.17647058823529413,1.0,20.7,27.1,1.0,77.2,0
2020,4,British Grand Prix,2020-08-02,LEC,Charles Leclerc,Ferrari,silverstone,Silverstone Circuit,4.0,4.0,0.25,0.25,18.0,3.0,0.0,1.0,10.666666666666666,10.6,2.0,11.0,2.0,0.0,27.0,11.333333333333334,2.0,0.0,0.23529411764705882,0.0,21.3,40.6,0.0,44.2,0
2020,4,British Grand Prix,2020-08-02,VET,Sebastian Vettel,Ferrari,silverstone,Silverstone Circuit,10.0,10.0,0.1,0.1,9.0,3.0,0.0,1.0,12.0,11.6,2.0,8.5,2.0,0.0,42.0,10.142857142857142,2.0,0.0,0.23529411764705882,0.0,21.3,40.6,0.0,44.2,0
2020,5,70th Anniversary Grand Prix,2020-08-09,LEC,Charles Leclerc,Ferrari,silverstone,Silverstone Circuit,8.0,8.0,0.125,0.125,33.0,4.0,0.0,1.0,8.75,7.6,1.0,8.333333333333334,3.0,0.0,43.0,10.125,2.0,0.0,0.29411764705882354,0.0,25.3,43.2,0.0,58.6,0
2020,5,70th Anniversary Grand Prix,2020-08-09,VET,Sebastian Vettel,Ferrari,silverstone,Silverstone Circuit,12.0,11.0,0.08333333333333333,0.09090909090909091,10.0,4.0,0.0,1.0,11.5,10.2,1.0,9.0,3.0,0.0,55.0,9.444444444444445,2.0,0.0,0.29411764705882354,0.0,25.3,43.2,0.0,58.6,0
2020,6,Spanish Grand Prix,2020-08-16,LEC,Charles Leclerc,Ferrari,catalunya,Circuit de Barcelona-Catalunya,9.0,9.0,0.1111111111111111,0.1111111111111111,45.0,5.0,0.0,1.0,7.8,7.8,1.0,7.5,2.0,0.0,55.0,9.7,2.0,0.0,0.35294117647058826,0.0,29.8,47.6,0.0,56.4,0
2020,6,Spanish Grand Prix,2020-08-16,VET,Sebastian Vettel,Ferrari,catalunya,Circuit de Barcelona-Catalunya,11.0,11.0,0.09090909090909091,0.09090909090909091,10.0,5.0,0.0,1.0,11.6,11.6,1.0,4.0,2.0,0.0,55.0,10.636363636363637,2.0,0.0,0.35294117647058826,0.0,29.8,47.6,0.0,56.4,0
2020,7,Belgian Grand Prix,2020-08-30,LEC,Charles Leclerc,Ferrari,spa,Circuit de Spa-Francorchamps,13.0,13.0,0.07692307692307693,0.07692307692307693,45.0,6.0,0.0,1.0,9.833333333333334,11.4,1.0,9.5,2.0,1.0,61.0,10.333333333333334,2.0,0.0,0.4117647058823529,0.0,18.6,29.8,0.0,54.9,0
2020,7,Belgian Grand Prix,2020-08-30,VET,Sebastian Vettel,Ferrari,spa,Circuit de Spa-Francorchamps,14.0,14.0,0.07142857142857142,0.07142857142857142,16.0,6.0,0.0,1.0,10.833333333333334,11.0,1.0,2.5,2.0,0.0,61.0,10.615384615384615,2.0,0.0,0.4117647058823529,0.0,18.6,29.8,0.0,54.9,0
2020,8,Italian Grand Prix,2020-09-06,LEC,Charles Leclerc,Ferrari,monza,Autodromo Nazionale di Monza,13.0,13.0,0.07692307692307693,0.07692307692307693,45.0,7.0,0.0,1.0,10.428571428571429,10.4,0.0,6.0,2.0,0.0,61.0,10.785714285714286,2.0,0.0,0.47058823529411764,0.0,28.1,41.2,0.0,40.1,0
2020,8,Italian Grand Prix,2020-09-06,VET,Sebastian Vettel,Ferrari,monza,Autodromo Nazionale di Monza,17.0,17.0,0.058823529411764705,0.058823529411764705,16.0,7.0,0.0,1.0,11.142857142857142,9.6,0.0,8.5,2.0,0.0,61.0,11.266666666666667,3.0,0.0,0.47058823529411764,0.0,28.1,41.2,0.0,40.1,0
2020,9,Tuscan Grand Prix,2020-09-13,LEC,Charles Leclerc,Ferrari,mugello,Autodromo Internazionale del Mugello,5.0,5.0,0.2,0.2,45.0,8.0,0.0,2.0,11.375,11.8,1.0,10.0,0.0,0.0,61.0,11.8125,4.0,0.0,0.5294117647058824,0.0,30.2,43.1,0.0,39.9,0
2020,9,Tuscan Grand Prix,2020-09-13,VET,Sebastian Vettel,Ferrari,mugello,Autodromo Internazionale del Mugello,14.0,14.0,0.07142857142857142,0.07142857142857142,16.0,8.0,0.0,2.0,12.25,12.4,1.0,10.0,0.0,0.0,65.0,11.588235294117647,4.0,0.0,0.5294117647058824,0.0,30.2,43.1,0.0,39.9,0
2020,10,Russian Grand Prix,2020-09-27,LEC,Charles Leclerc,Ferrari,sochi,Sochi Autodrom,11.0,10.0,0.09090909090909091,0.1,49.0,9.0,0.0,2.0,11.0,12.8,1.0,5.0,2.0,0.0,66.0,11.5,4.0,0.0,0.5882352941176471,0.0,28.8,40.3,0.0,51.4,0
2020,10,Russian Grand Prix,2020-09-27,VET,Sebastian Vettel,Ferrari,sochi,Sochi Autodrom,15.0,14.0,0.06666666666666667,0.07142857142857142,17.0,9.0,0.0,2.0,12.0,12.4,1.0,10.5,2.0,0.0,74.0,11.210526315789474,4.0,0.0,0.5882352941176471,0.0,28.8,40.3,0.0,51.4,0
2020,11,Eifel Grand Prix,2020-10-11,LEC,Charles Leclerc,Ferrari,nurburgring,Nürburgring,4.0,4.0,0.25,0.25,57.0,10.0,0.0,2.0,10.5,13.2,1.0,10.0,0.0,0.0,74.0,11.3,4.0,0.0,0.6470588235294118,1.0,9.5,16.4,1.0,59.4,0
2020,11,Eifel Grand Prix,2020-10-11,VET,Sebastian Vettel,Ferrari,nurburgring,Nürburgring,11.0,11.0,0.09090909090909091,0.09090909090909091,17.0,10.0,0.0,2.0,12.1,12.6,1.0,10.0,0.0,0.0,80.0,11.095238095238095,4.0,0.0,0.6470588235294118,1.0,9.5,16.4,1.0,59.4,0
2020,12,Portuguese Grand Prix,2020-10-25,LEC,Charles Leclerc,Ferrari,portimao,Autódromo Internacional do Algarve,4.0,4.0,0.25,0.25,63.0,11.0,0.0,2.0,10.181818181818182,10.6,1.0,10.0,0.0,0.0,80.0,11.090909090909092,4.0,0.0,0.7058823529411765,0.0,20.5,25.7,0.0,67.5,0
2020,12,Portuguese Grand Prix,2020-10-25,VET,Sebastian Vettel,Ferrari,portimao,Autódromo Internacional do Algarve,15.0,15.0,0.06666666666666667,0.06666666666666667,17.0,11.0,0.0,2.0,12.0,13.4,1.0,10.0,0.0,0.0,92.0,10.782608695652174,4.0,0.0,0.7058823529411765,0.0,20.5,25.7,0.0,67.5,0
2020,13,Emilia Romagna Grand Prix,2020-11-01,LEC,Charles Leclerc,Ferrari,imola,Autodromo Enzo e Dino Ferrari,7.0,7.0,0.14285714285714285,0.14285714285714285,75.0,12.0,0.0,2.0,9.666666666666666,8.6,1.0,10.0,0.0,0.0,93.0,10.75,4.0,0.0,0.7647058823529411,0.0,18.0,23.3,0.0,71.1,0
2020,13,Emilia Romagna Grand Prix,2020-11-01,VET,Sebastian Vettel,Ferrari,imola,Autodromo Enzo e Dino Ferrari,14.0,14.0,0.07142857142857142,0.07142857142857142,18.0,12.0,0.0,2.0,11.833333333333334,12.8,1.0,10.0,0.0,0.0,103.0,10.52,4.0,0.0,0.7647058823529411,0.0,18.0,23.3,0.0,71.1,0
2020,14,Turkish Grand Prix,2020-11-15,LEC,Charles Leclerc,Ferrari,istanbul,Istanbul Park,14.0,12.0,0.07142857142857142,0.08333333333333333,85.0,13.0,0.0,2.0,9.307692307692308,6.0,0.0,10.0,0.0,0.0,103.0,10.576923076923077,4.0,0.0,0.8235294117647058,1.0,13.1,15.2,1.0,80.2,0
2020,14,Turkish Grand Prix,2020-11-15,VET,Sebastian Vettel,Ferrari,istanbul,Istanbul Park,12.0,11.0,0.08333333333333333,0.09090909090909091,18.0,13.0,0.0,2.0,11.846153846153847,11.2,0.0,10.0,0.0,0.0,115.0,10.333333333333334,4.0,0.0,0.8235294117647058,1.0,13.1,15.2,1.0,80.2,0
2020,15,Bahrain Grand Prix,2020-11-29,LEC,Charles Leclerc,Ferrari,bahrain,Bahrain International Circuit,12.0,12.0,0.08333333333333333,0.08333333333333333,97.0,14.0,0.0,2.0,8.928571428571429,5.2,0.0,7.5,2.0,0.0,130.0,10.071428571428571,4.0,0.0,0.8823529411764706,0.0,25.1,27.5,0.0,67.8,0
2020,15,Bahrain Grand Prix,2020-11-29,VET,Sebastian Vettel,Ferrari,bahrain,Bahrain International Circuit,11.0,11.0,0.09090909090909091,0.09090909090909091,33.0,14.0,0.0,2.0,11.214285714285714,9.8,0.0,3.0,2.0,0.0,131.0,10.068965517241379,4.0,0.0,0.8823529411764706,0.0,25.1,27.5,0.0,67.8,0
2020,16,Sakhir Grand Prix,2020-12-06,LEC,Charles Leclerc,Ferrari,bahrain,Bahrain International Circuit,4.0,4.0,0.25,0.25,98.0,15.0,0.0,2.0,9.0,6.0,0.0,8.333333333333334,3.0,0.0,131.0,10.166666666666666,4.0,0.0,0.9411764705882353,0.0,20.9,23.5,0.0,58.2,0
2020,16,Sakhir Grand Prix,2020-12-06,VET,Sebastian Vettel,Ferrari,bahrain,Bahrain International Circuit,13.0,13.0,0.07692307692307693,0.07692307692307693,33.0,15.0,0.0,2.0,11.333333333333334,9.8,0.0,6.333333333333333,3.0,0.0,131.0,10.483870967741936,5.0,0.0,0.9411764705882353,0.0,20.9,23.5,0.0,58.2,0
2020,17,Abu Dhabi Grand Prix,2020-12-13,LEC,Charles Leclerc,Ferrari,yas_marina,Yas Marina Circuit,9.0,12.0,0.1111111111111111,0.08333333333333333,98.0,16.0,0.0,3.0,9.6875,8.6,1.0,5.0,2.0,0.0,131.0,10.53125,5.0,0.0,1.0,0.0,23.1,28.0,0.0,55.4,0
2020,17,Abu Dhabi Grand Prix,2020-12-13,VET,Sebastian Vettel,Ferrari,yas_marina,Yas Marina Circuit,13.0,13.0,0.07692307692307693,0.07692307692307693,33.0,16.0,0.0,2.0,11.375,10.0,0.0,3.5,2.0,0.0,131.0,10.606060606060606,5.0,0.0,1.0,0.0,23.1,28.0,0.0,55.4,0
2021,1,Bahrain Grand Prix,2021-03-28,LEC,Charles Leclerc,Ferrari,bahrain,Bahrain International Circuit,4.0,4.0,0.25,0.25,0.0,0.0,0.0,0.0,11.375,10.4,1.0,11.25,4.0,1.0,0.0,11.416666666666666,0.0,0.0,0.045454545454545456,0.0,20.5,27.6,0.0,54.5,0
2021,1,Bahrain Grand Prix,2021-03-28,SAI,Carlos Sainz,Ferrari,bahrain,Bahrain International Circuit,8.0,8.0,0.125,0.125,0.0,0.0,0.0,0.0,11.375,5.4,0.0,9.75,4.0,1.0,8.0,6.0,0.0,0.0,0.045454545454545456,0.0,20.5,27.6,0.0,54.5,0
2021,2,Emilia Romagna Grand Prix,2021-04-18,LEC,Charles Leclerc,Ferrari,imola,Autodromo Enzo e Dino Ferrari,4.0,4.0,0.25,0.25,8.0,1.0,0.0,0.0,6.0,10.6,1.0,5.0,1.0,0.0,12.0,7.0,0.0,0.0,0.09090909090909091,1.0,10.6,16.8,1.0,69.5,0
2021,2,Emilia Romagna Grand Prix,2021-04-18,SAI,Carlos Sainz,Ferrari,imola,Autodromo Enzo e Dino Ferrari,11.0,11.0,0.09090909090909091,0.09090909090909091,4.0,1.0,0.0,0.0,8.0,5.6,0.0,7.0,1.0,0.0,24.0,6.0,0.0,0.0,0.09090909090909091,1.0,10.6,16.8,1.0,69.5,0
2021,3,Portuguese Grand Prix,2021-05-02,LEC,Charles Leclerc,Ferrari,portimao,Autódromo Internacional do Algarve,8.0,8.0,0.125,0.125,20.0,2.0,0.0,0.0,5.0,10.6,1.0,4.0,1.0,0.0,34.0,5.75,0.0,0.0,0.13636363636363635,0.0,19.4,39.0,0.0,39.4,0
2021,3,Portuguese Grand Prix,2021-05-02,SAI,Carlos Sainz,Ferrari,portimao,Autódromo Internacional do Algarve,5.0,5.0,0.2,0.2,14.0,2.0,0.0,0.0,6.5,5.6,0.0,6.0,1.0,0.0,42.0,5.8,0.0,0.0,0.13636363636363635,0.0,19.4,39.0,0.0,39.4,0
2021,4,Spanish Grand Prix,2021-05-09,LEC,Charles Leclerc,Ferrari,catalunya,Circuit de Barcelona-Catalunya,4.0,4.0,0.25,0.25,28.0,3.0,0.0,0.0,5.333333333333333,9.8,1.0,11.666666666666666,3.0,0.0,42.0,6.666666666666667,0.0,0.0,0.18181818181818182,0.0,22.2,32.9,0.0,57.6,0
2021,4,Spanish Grand Prix,2021-05-09,SAI,Carlos Sainz,Ferrari,catalunya,Circuit de Barcelona-Catalunya,6.0,6.0,0.16666666666666666,0.16666666666666666,14.0,3.0,0.0,0.0,8.0,6.8,0.0,7.0,3.0,0.0,54.0,6.285714285714286,0.0,0.0,0.18181818181818182,0.0,22.2,32.9,0.0,57.6,0
2021,5,Monaco Grand Prix,2021-05-23,LEC,Charles Leclerc,Ferrari,monaco,Circuit de Monaco,1.0,1.0,1.0,1.0,40.0,4.0,0.0,0.0,5.0,6.6,0.0,19.0,2.0,2.0,60.0,6.375,0.0,0.0,0.22727272727272727,0.0,20.8,37.6,0.0,61.4,0
2021,5,Monaco Grand Prix,2021-05-23,SAI,Carlos Sainz,Ferrari,monaco,Circuit de Monaco,4.0,4.0,0.25,0.25,20.0,4.0,0.0,0.0,7.75,7.4,0.0,8.0,2.0,0.0,60.0,7.888888888888889,0.0,0.0,0.22727272727272727,0.0,20.8,37.6,0.0,61.4,0
2021,6,Azerbaijan Grand Prix,2021-06-06,LEC,Charles Leclerc,Ferrari,baku,Baku City Circuit,1.0,1.0,1.0,1.0,40.0,5.0,0.0,0.0,8.0,8.0,0.0,5.5,2.0,0.0,78.0,7.3,0.0,0.0,0.2727272727272727,0.0,24.2,38.3,0.0,55.8,0
2021,6,Azerbaijan Grand Prix,2021-06-06,SAI,Carlos Sainz,Ferrari,baku,Baku City Circuit,5.0,5.0,0.2,0.2,38.0,5.0,0.0,0.0,6.6,6.6,0.0,6.0,2.0,0.0,90.0,7.0,0.0,0.0,0.2727272727272727,0.0,24.2,38.3,0.0,55.8,0
2021,7,French Grand Prix,2021-06-20,LEC,Charles Leclerc,Ferrari,ricard,Circuit Paul Ricard,7.0,7.0,0.14285714285714285,0.14285714285714285,52.0,6.0,0.0,0.0,7.333333333333333,7.6,0.0,6.5,2.0,0.0,94.0,7.083333333333333,0.0,0.0,0.3181818181818182,0.0,25.3,35.2,0.0,58.6,0
2021,7,French Grand Prix,2021-06-20,SAI,Carlos Sainz,Ferrari,ricard,Circuit Paul Ricard,5.0,5.0,0.2,0.2,42.0,6.0,0.0,0.0,6.833333333333333,6.6,0.0,7.0,2.0,0.0,94.0,7.769230769230769,0.0,0.0,0.3181818181818182,0.0,25.3,35.2,0.0,58.6,0
2021,8,Styrian Grand Prix,2021-06-27,LEC,Charles Leclerc,Ferrari,red_bull_ring,Red Bull Ring,7.0,7.0,0.14285714285714285,0.14285714285714285,52.0,7.0,0.0,0.0,8.571428571428571,10.0,0.0,8.0,4.0,1.0,94.0,8.0,0.0,0.0,0.36363636363636365,0.0,26.7,52.4,0.0,33.2,0
2021,8,Styrian Grand Prix,2021-06-27,SAI,Carlos Sainz,Ferrari,red_bull_ring,Red Bull Ring,12.0,12.0,0.08333333333333333,0.08333333333333333,42.0,7.0,0.0,0.0,7.428571428571429,7.8,0.0,8.5,4.0,0.0,100.0,7.933333333333334,0.0,0.0,0.36363636363636365,0.0,26.7,52.4,0.0,33.2,0
2021,9,Austrian Grand Prix,2021-07-04,LEC,Charles Leclerc,Ferrari,red_bull_ring,Red Bull Ring,12.0,12.0,0.08333333333333333,0.08333333333333333,58.0,8.0,0.0,0.0,8.375,10.2,0.0,7.8,5.0,1.0,108.0,7.8125,0.0,0.0,0.4090909090909091,1.0,21.0,33.2,1.0,49.7,0
2021,9,Austrian Grand Prix,2021-07-04,SAI,Carlos Sainz,Ferrari,red_bull_ring,Red Bull Ring,11.0,10.0,0.09090909090909091,0.1,50.0,8.0,0.0,0.0,7.25,6.8,0.0,8.0,5.0,0.0,112.0,7.823529411764706,0.0,0.0,0.4090909090909091,1.0,21.0,33.2,1.0,49.7,0
2021,10,British Grand Prix,2021-07-18,LEC,Charles Leclerc,Ferrari,silverstone,Silverstone Circuit,4.0,4.0,0.25,0.25,62.0,9.0,0.0,0.0,8.333333333333334,11.0,0.0,7.25,4.0,0.0,122.0,7.666666666666667,0.0,0.0,0.45454545454545453,0.0,29.4,50.9,0.0,37.2,0
2021,10,British Grand Prix,2021-07-18,SAI,Carlos Sainz,Ferrari,silverstone,Silverstone Circuit,9.0,10.0,0.1111111111111111,0.1,60.0,9.0,0.0,0.0,7.0,6.4,0.0,12.25,4.0,1.0,140.0,7.368421052631579,0.0,0.0,0.45454545454545453,0.0,29.4,50.9,0.0,37.2,0
2021,11,Hungarian Grand Prix,2021-08-01,LEC,Charles Leclerc,Ferrari,hungaroring,Hungaroring,7.0,7.0,0.14285714285714285,0.14285714285714285,80.0,10.0,0.0,0.0,7.7,7.4,0.0,11.666666666666666,3.0,0.0,148.0,7.3,0.0,0.0,0.5,1.0,27.2,37.8,1.0,68.6,0
2021,11,Hungarian Grand Prix,2021-08-01,SAI,Carlos Sainz,Ferrari,hungaroring,Hungaroring,15.0,15.0,0.06666666666666667,0.06666666666666667,68.0,10.0,0.0,0.0,6.9,7.2,0.0,7.666666666666667,3.0,0.0,148.0,7.809523809523809,1.0,0.0,0.5,1.0,27.2,37.8,1.0,68.6,0
2021,12,Belgian Grand Prix,2021-08-29,LEC,Charles Leclerc,Ferrari,spa,Circuit de Spa-Francorchamps,11.0,9.0,0.09090909090909091,0.1111111111111111,80.0,11.0,0.0,1.0,8.636363636363637,10.2,1.0,11.0,3.0,1.0,163.0,7.590909090909091,1.0,0.0,0.5454545454545454,1.0,13.0,15.3,1.0,96.4,0
2021,12,Belgian Grand Prix,2021-08-29,SAI,Carlos Sainz,Ferrari,spa,Circuit de Spa-Francorchamps,13.0,11.0,0.07692307692307693,0.09090909090909091,83.0,11.0,0.0,0.0,6.545454545454546,6.2,0.0,16.666666666666668,3.0,0.0,165.0,7.608695652173913,1.0,0.0,0.5454545454545454,1.0,13.0,15.3,1.0,96.4,0
2021,13,Dutch Grand Prix,2021-09-05,LEC,Charles Leclerc,Ferrari,zandvoort,Circuit Park Zandvoort,5.0,5.0,0.2,0.2,82.0,12.0,0.0,1.0,8.583333333333334,8.6,1.0,10.0,0.0,0.0,165.5,7.708333333333333,1.0,0.0,0.5909090909090909,0.0,21.5,36.1,0.0,54.1,0
2021,13,Dutch Grand Prix,2021-09-05,SAI,Carlos Sainz,Ferrari,zandvoort,Circuit Park Zandvoort,6.0,6.0,0.16666666666666666,0.16666666666666666,83.5,12.0,0.0,0.0,6.833333333333333,6.0,0.0,10.0,0.0,0.0,175.5,7.6,1.0,0.0,0.5909090909090909,0.0,21.5,36.1,0.0,54.1,0
2021,14,Italian Grand Prix,2021-09-12,LEC,Charles Leclerc,Ferrari,monza,Autodromo Nazionale di Monza,8.0,5.0,0.125,0.2,92.0,13.0,0.0,1.0,8.307692307692308,8.2,1.0,10.0,3.0,1.0,181.5,7.576923076923077,1.0,0.0,0.6363636363636364,0.0,28.9,43.5,0.0,33.3,0
2021,14,Italian Grand Prix,2021-09-12,SAI,Carlos Sainz,Ferrari,monza,Autodromo Nazionale di Monza,7.0,6.0,0.14285714285714285,0.16666666666666666,89.5,13.0,0.0,0.0,6.846153846153846,6.2,0.0,10.0,3.0,0.0,193.5,7.444444444444445,1.0,0.0,0.6363636363636364,0.0,28.9,43.5,0.0,33.3,0
2021,15,Russian Grand Prix,2021-09-26,LEC,Charles Leclerc,Ferrari,sochi,Sochi Autodrom,15.0,19.0,0.06666666666666667,0.05263157894736842,104.0,14.0,0.0,1.0,8.0,7.4,1.0,5.333333333333333,3.0,0.0,201.5,7.392857142857143,1.0,0.0,0.6818181818181818,1.0,19.1,21.8,1.0,61.9,0
2021,15,Russian Grand Prix,2021-09-26,SAI,Carlos Sainz,Ferrari,sochi,Sochi Autodrom,2.0,2.0,0.5,0.5,97.5,14.0,0.0,0.0,6.785714285714286,6.4,0.0,14.0,3.0,1.0,201.5,7.655172413793103,1.0,0.0,0.6818181818181818,1.0,19.1,21.8,1.0,61.9,0
2021,16,Turkish Grand Prix,2021-10-10,LEC,Charles Leclerc,Ferrari,istanbul,Istanbul Park,4.0,3.0,0.25,0.3333333333333333,104.0,15.0,0.0,1.0,8.466666666666667,10.0,1.0,4.0,1.0,0.0,216.5,7.5,1.0,0.0,0.7272727272727273,0.0,15.8,18.2,0.0,93.5,0
2021,16,Turkish Grand Prix,2021-10-10,SAI,Carlos Sainz,Ferrari,istanbul,Istanbul Park,15.0,19.0,0.06666666666666667,0.05263157894736842,112.5,15.0,0.0,0.0,6.533333333333333,5.8,0.0,5.0,1.0,0.0,228.5,7.387096774193548,1.0,0.0,0.7272727272727273,0.0,15.8,18.2,0.0,93.5,0
2021,17,United States Grand Prix,2021-10-24,LEC,Charles Leclerc,Ferrari,americas,Circuit of the Americas,5.0,4.0,0.2,0.25,116.0,16.0,0.0,1.0,8.1875,7.2,0.0,9.5,2.0,1.0,232.5,7.40625,1.0,0.0,0.7727272727272727,0.0,28.1,37.5,0.0,61.2,0
2021,17,United States Grand Prix,2021-10-24,SAI,Carlos Sainz,Ferrari,americas,Circuit of the Americas,6.0,5.0,0.16666666666666666,0.2,116.5,16.0,0.0,0.0,6.625,6.8,0.0,7.5,2.0,0.0,244.5,7.303030303030303,1.0,0.0,0.7727272727272727,0.0,28.1,37.5,0.0,61.2,0
2021,18,Mexico City Grand Prix,2021-11-07,LEC,Charles Leclerc,Ferrari,rodriguez,Autódromo Hermanos Rodríguez,8.0,8.0,0.125,0.125,128.0,17.0,0.0,1.0,7.9411764705882355,6.4,0.0,5.5,2.0,0.0,250.5,7.294117647058823,1.0,0.0,0.8181818181818182,0.0,21.2,47.6,0.0,31.2,0
2021,18,Mexico City Grand Prix,2021-11-07,SAI,Carlos Sainz,Ferrari,rodriguez,Autódromo Hermanos Rodríguez,6.0,6.0,0.16666666666666666,0.16666666666666666,122.5,17.0,0.0,0.0,6.647058823529412,6.2,0.0,16.0,2.0,0.0,260.5,7.228571428571429,1.0,0.0,0.8181818181818182,0.0,21.2,47.6,0.0,31.2,0
2021,19,São Paulo Grand Prix,2021-11-14,LEC,Charles Leclerc,Ferrari,interlagos,Autódromo José Carlos Pace,7.0,6.0,0.14285714285714285,0.16666666666666666,138.0,18.0,0.0,1.0,7.777777777777778,6.4,0.0,12.5,2.0,1.0,268.5,7.194444444444445,1.0,0.0,0.8636363636363636,0.0,23.1,51.6,0.0,60.1,0
2021,19,São Paulo Grand Prix,2021-11-14,SAI,Carlos Sainz,Ferrari,interlagos,Autódromo José Carlos Pace,6.0,3.0,0.16666666666666666,0.3333333333333333,130.5,18.0,0.0,0.0,6.611111111111111,6.0,0.0,7.5,2.0,0.0,278.5,7.135135135135135,1.0,0.0,0.8636363636363636,0.0,23.1,51.6,0.0,60.1,0
2021,20,Qatar Grand Prix,2021-11-21,LEC,Charles Leclerc,Ferrari,losail,Losail International Circuit,13.0,13.0,0.07692307692307693,0.07692307692307693,148.0,19.0,0.0,1.0,7.631578947368421,6.6,0.0,10.0,0.0,0.0,286.5,7.105263157894737,1.0,0.0,0.9090909090909091,1.0,26.4,30.6,1.0,75.5,0
2021,20,Qatar Grand Prix,2021-11-21,SAI,Carlos Sainz,Ferrari,losail,Losail International Circuit,7.0,5.0,0.14285714285714285,0.2,138.5,19.0,0.0,0.0,6.578947368421052,6.0,0.0,10.0,0.0,0.0,290.5,7.128205128205129,1.0,0.0,0.9090909090909091,1.0,26.4,30.6,1.0,75.5,0
2021,21,Saudi Arabian Grand Prix,2021-12-05,LEC,Charles Leclerc,Ferrari,jeddah,Jeddah Corniche Circuit,4.0,4.0,0.25,0.25,152.0,20.0,0.0,1.0,7.65,5.2,0.0,10.0,0.0,0.0,296.5,7.125,1.0,0.0,0.9545454545454546,0.0,28.8,31.7,0.0,76.2,0
2021,21,Saudi Arabian Grand Prix,2021-12-05,SAI,Carlos Sainz,Ferrari,jeddah,Jeddah Corniche Circuit,15.0,15.0,0.06666666666666667,0.06666666666666667,144.5,20.0,0.0,0.0,6.6,6.8,0.0,10.0,0.0,0.0,302.5,7.121951219512195,1.0,0.0,0.9545454545454546,0.0,28.8,31.7,0.0,76.2,0
2021,22,Abu Dhabi Grand Prix,2021-12-12,LEC,Charles Leclerc,Ferrari,yas_marina,Yas Marina Circuit,7.0,7.0,0.14285714285714285,0.14285714285714285,158.0,21.0,0.0,1.0,7.619047619047619,5.8,0.0,7.666666666666667,3.0,0.0,306.5,7.142857142857143,1.0,0.0,1.0,0.0,24.5,28.5,0.0,59.1,0
2021,22,Abu Dhabi Grand Prix,2021-12-12,SAI,Carlos Sainz,Ferrari,yas_marina,Yas Marina Circuit,5.0,5.0,0.2,0.2,148.5,21.0,0.0,0.0,6.666666666666667,6.8,0.0,7.333333333333333,3.0,0.0,307.5,7.209302325581396,1.0,0.0,1.0,0.0,24.5,28.5,0.0,59.1,0
2022,1,Bahrain Grand Prix,2022-03-20,LEC,Charles Leclerc,Ferrari,bahrain,Bahrain International Circuit,1.0,1.0,1.0,1.0,0.0,0.0,0.0,0.0,11.375,7.0,0.0,10.2,5.0,1.0,0.0,11.416666666666666,0.0,1.0,0.045454545454545456,0.0,23.6,28.6,0.0,29.5,1
2022,1,Bahrain Grand Prix,2022-03-20,SAI,Carlos Sainz,Ferrari,bahrain,Bahrain International Circuit,3.0,3.0,0.3333333333333333,0.3333333333333333,0.0,0.0,0.0,0.0,11.375,6.0,0.0,9.4,5.0,1.0,26.0,1.0,0.0,1.0,0.045454545454545456,0.0,23.6,28.6,0.0,29.5,0
2022,2,Saudi Arabian Grand Prix,2022-03-27,LEC,Charles Leclerc,Ferrari,jeddah,Jeddah Corniche Circuit,2.0,2.0,0.5,0.5,26.0,1.0,1.0,0.0,1.0,6.2,0.0,7.0,1.0,0.0,44.0,1.5,0.0,1.0,0.09090909090909091,0.0,25.4,28.4,0.0,59.7,0
2022,2,Saudi Arabian Grand Prix,2022-03-27,SAI,Carlos Sainz,Ferrari,jeddah,Jeddah Corniche Circuit,3.0,3.0,0.3333333333333333,0.3333333333333333,18.0,1.0,0.0,0.0,2.0,5.2,0.0,8.0,1.0,0.0,63.0,1.6666666666666667,0.0,1.0,0.09090909090909091,0.0,25.4,28.4,0.0,59.7,0
2022,3,Australian Grand Prix,2022-04-10,LEC,Charles Leclerc,Ferrari,albert_park,Albert Park Grand Prix Circuit,1.0,1.0,1.0,1.0,45.0,2.0,1.0,0.0,1.5,5.6,0.0,9.0,2.0,0.0,78.0,2.0,0.0,1.0,0.13636363636363635,0.0,26.7,37.4,0.0,43.7,1
2022,3,Australian Grand Prix,2022-04-10,SAI,Carlos Sainz,Ferrari,albert_park,Albert Park Grand Prix Circuit,9.0,9.0,0.1111111111111111,0.1111111111111111,33.0,2.0,0.0,0.0,2.5,4.6,0.0,15.0,2.0,1.0,104.0,1.8,0.0,1.0,0.13636363636363635,0.0,26.7,37.4,0.0,43.7,0
2022,4,Emilia Romagna Grand Prix,2022-04-24,LEC,Charles Leclerc,Ferrari,imola,Autodromo Enzo e Dino Ferrari,2.0,2.0,0.5,0.5,71.0,3.0,2.0,0.0,1.3333333333333333,4.2,0.0,4.5,2.0,0.0,104.0,4.833333333333333,0.0,1.0,0.18181818181818182,0.0,12.9,17.4,0.0,83.2,0
2022,4,Emilia Romagna Grand Prix,2022-04-24,SAI,Carlos Sainz,Ferrari,imola,Autodromo Enzo e Dino Ferrari,10.0,4.0,0.1,0.25,33.0,3.0,0.0,0.0,8.333333333333334,7.2,0.0,6.0,2.0,0.0,112.0,5.0,0.0,1.0,0.18181818181818182,0.0,12.9,17.4,0.0,83.2,0
2022,5,Miami Grand Prix,2022-05-08,LEC,Charles Leclerc,Ferrari,miami,Miami International Autodrome,1.0,1.0,1.0,1.0,79.0,4.0,2.0,0.0,2.5,4.0,0.0,10.0,0.0,0.0,112.0,6.875,1.0,1.0,0.22727272727272727,1.0,30.6,42.8,1.0,58.9,0
2022,5,Miami Grand Prix,2022-05-08,SAI,Carlos Sainz,Ferrari,miami,Miami International Autodrome,2.0,2.0,0.5,0.5,33.0,4.0,0.0,1.0,11.25,9.6,1.0,10.0,0.0,0.0,130.0,6.333333333333333,1.0,1.0,0.22727272727272727,1.0,30.6,42.8,1.0,58.9,0
2022,6,Spanish Grand Prix,2022-05-22,LEC,Charles Leclerc,Ferrari,catalunya,Circuit de Barcelona-Catalunya,1.0,1.0,1.0,1.0,97.0,5.0,2.0,0.0,2.4,2.4,0.0,9.75,4.0,0.0,145.0,6.0,1.0,1.0,0.2727272727272727,0.0,36.6,49.0,0.0,7.1,0
2022,6,Spanish Grand Prix,2022-05-22,SAI,Carlos Sainz,Ferrari,catalunya,Circuit de Barcelona-Catalunya,3.0,3.0,0.3333333333333333,0.3333333333333333,48.0,5.0,0.0,1.0,9.6,9.6,1.0,7.0,4.0,0.0,145.0,7.2727272727272725,1.0,1.0,0.2727272727272727,0.0,36.6,49.0,0.0,7.1,0
2022,7,Monaco Grand Prix,2022-05-29,LEC,Charles Leclerc,Ferrari,monaco,Circuit de Monaco,1.0,1.0,1.0,1.0,97.0,6.0,2.0,0.0,5.333333333333333,6.2,0.0,19.333333333333332,3.0,2.0,157.0,7.0,1.0,1.0,0.3181818181818182,1.0,22.3,31.0,1.0,75.7,0
2022,7,Monaco Grand Prix,2022-05-29,SAI,Carlos Sainz,Ferrari,monaco,Circuit de Monaco,2.0,2.0,0.5,0.5,60.0,6.0,0.0,1.0,8.666666666666666,10.0,1.0,6.0,3.0,0.0,169.0,6.769230769230769,1.0,1.0,0.3181818181818182,1.0,22.3,31.0,1.0,75.7,0
2022,8,Azerbaijan Grand Prix,2022-06-12,LEC,Charles Leclerc,Ferrari,baku,Baku City Circuit,1.0,1.0,1.0,1.0,109.0,7.0,2.0,0.0,5.142857142857143,6.6,0.0,5.0,3.0,0.0,187.0,6.428571428571429,1.0,1.0,0.36363636363636365,0.0,25.4,47.1,0.0,59.5,0
2022,8,Azerbaijan Grand Prix,2022-06-12,SAI,Carlos Sainz,Ferrari,baku,Baku City Circuit,4.0,4.0,0.25,0.25,78.0,7.0,0.0,1.0,7.714285714285714,9.8,1.0,6.666666666666667,3.0,0.0,187.0,7.266666666666667,1.0,1.0,0.36363636363636365,0.0,25.4,47.1,0.0,59.5,0
2022,9,Canadian Grand Prix,2022-06-19,LEC,Charles Leclerc,Ferrari,villeneuve,Circuit Gilles Villeneuve,15.0,19.0,0.06666666666666667,0.05263157894736842,109.0,8.0,2.0,0.0,6.875,10.2,0.0,6.5,2.0,0.0,187.0,8.0625,2.0,1.0,0.4090909090909091,0.0,20.8,41.3,0.0,28.9,0
2022,9,Canadian Grand Prix,2022-06-19,SAI,Carlos Sainz,Ferrari,villeneuve,Circuit Gilles Villeneuve,3.0,3.0,0.3333333333333333,0.3333333333333333,78.0,8.0,0.0,2.0,9.25,9.8,2.0,9.5,2.0,0.0,197.0,7.882352941176471,2.0,1.0,0.4090909090909091,0.0,20.8,41.3,0.0,28.9,0
2022,10,British Grand Prix,2022-07-03,LEC,Charles Leclerc,Ferrari,silverstone,Silverstone Circuit,3.0,3.0,0.3333333333333333,0.3333333333333333,119.0,9.0,2.0,0.0,6.666666666666667,10.0,0.0,6.2,5.0,0.0,216.0,7.555555555555555,2.0,1.0,0.45454545454545453,1.0,18.3,30.0,1.0,59.7,0
2022,10,British Grand Prix,2022-07-03,SAI,Carlos Sainz,Ferrari,silverstone,Silverstone Circuit,1.0,1.0,1.0,1.0,97.0,9.0,0.0,2.0,8.444444444444445,6.2,1.0,11.0,5.0,1.0,228.0,7.368421052631579,2.0,1.0,0.45454545454545453,1.0,18.3,30.0,1.0,59.7,1
2022,11,Austrian Grand Prix,2022-07-10,LEC,Charles Leclerc,Ferrari,red_bull_ring,Red Bull Ring,2.0,2.0,0.5,0.5,131.0,10.0,2.0,0.0,6.4,10.4,0.0,7.833333333333333,6.0,1.0,253.0,7.05,2.0,1.0,0.5,0.0,20.3,30.7,0.0,35.1,1
2022,11,Austrian Grand Prix,2022-07-10,SAI,Carlos Sainz,Ferrari,red_bull_ring,Red Bull Ring,3.0,3.0,0.3333333333333333,0.3333333333333333,122.0,10.0,1.0,2.0,7.7,5.8,1.0,7.5,6.0,0.0,278.0,6.761904761904762,2.0,1.0,0.5,0.0,20.3,30.7,0.0,35.1,0
2022,12,French Grand Prix,2022-07-24,LEC,Charles Leclerc,Ferrari,ricard,Circuit Paul Ricard,1.0,1.0,1.0,1.0,156.0,11.0,3.0,0.0,5.909090909090909,6.6,0.0,9.666666666666666,3.0,0.0,278.0,7.2727272727272725,2.0,1.0,0.5454545454545454,0.0,30.2,54.5,0.0,47.7,0
2022,12,French Grand Prix,2022-07-24,SAI,Carlos Sainz,Ferrari,ricard,Circuit Paul Ricard,9.0,19.0,0.1111111111111111,0.05263157894736842,122.0,11.0,1.0,2.0,8.636363636363637,8.6,1.0,8.333333333333334,3.0,0.0,278.0,7.782608695652174,3.0,1.0,0.5454545454545454,0.0,30.2,54.5,0.0,47.7,0
2022,13,Hungarian Grand Prix,2022-07-31,LEC,Charles Leclerc,Ferrari,hungaroring,Hungaroring,3.0,3.0,0.3333333333333333,0.3333333333333333,156.0,12.0,3.0,1.0,7.0,9.6,1.0,13.25,4.0,1.0,289.0,7.666666666666667,3.0,1.0,0.5909090909090909,1.0,18.6,26.7,1.0,69.3,0
2022,13,Hungarian Grand Prix,2022-07-31,SAI,Carlos Sainz,Ferrari,hungaroring,Hungaroring,2.0,2.0,0.5,0.5,133.0,12.0,1.0,2.0,8.333333333333334,9.2,1.0,6.5,4.0,0.0,297.0,7.6,3.0,1.0,0.5909090909090909,1.0,18.6,26.7,1.0,69.3,0
2022,14,Belgian Grand Prix,2022-08-28,LEC,Charles Leclerc,Ferrari,spa,Circuit de Spa-Francorchamps,4.0,15.0,0.25,0.06666666666666667,164.0,13.0,3.0,1.0,6.923076923076923,7.0,1.0,10.25,4.0,1.0,309.0,7.461538461538462,3.0,1.0,0.6363636363636364,0.0,21.8,36.1,0.0,40.5,0
2022,14,Belgian Grand Prix,2022-08-28,SAI,Carlos Sainz,Ferrari,spa,Circuit de Spa-Francorchamps,2.0,1.0,0.5,1.0,145.0,13.0,1.0,2.0,8.0,6.0,0.0,15.0,4.0,0.0,317.0,7.407407407407407,3.0,1.0,0.6363636363636364,0.0,21.8,36.1,0.0,40.5,0
2022,15,Dutch Grand Prix,2022-09-04,LEC,Charles Leclerc,Ferrari,zandvoort,Circuit Park Zandvoort,2.0,2.0,0.5,0.5,172.0,14.0,3.0,1.0,6.857142857142857,7.2,1.0,5.0,1.0,0.0,332.0,7.25,3.0,1.0,0.6818181818181818,0.0,22.7,33.4,0.0,75.4,0
2022,15,Dutch Grand Prix,2022-09-04,SAI,Carlos Sainz,Ferrari,zandvoort,Circuit Park Zandvoort,3.0,3.0,0.3333333333333333,0.3333333333333333,160.0,14.0,1.0,2.0,7.642857142857143,6.2,0.0,7.0,1.0,0.0,347.0,7.103448275862069,3.0,1.0,0.6818181818181818,0.0,22.7,33.4,0.0,75.4,0
2022,16,Italian Grand Prix,2022-09-11,LEC,Charles Leclerc,Ferrari,monza,Autodromo Nazionale di Monza,1.0,1.0,1.0,1.0,187.0,15.0,3.0,1.0,6.6,7.0,1.0,8.5,4.0,1.0,351.0,7.133333333333334,3.0,1.0,0.7272727272727273,0.0,27.7,43.1,0.0,33.1,0
2022,16,Italian Grand Prix,2022-09-11,SAI,Carlos Sainz,Ferrari,monza,Autodromo Nazionale di Monza,3.0,18.0,0.3333333333333333,0.05555555555555555,164.0,15.0,1.0,2.0,7.666666666666667,7.6,0.0,9.0,4.0,0.0,369.0,6.967741935483871,3.0,1.0,0.7272727272727273,0.0,27.7,43.1,0.0,33.1,0
2022,17,Singapore Grand Prix,2022-10-02,LEC,Charles Leclerc,Ferrari,marina_bay,Marina Bay Street Circuit,1.0,1.0,1.0,1.0,205.0,16.0,3.0,1.0,6.3125,7.2,1.0,5.5,2.0,0.0,381.0,6.875,3.0,1.0,0.7727272727272727,1.0,26.2,29.0,1.0,87.4,0
2022,17,Singapore Grand Prix,2022-10-02,SAI,Carlos Sainz,Ferrari,marina_bay,Marina Bay Street Circuit,4.0,4.0,0.25,0.25,176.0,16.0,1.0,2.0,7.4375,4.8,0.0,10.0,2.0,0.0,399.0,6.7272727272727275,3.0,1.0,0.7727272727272727,1.0,26.2,29.0,1.0,87.4,0
2022,18,Japanese Grand Prix,2022-10-09,LEC,Charles Leclerc,Ferrari,suzuka,Suzuka Circuit,2.0,2.0,0.5,0.5,223.0,17.0,3.0,1.0,6.0588235294117645,3.8,0.0,12.0,2.0,0.0,414.0,6.617647058823529,3.0,1.0,0.8181818181818182,1.0,16.7,19.9,1.0,86.2,0
2022,18,Japanese Grand Prix,2022-10-09,SAI,Carlos Sainz,Ferrari,suzuka,Suzuka Circuit,3.0,3.0,0.3333333333333333,0.3333333333333333,191.0,17.0,1.0,2.0,7.176470588235294,4.4,0.0,7.5,2.0,0.0,429.0,6.514285714285714,3.0,1.0,0.8181818181818182,1.0,16.7,19.9,1.0,86.2,0
2022,19,United States Grand Prix,2022-10-23,LEC,Charles Leclerc,Ferrari,americas,Circuit of the Americas,2.0,12.0,0.5,0.08333333333333333,238.0,18.0,3.0,1.0,5.888888888888889,3.2,0.0,7.666666666666667,3.0,1.0,429.0,6.861111111111111,4.0,1.0,0.8636363636363636,0.0,29.3,35.5,0.0,49.6,0
2022,19,United States Grand Prix,2022-10-23,SAI,Carlos Sainz,Ferrari,americas,Circuit of the Americas,1.0,1.0,1.0,1.0,191.0,18.0,1.0,3.0,7.833333333333333,7.4,1.0,7.333333333333333,3.0,0.0,444.0,6.756756756756757,4.0,1.0,0.8636363636363636,0.0,29.3,35.5,0.0,49.6,0
2022,20,Mexico City Grand Prix,2022-10-30,LEC,Charles Leclerc,Ferrari,rodriguez,Autódromo Hermanos Rodríguez,7.0,7.0,0.14285714285714285,0.14285714285714285,253.0,19.0,3.0,1.0,5.7368421052631575,2.6,0.0,5.333333333333333,3.0,0.0,444.0,7.105263157894737,5.0,1.0,0.9090909090909091,0.0,24.3,41.7,0.0,34.4,0
2022,20,Mexico City Grand Prix,2022-10-30,SAI,Carlos Sainz,Ferrari,rodriguez,Autódromo Hermanos Rodríguez,5.0,5.0,0.2,0.2,191.0,19.0,1.0,4.0,8.473684210526315,10.8,2.0,12.666666666666666,3.0,0.0,452.0,7.076923076923077,5.0,1.0,0.9090909090909091,0.0,24.3,41.7,0.0,34.4,0
2022,21,São Paulo Grand Prix,2022-11-13,LEC,Charles Leclerc,Ferrari,interlagos,Autódromo José Carlos Pace,10.0,5.0,0.1,0.2,261.0,20.0,3.0,1.0,5.75,3.2,0.0,10.0,3.0,1.0,462.0,7.025,5.0,1.0,0.9545454545454546,0.0,23.0,46.0,0.0,76.1,0
2022,21,São Paulo Grand Prix,2022-11-13,SAI,Carlos Sainz,Ferrari,interlagos,Autódromo José Carlos Pace,5.0,7.0,0.2,0.14285714285714285,201.0,20.0,1.0,4.0,8.3,10.2,2.0,7.0,3.0,0.0,474.0,6.951219512195122,5.0,1.0,0.9545454545454546,0.0,23.0,46.0,0.0,76.1,0
2022,22,Abu Dhabi Grand Prix,2022-11-20,LEC,Charles Leclerc,Ferrari,yas_marina,Yas Marina Circuit,3.0,3.0,0.3333333333333333,0.3333333333333333,273.0,21.0,3.0,1.0,5.666666666666667,3.6,0.0,8.25,4.0,0.0,489.0,6.857142857142857,5.0,1.0,1.0,0.0,28.6,34.3,0.0,61.7,0
2022,22,Abu Dhabi Grand Prix,2022-11-20,SAI,Carlos Sainz,Ferrari,yas_marina,Yas Marina Circuit,4.0,4.0,0.25,0.25,216.0,21.0,1.0,4.0,8.047619047619047,10.0,2.0,6.25,4.0,0.0,507.0,6.744186046511628,5.0,1.0,1.0,0.0,28.6,34.3,0.0,61.7,0
2023,1,Bahrain Grand Prix,2023-03-05,LEC,Charles Leclerc,Ferrari,bahrain,Bahrain International Circuit,3.0,3.0,0.3333333333333333,0.3333333333333333,0.0,0.0,0.0,0.0,11.375,3.6,0.0,8.666666666666666,6.0,1.0,0.0,11.416666666666666,0.0,1.0,0.045454545454545456,0.0,27.4,31.0,0.0,21.5,0
2023,1,Bahrain Grand Prix,2023-03-05,SAI,Carlos Sainz,Ferrari,bahrain,Bahrain International Circuit,4.0,4.0,0.25,0.25,0.0,0.0,0.0,0.0,11.375,10.2,2.0,8.166666666666666,6.0,1.0,0.0,19.0,1.0,1.0,0.045454545454545456,0.0,27.4,31.0,0.0,21.5,0
2023,2,Saudi Arabian Grand Prix,2023-03-19,LEC,Charles Leclerc,Ferrari,jeddah,Jeddah Corniche Circuit,2.0,12.0,0.5,0.08333333333333333,0.0,1.0,0.0,1.0,19.0,6.8,1.0,4.5,2.0,0.0,12.0,11.5,1.0,1.0,0.09090909090909091,0.0,26.1,31.8,0.0,57.8,0
2023,2,Saudi Arabian Grand Prix,2023-03-19,SAI,Carlos Sainz,Ferrari,jeddah,Jeddah Corniche Circuit,5.0,4.0,0.2,0.25,12.0,1.0,0.0,0.0,4.0,7.2,1.0,5.5,2.0,0.0,18.0,10.0,1.0,1.0,0.09090909090909091,0.0,26.1,31.8,0.0,57.8,0
2023,3,Australian Grand Prix,2023-04-02,LEC,Charles Leclerc,Ferrari,albert_park,Albert Park Grand Prix Circuit,7.0,7.0,0.14285714285714285,0.14285714285714285,6.0,2.0,0.0,1.0,13.0,7.6,1.0,6.333333333333333,3.0,0.0,26.0,9.0,1.0,1.0,0.13636363636363635,0.0,17.4,30.1,0.0,54.2,0
2023,3,Australian Grand Prix,2023-04-02,SAI,Carlos Sainz,Ferrari,albert_park,Albert Park Grand Prix Circuit,5.0,5.0,0.2,0.2,20.0,2.0,0.0,0.0,5.0,4.4,0.0,16.666666666666668,3.0,1.0,26.0,11.2,2.0,1.0,0.13636363636363635,0.0,17.4,30.1,0.0,54.2,0
2023,4,Azerbaijan Grand Prix,2023-04-30,LEC,Charles Leclerc,Ferrari,baku,Baku City Circuit,1.0,1.0,1.0,1.0,6.0,3.0,0.0,2.0,15.333333333333334,10.4,2.0,8.5,4.0,0.0,26.0,11.333333333333334,2.0,1.0,0.18181818181818182,0.0,24.9,41.2,0.0,49.2,0
2023,4,Azerbaijan Grand Prix,2023-04-30,SAI,Carlos Sainz,Ferrari,baku,Baku City Circuit,4.0,4.0,0.25,0.25,20.0,3.0,0.0,0.0,7.333333333333333,5.8,0.0,10.0,4.0,1.0,41.0,10.142857142857142,2.0,1.0,0.18181818181818182,0.0,24.9,41.2,0.0,49.2,0
2023,5,Miami Grand Prix,2023-05-07,LEC,Charles Leclerc,Ferrari,miami,Miami International Autodrome,7.0,7.0,0.14285714285714285,0.14285714285714285,21.0,4.0,0.0,2.0,12.25,10.2,2.0,2.0,1.0,0.0,51.0,9.5,2.0,1.0,0.22727272727272727,0.0,27.1,36.7,0.0,59.4,0
2023,5,Miami Grand Prix,2023-05-07,SAI,Carlos Sainz,Ferrari,miami,Miami International Autodrome,3.0,3.0,0.3333333333333333,0.3333333333333333,30.0,4.0,0.0,0.0,6.75,6.2,0.0,3.0,1.0,0.0,57.0,9.222222222222221,2.0,1.0,0.22727272727272727,0.0,27.1,36.7,0.0,59.4,0
2023,6,Monaco Grand Prix,2023-05-28,LEC,Charles Leclerc,Ferrari,monaco,Circuit de Monaco,3.0,6.0,0.3333333333333333,0.16666666666666666,27.0,5.0,0.0,2.0,11.2,11.2,2.0,15.5,4.0,2.0,67.0,8.8,2.0,1.0,0.2727272727272727,1.0,25.1,39.3,1.0,45.9,0
2023,6,Monaco Grand Prix,2023-05-28,SAI,Carlos Sainz,Ferrari,monaco,Circuit de Monaco,5.0,4.0,0.2,0.25,40.0,5.0,0.0,0.0,6.4,6.4,0.0,5.0,4.0,0.0,75.0,8.545454545454545,2.0,1.0,0.2727272727272727,1.0,25.1,39.3,1.0,45.9,0
2023,7,Spanish Grand Prix,2023-06-04,LEC,Charles Leclerc,Ferrari,catalunya,Circuit de Barcelona-Catalunya,19.0,19.0,0.05263157894736842,0.05263157894736842,35.0,6.0,0.0,2.0,10.333333333333334,8.6,1.0,11.8,5.0,0.0,79.0,8.5,2.0,1.0,0.3181818181818182,0.0,22.7,33.8,0.0,63.1,0
2023,7,Spanish Grand Prix,2023-06-04,SAI,Carlos Sainz,Ferrari,catalunya,Circuit de Barcelona-Catalunya,2.0,2.0,0.5,0.5,44.0,6.0,0.0,0.0,6.666666666666667,7.2,0.0,6.4,5.0,0.0,79.0,8.692307692307692,2.0,1.0,0.3181818181818182,0.0,22.7,33.8,0.0,63.1,0
2023,8,Canadian Grand Prix,2023-06-18,LEC,Charles Leclerc,Ferrari,villeneuve,Circuit Gilles Villeneuve,11.0,10.0,0.09090909090909091,0.1,35.0,7.0,0.0,2.0,10.428571428571429,9.4,1.0,6.0,3.0,0.0,89.0,8.428571428571429,2.0,1.0,0.36363636363636365,0.0,18.5,30.6,0.0,63.9,0
2023,8,Canadian Grand Prix,2023-06-18,SAI,Carlos Sainz,Ferrari,villeneuve,Circuit Gilles Villeneuve,8.0,11.0,0.125,0.09090909090909091,54.0,7.0,0.0,0.0,6.428571428571429,7.0,0.0,7.0,3.0,0.0,101.0,8.133333333333333,2.0,1.0,0.36363636363636365,0.0,18.5,30.6,0.0,63.9,0
2023,9,Austrian Grand Prix,2023-07-02,LEC,Charles Leclerc,Ferrari,red_bull_ring,Red Bull Ring,2.0,2.0,0.5,0.5,47.0,8.0,0.0,2.0,9.625,6.2,0.0,6.857142857142857,7.0,1.0,111.0,7.9375,2.0,1.0,0.4090909090909091,1.0,22.4,32.1,1.0,52.0,0
2023,9,Austrian Grand Prix,2023-07-02,SAI,Carlos Sainz,Ferrari,red_bull_ring,Red Bull Ring,3.0,3.0,0.3333333333333333,0.3333333333333333,64.0,8.0,0.0,0.0,6.25,5.6,0.0,9.0,7.0,0.0,129.0,7.588235294117647,2.0,1.0,0.4090909090909091,1.0,22.4,32.1,1.0,52.0,0
2023,10,British Grand Prix,2023-07-09,LEC,Charles Leclerc,Ferrari,silverstone,Silverstone Circuit,4.0,4.0,0.25,0.25,65.0,9.0,0.0,2.0,8.777777777777779,6.0,0.0,5.833333333333333,6.0,0.0,137.0,7.5,2.0,1.0,0.45454545454545453,0.0,21.5,30.9,0.0,56.2,0
2023,10,British Grand Prix,2023-07-09,SAI,Carlos Sainz,Ferrari,silverstone,Silverstone Circuit,5.0,5.0,0.2,0.2,72.0,9.0,0.0,0.0,6.222222222222222,5.8,0.0,9.333333333333334,6.0,1.0,139.0,7.578947368421052,2.0,1.0,0.45454545454545453,0.0,21.5,30.9,0.0,56.2,0
2023,11,Hungarian Grand Prix,2023-07-23,LEC,Charles Leclerc,Ferrari,hungaroring,Hungaroring,6.0,6.0,0.16666666666666666,0.16666666666666666,67.0,10.0,0.0,2.0,8.8,6.4,0.0,11.8,5.0,1.0,140.0,7.7,2.0,1.0,0.5,0.0,28.8,48.6,0.0,32.8,0
2023,11,Hungarian Grand Prix,2023-07-23,SAI,Carlos Sainz,Ferrari,hungaroring,Hungaroring,11.0,11.0,0.09090909090909091,0.09090909090909091,73.0,10.0,0.0,0.0,6.6,6.8,0.0,6.0,5.0,0.0,146.0,7.666666666666667,2.0,1.0,0.5,0.0,28.8,48.6,0.0,32.8,0
2023,12,Belgian Grand Prix,2023-07-30,LEC,Charles Leclerc,Ferrari,spa,Circuit de Spa-Francorchamps,2.0,1.0,0.5,1.0,73.0,11.0,0.0,2.0,8.636363636363637,6.6,0.0,9.4,5.0,1.0,150.0,7.681818181818182,2.0,1.0,0.5454545454545454,1.0,17.9,28.2,1.0,61.9,0
2023,12,Belgian Grand Prix,2023-07-30,SAI,Carlos Sainz,Ferrari,spa,Circuit de Spa-Francorchamps,5.0,4.0,0.2,0.25,77.0,11.0,0.0,0.0,6.7272727272727275,6.8,0.0,12.6,5.0,0.0,165.0,7.478260869565218,2.0,1.0,0.5454545454545454,1.0,17.9,28.2,1.0,61.9,0
2023,13,Dutch Grand Prix,2023-08-27,LEC,Charles Leclerc,Ferrari,zandvoort,Circuit Park Zandvoort,9.0,9.0,0.1111111111111111,0.1111111111111111,88.0,12.0,0.0,2.0,8.166666666666666,5.0,0.0,4.0,2.0,0.0,165.0,7.958333333333333,3.0,1.0,0.5909090909090909,1.0,16.8,24.9,1.0,70.8,0
2023,13,Dutch Grand Prix,2023-08-27,SAI,Carlos Sainz,Ferrari,zandvoort,Circuit Park Zandvoort,6.0,6.0,0.16666666666666666,0.16666666666666666,77.0,12.0,0.0,1.0,7.75,9.6,1.0,7.5,2.0,0.0,165.0,8.4,3.0,1.0,0.5909090909090909,1.0,16.8,24.9,1.0,70.8,0
2023,14,Italian Grand Prix,2023-09-03,LEC,Charles Leclerc,Ferrari,monza,Autodromo Nazionale di Monza,3.0,3.0,0.3333333333333333,0.3333333333333333,88.0,13.0,0.0,2.0,9.0,8.0,0.0,7.2,5.0,1.0,175.0,8.26923076923077,3.0,1.0,0.6363636363636364,0.0,29.3,42.9,0.0,42.3,0
2023,14,Italian Grand Prix,2023-09-03,SAI,Carlos Sainz,Ferrari,monza,Autodromo Nazionale di Monza,1.0,1.0,1.0,1.0,87.0,13.0,0.0,1.0,7.538461538461538,9.6,1.0,8.0,5.0,0.0,187.0,8.11111111111111,3.0,1.0,0.6363636363636364,0.0,29.3,42.9,0.0,42.3,0
2023,15,Singapore Grand Prix,2023-09-17,LEC,Charles Leclerc,Ferrari,marina_bay,Marina Bay Street Circuit,3.0,3.0,0.3333333333333333,0.3333333333333333,100.0,14.0,0.0,2.0,8.642857142857142,8.4,0.0,4.333333333333333,3.0,0.0,202.0,7.928571428571429,3.0,1.0,0.6818181818181818,0.0,29.8,36.4,0.0,72.0,0
2023,15,Singapore Grand Prix,2023-09-17,SAI,Carlos Sainz,Ferrari,marina_bay,Marina Bay Street Circuit,1.0,1.0,1.0,1.0,102.0,14.0,0.0,1.0,7.214285714285714,9.0,1.0,7.666666666666667,3.0,0.0,214.0,7.793103448275862,3.0,1.0,0.6818181818181818,0.0,29.8,36.4,0.0,72.0,1
2023,16,Japanese Grand Prix,2023-09-24,LEC,Charles Leclerc,Ferrari,suzuka,Suzuka Circuit,4.0,4.0,0.25,0.25,112.0,15.0,0.0,2.0,8.333333333333334,7.4,0.0,9.0,3.0,0.0,239.0,7.566666666666666,3.0,1.0,0.7272727272727273,0.0,27.3,42.1,0.0,42.3,0
2023,16,Japanese Grand Prix,2023-09-24,SAI,Carlos Sainz,Ferrari,suzuka,Suzuka Circuit,6.0,6.0,0.16666666666666666,0.16666666666666666,127.0,15.0,1.0,1.0,6.8,7.2,1.0,11.333333333333334,3.0,1.0,251.0,7.451612903225806,3.0,1.0,0.7272727272727273,0.0,27.3,42.1,0.0,42.3,0
2023,17,Qatar Grand Prix,2023-10-08,LEC,Charles Leclerc,Ferrari,losail,Losail International Circuit,5.0,5.0,0.2,0.2,124.0,16.0,0.0,2.0,8.0625,6.8,0.0,8.0,1.0,0.0,259.0,7.40625,3.0,1.0,0.7727272727272727,0.0,31.5,36.9,0.0,73.2,0
2023,17,Qatar Grand Prix,2023-10-08,SAI,Carlos Sainz,Ferrari,losail,Losail International Circuit,12.0,12.0,0.08333333333333333,0.08333333333333333,135.0,16.0,1.0,1.0,6.75,6.8,1.0,7.0,1.0,0.0,269.0,7.333333333333333,3.0,1.0,0.7727272727272727,0.0,31.5,36.9,0.0,73.2,0
2023,18,United States Grand Prix,2023-10-22,LEC,Charles Leclerc,Ferrari,americas,Circuit of the Americas,1.0,1.0,1.0,1.0,134.0,17.0,0.0,2.0,7.882352941176471,7.2,0.0,6.5,4.0,1.0,269.0,7.705882352941177,3.0,1.0,0.8181818181818182,0.0,30.0,40.6,0.0,41.9,0
2023,18,United States Grand Prix,2023-10-22,SAI,Carlos Sainz,Ferrari,americas,Circuit of the Americas,4.0,4.0,0.25,0.25,135.0,17.0,1.0,1.0,7.529411764705882,7.0,0.0,10.5,4.0,1.0,269.0,8.057142857142857,3.0,1.0,0.8181818181818182,0.0,30.0,40.6,0.0,41.9,0
2023,19,Mexico City Grand Prix,2023-10-29,LEC,Charles Leclerc,Ferrari,rodriguez,Autódromo Hermanos Rodríguez,1.0,1.0,1.0,1.0,134.0,18.0,0.0,2.0,8.555555555555555,7.4,0.0,5.5,4.0,0.0,284.0,7.916666666666667,3.0,1.0,0.8636363636363636,0.0,25.5,45.6,0.0,23.6,0
2023,19,Mexico City Grand Prix,2023-10-29,SAI,Carlos Sainz,Ferrari,rodriguez,Autódromo Hermanos Rodríguez,2.0,2.0,0.5,0.5,150.0,18.0,1.0,1.0,7.277777777777778,6.6,0.0,10.75,4.0,0.0,299.0,7.783783783783784,3.0,1.0,0.8636363636363636,0.0,25.5,45.6,0.0,23.6,0
2023,20,São Paulo Grand Prix,2023-11-05,LEC,Charles Leclerc,Ferrari,interlagos,Autódromo José Carlos Pace,2.0,2.0,0.5,0.5,149.0,19.0,0.0,2.0,8.263157894736842,7.2,0.0,8.5,4.0,1.0,311.0,7.684210526315789,3.0,1.0,0.9090909090909091,1.0,20.5,46.8,1.0,58.2,0
2023,20,São Paulo Grand Prix,2023-11-05,SAI,Carlos Sainz,Ferrari,interlagos,Autódromo José Carlos Pace,8.0,7.0,0.125,0.14285714285714285,162.0,19.0,1.0,1.0,7.105263157894737,6.8,0.0,6.0,4.0,0.0,311.0,8.0,3.0,1.0,0.9090909090909091,1.0,20.5,46.8,1.0,58.2,0
2023,21,Las Vegas Grand Prix,2023-11-19,LEC,Charles Leclerc,Ferrari,vegas,Las Vegas Strip Street Circuit,1.0,1.0,1.0,1.0,149.0,20.0,0.0,2.0,8.85,10.4,0.0,10.0,0.0,0.0,319.0,7.95,3.0,1.0,0.9545454545454546,0.0,18.1,18.0,0.0,47.4,0
2023,21,Las Vegas Grand Prix,2023-11-19,SAI,Carlos Sainz,Ferrari,vegas,Las Vegas Strip Street Circuit,2.0,12.0,0.5,0.08333333333333333,170.0,20.0,1.0,1.0,7.05,7.8,0.0,10.0,0.0,0.0,337.0,7.804878048780488,3.0,1.0,0.9545454545454546,0.0,18.1,18.0,0.0,47.4,0
2023,22,Abu Dhabi Grand Prix,2023-11-26,LEC,Charles Leclerc,Ferrari,yas_marina,Yas Marina Circuit,2.0,2.0,0.5,0.5,167.0,21.0,0.0,2.0,8.523809523809524,10.0,0.0,7.0,5.0,0.0,345.0,7.761904761904762,3.0,1.0,1.0,0.0,27.0,33.5,0.0,51.0,0
2023,22,Abu Dhabi Grand Prix,2023-11-26,SAI,Carlos Sainz,Ferrari,yas_marina,Yas Marina Circuit,16.0,16.0,0.0625,0.0625,178.0,21.0,1.0,1.0,7.0,7.8,0.0,5.8,5.0,0.0,363.0,7.627906976744186,3.0,1.0,1.0,0.0,27.0,33.5,0.0,51.0,0
2024,1,Bahrain Grand Prix,2024-03-02,LEC,Charles Leclerc,Ferrari,bahrain,Bahrain International Circuit,2.0,2.0,0.5,0.5,0.0,0.0,0.0,0.0,11.375,9.4,0.0,10.142857142857142,7.0,2.0,0.0,11.416666666666666,0.0,1.0,0.041666666666666664,0.0,18.2,23.7,0.0,48.8,0
2024,1,Bahrain Grand Prix,2024-03-02,SAI,Carlos Sainz,Ferrari,bahrain,Bahrain International Circuit,4.0,4.0,0.25,0.25,0.0,0.0,0.0,0.0,11.375,7.4,1.0,7.571428571428571,7.0,1.0,12.0,4.0,0.0,1.0,0.041666666666666664,0.0,18.2,23.7,0.0,48.8,0
2024,2,Saudi Arabian Grand Prix,2024-03-09,BEA,Oliver Bearman,Ferrari,jeddah,Jeddah Corniche Circuit,11.0,11.0,0.09090909090909091,0.09090909090909091,0.0,0.0,0.0,0.0,11.375,11.0,0.0,10.0,0.0,0.0,27.0,3.5,0.0,1.0,0.08333333333333333,0.0,25.5,31.6,0.0,62.3,0
2024,2,Saudi Arabian Grand Prix,2024-03-09,LEC,Charles Leclerc,Ferrari,jeddah,Jeddah Corniche Circuit,2.0,2.0,0.5,0.5,12.0,1.0,0.0,0.0,4.0,6.2,0.0,5.333333333333333,3.0,0.0,33.0,4.666666666666667,0.0,1.0,0.08333333333333333,0.0,25.5,31.6,0.0,62.3,0
2024,3,Australian Grand Prix,2024-03-24,LEC,Charles Leclerc,Ferrari,albert_park,Albert Park Grand Prix Circuit,5.0,4.0,0.2,0.25,28.0,2.0,0.0,0.0,3.5,6.2,0.0,9.75,4.0,1.0,49.0,4.25,0.0,1.0,0.125,0.0,20.6,38.4,0.0,44.5,0
2024,3,Australian Grand Prix,2024-03-24,SAI,Carlos Sainz,Ferrari,albert_park,Albert Park Grand Prix Circuit,2.0,2.0,0.5,0.5,15.0,1.0,0.0,0.0,3.0,7.4,1.0,15.5,4.0,1.0,68.0,3.8,0.0,1.0,0.125,0.0,20.6,38.4,0.0,44.5,1
2024,4,Japanese Grand Prix,2024-04-07,LEC,Charles Leclerc,Ferrari,suzuka,Suzuka Circuit,8.0,8.0,0.125,0.125,47.0,3.0,0.0,0.0,3.0,2.6,0.0,7.75,4.0,0.0,93.0,3.3333333333333335,0.0,1.0,0.16666666666666666,0.0,21.7,37.5,0.0,43.4,0
2024,4,Japanese Grand Prix,2024-04-07,SAI,Carlos Sainz,Ferrari,suzuka,Suzuka Circuit,4.0,4.0,0.25,0.25,40.0,2.0,1.0,0.0,2.0,6.8,1.0,10.0,4.0,1.0,105.0,3.4285714285714284,0.0,1.0,0.16666666666666666,0.0,21.7,37.5,0.0,43.4,0
2024,5,Chinese Grand Prix,2024-04-21,LEC,Charles Leclerc,Ferrari,shanghai,Shanghai International Circuit,6.0,6.0,0.16666666666666666,0.16666666666666666,59.0,4.0,0.0,0.0,3.25,3.0,0.0,12.0,2.0,0.0,120.0,3.375,0.0,1.0,0.20833333333333334,0.0,18.6,29.8,0.0,66.1,0
2024,5,Chinese Grand Prix,2024-04-21,SAI,Carlos Sainz,Ferrari,shanghai,Shanghai International Circuit,7.0,7.0,0.14285714285714285,0.14285714285714285,55.0,3.0,1.0,0.0,2.3333333333333335,6.2,1.0,11.5,2.0,0.0,132.0,3.4444444444444446,0.0,1.0,0.20833333333333334,0.0,18.6,29.8,0.0,66.1,0
2024,6,Miami Grand Prix,2024-05-05,LEC,Charles Leclerc,Ferrari,miami,Miami International Autodrome,2.0,2.0,0.5,0.5,71.0,5.0,0.0,0.0,3.4,3.4,0.0,4.5,2.0,0.0,142.0,3.6,0.0,1.0,0.25,0.0,28.5,44.7,0.0,59.0,0
2024,6,Miami Grand Prix,2024-05-05,SAI,Carlos Sainz,Ferrari,miami,Miami International Autodrome,3.0,3.0,0.3333333333333333,0.3333333333333333,65.0,4.0,1.0,0.0,3.0,6.0,1.0,4.0,2.0,0.0,157.0,3.5454545454545454,0.0,1.0,0.25,0.0,28.5,44.7,0.0,59.0,0
2024,7,Emilia Romagna Grand Prix,2024-05-19,LEC,Charles Leclerc,Ferrari,imola,Autodromo Enzo e Dino Ferrari,4.0,3.0,0.25,0.3333333333333333,86.0,6.0,0.0,0.0,3.3333333333333335,3.2,0.0,5.0,3.0,0.0,167.0,3.6666666666666665,0.0,1.0,0.2916666666666667,0.0,25.1,42.0,0.0,48.4,0
2024,7,Emilia Romagna Grand Prix,2024-05-19,SAI,Carlos Sainz,Ferrari,imola,Autodromo Enzo e Dino Ferrari,5.0,4.0,0.2,0.25,75.0,5.0,1.0,0.0,3.4,3.4,0.0,10.666666666666666,3.0,1.0,182.0,3.6153846153846154,0.0,1.0,0.2916666666666667,0.0,25.1,42.0,0.0,48.4,0
2024,8,Monaco Grand Prix,2024-05-26,LEC,Charles Leclerc,Ferrari,monaco,Circuit de Monaco,1.0,1.0,1.0,1.0,101.0,7.0,0.0,0.0,3.2857142857142856,3.2,0.0,13.6,5.0,2.0,192.0,3.7142857142857144,0.0,1.0,0.3333333333333333,0.0,21.6,46.3,0.0,64.0,1
2024,8,Monaco Grand Prix,2024-05-26,SAI,Carlos Sainz,Ferrari,monaco,Circuit de Monaco,3.0,3.0,0.3333333333333333,0.3333333333333333,85.0,6.0,1.0,0.0,3.6666666666666665,3.8,0.0,5.6,5.0,0.0,217.0,3.533333333333333,0.0,1.0,0.3333333333333333,0.0,21.6,46.3,0.0,64.0,0
2024,9,Canadian Grand Prix,2024-06-09,LEC,Charles Leclerc,Ferrari,villeneuve,Circuit Gilles Villeneuve,11.0,11.0,0.09090909090909091,0.09090909090909091,126.0,8.0,1.0,0.0,3.0,3.0,0.0,5.5,4.0,0.0,232.0,3.5,0.0,1.0,0.375,1.0,17.8,24.6,1.0,73.4,0
2024,9,Canadian Grand Prix,2024-06-09,SAI,Carlos Sainz,Ferrari,villeneuve,Circuit Gilles Villeneuve,12.0,12.0,0.08333333333333333,0.08333333333333333,100.0,7.0,1.0,0.0,3.5714285714285716,4.2,0.0,6.5,4.0,0.0,232.0,4.411764705882353,1.0,1.0,0.375,1.0,17.8,24.6,1.0,73.4,0
2024,10,Spanish Grand Prix,2024-06-23,LEC,Charles Leclerc,Ferrari,catalunya,Circuit de Barcelona-Catalunya,5.0,5.0,0.2,0.2,126.0,9.0,1.0,1.0,4.777777777777778,6.0,1.0,11.666666666666666,6.0,0.0,232.0,5.055555555555555,2.0,1.0,0.4166666666666667,1.0,24.1,41.1,1.0,63.4,0
2024,10,Spanish Grand Prix,2024-06-23,SAI,Carlos Sainz,Ferrari,catalunya,Circuit de Barcelona-Catalunya,6.0,6.0,0.16666666666666666,0.16666666666666666,100.0,8.0,1.0,1.0,5.125,6.8,1.0,6.166666666666667,6.0,0.0,242.0,5.052631578947368,2.0,1.0,0.4166666666666667,1.0,24.1,41.1,1.0,63.4,0
2024,11,Austrian Grand Prix,2024-06-30,LEC,Charles Leclerc,Ferrari,red_bull_ring,Red Bull Ring,6.0,6.0,0.16666666666666666,0.16666666666666666,136.0,10.0,1.0,1.0,4.8,6.2,1.0,6.25,8.0,1.0,250.0,5.1,2.0,1.0,0.4583333333333333,1.0,29.4,46.4,1.0,35.0,0
2024,11,Austrian Grand Prix,2024-06-30,SAI,Carlos Sainz,Ferrari,red_bull_ring,Red Bull Ring,4.0,4.0,0.25,0.25,108.0,9.0,1.0,1.0,5.222222222222222,7.0,1.0,8.625,8.0,0.0,250.0,5.380952380952381,2.0,1.0,0.4583333333333333,1.0,29.4,46.4,1.0,35.0,0
2024,12,British Grand Prix,2024-07-07,LEC,Charles Leclerc,Ferrari,silverstone,Silverstone Circuit,11.0,11.0,0.09090909090909091,0.09090909090909091,136.0,11.0,1.0,1.0,5.363636363636363,7.8,1.0,6.285714285714286,7.0,0.0,265.0,5.2727272727272725,2.0,1.0,0.5,1.0,15.8,27.7,1.0,67.3,0
2024,12,British Grand Prix,2024-07-07,SAI,Carlos Sainz,Ferrari,silverstone,Silverstone Circuit,7.0,7.0,0.14285714285714285,0.14285714285714285,123.0,10.0,1.0,1.0,5.0,6.6,1.0,9.428571428571429,7.0,1.0,265.0,5.6521739130434785,2.0,1.0,0.5,1.0,15.8,27.7,1.0,67.3,0
2024,13,Hungarian Grand Prix,2024-07-21,LEC,Charles Leclerc,Ferrari,hungaroring,Hungaroring,6.0,6.0,0.16666666666666666,0.16666666666666666,136.0,12.0,1.0,1.0,6.083333333333333,10.0,1.0,11.0,6.0,1.0,276.0,5.625,2.0,1.0,0.5416666666666666,0.0,28.8,44.9,0.0,46.9,0
2024,13,Hungarian Grand Prix,2024-07-21,SAI,Carlos Sainz,Ferrari,hungaroring,Hungaroring,4.0,4.0,0.25,0.25,134.0,11.0,1.0,1.0,5.0,6.6,1.0,6.333333333333333,6.0,0.0,288.0,5.56,2.0,1.0,0.5416666666666666,0.0,28.8,44.9,0.0,46.9,0
2024,14,Belgian Grand Prix,2024-07-28,LEC,Charles Leclerc,Ferrari,spa,Circuit de Spa-Francorchamps,2.0,1.0,0.5,1.0,148.0,13.0,1.0,1.0,5.923076923076923,10.6,1.0,8.333333333333334,6.0,1.0,296.0,5.576923076923077,2.0,1.0,0.5833333333333334,0.0,21.3,42.3,0.0,49.6,0
2024,14,Belgian Grand Prix,2024-07-28,SAI,Carlos Sainz,Ferrari,spa,Circuit de Spa-Francorchamps,8.0,7.0,0.125,0.14285714285714285,142.0,12.0,1.0,1.0,5.083333333333333,7.2,1.0,13.666666666666666,6.0,1.0,311.0,5.481481481481482,2.0,1.0,0.5833333333333334,0.0,21.3,42.3,0.0,49.6,0
2024,15,Dutch Grand Prix,2024-08-25,LEC,Charles Leclerc,Ferrari,zandvoort,Circuit Park Zandvoort,6.0,6.0,0.16666666666666666,0.16666666666666666,163.0,14.0,1.0,1.0,5.714285714285714,7.4,0.0,9.0,3.0,0.0,319.0,5.5,2.0,1.0,0.625,0.0,19.0,30.8,0.0,61.0,0
2024,15,Dutch Grand Prix,2024-08-25,SAI,Carlos Sainz,Ferrari,zandvoort,Circuit Park Zandvoort,10.0,10.0,0.1,0.1,150.0,13.0,1.0,1.0,5.153846153846154,5.2,0.0,6.666666666666667,3.0,0.0,334.0,5.413793103448276,2.0,1.0,0.625,0.0,19.0,30.8,0.0,61.0,0
2024,16,Italian Grand Prix,2024-09-01,LEC,Charles Leclerc,Ferrari,monza,Autodromo Nazionale di Monza,4.0,4.0,0.25,0.25,178.0,15.0,1.0,1.0,5.533333333333333,7.0,0.0,6.666666666666667,6.0,1.0,344.0,5.4,2.0,1.0,0.6666666666666666,0.0,33.1,49.3,0.0,32.3,1
2024,16,Italian Grand Prix,2024-09-01,SAI,Carlos Sainz,Ferrari,monza,Autodromo Nazionale di Monza,5.0,5.0,0.2,0.2,160.0,14.0,1.0,1.0,5.142857142857143,5.0,0.0,7.166666666666667,6.0,0.0,369.0,5.258064516129032,2.0,1.0,0.6666666666666666,0.0,33.1,49.3,0.0,32.3,0
2024,17,Azerbaijan Grand Prix,2024-09-15,LEC,Charles Leclerc,Ferrari,baku,Baku City Circuit,1.0,1.0,1.0,1.0,203.0,16.0,2.0,1.0,5.25,5.0,0.0,7.4,5.0,0.0,381.0,5.21875,2.0,1.0,0.7083333333333334,0.0,26.7,44.3,0.0,38.0,0
2024,17,Azerbaijan Grand Prix,2024-09-15,SAI,Carlos Sainz,Ferrari,baku,Baku City Circuit,3.0,3.0,0.3333333333333333,0.3333333333333333,172.0,15.0,1.0,1.0,5.066666666666666,5.2,0.0,9.0,5.0,1.0,399.0,5.121212121212121,2.0,1.0,0.7083333333333334,0.0,26.7,44.3,0.0,38.0,0
2024,18,Singapore Grand Prix,2024-09-22,LEC,Charles Leclerc,Ferrari,marina_bay,Marina Bay Street Circuit,9.0,9.0,0.1111111111111111,0.1111111111111111,221.0,17.0,2.0,1.0,5.0588235294117645,2.6,0.0,4.25,4.0,0.0,399.0,5.5,3.0,1.0,0.75,0.0,30.8,36.4,0.0,74.7,0
2024,18,Singapore Grand Prix,2024-09-22,SAI,Carlos Sainz,Ferrari,marina_bay,Marina Bay Street Circuit,10.0,10.0,0.1,0.1,172.0,16.0,1.0,2.0,5.875,7.8,1.0,6.0,4.0,0.0,409.0,5.485714285714286,3.0,1.0,0.75,0.0,30.8,36.4,0.0,74.7,0
2024,19,United States Grand Prix,2024-10-20,LEC,Charles Leclerc,Ferrari,americas,Circuit of the Americas,4.0,4.0,0.25,0.25,231.0,18.0,2.0,1.0,5.055555555555555,2.8,0.0,9.2,5.0,1.0,415.0,5.527777777777778,3.0,1.0,0.7916666666666666,0.0,28.1,46.6,0.0,35.5,1
2024,19,United States Grand Prix,2024-10-20,SAI,Carlos Sainz,Ferrari,americas,Circuit of the Americas,3.0,3.0,0.3333333333333333,0.3333333333333333,178.0,17.0,1.0,2.0,5.9411764705882355,8.0,1.0,9.0,5.0,1.0,440.0,5.405405405405405,3.0,1.0,0.7916666666666666,0.0,28.1,46.6,0.0,35.5,0
2024,20,Mexico City Grand Prix,2024-10-27,LEC,Charles Leclerc,Ferrari,rodriguez,Autódromo Hermanos Rodríguez,4.0,4.0,0.25,0.25,256.0,19.0,3.0,1.0,4.842105263157895,2.4,0.0,5.0,5.0,0.0,458.0,5.315789473684211,3.0,1.0,0.8333333333333334,0.0,19.9,35.6,0.0,51.1,0
2024,20,Mexico City Grand Prix,2024-10-27,SAI,Carlos Sainz,Ferrari,rodriguez,Autódromo Hermanos Rodríguez,1.0,1.0,1.0,1.0,196.0,18.0,1.0,2.0,5.722222222222222,7.2,1.0,9.4,5.0,0.0,474.0,5.256410256410256,3.0,1.0,0.8333333333333334,0.0,19.9,35.6,0.0,51.1,1
2024,21,São Paulo Grand Prix,2024-11-03,LEC,Charles Leclerc,Ferrari,interlagos,Autódromo José Carlos Pace,6.0,6.0,0.16666666666666666,0.16666666666666666,272.0,20.0,3.0,1.0,4.75,2.4,0.0,10.8,5.0,1.0,499.0,5.15,3.0,1.0,0.875,1.0,21.7,25.8,1.0,85.3,0
2024,21,São Paulo Grand Prix,2024-11-03,SAI,Carlos Sainz,Ferrari,interlagos,Autódromo José Carlos Pace,14.0,20.0,0.07142857142857142,0.05,221.0,19.0,2.0,2.0,5.473684210526316,6.4,1.0,6.0,5.0,0.0,509.0,5.146341463414634,3.0,1.0,0.875,1.0,21.7,25.8,1.0,85.3,0
2024,22,Las Vegas Grand Prix,2024-11-23,LEC,Charles Leclerc,Ferrari,vegas,Las Vegas Strip Street Circuit,4.0,4.0,0.25,0.25,282.0,21.0,3.0,1.0,4.761904761904762,3.2,0.0,2.0,1.0,0.0,509.0,5.404761904761905,4.0,1.0,0.9166666666666666,0.0,17.8,17.7,0.0,47.9,0
2024,22,Las Vegas Grand Prix,2024-11-23,SAI,Carlos Sainz,Ferrari,vegas,Las Vegas Strip Street Circuit,2.0,2.0,0.5,0.5,221.0,20.0,2.0,3.0,6.0,8.8,2.0,6.0,1.0,0.0,521.0,5.372093023255814,4.0,1.0,0.9166666666666666,0.0,17.8,17.7,0.0,47.9,0
2024,23,Qatar Grand Prix,2024-12-01,LEC,Charles Leclerc,Ferrari,losail,Losail International Circuit,5.0,5.0,0.2,0.2,294.0,22.0,3.0,1.0,4.7272727272727275,3.6,0.0,6.5,2.0,0.0,536.0,5.318181818181818,4.0,1.0,0.9583333333333334,0.0,18.9,22.8,0.0,57.3,0
2024,23,Qatar Grand Prix,2024-12-01,SAI,Carlos Sainz,Ferrari,losail,Losail International Circuit,7.0,7.0,0.14285714285714285,0.14285714285714285,236.0,21.0,2.0,3.0,5.857142857142857,5.8,1.0,13.5,2.0,0.0,554.0,5.2444444444444445,4.0,1.0,0.9583333333333334,0.0,18.9,22.8,0.0,57.3,0
2024,24,Abu Dhabi Grand Prix,2024-12-08,LEC,Charles Leclerc,Ferrari,yas_marina,Yas Marina Circuit,14.0,19.0,0.07142857142857142,0.05263157894736842,312.0,23.0,3.0,1.0,4.608695652173913,3.0,0.0,6.166666666666667,6.0,0.0,562.0,5.260869565217392,4.0,1.0,1.0,0.0,26.8,31.8,0.0,51.4,0
2024,24,Abu Dhabi Grand Prix,2024-12-08,SAI,Carlos Sainz,Ferrari,yas_marina,Yas Marina Circuit,3.0,3.0,0.3333333333333333,0.3333333333333333,244.0,22.0,2.0,3.0,5.863636363636363,5.6,1.0,7.833333333333333,6.0,1.0,577.0,5.212765957446808,4.0,1.0,1.0,0.0,26.8,31.8,0.0,51.4,0
2025,1,Australian Grand Prix,2025-03-16,HAM,Lewis Hamilton,Ferrari,albert_park,Albert Park Grand Prix Circuit,8.0,8.0,0.125,0.125,0.0,0.0,0.0,0.0,11.375,6.4,0.0,5.6,5.0,1.0,0.0,11.416666666666666,0.0,1.0,0.041666666666666664,1.0,15.7,18.9,1.0,78.4,0
2025,1,Australian Grand Prix,2025-03-16,LEC,Charles Leclerc,Ferrari,albert_park,Albert Park Grand Prix Circuit,7.0,7.0,0.14285714285714285,0.14285714285714285,0.0,0.0,0.0,0.0,11.375,3.4,0.0,8.2,5.0,1.0,1.0,10.0,0.0,1.0,0.041666666666666664,1.0,15.7,18.9,1.0,78.4,0
2025,2,Chinese Grand Prix,2025-03-23,HAM,Lewis Hamilton,Ferrari,shanghai,Shanghai International Circuit,5.0,5.0,0.2,0.2,1.0,1.0,0.0,0.0,10.0,7.6,0.0,4.666666666666667,3.0,0.0,5.0,9.0,0.0,1.0,0.08333333333333333,0.0,27.2,35.8,0.0,18.2,0
2025,2,Chinese Grand Prix,2025-03-23,LEC,Charles Leclerc,Ferrari,shanghai,Shanghai International Circuit,6.0,6.0,0.16666666666666666,0.16666666666666666,4.0,1.0,0.0,0.0,8.0,4.4,0.0,9.333333333333334,3.0,0.0,5.0,12.333333333333334,0.0,1.0,0.08333333333333333,0.0,27.2,35.8,0.0,18.2,0
2025,3,Japanese Grand Prix,2025-04-06,HAM,Lewis Hamilton,Ferrari,suzuka,Suzuka Circuit,8.0,8.0,0.125,0.125,1.0,2.0,0.0,0.0,14.5,9.4,0.0,4.6,5.0,0.0,5.0,13.75,0.0,1.0,0.125,0.0,14.4,20.5,0.0,76.4,0
2025,3,Japanese Grand Prix,2025-04-06,LEC,Charles Leclerc,Ferrari,suzuka,Suzuka Circuit,4.0,4.0,0.25,0.25,4.0,2.0,0.0,0.0,13.0,7.0,0.0,7.0,5.0,0.0,11.0,12.4,0.0,1.0,0.125,0.0,14.4,20.5,0.0,76.4,0
2025,4,Bahrain Grand Prix,2025-04-13,HAM,Lewis Hamilton,Ferrari,bahrain,Bahrain International Circuit,9.0,9.0,0.1111111111111111,0.1111111111111111,7.0,3.0,0.0,0.0,12.0,10.4,0.0,3.0,7.0,0.0,23.0,11.0,0.0,1.0,0.16666666666666666,0.0,27.1,31.9,0.0,45.3,0
2025,4,Bahrain Grand Prix,2025-04-13,LEC,Charles Leclerc,Ferrari,bahrain,Bahrain International Circuit,3.0,2.0,0.3333333333333333,0.5,16.0,3.0,0.0,0.0,10.0,7.0,0.0,9.375,8.0,2.0,33.0,10.142857142857142,0.0,1.0,0.16666666666666666,0.0,27.1,31.9,0.0,45.3,0
2025,5,Saudi Arabian Grand Prix,2025-04-20,HAM,Lewis Hamilton,Ferrari,jeddah,Jeddah Corniche Circuit,7.0,7.0,0.14285714285714285,0.14285714285714285,17.0,4.0,0.0,0.0,10.25,9.0,0.0,6.25,4.0,0.0,45.0,9.375,0.0,1.0,0.20833333333333334,0.0,29.5,37.8,0.0,62.7,0
2025,5,Saudi Arabian Grand Prix,2025-04-20,LEC,Charles Leclerc,Ferrari,jeddah,Jeddah Corniche Circuit,4.0,4.0,0.25,0.25,28.0,4.0,0.0,0.0,8.5,7.4,0.0,4.75,4.0,0.0,51.0,9.11111111111111,0.0,1.0,0.20833333333333334,0.0,29.5,37.8,0.0,62.7,0
2025,6,Miami Grand Prix,2025-05-04,HAM,Lewis Hamilton,Ferrari,miami,Miami International Autodrome,12.0,12.0,0.08333333333333333,0.08333333333333333,23.0,5.0,0.0,0.0,9.6,9.6,0.0,6.0,3.0,0.0,66.0,8.5,0.0,1.0,0.25,1.0,26.6,38.7,1.0,63.0,0
2025,6,Miami Grand Prix,2025-05-04,LEC,Charles Leclerc,Ferrari,miami,Miami International Autodrome,8.0,8.0,0.125,0.125,43.0,5.0,0.0,0.0,7.4,7.4,0.0,4.0,3.0,0.0,70.0,8.454545454545455,0.0,1.0,0.25,1.0,26.6,38.7,1.0,63.0,0
2025,7,Emilia Romagna Grand Prix,2025-05-18,HAM,Lewis Hamilton,Ferrari,imola,Autodromo Enzo e Dino Ferrari,12.0,12.0,0.08333333333333333,0.08333333333333333,27.0,6.0,0.0,0.0,9.333333333333334,9.2,0.0,5.5,4.0,0.0,76.0,8.333333333333334,0.0,1.0,0.2916666666666667,0.0,24.0,42.7,0.0,38.3,0
2025,7,Emilia Romagna Grand Prix,2025-05-18,LEC,Charles Leclerc,Ferrari,imola,Autodromo Enzo e Dino Ferrari,11.0,11.0,0.09090909090909091,0.09090909090909091,49.0,6.0,0.0,0.0,7.333333333333333,7.2,0.0,4.5,4.0,0.0,88.0,8.0,0.0,1.0,0.2916666666666667,0.0,24.0,42.7,0.0,38.3,0
2025,8,Monaco Grand Prix,2025-05-25,HAM,Lewis Hamilton,Ferrari,monaco,Circuit de Monaco,4.0,7.0,0.25,0.14285714285714285,39.0,7.0,0.0,0.0,8.571428571428571,6.2,0.0,5.0,6.0,0.0,96.0,7.857142857142857,0.0,1.0,0.3333333333333333,0.0,22.2,43.3,0.0,52.5,0
2025,8,Monaco Grand Prix,2025-05-25,LEC,Charles Leclerc,Ferrari,monaco,Circuit de Monaco,2.0,2.0,0.5,0.5,57.0,7.0,0.0,0.0,7.142857142857143,4.8,0.0,11.5,6.0,2.0,106.0,7.666666666666667,0.0,1.0,0.3333333333333333,0.0,22.2,43.3,0.0,52.5,0
2025,9,Spanish Grand Prix,2025-06-01,HAM,Lewis Hamilton,Ferrari,catalunya,Circuit de Barcelona-Catalunya,5.0,5.0,0.2,0.2,49.0,8.0,0.0,0.0,8.125,5.8,0.0,2.0,7.0,0.0,124.0,7.3125,0.0,1.0,0.375,0.0,29.1,48.5,0.0,54.6,0
2025,9,Spanish Grand Prix,2025-06-01,LEC,Charles Leclerc,Ferrari,catalunya,Circuit de Barcelona-Catalunya,7.0,7.0,0.14285714285714285,0.14285714285714285,75.0,8.0,0.0,0.0,6.5,4.4,0.0,10.714285714285714,7.0,0.0,132.0,7.235294117647059,0.0,1.0,0.375,0.0,29.1,48.5,0.0,54.6,0
2025,10,Canadian Grand Prix,2025-06-15,HAM,Lewis Hamilton,Ferrari,villeneuve,Circuit Gilles Villeneuve,5.0,5.0,0.2,0.2,57.0,9.0,0.0,0.0,7.888888888888889,6.0,0.0,3.2,5.0,0.0,147.0,7.0,0.0,1.0,0.4166666666666667,1.0,24.0,49.3,1.0,28.0,0
2025,10,Canadian Grand Prix,2025-06-15,LEC,Charles Leclerc,Ferrari,villeneuve,Circuit Gilles Villeneuve,8.0,8.0,0.125,0.125,90.0,9.0,0.0,0.0,6.111111111111111,4.2,0.0,8.2,5.0,1.0,155.0,6.947368421052632,0.0,1.0,0.4166666666666667,1.0,24.0,49.3,1.0,28.0,0
2025,11,Austrian Grand Prix,2025-06-29,HAM,Lewis Hamilton,Ferrari,red_bull_ring,Red Bull Ring,4.0,4.0,0.25,0.25,65.0,10.0,0.0,0.0,7.7,5.8,0.0,5.222222222222222,9.0,0.0,165.0,6.85,0.0,1.0,0.4583333333333333,0.0,30.3,49.2,0.0,32.0,0
2025,11,Austrian Grand Prix,2025-06-29,LEC,Charles Leclerc,Ferrari,red_bull_ring,Red Bull Ring,2.0,2.0,0.5,0.5,100.0,10.0,0.0,0.0,6.0,4.6,0.0,6.777777777777778,9.0,1.0,177.0,6.714285714285714,0.0,1.0,0.4583333333333333,0.0,30.3,49.2,0.0,32.0,0
2025,12,British Grand Prix,2025-07-06,HAM,Lewis Hamilton,Ferrari,silverstone,Silverstone Circuit,5.0,5.0,0.2,0.2,77.0,11.0,0.0,0.0,7.363636363636363,5.0,0.0,1.75,8.0,0.0,192.0,6.545454545454546,0.0,1.0,0.5,1.0,17.9,23.6,1.0,78.4,0
2025,12,British Grand Prix,2025-07-06,LEC,Charles Leclerc,Ferrari,silverstone,Silverstone Circuit,6.0,6.0,0.16666666666666666,0.16666666666666666,115.0,11.0,0.0,0.0,5.7272727272727275,3.8,0.0,7.25,8.0,0.0,204.0,6.434782608695652,0.0,1.0,0.5,1.0,17.9,23.6,1.0,78.4,0
2025,13,Belgian Grand Prix,2025-07-27,HAM,Lewis Hamilton,Ferrari,spa,Circuit de Spa-Francorchamps,16.0,18.0,0.0625,0.05555555555555555,89.0,12.0,0.0,0.0,7.083333333333333,5.0,0.0,4.714285714285714,7.0,1.0,204.0,6.75,0.0,1.0,0.5416666666666666,1.0,17.0,24.1,1.0,84.4,0
2025,13,Belgian Grand Prix,2025-07-27,LEC,Charles Leclerc,Ferrari,spa,Circuit de Spa-Francorchamps,3.0,3.0,0.3333333333333333,0.3333333333333333,115.0,12.0,0.0,0.0,6.416666666666667,5.4,0.0,7.571428571428571,7.0,1.0,210.0,6.76,0.0,1.0,0.5416666666666666,1.0,17.0,24.1,1.0,84.4,0
2025,14,Hungarian Grand Prix,2025-08-03,HAM,Lewis Hamilton,Ferrari,hungaroring,Hungaroring,12.0,12.0,0.08333333333333333,0.08333333333333333,95.0,13.0,0.0,0.0,7.076923076923077,5.4,0.0,2.0,7.0,0.0,225.0,6.615384615384615,0.0,1.0,0.5833333333333334,0.0,22.1,32.7,0.0,57.2,0
2025,14,Hungarian Grand Prix,2025-08-03,LEC,Charles Leclerc,Ferrari,hungaroring,Hungaroring,1.0,1.0,1.0,1.0,130.0,13.0,0.0,0.0,6.153846153846154,5.6,0.0,10.0,7.0,1.0,225.0,6.814814814814815,0.0,1.0,0.5833333333333334,0.0,22.1,32.7,0.0,57.2,0
2025,15,Dutch Grand Prix,2025-08-31,HAM,Lewis Hamilton,Ferrari,zandvoort,Circuit Park Zandvoort,7.0,7.0,0.14285714285714285,0.14285714285714285,95.0,14.0,0.0,0.0,7.428571428571429,6.6,0.0,5.0,4.0,0.0,237.0,6.714285714285714,0.0,1.0,0.625,0.0,20.1,28.0,0.0,71.2,0
2025,15,Dutch Grand Prix,2025-08-31,LEC,Charles Leclerc,Ferrari,zandvoort,Circuit Park Zandvoort,6.0,6.0,0.16666666666666666,0.16666666666666666,142.0,14.0,0.0,0.0,6.0,5.8,0.0,7.5,4.0,0.0,237.0,7.172413793103448,1.0,1.0,0.625,0.0,20.1,28.0,0.0,71.2,0
2025,16,Italian Grand Prix,2025-09-07,HAM,Lewis Hamilton,Ferrari,monza,Autodromo Nazionale di Monza,5.0,10.0,0.2,0.1,95.0,15.0,0.0,1.0,8.266666666666667,9.4,1.0,6.285714285714286,7.0,1.0,237.0,7.566666666666666,2.0,1.0,0.6666666666666666,0.0,26.8,43.3,0.0,42.6,0
2025,16,Italian Grand Prix,2025-09-07,LEC,Charles Leclerc,Ferrari,monza,Autodromo Nazionale di Monza,4.0,4.0,0.25,0.25,142.0,15.0,0.0,1.0,6.866666666666666,8.6,1.0,5.857142857142857,7.0,1.0,245.0,7.516129032258065,2.0,1.0,0.6666666666666666,0.0,26.8,43.3,0.0,42.6,0
2025,17,Azerbaijan Grand Prix,2025-09-21,HAM,Lewis Hamilton,Ferrari,baku,Baku City Circuit,12.0,12.0,0.08333333333333333,0.08333333333333333,103.0,16.0,0.0,1.0,8.125,9.8,1.0,6.166666666666667,6.0,0.0,257.0,7.40625,2.0,1.0,0.7083333333333334,0.0,20.6,26.1,0.0,59.8,0
2025,17,Azerbaijan Grand Prix,2025-09-21,LEC,Charles Leclerc,Ferrari,baku,Baku City Circuit,10.0,10.0,0.1,0.1,154.0,16.0,0.0,1.0,6.6875,8.8,1.0,6.5,6.0,0.0,261.0,7.424242424242424,2.0,1.0,0.7083333333333334,0.0,20.6,26.1,0.0,59.8,0
2025,18,Singapore Grand Prix,2025-10-05,HAM,Lewis Hamilton,Ferrari,marina_bay,Marina Bay Street Circuit,6.0,6.0,0.16666666666666666,0.16666666666666666,107.0,17.0,0.0,1.0,8.117647058823529,10.6,1.0,4.6,5.0,0.0,263.0,7.470588235294118,2.0,1.0,0.75,1.0,29.1,33.9,1.0,74.4,0
2025,18,Singapore Grand Prix,2025-10-05,LEC,Charles Leclerc,Ferrari,marina_bay,Marina Bay Street Circuit,7.0,7.0,0.14285714285714285,0.14285714285714285,156.0,17.0,0.0,1.0,6.823529411764706,7.8,1.0,4.4,5.0,0.0,267.0,7.485714285714286,2.0,1.0,0.75,1.0,29.1,33.9,1.0,74.4,0
2025,19,United States Grand Prix,2025-10-19,HAM,Lewis Hamilton,Ferrari,americas,Circuit of the Americas,5.0,5.0,0.2,0.2,111.0,18.0,0.0,1.0,8.11111111111111,10.8,1.0,8.0,6.0,1.0,275.0,7.444444444444445,2.0,1.0,0.7916666666666666,0.0,28.3,45.0,0.0,22.5,0
2025,19,United States Grand Prix,2025-10-19,LEC,Charles Leclerc,Ferrari,americas,Circuit of the Americas,3.0,3.0,0.3333333333333333,0.3333333333333333,164.0,18.0,0.0,1.0,6.777777777777778,8.4,1.0,7.833333333333333,6.0,1.0,287.0,7.351351351351352,2.0,1.0,0.7916666666666666,0.0,28.3,45.0,0.0,22.5,0
2025,20,Mexico City Grand Prix,2025-10-26,HAM,Lewis Hamilton,Ferrari,rodriguez,Autódromo Hermanos Rodríguez,3.0,3.0,0.3333333333333333,0.3333333333333333,123.0,19.0,0.0,1.0,7.894736842105263,9.2,1.0,2.5,6.0,0.0,302.0,7.2368421052631575,2.0,1.0,0.8333333333333334,0.0,26.4,50.6,0.0,23.2,0
2025,20,Mexico City Grand Prix,2025-10-26,LEC,Charles Leclerc,Ferrari,rodriguez,Autódromo Hermanos Rodríguez,2.0,2.0,0.5,0.5,179.0,19.0,0.0,1.0,6.578947368421052,8.2,1.0,4.666666666666667,6.0,0.0,306.0,7.256410256410256,2.0,1.0,0.8333333333333334,0.0,26.4,50.6,0.0,23.2,0
2025,21,São Paulo Grand Prix,2025-11-09,HAM,Lewis Hamilton,Ferrari,interlagos,Autódromo José Carlos Pace,13.0,13.0,0.07692307692307693,0.07692307692307693,127.0,20.0,0.0,1.0,7.9,6.8,0.0,4.833333333333333,6.0,0.0,324.0,7.125,2.0,1.0,0.875,0.0,17.3,30.7,0.0,70.6,0
2025,21,São Paulo Grand Prix,2025-11-09,LEC,Charles Leclerc,Ferrari,interlagos,Autódromo José Carlos Pace,3.0,3.0,0.3333333333333333,0.3333333333333333,197.0,20.0,0.0,1.0,6.35,4.8,0.0,9.833333333333334,6.0,1.0,324.0,7.390243902439025,3.0,1.0,0.875,0.0,17.3,30.7,0.0,70.6,0
2025,22,Las Vegas Grand Prix,2025-11-23,HAM,Lewis Hamilton,Ferrari,vegas,Las Vegas Strip Street Circuit,20.0,19.0,0.05,0.05263157894736842,127.0,21.0,0.0,2.0,8.380952380952381,9.2,1.0,4.5,2.0,0.0,324.0,7.666666666666667,4.0,1.0,0.9166666666666666,0.0,16.7,19.5,0.0,37.8,0
2025,22,Las Vegas Grand Prix,2025-11-23,LEC,Charles Leclerc,Ferrari,vegas,Las Vegas Strip Street Circuit,9.0,9.0,0.1111111111111111,0.1111111111111111,197.0,21.0,0.0,2.0,6.9523809523809526,7.8,1.0,3.0,2.0,0.0,328.0,7.674418604651163,4.0,1.0,0.9166666666666666,0.0,16.7,19.5,0.0,37.8,0
2025,23,Qatar Grand Prix,2025-11-30,HAM,Lewis Hamilton,Ferrari,losail,Losail International Circuit,18.0,17.0,0.05555555555555555,0.058823529411764705,131.0,22.0,0.0,2.0,8.363636363636363,9.2,1.0,10.666666666666666,3.0,1.0,340.0,7.590909090909091,4.0,1.0,0.9583333333333334,0.0,22.6,28.2,0.0,69.0,0
2025,23,Qatar Grand Prix,2025-11-30,LEC,Charles Leclerc,Ferrari,losail,Losail International Circuit,10.0,10.0,0.1,0.1,209.0,22.0,0.0,2.0,6.818181818181818,6.8,1.0,5.0,3.0,0.0,340.0,7.688888888888889,4.0,1.0,0.9583333333333334,0.0,22.6,28.2,0.0,69.0,0
2025,24,Abu Dhabi Grand Prix,2025-12-07,HAM,Lewis Hamilton,Ferrari,yas_marina,Yas Marina Circuit,16.0,16.0,0.0625,0.0625,131.0,23.0,0.0,2.0,8.521739130434783,10.0,1.0,5.428571428571429,7.0,1.0,344.0,7.695652173913044,4.0,1.0,1.0,0.0,26.7,31.1,0.0,60.4,0
2025,24,Abu Dhabi Grand Prix,2025-12-07,LEC,Charles Leclerc,Ferrari,yas_marina,Yas Marina Circuit,5.0,5.0,0.2,0.2,213.0,23.0,0.0,2.0,6.869565217391305,7.2,1.0,5.714285714285714,7.0,0.0,348.0,7.702127659574468,4.0,1.0,1.0,0.0,26.7,31.1,0.0,60.4,0
2018,1,Australian Grand Prix,2018-03-25,OCO,Esteban Ocon,Force India,albert_park,Albert Park Grand Prix Circuit,15.0,14.0,0.06666666666666667,0.07142857142857142,0.0,0.0,0.0,0.0,11.375,11.0,0.0,10.0,0.0,0.0,0.0,11.416666666666666,0.0,0.0,0.047619047619047616,1.0,24.1,36.3,1.0,30.9,0
2018,1,Australian Grand Prix,2018-03-25,PER,Sergio Pérez,Force India,albert_park,Albert Park Grand Prix Circuit,13.0,12.0,0.07692307692307693,0.08333333333333333,0.0,0.0,0.0,0.0,11.375,11.0,0.0,10.0,0.0,0.0,0.0,12.0,0.0,0.0,0.047619047619047616,1.0,24.1,36.3,1.0,30.9,0
2018,2,Bahrain Grand Prix,2018-04-08,OCO,Esteban Ocon,Force India,bahrain,Bahrain International Circuit,9.0,8.0,0.1111111111111111,0.125,0.0,1.0,0.0,0.0,12.0,12.0,0.0,10.0,0.0,0.0,0.0,11.5,0.0,0.0,0.09523809523809523,0.0,28.0,32.2,0.0,47.4,0
2018,2,Bahrain Grand Prix,2018-04-08,PER,Sergio Pérez,Force India,bahrain,Bahrain International Circuit,12.0,12.0,0.08333333333333333,0.08333333333333333,0.0,1.0,0.0,0.0,11.0,11.0,0.0,10.0,0.0,0.0,1.0,11.0,0.0,0.0,0.09523809523809523,0.0,28.0,32.2,0.0,47.4,0
2018,3,Chinese Grand Prix,2018-04-15,OCO,Esteban Ocon,Force India,shanghai,Shanghai International Circuit,12.0,12.0,0.08333333333333333,0.08333333333333333,1.0,2.0,0.0,0.0,11.0,11.0,0.0,10.0,0.0,0.0,1.0,12.25,0.0,0.0,0.14285714285714285,1.0,19.4,37.0,1.0,24.1,0
2018,3,Chinese Grand Prix,2018-04-15,PER,Sergio Pérez,Force India,shanghai,Shanghai International Circuit,8.0,8.0,0.125,0.125,0.0,2.0,0.0,0.0,13.5,13.5,0.0,10.0,0.0,0.0,1.0,12.0,0.0,0.0,0.14285714285714285,1.0,19.4,37.0,1.0,24.1,0
2018,4,Azerbaijan Grand Prix,2018-04-29,OCO,Esteban Ocon,Force India,baku,Baku City Circuit,7.0,7.0,0.14285714285714285,0.14285714285714285,1.0,3.0,0.0,0.0,11.0,11.0,0.0,10.0,0.0,0.0,1.0,12.0,0.0,0.0,0.19047619047619047,0.0,16.7,25.3,0.0,45.7,0
2018,4,Azerbaijan Grand Prix,2018-04-29,PER,Sergio Pérez,Force India,baku,Baku City Circuit,8.0,8.0,0.125,0.125,0.0,3.0,0.0,0.0,13.0,13.0,0.0,10.0,0.0,0.0,1.0,13.0,1.0,0.0,0.19047619047619047,0.0,16.7,25.3,0.0,45.7,0
2018,5,Spanish Grand Prix,2018-05-13,OCO,Esteban Ocon,Force India,catalunya,Circuit de Barcelona-Catalunya,13.0,13.0,0.07692307692307693,0.07692307692307693,1.0,4.0,0.0,1.0,13.0,13.0,1.0,10.0,0.0,0.0,16.0,11.75,1.0,0.0,0.23809523809523808,1.0,16.1,32.3,1.0,52.3,0
2018,5,Spanish Grand Prix,2018-05-13,PER,Sergio Pérez,Force India,catalunya,Circuit de Barcelona-Catalunya,15.0,15.0,0.06666666666666667,0.06666666666666667,15.0,4.0,0.0,0.0,10.5,10.5,0.0,10.0,0.0,0.0,16.0,12.222222222222221,1.0,0.0,0.23809523809523808,1.0,16.1,32.3,1.0,52.3,0
2018,6,Monaco Grand Prix,2018-05-27,OCO,Esteban Ocon,Force India,monaco,Circuit de Monaco,6.0,6.0,0.16666666666666666,0.16666666666666666,1.0,5.0,0.0,1.0,13.6,13.6,1.0,10.0,0.0,0.0,18.0,11.9,1.0,0.0,0.2857142857142857,1.0,26.6,34.6,1.0,50.9,0
2018,6,Monaco Grand Prix,2018-05-27,PER,Sergio Pérez,Force India,monaco,Circuit de Monaco,9.0,9.0,0.1111111111111111,0.1111111111111111,17.0,5.0,0.0,0.0,10.2,10.2,0.0,10.0,0.0,0.0,26.0,11.363636363636363,1.0,0.0,0.2857142857142857,1.0,26.6,34.6,1.0,50.9,0
2018,7,Canadian Grand Prix,2018-06-10,OCO,Esteban Ocon,Force India,villeneuve,Circuit Gilles Villeneuve,8.0,8.0,0.125,0.125,9.0,6.0,0.0,1.0,12.333333333333334,12.4,1.0,10.0,0.0,0.0,26.0,11.416666666666666,1.0,0.0,0.3333333333333333,0.0,20.5,36.9,0.0,27.8,0
2018,7,Canadian Grand Prix,2018-06-10,PER,Sergio Pérez,Force India,villeneuve,Circuit Gilles Villeneuve,10.0,10.0,0.1,0.1,17.0,6.0,0.0,0.0,10.5,10.4,0.0,10.0,0.0,0.0,28.0,11.23076923076923,1.0,0.0,0.3333333333333333,0.0,20.5,36.9,0.0,27.8,0
2018,8,French Grand Prix,2018-06-24,OCO,Esteban Ocon,Force India,ricard,Circuit Paul Ricard,11.0,11.0,0.09090909090909091,0.09090909090909091,11.0,7.0,0.0,1.0,11.857142857142858,12.2,1.0,10.0,0.0,0.0,28.0,11.428571428571429,1.0,0.0,0.38095238095238093,1.0,24.5,42.0,1.0,49.0,0
2018,8,French Grand Prix,2018-06-24,PER,Sergio Pérez,Force India,ricard,Circuit Paul Ricard,13.0,13.0,0.07692307692307693,0.07692307692307693,17.0,7.0,0.0,0.0,11.0,10.0,0.0,10.0,0.0,0.0,28.0,11.933333333333334,2.0,0.0,0.38095238095238093,1.0,24.5,42.0,1.0,49.0,0
2018,9,Austrian Grand Prix,2018-07-01,OCO,Esteban Ocon,Force India,red_bull_ring,Red Bull Ring,11.0,11.0,0.09090909090909091,0.09090909090909091,11.0,8.0,0.0,2.0,12.75,13.8,2.0,10.0,0.0,0.0,28.0,12.3125,3.0,0.0,0.42857142857142855,0.0,23.2,45.9,0.0,37.1,0
2018,9,Austrian Grand Prix,2018-07-01,PER,Sergio Pérez,Force India,red_bull_ring,Red Bull Ring,17.0,16.0,0.058823529411764705,0.0625,17.0,8.0,0.0,1.0,11.875,11.2,1.0,10.0,0.0,0.0,36.0,11.941176470588236,3.0,0.0,0.42857142857142855,0.0,23.2,45.9,0.0,37.1,0
2018,10,British Grand Prix,2018-07-08,OCO,Esteban Ocon,Force India,silverstone,Silverstone Circuit,10.0,10.0,0.1,0.1,19.0,9.0,0.0,2.0,12.0,11.2,1.0,10.0,0.0,0.0,42.0,11.666666666666666,3.0,0.0,0.47619047619047616,0.0,27.4,52.2,0.0,38.7,0
2018,10,British Grand Prix,2018-07-08,PER,Sergio Pérez,Force India,silverstone,Silverstone Circuit,12.0,12.0,0.08333333333333333,0.08333333333333333,23.0,9.0,0.0,1.0,11.333333333333334,12.0,1.0,10.0,0.0,0.0,48.0,11.421052631578947,3.0,0.0,0.47619047619047616,0.0,27.4,52.2,0.0,38.7,0
2018,11,German Grand Prix,2018-07-22,OCO,Esteban Ocon,Force India,hockenheimring,Hockenheimring,16.0,15.0,0.0625,0.06666666666666667,25.0,10.0,0.0,2.0,11.5,9.4,1.0,10.0,0.0,0.0,49.0,11.35,3.0,0.0,0.5238095238095238,1.0,26.4,40.7,1.0,54.8,0
2018,11,German Grand Prix,2018-07-22,PER,Sergio Pérez,Force India,hockenheimring,Hockenheimring,10.0,10.0,0.1,0.1,24.0,10.0,0.0,1.0,11.2,12.2,1.0,10.0,0.0,0.0,53.0,11.19047619047619,3.0,0.0,0.5238095238095238,1.0,26.4,40.7,1.0,54.8,0
2018,12,Hungarian Grand Prix,2018-07-29,OCO,Esteban Ocon,Force India,hungaroring,Hungaroring,18.0,18.0,0.05555555555555555,0.05555555555555555,29.0,11.0,0.0,2.0,11.181818181818182,9.8,1.0,10.0,0.0,0.0,59.0,11.0,3.0,0.0,0.5714285714285714,0.0,33.8,51.1,0.0,33.0,0
2018,12,Hungarian Grand Prix,2018-07-29,PER,Sergio Pérez,Force India,hungaroring,Hungaroring,19.0,19.0,0.05263157894736842,0.05263157894736842,30.0,11.0,0.0,1.0,10.818181818181818,11.2,1.0,10.0,0.0,0.0,59.0,11.08695652173913,3.0,0.0,0.5714285714285714,0.0,33.8,51.1,0.0,33.0,0
2018,13,Belgian Grand Prix,2018-08-26,OCO,Esteban Ocon,Force India,spa,Circuit de Spa-Francorchamps,3.0,3.0,0.3333333333333333,0.3333333333333333,29.0,12.0,0.0,2.0,11.333333333333334,10.6,1.0,10.0,0.0,0.0,59.0,11.208333333333334,3.0,0.0,0.6190476190476191,0.0,17.3,27.9,0.0,37.7,0
2018,13,Belgian Grand Prix,2018-08-26,PER,Sergio Pérez,Force India,spa,Circuit de Spa-Francorchamps,4.0,4.0,0.25,0.25,30.0,12.0,0.0,1.0,11.083333333333334,11.2,1.0,10.0,0.0,0.0,67.0,11.0,3.0,0.0,0.6190476190476191,0.0,17.3,27.9,0.0,37.7,0
2018,14,Italian Grand Prix,2018-09-02,OCO,Esteban Ocon,Force India,monza,Autodromo Nazionale di Monza,8.0,8.0,0.125,0.125,37.0,13.0,0.0,2.0,10.923076923076923,8.0,0.0,10.0,0.0,0.0,77.0,10.76923076923077,3.0,0.0,0.6666666666666666,1.0,22.2,30.8,1.0,63.8,0
2018,14,Italian Grand Prix,2018-09-02,PER,Sergio Pérez,Force India,monza,Autodromo Nazionale di Monza,16.0,14.0,0.0625,0.07142857142857142,40.0,13.0,0.0,1.0,10.615384615384615,8.6,0.0,10.0,0.0,0.0,85.0,10.592592592592593,3.0,0.0,0.6666666666666666,1.0,22.2,30.8,1.0,63.8,0
2018,15,Singapore Grand Prix,2018-09-16,OCO,Esteban Ocon,Force India,marina_bay,Marina Bay Street Circuit,9.0,9.0,0.1111111111111111,0.1111111111111111,45.0,14.0,0.0,2.0,10.571428571428571,8.0,0.0,10.0,0.0,0.0,91.0,10.464285714285714,3.0,0.0,0.7142857142857143,0.0,29.9,33.1,0.0,66.0,0
2018,15,Singapore Grand Prix,2018-09-16,PER,Sergio Pérez,Force India,marina_bay,Marina Bay Street Circuit,7.0,7.0,0.14285714285714285,0.14285714285714285,46.0,14.0,0.0,1.0,10.357142857142858,8.6,0.0,10.0,0.0,0.0,91.0,10.793103448275861,4.0,0.0,0.7142857142857143,0.0,29.9,33.1,0.0,66.0,0
2018,16,Russian Grand Prix,2018-09-30,OCO,Esteban Ocon,Force India,sochi,Sochi Autodrom,6.0,6.0,0.16666666666666666,0.16666666666666666,45.0,15.0,0.0,3.0,11.2,10.6,1.0,10.0,0.0,0.0,91.0,10.966666666666667,4.0,0.0,0.7619047619047619,1.0,24.8,29.9,1.0,61.3,0
2018,16,Russian Grand Prix,2018-09-30,PER,Sergio Pérez,Force India,sochi,Sochi Autodrom,8.0,8.0,0.125,0.125,46.0,15.0,0.0,1.0,10.733333333333333,9.8,0.0,10.0,0.0,0.0,93.0,10.903225806451612,4.0,0.0,0.7619047619047619,1.0,24.8,29.9,1.0,61.3,0
2018,17,Japanese Grand Prix,2018-10-07,OCO,Esteban Ocon,Force India,suzuka,Suzuka Circuit,8.0,11.0,0.125,0.09090909090909091,47.0,16.0,0.0,3.0,11.0625,10.8,1.0,10.0,0.0,0.0,94.0,10.875,4.0,0.0,0.8095238095238095,0.0,28.3,37.2,0.0,50.5,0
2018,17,Japanese Grand Prix,2018-10-07,PER,Sergio Pérez,Force India,suzuka,Suzuka Circuit,10.0,9.0,0.1,0.1111111111111111,47.0,16.0,0.0,1.0,10.6875,10.4,0.0,10.0,0.0,0.0,96.0,10.818181818181818,4.0,0.0,0.8095238095238095,0.0,28.3,37.2,0.0,50.5,0
2018,18,United States Grand Prix,2018-10-21,OCO,Esteban Ocon,Force India,americas,Circuit of the Americas,6.0,6.0,0.16666666666666666,0.16666666666666666,49.0,17.0,0.0,3.0,10.941176470588236,10.0,1.0,10.0,0.0,0.0,102.0,10.705882352941176,4.0,0.0,0.8571428571428571,0.0,21.9,30.5,0.0,37.6,0
2018,18,United States Grand Prix,2018-10-21,PER,Sergio Pérez,Force India,americas,Circuit of the Americas,10.0,10.0,0.1,0.1,53.0,17.0,0.0,1.0,10.470588235294118,9.0,0.0,10.0,0.0,0.0,102.0,10.942857142857143,4.0,0.0,0.8571428571428571,0.0,21.9,30.5,0.0,37.6,0
2018,19,Mexican Grand Prix,2018-10-28,OCO,Esteban Ocon,Force India,rodriguez,Autódromo Hermanos Rodríguez,11.0,11.0,0.09090909090909091,0.09090909090909091,49.0,18.0,0.0,3.0,11.38888888888889,12.6,1.0,10.0,0.0,0.0,106.0,10.86111111111111,4.0,0.0,0.9047619047619048,0.0,20.1,34.5,0.0,50.7,0
2018,19,Mexican Grand Prix,2018-10-28,PER,Sergio Pérez,Force India,rodriguez,Autódromo Hermanos Rodríguez,13.0,13.0,0.07692307692307693,0.07692307692307693,57.0,18.0,0.0,1.0,10.333333333333334,9.6,0.0,10.0,0.0,0.0,106.0,10.864864864864865,4.0,0.0,0.9047619047619048,0.0,20.1,34.5,0.0,50.7,0
2018,20,Brazilian Grand Prix,2018-11-11,OCO,Esteban Ocon,Force India,interlagos,Autódromo José Carlos Pace,13.0,18.0,0.07692307692307693,0.05555555555555555,49.0,19.0,0.0,3.0,11.368421052631579,13.6,1.0,10.0,0.0,0.0,106.0,11.052631578947368,5.0,0.0,0.9523809523809523,0.0,23.8,40.1,0.0,75.4,0
2018,20,Brazilian Grand Prix,2018-11-11,PER,Sergio Pérez,Force India,interlagos,Autódromo José Carlos Pace,12.0,12.0,0.08333333333333333,0.08333333333333333,57.0,19.0,0.0,2.0,10.736842105263158,11.8,1.0,10.0,0.0,0.0,106.0,11.153846153846153,5.0,0.0,0.9523809523809523,0.0,23.8,40.1,0.0,75.4,0
2018,21,Abu Dhabi Grand Prix,2018-11-25,OCO,Esteban Ocon,Force India,yas_marina,Yas Marina Circuit,9.0,9.0,0.1111111111111111,0.1111111111111111,49.0,20.0,0.0,3.0,11.55,12.6,0.0,10.0,0.0,0.0,107.0,11.125,5.0,0.0,1.0,1.0,31.3,33.3,1.0,45.4,0
2018,21,Abu Dhabi Grand Prix,2018-11-25,PER,Sergio Pérez,Force India,yas_marina,Yas Marina Circuit,14.0,14.0,0.07142857142857142,0.07142857142857142,58.0,20.0,0.0,2.0,10.7,10.6,1.0,10.0,0.0,0.0,107.0,11.268292682926829,6.0,0.0,1.0,1.0,31.3,33.3,1.0,45.4,0
2018,1,Australian Grand Prix,2018-03-25,GRO,Romain Grosjean,Haas F1 Team,albert_park,Albert Park Grand Prix Circuit,7.0,6.0,0.14285714285714285,0.16666666666666666,0.0,0.0,0.0,0.0,11.375,11.0,0.0,10.0,0.0,0.0,0.0,11.416666666666666,0.0,0.0,0.047619047619047616,1.0,24.1,36.3,1.0,30.9,0
2018,1,Australian Grand Prix,2018-03-25,MAG,Kevin Magnussen,Haas F1 Team,albert_park,Albert Park Grand Prix Circuit,6.0,5.0,0.16666666666666666,0.2,0.0,0.0,0.0,0.0,11.375,11.0,0.0,10.0,0.0,0.0,0.0,16.0,0.0,0.0,0.047619047619047616,1.0,24.1,36.3,1.0,30.9,0
2018,2,Bahrain Grand Prix,2018-04-08,GRO,Romain Grosjean,Haas F1 Team,bahrain,Bahrain International Circuit,16.0,16.0,0.0625,0.0625,0.0,1.0,0.0,0.0,16.0,16.0,0.0,10.0,0.0,0.0,0.0,16.5,0.0,0.0,0.09523809523809523,0.0,28.0,32.2,0.0,47.4,0
2018,2,Bahrain Grand Prix,2018-04-08,MAG,Kevin Magnussen,Haas F1 Team,bahrain,Bahrain International Circuit,7.0,6.0,0.14285714285714285,0.16666666666666666,0.0,1.0,0.0,0.0,17.0,17.0,0.0,10.0,0.0,0.0,0.0,15.333333333333334,0.0,0.0,0.09523809523809523,0.0,28.0,32.2,0.0,47.4,0
2018,3,Chinese Grand Prix,2018-04-15,GRO,Romain Grosjean,Haas F1 Team,shanghai,Shanghai International Circuit,10.0,10.0,0.1,0.1,0.0,2.0,0.0,0.0,14.5,14.5,0.0,10.0,0.0,0.0,10.0,12.75,0.0,0.0,0.14285714285714285,1.0,19.4,37.0,1.0,24.1,0
2018,3,Chinese Grand Prix,2018-04-15,MAG,Kevin Magnussen,Haas F1 Team,shanghai,Shanghai International Circuit,11.0,11.0,0.09090909090909091,0.09090909090909091,10.0,2.0,0.0,0.0,11.0,11.0,0.0,10.0,0.0,0.0,10.0,13.6,0.0,0.0,0.14285714285714285,1.0,19.4,37.0,1.0,24.1,0
2018,4,Azerbaijan Grand Prix,2018-04-29,GRO,Romain Grosjean,Haas F1 Team,baku,Baku City Circuit,20.0,20.0,0.05,0.05,0.0,3.0,0.0,0.0,15.333333333333334,15.333333333333334,0.0,10.0,0.0,0.0,11.0,13.0,0.0,0.0,0.19047619047619047,0.0,16.7,25.3,0.0,45.7,0
2018,4,Azerbaijan Grand Prix,2018-04-29,MAG,Kevin Magnussen,Haas F1 Team,baku,Baku City Circuit,15.0,15.0,0.06666666666666667,0.06666666666666667,11.0,3.0,0.0,0.0,10.666666666666666,10.666666666666666,0.0,10.0,0.0,0.0,11.0,13.285714285714286,1.0,0.0,0.19047619047619047,0.0,16.7,25.3,0.0,45.7,0
2018,5,Spanish Grand Prix,2018-05-13,GRO,Romain Grosjean,Haas F1 Team,catalunya,Circuit de Barcelona-Catalunya,10.0,10.0,0.1,0.1,0.0,4.0,0.0,1.0,15.25,15.25,1.0,10.0,0.0,0.0,11.0,13.25,1.0,0.0,0.23809523809523808,1.0,16.1,32.3,1.0,52.3,0
2018,5,Spanish Grand Prix,2018-05-13,MAG,Kevin Magnussen,Haas F1 Team,catalunya,Circuit de Barcelona-Catalunya,7.0,7.0,0.14285714285714285,0.14285714285714285,11.0,4.0,0.0,0.0,11.25,11.25,0.0,10.0,0.0,0.0,11.0,13.777777777777779,2.0,0.0,0.23809523809523808,1.0,16.1,32.3,1.0,52.3,0
2018,6,Monaco Grand Prix,2018-05-27,GRO,Romain Grosjean,Haas F1 Team,monaco,Circuit de Monaco,15.0,18.0,0.06666666666666667,0.05555555555555555,0.0,5.0,0.0,2.0,15.8,15.8,2.0,10.0,0.0,0.0,19.0,13.0,2.0,0.0,0.2857142857142857,1.0,26.6,34.6,1.0,50.9,0
2018,6,Monaco Grand Prix,2018-05-27,MAG,Kevin Magnussen,Haas F1 Team,monaco,Circuit de Monaco,19.0,19.0,0.05263157894736842,0.05263157894736842,19.0,5.0,0.0,0.0,10.2,10.2,0.0,10.0,0.0,0.0,19.0,13.181818181818182,2.0,0.0,0.2857142857142857,1.0,26.6,34.6,1.0,50.9,0
2018,7,Canadian Grand Prix,2018-06-10,GRO,Romain Grosjean,Haas F1 Team,villeneuve,Circuit Gilles Villeneuve,20.0,20.0,0.05,0.05,0.0,6.0,0.0,2.0,15.666666666666666,15.6,2.0,10.0,0.0,0.0,19.0,13.166666666666666,2.0,0.0,0.3333333333333333,0.0,20.5,36.9,0.0,27.8,0
2018,7,Canadian Grand Prix,2018-06-10,MAG,Kevin Magnussen,Haas F1 Team,villeneuve,Circuit Gilles Villeneuve,11.0,11.0,0.09090909090909091,0.09090909090909091,19.0,6.0,0.0,0.0,10.666666666666666,9.4,0.0,10.0,0.0,0.0,19.0,13.076923076923077,2.0,0.0,0.3333333333333333,0.0,20.5,36.9,0.0,27.8,0
2018,8,French Grand Prix,2018-06-24,GRO,Romain Grosjean,Haas F1 Team,ricard,Circuit Paul Ricard,10.0,10.0,0.1,0.1,0.0,7.0,0.0,2.0,15.142857142857142,15.4,2.0,10.0,0.0,0.0,19.0,13.071428571428571,2.0,0.0,0.38095238095238093,1.0,24.5,42.0,1.0,49.0,0
2018,8,French Grand Prix,2018-06-24,MAG,Kevin Magnussen,Haas F1 Team,ricard,Circuit Paul Ricard,9.0,9.0,0.1111111111111111,0.1111111111111111,19.0,7.0,0.0,0.0,11.0,11.0,0.0,10.0,0.0,0.0,19.0,12.933333333333334,2.0,0.0,0.38095238095238093,1.0,24.5,42.0,1.0,49.0,0
2018,9,Austrian Grand Prix,2018-07-01,GRO,Romain Grosjean,Haas F1 Team,red_bull_ring,Red Bull Ring,6.0,5.0,0.16666666666666666,0.2,0.0,8.0,0.0,2.0,14.625,14.2,2.0,10.0,0.0,0.0,27.0,12.5,2.0,0.0,0.42857142857142855,0.0,23.2,45.9,0.0,37.1,0
2018,9,Austrian Grand Prix,2018-07-01,MAG,Kevin Magnussen,Haas F1 Team,red_bull_ring,Red Bull Ring,8.0,8.0,0.125,0.125,27.0,8.0,0.0,0.0,10.375,10.2,0.0,10.0,0.0,0.0,39.0,12.0,2.0,0.0,0.42857142857142855,0.0,23.2,45.9,0.0,37.1,0
2018,10,British Grand Prix,2018-07-08,GRO,Romain Grosjean,Haas F1 Team,silverstone,Silverstone Circuit,8.0,8.0,0.125,0.125,12.0,9.0,0.0,2.0,13.444444444444445,12.0,1.0,10.0,0.0,0.0,49.0,11.61111111111111,2.0,0.0,0.47619047619047616,0.0,27.4,52.2,0.0,38.7,0
2018,10,British Grand Prix,2018-07-08,MAG,Kevin Magnussen,Haas F1 Team,silverstone,Silverstone Circuit,7.0,7.0,0.14285714285714285,0.14285714285714285,37.0,9.0,0.0,0.0,9.777777777777779,8.6,0.0,10.0,0.0,0.0,49.0,11.842105263157896,3.0,0.0,0.47619047619047616,0.0,27.4,52.2,0.0,38.7,0
2018,11,German Grand Prix,2018-07-22,GRO,Romain Grosjean,Haas F1 Team,hockenheimring,Hockenheimring,6.0,6.0,0.16666666666666666,0.16666666666666666,12.0,10.0,0.0,3.0,13.7,11.6,1.0,10.0,0.0,0.0,51.0,11.7,3.0,0.0,0.5238095238095238,1.0,26.4,40.7,1.0,54.8,0
2018,11,German Grand Prix,2018-07-22,MAG,Kevin Magnussen,Haas F1 Team,hockenheimring,Hockenheimring,5.0,5.0,0.2,0.2,39.0,10.0,0.0,0.0,9.7,9.2,0.0,10.0,0.0,0.0,59.0,11.428571428571429,3.0,0.0,0.5238095238095238,1.0,26.4,40.7,1.0,54.8,0
2018,12,Hungarian Grand Prix,2018-07-29,GRO,Romain Grosjean,Haas F1 Team,hungaroring,Hungaroring,10.0,10.0,0.1,0.1,20.0,11.0,0.0,3.0,13.0,9.8,1.0,10.0,0.0,0.0,59.0,11.409090909090908,3.0,0.0,0.5714285714285714,0.0,33.8,51.1,0.0,33.0,0
2018,12,Hungarian Grand Prix,2018-07-29,MAG,Kevin Magnussen,Haas F1 Team,hungaroring,Hungaroring,9.0,9.0,0.1111111111111111,0.1111111111111111,39.0,11.0,0.0,0.0,9.818181818181818,8.8,0.0,10.0,0.0,0.0,60.0,11.347826086956522,3.0,0.0,0.5714285714285714,0.0,33.8,51.1,0.0,33.0,0
2018,13,Belgian Grand Prix,2018-08-26,GRO,Romain Grosjean,Haas F1 Team,spa,Circuit de Spa-Francorchamps,5.0,5.0,0.2,0.2,21.0,12.0,0.0,3.0,12.75,9.4,1.0,10.0,0.0,0.0,66.0,11.166666666666666,3.0,0.0,0.6190476190476191,0.0,17.3,27.9,0.0,37.7,0
2018,13,Belgian Grand Prix,2018-08-26,MAG,Kevin Magnussen,Haas F1 Team,spa,Circuit de Spa-Francorchamps,9.0,9.0,0.1111111111111111,0.1111111111111111,45.0,12.0,0.0,0.0,9.583333333333334,7.6,0.0,10.0,0.0,0.0,72.0,11.0,3.0,0.0,0.6190476190476191,0.0,17.3,27.9,0.0,37.7,0
2018,14,Italian Grand Prix,2018-09-02,GRO,Romain Grosjean,Haas F1 Team,monza,Autodromo Nazionale di Monza,6.0,6.0,0.16666666666666666,0.16666666666666666,27.0,13.0,0.0,3.0,12.307692307692308,8.6,1.0,10.0,0.0,0.0,76.0,10.884615384615385,3.0,0.0,0.6666666666666666,1.0,22.2,30.8,1.0,63.8,0
2018,14,Italian Grand Prix,2018-09-02,MAG,Kevin Magnussen,Haas F1 Team,monza,Autodromo Nazionale di Monza,11.0,11.0,0.09090909090909091,0.09090909090909091,49.0,13.0,0.0,0.0,9.461538461538462,8.0,0.0,10.0,0.0,0.0,76.0,11.222222222222221,3.0,0.0,0.6666666666666666,1.0,22.2,30.8,1.0,63.8,0
2018,15,Singapore Grand Prix,2018-09-16,GRO,Romain Grosjean,Haas F1 Team,marina_bay,Marina Bay Street Circuit,8.0,8.0,0.125,0.125,27.0,14.0,0.0,3.0,12.857142857142858,11.8,1.0,10.0,0.0,0.0,76.0,11.392857142857142,3.0,0.0,0.7142857142857143,0.0,29.9,33.1,0.0,66.0,0
2018,15,Singapore Grand Prix,2018-09-16,MAG,Kevin Magnussen,Haas F1 Team,marina_bay,Marina Bay Street Circuit,16.0,16.0,0.0625,0.0625,49.0,14.0,0.0,0.0,9.928571428571429,10.2,0.0,10.0,0.0,0.0,76.0,11.517241379310345,3.0,0.0,0.7142857142857143,0.0,29.9,33.1,0.0,66.0,0
2018,16,Russian Grand Prix,2018-09-30,GRO,Romain Grosjean,Haas F1 Team,sochi,Sochi Autodrom,9.0,9.0,0.1111111111111111,0.1111111111111111,27.0,15.0,0.0,3.0,13.0,11.6,0.0,10.0,0.0,0.0,76.0,11.733333333333333,3.0,0.0,0.7619047619047619,1.0,24.8,29.9,1.0,61.3,0
2018,16,Russian Grand Prix,2018-09-30,MAG,Kevin Magnussen,Haas F1 Team,sochi,Sochi Autodrom,5.0,5.0,0.2,0.2,49.0,15.0,0.0,0.0,10.466666666666667,12.0,0.0,10.0,0.0,0.0,76.0,11.709677419354838,3.0,0.0,0.7619047619047619,1.0,24.8,29.9,1.0,61.3,0
2018,17,Japanese Grand Prix,2018-10-07,GRO,Romain Grosjean,Haas F1 Team,suzuka,Suzuka Circuit,5.0,5.0,0.2,0.2,27.0,16.0,0.0,3.0,12.875,12.6,0.0,10.0,0.0,0.0,80.0,11.59375,3.0,0.0,0.8095238095238095,0.0,28.3,37.2,0.0,50.5,0
2018,17,Japanese Grand Prix,2018-10-07,MAG,Kevin Magnussen,Haas F1 Team,suzuka,Suzuka Circuit,12.0,12.0,0.08333333333333333,0.08333333333333333,53.0,16.0,0.0,0.0,10.3125,11.4,0.0,10.0,0.0,0.0,84.0,11.484848484848484,3.0,0.0,0.8095238095238095,0.0,28.3,37.2,0.0,50.5,0
2018,18,United States Grand Prix,2018-10-21,GRO,Romain Grosjean,Haas F1 Team,americas,Circuit of the Americas,8.0,8.0,0.125,0.125,31.0,17.0,0.0,3.0,12.588235294117647,12.2,0.0,10.0,0.0,0.0,84.0,11.735294117647058,4.0,0.0,0.8571428571428571,0.0,21.9,30.5,0.0,37.6,0
2018,18,United States Grand Prix,2018-10-21,MAG,Kevin Magnussen,Haas F1 Team,americas,Circuit of the Americas,12.0,12.0,0.08333333333333333,0.08333333333333333,53.0,17.0,0.0,1.0,10.882352941176471,14.0,1.0,10.0,0.0,0.0,84.0,11.885714285714286,5.0,0.0,0.8571428571428571,0.0,21.9,30.5,0.0,37.6,0
2018,19,Mexican Grand Prix,2018-10-28,GRO,Romain Grosjean,Haas F1 Team,rodriguez,Autódromo Hermanos Rodríguez,16.0,18.0,0.0625,0.05555555555555555,31.0,18.0,0.0,4.0,12.833333333333334,14.2,1.0,10.0,0.0,0.0,84.0,12.11111111111111,5.0,0.0,0.9047619047619048,0.0,20.1,34.5,0.0,50.7,0
2018,19,Mexican Grand Prix,2018-10-28,MAG,Kevin Magnussen,Haas F1 Team,rodriguez,Autódromo Hermanos Rodríguez,18.0,16.0,0.05555555555555555,0.0625,53.0,18.0,0.0,1.0,11.38888888888889,16.4,1.0,10.0,0.0,0.0,84.0,12.216216216216216,5.0,0.0,0.9047619047619048,0.0,20.1,34.5,0.0,50.7,0
2018,20,Brazilian Grand Prix,2018-11-11,GRO,Romain Grosjean,Haas F1 Team,interlagos,Autódromo José Carlos Pace,9.0,8.0,0.1111111111111111,0.125,31.0,19.0,0.0,4.0,13.0,13.4,1.0,10.0,0.0,0.0,84.0,12.289473684210526,5.0,0.0,0.9523809523809523,0.0,23.8,40.1,0.0,75.4,0
2018,20,Brazilian Grand Prix,2018-11-11,MAG,Kevin Magnussen,Haas F1 Team,interlagos,Autódromo José Carlos Pace,11.0,10.0,0.09090909090909091,0.1,53.0,19.0,0.0,1.0,11.578947368421053,16.2,1.0,10.0,0.0,0.0,88.0,12.179487179487179,5.0,0.0,0.9523809523809523,0.0,23.8,40.1,0.0,75.4,0
2018,21,Abu Dhabi Grand Prix,2018-11-25,GRO,Romain Grosjean,Haas F1 Team,yas_marina,Yas Marina Circuit,7.0,7.0,0.14285714285714285,0.14285714285714285,35.0,20.0,0.0,4.0,12.75,12.0,1.0,10.0,0.0,0.0,90.0,12.1,5.0,0.0,1.0,1.0,31.3,33.3,1.0,45.4,0
2018,21,Abu Dhabi Grand Prix,2018-11-25,MAG,Kevin Magnussen,Haas F1 Team,yas_marina,Yas Marina Circuit,13.0,13.0,0.07692307692307693,0.07692307692307693,55.0,20.0,0.0,1.0,11.45,14.4,1.0,10.0,0.0,0.0,92.0,12.024390243902438,5.0,0.0,1.0,1.0,31.3,33.3,1.0,45.4,0
2019,1,Australian Grand Prix,2019-03-17,GRO,Romain Grosjean,Haas F1 Team,albert_park,Albert Park Grand Prix Circuit,6.0,6.0,0.16666666666666666,0.16666666666666666,0.0,0.0,0.0,0.0,11.375,11.6,1.0,16.0,1.0,0.0,0.0,11.416666666666666,0.0,0.0,0.047619047619047616,0.0,23.5,41.3,0.0,70.5,0
2019,1,Australian Grand Prix,2019-03-17,MAG,Kevin Magnussen,Haas F1 Team,albert_park,Albert Park Grand Prix Circuit,7.0,7.0,0.14285714285714285,0.14285714285714285,0.0,0.0,0.0,0.0,11.375,14.8,1.0,17.0,1.0,0.0,0.0,18.0,0.0,0.0,0.047619047619047616,0.0,23.5,41.3,0.0,70.5,0
2019,2,Bahrain Grand Prix,2019-03-31,GRO,Romain Grosjean,Haas F1 Team,bahrain,Bahrain International Circuit,8.0,11.0,0.125,0.09090909090909091,0.0,1.0,0.0,0.0,18.0,13.6,1.0,13.0,1.0,0.0,8.0,12.0,0.0,0.0,0.09523809523809523,0.0,26.2,28.6,0.0,53.4,0
2019,2,Bahrain Grand Prix,2019-03-31,MAG,Kevin Magnussen,Haas F1 Team,bahrain,Bahrain International Circuit,6.0,6.0,0.16666666666666666,0.16666666666666666,8.0,1.0,0.0,0.0,6.0,12.0,0.0,5.0,1.0,0.0,8.0,14.666666666666666,1.0,0.0,0.09523809523809523,0.0,26.2,28.6,0.0,53.4,0
2019,3,Chinese Grand Prix,2019-04-14,GRO,Romain Grosjean,Haas F1 Team,shanghai,Shanghai International Circuit,10.0,10.0,0.1,0.1,0.0,2.0,0.0,1.0,19.0,14.2,1.0,17.0,1.0,0.0,8.0,14.25,1.0,0.0,0.14285714285714285,0.0,19.3,27.3,0.0,46.0,0
2019,3,Chinese Grand Prix,2019-04-14,MAG,Kevin Magnussen,Haas F1 Team,shanghai,Shanghai International Circuit,9.0,9.0,0.1111111111111111,0.1111111111111111,8.0,2.0,0.0,0.0,9.5,10.6,0.0,10.0,1.0,0.0,8.0,13.6,1.0,0.0,0.14285714285714285,0.0,19.3,27.3,0.0,46.0,0
2019,4,Azerbaijan Grand Prix,2019-04-28,GRO,Romain Grosjean,Haas F1 Team,baku,Baku City Circuit,15.0,14.0,0.06666666666666667,0.07142857142857142,0.0,3.0,0.0,1.0,16.333333333333332,13.2,1.0,15.0,1.0,1.0,8.0,13.5,1.0,0.0,0.19047619047619047,0.0,19.8,39.7,0.0,51.4,0
2019,4,Azerbaijan Grand Prix,2019-04-28,MAG,Kevin Magnussen,Haas F1 Team,baku,Baku City Circuit,13.0,12.0,0.07692307692307693,0.08333333333333333,8.0,3.0,0.0,0.0,10.666666666666666,10.2,0.0,13.0,1.0,0.0,8.0,14.142857142857142,2.0,0.0,0.19047619047619047,0.0,19.8,39.7,0.0,51.4,0
2019,5,Spanish Grand Prix,2019-05-12,GRO,Romain Grosjean,Haas F1 Team,catalunya,Circuit de Barcelona-Catalunya,7.0,7.0,0.14285714285714285,0.14285714285714285,0.0,4.0,0.0,2.0,16.75,15.2,2.0,18.0,1.0,1.0,8.0,14.0,2.0,0.0,0.23809523809523808,0.0,20.1,40.7,0.0,54.7,0
2019,5,Spanish Grand Prix,2019-05-12,MAG,Kevin Magnussen,Haas F1 Team,catalunya,Circuit de Barcelona-Catalunya,8.0,8.0,0.125,0.125,8.0,4.0,0.0,0.0,11.25,11.0,0.0,6.0,1.0,0.0,9.0,13.555555555555555,2.0,0.0,0.23809523809523808,0.0,20.1,40.7,0.0,54.7,0
2019,6,Monaco Grand Prix,2019-05-26,GRO,Romain Grosjean,Haas F1 Team,monaco,Circuit de Monaco,13.0,13.0,0.07692307692307693,0.07692307692307693,1.0,5.0,0.0,2.0,15.4,15.4,2.0,15.0,1.0,0.0,15.0,12.9,2.0,0.0,0.2857142857142857,1.0,22.8,32.7,1.0,52.7,0
2019,6,Monaco Grand Prix,2019-05-26,MAG,Kevin Magnussen,Haas F1 Team,monaco,Circuit de Monaco,6.0,5.0,0.16666666666666666,0.2,14.0,5.0,0.0,0.0,10.4,10.4,0.0,13.0,1.0,0.0,16.0,12.636363636363637,2.0,0.0,0.2857142857142857,1.0,22.8,32.7,1.0,52.7,0
2019,7,Canadian Grand Prix,2019-06-09,GRO,Romain Grosjean,Haas F1 Team,villeneuve,Circuit Gilles Villeneuve,15.0,14.0,0.06666666666666667,0.07142857142857142,2.0,6.0,0.0,2.0,14.5,13.8,2.0,12.0,1.0,0.0,16.0,12.75,2.0,0.0,0.3333333333333333,0.0,29.4,51.1,0.0,16.1,0
2019,7,Canadian Grand Prix,2019-06-09,MAG,Kevin Magnussen,Haas F1 Team,villeneuve,Circuit Gilles Villeneuve,10.0,0.0,0.1,1.0,14.0,6.0,0.0,0.0,11.0,12.0,0.0,13.0,1.0,0.0,16.0,12.846153846153847,2.0,0.0,0.3333333333333333,0.0,29.4,51.1,0.0,16.1,0
2019,8,French Grand Prix,2019-06-23,GRO,Romain Grosjean,Haas F1 Team,ricard,Circuit Paul Ricard,17.0,16.0,0.058823529411764705,0.0625,2.0,7.0,0.0,2.0,14.428571428571429,12.6,1.0,11.0,1.0,0.0,16.0,13.142857142857142,2.0,0.0,0.38095238095238093,0.0,26.9,54.5,0.0,39.1,0
2019,8,French Grand Prix,2019-06-23,MAG,Kevin Magnussen,Haas F1 Team,ricard,Circuit Paul Ricard,15.0,15.0,0.06666666666666667,0.06666666666666667,14.0,7.0,0.0,0.0,11.857142857142858,12.8,0.0,6.0,1.0,0.0,16.0,13.6,3.0,0.0,0.38095238095238093,0.0,26.9,54.5,0.0,39.1,0
2019,9,Austrian Grand Prix,2019-06-30,GRO,Romain Grosjean,Haas F1 Team,red_bull_ring,Red Bull Ring,11.0,11.0,0.09090909090909091,0.09090909090909091,2.0,8.0,0.0,3.0,15.125,14.4,2.0,4.0,1.0,0.0,16.0,13.8125,3.0,0.0,0.42857142857142855,0.0,34.4,50.7,0.0,18.0,0
2019,9,Austrian Grand Prix,2019-06-30,MAG,Kevin Magnussen,Haas F1 Team,red_bull_ring,Red Bull Ring,5.0,10.0,0.2,0.1,14.0,8.0,0.0,0.0,12.5,13.6,0.0,5.0,1.0,0.0,16.0,13.941176470588236,3.0,0.0,0.42857142857142855,0.0,34.4,50.7,0.0,18.0,0
2019,10,British Grand Prix,2019-07-14,GRO,Romain Grosjean,Haas F1 Team,silverstone,Silverstone Circuit,14.0,14.0,0.07142857142857142,0.07142857142857142,2.0,9.0,0.0,3.0,15.222222222222221,14.0,1.0,16.0,1.0,1.0,16.0,14.222222222222221,3.0,0.0,0.47619047619047616,0.0,18.9,30.3,0.0,62.1,0
2019,10,British Grand Prix,2019-07-14,MAG,Kevin Magnussen,Haas F1 Team,silverstone,Silverstone Circuit,16.0,16.0,0.0625,0.0625,14.0,9.0,0.0,0.0,13.222222222222221,14.8,0.0,9.0,1.0,0.0,16.0,14.473684210526315,4.0,0.0,0.47619047619047616,0.0,18.9,30.3,0.0,62.1,0
2019,11,German Grand Prix,2019-07-28,GRO,Romain Grosjean,Haas F1 Team,hockenheimring,Hockenheimring,6.0,6.0,0.16666666666666666,0.16666666666666666,2.0,10.0,0.0,4.0,15.6,15.8,2.0,6.0,1.0,0.0,16.0,14.75,5.0,0.0,0.5238095238095238,1.0,21.5,26.4,1.0,87.8,0
2019,11,German Grand Prix,2019-07-28,MAG,Kevin Magnussen,Haas F1 Team,hockenheimring,Hockenheimring,12.0,12.0,0.08333333333333333,0.08333333333333333,14.0,10.0,0.0,1.0,13.9,17.4,1.0,11.0,1.0,0.0,22.0,14.380952380952381,5.0,0.0,0.5238095238095238,1.0,21.5,26.4,1.0,87.8,0
2019,12,Hungarian Grand Prix,2019-08-04,GRO,Romain Grosjean,Haas F1 Team,hungaroring,Hungaroring,9.0,9.0,0.1111111111111111,0.1111111111111111,8.0,11.0,0.0,4.0,14.818181818181818,15.2,2.0,10.0,1.0,0.0,26.0,14.090909090909092,5.0,0.0,0.5714285714285714,0.0,25.7,44.1,0.0,33.9,0
2019,12,Hungarian Grand Prix,2019-08-04,MAG,Kevin Magnussen,Haas F1 Team,hungaroring,Hungaroring,15.0,14.0,0.06666666666666667,0.07142857142857142,18.0,11.0,0.0,1.0,13.363636363636363,16.2,1.0,7.0,1.0,0.0,26.0,14.347826086956522,5.0,0.0,0.5714285714285714,0.0,25.7,44.1,0.0,33.9,0
2019,13,Belgian Grand Prix,2019-09-01,GRO,Romain Grosjean,Haas F1 Team,spa,Circuit de Spa-Francorchamps,11.0,9.0,0.09090909090909091,0.1111111111111111,8.0,12.0,0.0,4.0,15.25,16.4,2.0,7.0,1.0,0.0,26.0,14.291666666666666,5.0,0.0,0.6190476190476191,0.0,17.4,28.1,0.0,57.0,0
2019,13,Belgian Grand Prix,2019-09-01,MAG,Kevin Magnussen,Haas F1 Team,spa,Circuit de Spa-Francorchamps,10.0,8.0,0.1,0.125,18.0,12.0,0.0,1.0,13.333333333333334,15.4,1.0,8.0,1.0,0.0,26.0,14.24,5.0,0.0,0.6190476190476191,0.0,17.4,28.1,0.0,57.0,0
2019,14,Italian Grand Prix,2019-09-08,GRO,Romain Grosjean,Haas F1 Team,monza,Autodromo Nazionale di Monza,16.0,13.0,0.0625,0.07692307692307693,8.0,13.0,0.0,4.0,15.076923076923077,15.0,1.0,20.0,1.0,0.0,26.0,14.153846153846153,5.0,0.0,0.6666666666666666,0.0,21.1,33.0,0.0,51.6,0
2019,14,Italian Grand Prix,2019-09-08,MAG,Kevin Magnussen,Haas F1 Team,monza,Autodromo Nazionale di Monza,12.0,11.0,0.08333333333333333,0.09090909090909091,18.0,13.0,0.0,1.0,13.23076923076923,14.4,1.0,16.0,1.0,0.0,26.0,14.222222222222221,5.0,0.0,0.6666666666666666,0.0,21.1,33.0,0.0,51.6,0
2019,15,Singapore Grand Prix,2019-09-22,GRO,Romain Grosjean,Haas F1 Team,marina_bay,Marina Bay Street Circuit,17.0,17.0,0.058823529411764705,0.058823529411764705,8.0,14.0,0.0,4.0,15.142857142857142,15.0,1.0,15.0,1.0,0.0,26.0,14.357142857142858,6.0,0.0,0.7142857142857143,0.0,30.0,35.8,0.0,66.5,0
2019,15,Singapore Grand Prix,2019-09-22,MAG,Kevin Magnussen,Haas F1 Team,marina_bay,Marina Bay Street Circuit,14.0,13.0,0.07142857142857142,0.07692307692307693,18.0,14.0,0.0,2.0,13.571428571428571,14.2,2.0,18.0,1.0,0.0,26.0,14.241379310344827,6.0,0.0,0.7142857142857143,0.0,30.0,35.8,0.0,66.5,0
2019,16,Russian Grand Prix,2019-09-29,GRO,Romain Grosjean,Haas F1 Team,sochi,Sochi Autodrom,9.0,8.0,0.1111111111111111,0.125,8.0,15.0,0.0,4.0,14.866666666666667,13.4,0.0,11.0,1.0,0.0,26.0,14.333333333333334,6.0,0.0,0.7619047619047619,1.0,22.0,34.3,1.0,67.4,0
2019,16,Russian Grand Prix,2019-09-29,MAG,Kevin Magnussen,Haas F1 Team,sochi,Sochi Autodrom,14.0,13.0,0.07142857142857142,0.07692307692307693,18.0,15.0,0.0,2.0,13.8,13.6,1.0,8.0,1.0,0.0,26.0,14.516129032258064,7.0,0.0,0.7619047619047619,1.0,22.0,34.3,1.0,67.4,0
2019,17,Japanese Grand Prix,2019-10-13,GRO,Romain Grosjean,Haas F1 Team,suzuka,Suzuka Circuit,10.0,10.0,0.1,0.1,8.0,16.0,0.0,5.0,15.1875,16.0,1.0,8.0,1.0,0.0,28.0,14.34375,7.0,0.0,0.8095238095238095,0.0,21.6,32.2,0.0,57.5,0
2019,17,Japanese Grand Prix,2019-10-13,MAG,Kevin Magnussen,Haas F1 Team,suzuka,Suzuka Circuit,19.0,19.0,0.05263157894736842,0.05263157894736842,20.0,16.0,0.0,2.0,13.5,13.8,1.0,20.0,1.0,1.0,28.0,14.303030303030303,7.0,0.0,0.8095238095238095,0.0,21.6,32.2,0.0,57.5,0
2019,18,Mexican Grand Prix,2019-10-27,GRO,Romain Grosjean,Haas F1 Team,rodriguez,Autódromo Hermanos Rodríguez,18.0,18.0,0.05555555555555555,0.05555555555555555,8.0,17.0,0.0,5.0,15.058823529411764,14.6,1.0,16.0,1.0,0.0,28.0,14.323529411764707,7.0,0.0,0.8571428571428571,0.0,23.2,41.6,0.0,46.3,0
2019,18,Mexican Grand Prix,2019-10-27,MAG,Kevin Magnussen,Haas F1 Team,rodriguez,Autódromo Hermanos Rodríguez,17.0,17.0,0.058823529411764705,0.058823529411764705,20.0,17.0,0.0,2.0,13.588235294117647,14.2,1.0,15.0,1.0,0.0,28.0,14.4,7.0,0.0,0.8571428571428571,0.0,23.2,41.6,0.0,46.3,0
2019,19,United States Grand Prix,2019-11-03,GRO,Romain Grosjean,Haas F1 Team,americas,Circuit of the Americas,15.0,15.0,0.06666666666666667,0.06666666666666667,8.0,18.0,0.0,5.0,15.166666666666666,15.4,1.0,17.0,1.0,1.0,28.0,14.416666666666666,7.0,0.0,0.9047619047619048,0.0,21.5,29.1,0.0,29.2,0
2019,19,United States Grand Prix,2019-11-03,MAG,Kevin Magnussen,Haas F1 Team,americas,Circuit of the Americas,12.0,12.0,0.08333333333333333,0.08333333333333333,20.0,18.0,0.0,2.0,13.666666666666666,14.8,1.0,20.0,1.0,0.0,28.0,14.432432432432432,7.0,0.0,0.9047619047619048,0.0,21.5,29.1,0.0,29.2,0
2019,20,Brazilian Grand Prix,2019-11-17,GRO,Romain Grosjean,Haas F1 Team,interlagos,Autódromo José Carlos Pace,8.0,7.0,0.125,0.14285714285714285,8.0,19.0,0.0,5.0,15.157894736842104,15.2,1.0,8.0,1.0,0.0,28.0,14.526315789473685,8.0,0.0,0.9523809523809523,0.0,21.0,46.5,0.0,60.3,0
2019,20,Brazilian Grand Prix,2019-11-17,MAG,Kevin Magnussen,Haas F1 Team,interlagos,Autódromo José Carlos Pace,10.0,9.0,0.1,0.1111111111111111,20.0,19.0,0.0,3.0,13.894736842105264,14.8,1.0,9.0,1.0,0.0,28.0,14.487179487179487,8.0,0.0,0.9523809523809523,0.0,21.0,46.5,0.0,60.3,0
2019,21,Abu Dhabi Grand Prix,2019-12-01,GRO,Romain Grosjean,Haas F1 Team,yas_marina,Yas Marina Circuit,16.0,15.0,0.0625,0.06666666666666667,8.0,20.0,0.0,5.0,15.05,15.6,1.0,9.0,1.0,0.0,28.0,14.4,8.0,0.0,1.0,0.0,26.0,29.6,0.0,64.5,0
2019,21,Abu Dhabi Grand Prix,2019-12-01,MAG,Kevin Magnussen,Haas F1 Team,yas_marina,Yas Marina Circuit,15.0,14.0,0.06666666666666667,0.07142857142857142,20.0,20.0,0.0,3.0,13.75,13.6,1.0,10.0,1.0,0.0,28.0,14.414634146341463,8.0,0.0,1.0,0.0,26.0,29.6,0.0,64.5,0
2020,1,Austrian Grand Prix,2020-07-05,GRO,Romain Grosjean,Haas F1 Team,red_bull_ring,Red Bull Ring,15.0,15.0,0.06666666666666667,0.06666666666666667,0.0,0.0,0.0,0.0,11.375,14.6,0.0,10.0,2.0,0.0,0.0,11.416666666666666,0.0,0.0,0.058823529411764705,0.0,28.7,52.0,0.0,33.8,0
2020,1,Austrian Grand Prix,2020-07-05,MAG,Kevin Magnussen,Haas F1 Team,red_bull_ring,Red Bull Ring,16.0,16.0,0.0625,0.0625,0.0,0.0,0.0,0.0,11.375,14.6,1.0,12.0,2.0,0.0,0.0,16.0,1.0,0.0,0.058823529411764705,0.0,28.7,52.0,0.0,33.8,0
2020,2,Styrian Grand Prix,2020-07-12,GRO,Romain Grosjean,Haas F1 Team,red_bull_ring,Red Bull Ring,20.0,0.0,0.05,1.0,0.0,1.0,0.0,1.0,16.0,15.2,1.0,12.0,3.0,1.0,0.0,16.5,2.0,0.0,0.11764705882352941,1.0,20.8,39.9,1.0,34.0,0
2020,2,Styrian Grand Prix,2020-07-12,MAG,Kevin Magnussen,Haas F1 Team,red_bull_ring,Red Bull Ring,15.0,15.0,0.06666666666666667,0.06666666666666667,0.0,1.0,0.0,1.0,17.0,15.0,2.0,13.666666666666666,3.0,1.0,0.0,15.333333333333334,2.0,0.0,0.11764705882352941,1.0,20.8,39.9,1.0,34.0,0
2020,3,Hungarian Grand Prix,2020-07-19,GRO,Romain Grosjean,Haas F1 Team,hungaroring,Hungaroring,18.0,0.0,0.05555555555555555,1.0,0.0,2.0,0.0,1.0,14.5,14.4,1.0,15.0,2.0,0.0,0.0,14.5,2.0,0.0,0.17647058823529413,1.0,20.7,27.1,1.0,77.2,0
2020,3,Hungarian Grand Prix,2020-07-19,MAG,Kevin Magnussen,Haas F1 Team,hungaroring,Hungaroring,16.0,0.0,0.0625,1.0,0.0,2.0,0.0,1.0,14.5,14.4,2.0,10.0,2.0,0.0,0.0,14.8,2.0,0.0,0.17647058823529413,1.0,20.7,27.1,1.0,77.2,0
2020,4,British Grand Prix,2020-08-02,GRO,Romain Grosjean,Haas F1 Team,silverstone,Silverstone Circuit,19.0,17.0,0.05263157894736842,0.058823529411764705,0.0,3.0,0.0,1.0,15.0,14.6,1.0,17.5,2.0,2.0,1.0,14.0,2.0,0.0,0.23529411764705882,0.0,21.3,40.6,0.0,44.2,0
2020,4,British Grand Prix,2020-08-02,MAG,Kevin Magnussen,Haas F1 Team,silverstone,Silverstone Circuit,16.0,14.0,0.0625,0.07142857142857142,1.0,3.0,0.0,1.0,13.0,12.8,1.0,14.5,2.0,1.0,1.0,14.285714285714286,2.0,0.0,0.23529411764705882,0.0,21.3,40.6,0.0,44.2,0
2020,5,70th Anniversary Grand Prix,2020-08-09,GRO,Romain Grosjean,Haas F1 Team,silverstone,Silverstone Circuit,14.0,13.0,0.07142857142857142,0.07692307692307693,0.0,4.0,0.0,1.0,15.25,15.2,1.0,17.0,3.0,2.0,1.0,14.875,3.0,0.0,0.29411764705882354,0.0,25.3,43.2,0.0,58.6,0
2020,5,70th Anniversary Grand Prix,2020-08-09,MAG,Kevin Magnussen,Haas F1 Team,silverstone,Silverstone Circuit,17.0,17.0,0.058823529411764705,0.058823529411764705,1.0,4.0,0.0,2.0,14.5,14.4,2.0,16.0,3.0,2.0,1.0,15.0,3.0,0.0,0.29411764705882354,0.0,25.3,43.2,0.0,58.6,0
2020,6,Spanish Grand Prix,2020-08-16,GRO,Romain Grosjean,Haas F1 Team,catalunya,Circuit de Barcelona-Catalunya,17.0,17.0,0.058823529411764705,0.058823529411764705,0.0,5.0,0.0,1.0,15.4,15.4,1.0,14.0,2.0,1.0,1.0,15.5,4.0,0.0,0.35294117647058826,0.0,29.8,47.6,0.0,56.4,0
2020,6,Spanish Grand Prix,2020-08-16,MAG,Kevin Magnussen,Haas F1 Team,catalunya,Circuit de Barcelona-Catalunya,16.0,16.0,0.0625,0.0625,1.0,5.0,0.0,3.0,15.6,15.6,3.0,6.5,2.0,0.0,1.0,15.818181818181818,4.0,0.0,0.35294117647058826,0.0,29.8,47.6,0.0,56.4,0
2020,7,Belgian Grand Prix,2020-08-30,GRO,Romain Grosjean,Haas F1 Team,spa,Circuit de Spa-Francorchamps,17.0,17.0,0.058823529411764705,0.058823529411764705,0.0,6.0,0.0,1.0,16.0,16.0,0.0,10.0,2.0,0.0,1.0,15.75,4.0,0.0,0.4117647058823529,0.0,18.6,29.8,0.0,54.9,0
2020,7,Belgian Grand Prix,2020-08-30,MAG,Kevin Magnussen,Haas F1 Team,spa,Circuit de Spa-Francorchamps,20.0,20.0,0.05,0.05,1.0,6.0,0.0,3.0,15.5,15.2,2.0,10.0,2.0,0.0,1.0,15.692307692307692,4.0,0.0,0.4117647058823529,0.0,18.6,29.8,0.0,54.9,0
2020,8,Italian Grand Prix,2020-09-06,GRO,Romain Grosjean,Haas F1 Team,monza,Autodromo Nazionale di Monza,16.0,16.0,0.0625,0.0625,0.0,7.0,0.0,1.0,15.857142857142858,16.4,0.0,18.0,2.0,0.0,1.0,15.785714285714286,4.0,0.0,0.47058823529411764,0.0,28.1,41.2,0.0,40.1,0
2020,8,Italian Grand Prix,2020-09-06,MAG,Kevin Magnussen,Haas F1 Team,monza,Autodromo Nazionale di Monza,15.0,15.0,0.06666666666666667,0.06666666666666667,1.0,7.0,0.0,3.0,15.714285714285714,16.2,2.0,17.0,2.0,1.0,1.0,15.533333333333333,4.0,0.0,0.47058823529411764,0.0,28.1,41.2,0.0,40.1,0
2020,9,Tuscan Grand Prix,2020-09-13,GRO,Romain Grosjean,Haas F1 Team,mugello,Autodromo Internazionale del Mugello,15.0,15.0,0.06666666666666667,0.06666666666666667,0.0,8.0,0.0,1.0,15.375,15.6,0.0,10.0,0.0,0.0,1.0,15.75,4.0,0.0,0.5294117647058824,0.0,30.2,43.1,0.0,39.9,0
2020,9,Tuscan Grand Prix,2020-09-13,MAG,Kevin Magnussen,Haas F1 Team,mugello,Autodromo Internazionale del Mugello,20.0,20.0,0.05,0.05,1.0,8.0,0.0,3.0,16.125,18.0,2.0,10.0,0.0,0.0,1.0,15.529411764705882,4.0,0.0,0.5294117647058824,0.0,30.2,43.1,0.0,39.9,0
2020,10,Russian Grand Prix,2020-09-27,GRO,Romain Grosjean,Haas F1 Team,sochi,Sochi Autodrom,16.0,16.0,0.0625,0.0625,0.0,9.0,0.0,1.0,15.0,14.8,0.0,15.5,2.0,1.0,1.0,15.555555555555555,5.0,0.0,0.5882352941176471,0.0,28.8,40.3,0.0,51.4,0
2020,10,Russian Grand Prix,2020-09-27,MAG,Kevin Magnussen,Haas F1 Team,sochi,Sochi Autodrom,18.0,18.0,0.05555555555555555,0.05555555555555555,1.0,9.0,0.0,4.0,16.11111111111111,17.4,2.0,8.5,2.0,0.0,1.0,15.631578947368421,5.0,0.0,0.5882352941176471,0.0,28.8,40.3,0.0,51.4,0
2020,11,Eifel Grand Prix,2020-10-11,GRO,Romain Grosjean,Haas F1 Team,nurburgring,Nürburgring,16.0,16.0,0.0625,0.0625,0.0,10.0,0.0,1.0,15.2,15.0,0.0,10.0,0.0,0.0,1.0,15.45,5.0,0.0,0.6470588235294118,1.0,9.5,16.4,1.0,59.4,0
2020,11,Eifel Grand Prix,2020-10-11,MAG,Kevin Magnussen,Haas F1 Team,nurburgring,Nürburgring,15.0,15.0,0.06666666666666667,0.06666666666666667,1.0,10.0,0.0,4.0,15.7,15.8,1.0,10.0,0.0,0.0,3.0,15.142857142857142,5.0,0.0,0.6470588235294118,1.0,9.5,16.4,1.0,59.4,0
2020,12,Portuguese Grand Prix,2020-10-25,GRO,Romain Grosjean,Haas F1 Team,portimao,Autódromo Internacional do Algarve,18.0,18.0,0.05555555555555555,0.05555555555555555,2.0,11.0,0.0,1.0,14.636363636363637,13.0,0.0,10.0,0.0,0.0,3.0,15.045454545454545,5.0,0.0,0.7058823529411765,0.0,20.5,25.7,0.0,67.5,0
2020,12,Portuguese Grand Prix,2020-10-25,MAG,Kevin Magnussen,Haas F1 Team,portimao,Autódromo Internacional do Algarve,19.0,19.0,0.05263157894736842,0.05263157894736842,1.0,11.0,0.0,4.0,15.454545454545455,15.4,1.0,10.0,0.0,0.0,3.0,15.130434782608695,5.0,0.0,0.7058823529411765,0.0,20.5,25.7,0.0,67.5,0
2020,13,Emilia Romagna Grand Prix,2020-11-01,GRO,Romain Grosjean,Haas F1 Team,imola,Autodromo Enzo e Dino Ferrari,16.0,16.0,0.0625,0.0625,2.0,12.0,0.0,1.0,14.833333333333334,13.4,0.0,10.0,0.0,0.0,3.0,15.166666666666666,5.0,0.0,0.7647058823529411,0.0,18.0,23.3,0.0,71.1,0
2020,13,Emilia Romagna Grand Prix,2020-11-01,MAG,Kevin Magnussen,Haas F1 Team,imola,Autodromo Enzo e Dino Ferrari,17.0,17.0,0.058823529411764705,0.058823529411764705,1.0,12.0,0.0,4.0,15.5,15.2,1.0,10.0,0.0,0.0,3.0,15.12,5.0,0.0,0.7647058823529411,0.0,18.0,23.3,0.0,71.1,0
2020,14,Turkish Grand Prix,2020-11-15,GRO,Romain Grosjean,Haas F1 Team,istanbul,Istanbul Park,19.0,17.0,0.05263157894736842,0.058823529411764705,2.0,13.0,0.0,1.0,14.76923076923077,13.8,0.0,10.0,0.0,0.0,3.0,15.23076923076923,5.0,0.0,0.8235294117647058,1.0,13.1,15.2,1.0,80.2,0
2020,14,Turkish Grand Prix,2020-11-15,MAG,Kevin Magnussen,Haas F1 Team,istanbul,Istanbul Park,16.0,13.0,0.0625,0.07692307692307693,1.0,13.0,0.0,4.0,15.692307692307692,15.0,1.0,10.0,0.0,0.0,3.0,15.333333333333334,6.0,0.0,0.8235294117647058,1.0,13.1,15.2,1.0,80.2,0
2020,15,Bahrain Grand Prix,2020-11-29,GRO,Romain Grosjean,Haas F1 Team,bahrain,Bahrain International Circuit,19.0,19.0,0.05263157894736842,0.05263157894736842,2.0,14.0,0.0,2.0,15.0,15.0,1.0,16.5,2.0,1.0,3.0,15.392857142857142,6.0,0.0,0.8823529411764706,0.0,25.1,27.5,0.0,67.8,0
2020,15,Bahrain Grand Prix,2020-11-29,MAG,Kevin Magnussen,Haas F1 Team,bahrain,Bahrain International Circuit,18.0,18.0,0.05555555555555555,0.05555555555555555,1.0,14.0,0.0,4.0,15.785714285714286,15.2,0.0,9.0,2.0,0.0,3.0,15.551724137931034,7.0,0.0,0.8823529411764706,0.0,25.1,27.5,0.0,67.8,0
2020,16,Sakhir Grand Prix,2020-12-06,FIT,Pietro Fittipaldi,Haas F1 Team,bahrain,Bahrain International Circuit,20.0,20.0,0.05,0.05,0.0,0.0,0.0,0.0,11.375,11.0,0.0,10.0,0.0,0.0,3.0,15.6,7.0,0.0,0.9411764705882353,0.0,20.9,23.5,0.0,58.2,0
2020,16,Sakhir Grand Prix,2020-12-06,MAG,Kevin Magnussen,Haas F1 Team,bahrain,Bahrain International Circuit,16.0,15.0,0.0625,0.06666666666666667,1.0,15.0,0.0,4.0,15.866666666666667,16.2,0.0,11.666666666666666,3.0,0.0,3.0,15.64516129032258,7.0,0.0,0.9411764705882353,0.0,20.9,23.5,0.0,58.2,0
2020,17,Abu Dhabi Grand Prix,2020-12-13,FIT,Pietro Fittipaldi,Haas F1 Team,yas_marina,Yas Marina Circuit,19.0,17.0,0.05263157894736842,0.058823529411764705,0.0,1.0,0.0,0.0,17.0,17.0,0.0,10.0,0.0,0.0,3.0,15.625,7.0,0.0,1.0,0.0,23.1,28.0,0.0,55.4,0
2020,17,Abu Dhabi Grand Prix,2020-12-13,MAG,Kevin Magnussen,Haas F1 Team,yas_marina,Yas Marina Circuit,17.0,20.0,0.058823529411764705,0.05,1.0,16.0,0.0,4.0,15.8125,16.6,0.0,12.0,2.0,0.0,3.0,15.727272727272727,7.0,0.0,1.0,0.0,23.1,28.0,0.0,55.4,0
2021,1,Bahrain Grand Prix,2021-03-28,MAZ,Nikita Mazepin,Haas F1 Team,bahrain,Bahrain International Circuit,20.0,19.0,0.05,0.05263157894736842,0.0,0.0,0.0,0.0,11.375,11.0,0.0,10.0,0.0,0.0,0.0,11.416666666666666,0.0,0.0,0.045454545454545456,0.0,20.5,27.6,0.0,54.5,0
2021,1,Bahrain Grand Prix,2021-03-28,MSC,Mick Schumacher,Haas F1 Team,bahrain,Bahrain International Circuit,19.0,18.0,0.05263157894736842,0.05555555555555555,0.0,0.0,0.0,0.0,11.375,11.0,0.0,10.0,0.0,0.0,0.0,20.0,1.0,0.0,0.045454545454545456,0.0,20.5,27.6,0.0,54.5,0
2021,2,Emilia Romagna Grand Prix,2021-04-18,MAZ,Nikita Mazepin,Haas F1 Team,imola,Autodromo Enzo e Dino Ferrari,19.0,19.0,0.05263157894736842,0.05263157894736842,0.0,1.0,0.0,1.0,20.0,20.0,1.0,10.0,0.0,0.0,0.0,18.0,1.0,0.0,0.09090909090909091,1.0,10.6,16.8,1.0,69.5,0
2021,2,Emilia Romagna Grand Prix,2021-04-18,MSC,Mick Schumacher,Haas F1 Team,imola,Autodromo Enzo e Dino Ferrari,18.0,18.0,0.05555555555555555,0.05555555555555555,0.0,1.0,0.0,0.0,16.0,16.0,0.0,10.0,0.0,0.0,0.0,17.666666666666668,1.0,0.0,0.09090909090909091,1.0,10.6,16.8,1.0,69.5,0
2021,3,Portuguese Grand Prix,2021-05-02,MAZ,Nikita Mazepin,Haas F1 Team,portimao,Autódromo Internacional do Algarve,20.0,20.0,0.05,0.05,0.0,2.0,0.0,1.0,18.5,18.5,1.0,10.0,0.0,0.0,0.0,17.25,1.0,0.0,0.13636363636363635,0.0,19.4,39.0,0.0,39.4,0
2021,3,Portuguese Grand Prix,2021-05-02,MSC,Mick Schumacher,Haas F1 Team,portimao,Autódromo Internacional do Algarve,19.0,19.0,0.05263157894736842,0.05263157894736842,0.0,2.0,0.0,0.0,16.0,16.0,0.0,10.0,0.0,0.0,0.0,17.6,1.0,0.0,0.13636363636363635,0.0,19.4,39.0,0.0,39.4,0
2021,4,Spanish Grand Prix,2021-05-09,MAZ,Nikita Mazepin,Haas F1 Team,catalunya,Circuit de Barcelona-Catalunya,20.0,20.0,0.05,0.05,0.0,3.0,0.0,1.0,18.666666666666668,18.666666666666668,1.0,10.0,0.0,0.0,0.0,17.5,1.0,0.0,0.18181818181818182,0.0,22.2,32.9,0.0,57.6,0
2021,4,Spanish Grand Prix,2021-05-09,MSC,Mick Schumacher,Haas F1 Team,catalunya,Circuit de Barcelona-Catalunya,18.0,18.0,0.05555555555555555,0.05555555555555555,0.0,3.0,0.0,0.0,16.333333333333332,16.333333333333332,0.0,10.0,0.0,0.0,0.0,17.714285714285715,1.0,0.0,0.18181818181818182,0.0,22.2,32.9,0.0,57.6,0
2021,5,Monaco Grand Prix,2021-05-23,MAZ,Nikita Mazepin,Haas F1 Team,monaco,Circuit de Monaco,19.0,19.0,0.05263157894736842,0.05263157894736842,0.0,4.0,0.0,1.0,18.75,18.75,1.0,10.0,0.0,0.0,0.0,17.75,1.0,0.0,0.22727272727272727,0.0,20.8,37.6,0.0,61.4,0
2021,5,Monaco Grand Prix,2021-05-23,MSC,Mick Schumacher,Haas F1 Team,monaco,Circuit de Monaco,20.0,20.0,0.05,0.05,0.0,4.0,0.0,0.0,16.75,16.75,0.0,10.0,0.0,0.0,0.0,17.666666666666668,1.0,0.0,0.22727272727272727,0.0,20.8,37.6,0.0,61.4,0
2021,6,Azerbaijan Grand Prix,2021-06-06,MAZ,Nikita Mazepin,Haas F1 Team,baku,Baku City Circuit,18.0,18.0,0.05555555555555555,0.05555555555555555,0.0,5.0,0.0,1.0,18.4,18.4,1.0,10.0,0.0,0.0,0.0,17.7,1.0,0.0,0.2727272727272727,0.0,24.2,38.3,0.0,55.8,0
2021,6,Azerbaijan Grand Prix,2021-06-06,MSC,Mick Schumacher,Haas F1 Team,baku,Baku City Circuit,17.0,17.0,0.058823529411764705,0.058823529411764705,0.0,5.0,0.0,0.0,17.0,17.0,0.0,10.0,0.0,0.0,0.0,17.363636363636363,1.0,0.0,0.2727272727272727,0.0,24.2,38.3,0.0,55.8,0
2021,7,French Grand Prix,2021-06-20,MAZ,Nikita Mazepin,Haas F1 Team,ricard,Circuit Paul Ricard,18.0,18.0,0.05555555555555555,0.05555555555555555,0.0,6.0,0.0,1.0,17.666666666666668,17.2,0.0,10.0,0.0,0.0,0.0,17.0,1.0,0.0,0.3181818181818182,0.0,25.3,35.2,0.0,58.6,0
2021,7,French Grand Prix,2021-06-20,MSC,Mick Schumacher,Haas F1 Team,ricard,Circuit Paul Ricard,15.0,15.0,0.06666666666666667,0.06666666666666667,0.0,6.0,0.0,0.0,16.333333333333332,16.4,0.0,10.0,0.0,0.0,0.0,17.23076923076923,1.0,0.0,0.3181818181818182,0.0,25.3,35.2,0.0,58.6,0
2021,8,Styrian Grand Prix,2021-06-27,MAZ,Nikita Mazepin,Haas F1 Team,red_bull_ring,Red Bull Ring,20.0,20.0,0.05,0.05,0.0,7.0,0.0,1.0,18.0,17.8,0.0,10.0,0.0,0.0,0.0,17.357142857142858,1.0,0.0,0.36363636363636365,0.0,26.7,52.4,0.0,33.2,0
2021,8,Styrian Grand Prix,2021-06-27,MSC,Mick Schumacher,Haas F1 Team,red_bull_ring,Red Bull Ring,19.0,19.0,0.05263157894736842,0.05263157894736842,0.0,7.0,0.0,0.0,16.714285714285715,17.0,0.0,10.0,0.0,0.0,0.0,17.4,1.0,0.0,0.36363636363636365,0.0,26.7,52.4,0.0,33.2,0
2021,9,Austrian Grand Prix,2021-07-04,MAZ,Nikita Mazepin,Haas F1 Team,red_bull_ring,Red Bull Ring,20.0,20.0,0.05,0.05,0.0,8.0,0.0,1.0,18.0,17.6,0.0,18.0,1.0,0.0,0.0,17.3125,1.0,0.0,0.4090909090909091,1.0,21.0,33.2,1.0,49.7,0
2021,9,Austrian Grand Prix,2021-07-04,MSC,Mick Schumacher,Haas F1 Team,red_bull_ring,Red Bull Ring,19.0,19.0,0.05263157894736842,0.05263157894736842,0.0,8.0,0.0,0.0,16.625,16.8,0.0,16.0,1.0,0.0,0.0,17.41176470588235,1.0,0.0,0.4090909090909091,1.0,21.0,33.2,1.0,49.7,0
2021,10,British Grand Prix,2021-07-18,MAZ,Nikita Mazepin,Haas F1 Team,silverstone,Silverstone Circuit,20.0,19.0,0.05,0.05263157894736842,0.0,9.0,0.0,1.0,18.11111111111111,17.6,0.0,10.0,0.0,0.0,0.0,17.444444444444443,1.0,0.0,0.45454545454545453,0.0,29.4,50.9,0.0,37.2,0
2021,10,British Grand Prix,2021-07-18,MSC,Mick Schumacher,Haas F1 Team,silverstone,Silverstone Circuit,19.0,18.0,0.05263157894736842,0.05555555555555555,0.0,9.0,0.0,0.0,16.77777777777778,16.8,0.0,10.0,0.0,0.0,0.0,17.42105263157895,1.0,0.0,0.45454545454545453,0.0,29.4,50.9,0.0,37.2,0
2021,11,Hungarian Grand Prix,2021-08-01,MAZ,Nikita Mazepin,Haas F1 Team,hungaroring,Hungaroring,19.0,19.0,0.05263157894736842,0.05263157894736842,0.0,10.0,0.0,1.0,18.0,17.6,0.0,10.0,0.0,0.0,0.0,17.45,1.0,0.0,0.5,1.0,27.2,37.8,1.0,68.6,0
2021,11,Hungarian Grand Prix,2021-08-01,MSC,Mick Schumacher,Haas F1 Team,hungaroring,Hungaroring,20.0,20.0,0.05,0.05,0.0,10.0,0.0,0.0,16.9,16.8,0.0,10.0,0.0,0.0,0.0,17.285714285714285,2.0,0.0,0.5,1.0,27.2,37.8,1.0,68.6,0
2021,12,Belgian Grand Prix,2021-08-29,MAZ,Nikita Mazepin,Haas F1 Team,spa,Circuit de Spa-Francorchamps,20.0,18.0,0.05,0.05555555555555555,0.0,11.0,0.0,2.0,17.636363636363637,17.6,1.0,10.0,0.0,0.0,0.0,17.045454545454547,2.0,0.0,0.5454545454545454,1.0,13.0,15.3,1.0,96.4,0
2021,12,Belgian Grand Prix,2021-08-29,MSC,Mick Schumacher,Haas F1 Team,spa,Circuit de Spa-Francorchamps,18.0,17.0,0.05555555555555555,0.058823529411764705,0.0,11.0,0.0,0.0,16.454545454545453,16.6,0.0,10.0,0.0,0.0,0.0,17.043478260869566,2.0,0.0,0.5454545454545454,1.0,13.0,15.3,1.0,96.4,0
2021,13,Dutch Grand Prix,2021-09-05,MAZ,Nikita Mazepin,Haas F1 Team,zandvoort,Circuit Park Zandvoort,20.0,18.0,0.05,0.05555555555555555,0.0,12.0,0.0,2.0,17.583333333333332,17.0,1.0,10.0,0.0,0.0,0.0,17.0,2.0,0.0,0.5909090909090909,0.0,21.5,36.1,0.0,54.1,0
2021,13,Dutch Grand Prix,2021-09-05,MSC,Mick Schumacher,Haas F1 Team,zandvoort,Circuit Park Zandvoort,19.0,17.0,0.05263157894736842,0.058823529411764705,0.0,12.0,0.0,0.0,16.416666666666668,16.0,0.0,10.0,0.0,0.0,0.0,17.12,3.0,0.0,0.5909090909090909,0.0,21.5,36.1,0.0,54.1,0
2021,14,Italian Grand Prix,2021-09-12,MAZ,Nikita Mazepin,Haas F1 Team,monza,Autodromo Nazionale di Monza,20.0,16.0,0.05,0.0625,0.0,13.0,0.0,3.0,17.76923076923077,17.4,2.0,10.0,0.0,0.0,0.0,17.153846153846153,3.0,0.0,0.6363636363636364,0.0,28.9,43.5,0.0,33.3,0
2021,14,Italian Grand Prix,2021-09-12,MSC,Mick Schumacher,Haas F1 Team,monza,Autodromo Nazionale di Monza,18.0,18.0,0.05555555555555555,0.05555555555555555,0.0,13.0,0.0,0.0,16.53846153846154,16.4,0.0,10.0,0.0,0.0,0.0,17.11111111111111,3.0,0.0,0.6363636363636364,0.0,28.9,43.5,0.0,33.3,0
2021,15,Russian Grand Prix,2021-09-26,MAZ,Nikita Mazepin,Haas F1 Team,sochi,Sochi Autodrom,19.0,15.0,0.05263157894736842,0.06666666666666667,0.0,14.0,0.0,3.0,17.642857142857142,16.8,2.0,10.0,0.0,0.0,0.0,17.035714285714285,3.0,0.0,0.6818181818181818,1.0,19.1,21.8,1.0,61.9,0
2021,15,Russian Grand Prix,2021-09-26,MSC,Mick Schumacher,Haas F1 Team,sochi,Sochi Autodrom,17.0,14.0,0.058823529411764705,0.07142857142857142,0.0,14.0,0.0,0.0,16.428571428571427,15.8,0.0,10.0,0.0,0.0,0.0,17.06896551724138,3.0,0.0,0.6818181818181818,1.0,19.1,21.8,1.0,61.9,0
2021,16,Turkish Grand Prix,2021-10-10,MAZ,Nikita Mazepin,Haas F1 Team,istanbul,Istanbul Park,20.0,18.0,0.05,0.05555555555555555,0.0,15.0,0.0,3.0,17.666666666666668,17.0,2.0,10.0,0.0,0.0,0.0,17.166666666666668,3.0,0.0,0.7272727272727273,0.0,15.8,18.2,0.0,93.5,0
2021,16,Turkish Grand Prix,2021-10-10,MSC,Mick Schumacher,Haas F1 Team,istanbul,Istanbul Park,14.0,14.0,0.07142857142857142,0.07142857142857142,0.0,15.0,0.0,0.0,16.666666666666668,16.2,0.0,10.0,0.0,0.0,0.0,17.258064516129032,3.0,0.0,0.7272727272727273,0.0,15.8,18.2,0.0,93.5,0
2021,17,United States Grand Prix,2021-10-24,MAZ,Nikita Mazepin,Haas F1 Team,americas,Circuit of the Americas,20.0,17.0,0.05,0.058823529411764705,0.0,16.0,0.0,3.0,17.8125,18.2,1.0,10.0,0.0,0.0,0.0,17.3125,3.0,0.0,0.7727272727272727,0.0,28.1,37.5,0.0,61.2,0
2021,17,United States Grand Prix,2021-10-24,MSC,Mick Schumacher,Haas F1 Team,americas,Circuit of the Americas,19.0,16.0,0.05263157894736842,0.0625,0.0,16.0,0.0,0.0,16.8125,17.6,0.0,10.0,0.0,0.0,0.0,17.303030303030305,3.0,0.0,0.7727272727272727,0.0,28.1,37.5,0.0,61.2,0
2021,18,Mexico City Grand Prix,2021-11-07,MAZ,Nikita Mazepin,Haas F1 Team,rodriguez,Autódromo Hermanos Rodríguez,19.0,15.0,0.05263157894736842,0.06666666666666667,0.0,17.0,0.0,3.0,17.764705882352942,18.2,1.0,10.0,0.0,0.0,0.0,17.264705882352942,3.0,0.0,0.8181818181818182,0.0,21.2,47.6,0.0,31.2,0
2021,18,Mexico City Grand Prix,2021-11-07,MSC,Mick Schumacher,Haas F1 Team,rodriguez,Autódromo Hermanos Rodríguez,18.0,14.0,0.05555555555555555,0.07142857142857142,0.0,17.0,0.0,0.0,16.764705882352942,17.6,0.0,10.0,0.0,0.0,0.0,17.285714285714285,3.0,0.0,0.8181818181818182,0.0,21.2,47.6,0.0,31.2,0
2021,19,São Paulo Grand Prix,2021-11-14,MAZ,Nikita Mazepin,Haas F1 Team,interlagos,Autódromo José Carlos Pace,20.0,19.0,0.05,0.05263157894736842,0.0,18.0,0.0,3.0,17.77777777777778,17.8,0.0,10.0,0.0,0.0,0.0,17.333333333333332,4.0,0.0,0.8636363636363636,0.0,23.1,51.6,0.0,60.1,0
2021,19,São Paulo Grand Prix,2021-11-14,MSC,Mick Schumacher,Haas F1 Team,interlagos,Autódromo José Carlos Pace,19.0,18.0,0.05263157894736842,0.05555555555555555,0.0,18.0,0.0,1.0,16.88888888888889,17.8,1.0,10.0,0.0,0.0,0.0,17.324324324324323,4.0,0.0,0.8636363636363636,0.0,23.1,51.6,0.0,60.1,0
2021,20,Qatar Grand Prix,2021-11-21,MAZ,Nikita Mazepin,Haas F1 Team,losail,Losail International Circuit,20.0,20.0,0.05,0.05,0.0,19.0,0.0,3.0,17.736842105263158,18.0,0.0,10.0,0.0,0.0,0.0,17.342105263157894,4.0,0.0,0.9090909090909091,1.0,26.4,30.6,1.0,75.5,0
2021,20,Qatar Grand Prix,2021-11-21,MSC,Mick Schumacher,Haas F1 Team,losail,Losail International Circuit,19.0,19.0,0.05263157894736842,0.05263157894736842,0.0,19.0,0.0,1.0,16.94736842105263,18.4,1.0,10.0,0.0,0.0,0.0,17.358974358974358,4.0,0.0,0.9090909090909091,1.0,26.4,30.6,1.0,75.5,0
2021,21,Saudi Arabian Grand Prix,2021-12-05,MAZ,Nikita Mazepin,Haas F1 Team,jeddah,Jeddah Corniche Circuit,20.0,20.0,0.05,0.05,0.0,20.0,0.0,3.0,17.75,18.0,0.0,10.0,0.0,0.0,0.0,17.325,4.0,0.0,0.9545454545454546,0.0,28.8,31.7,0.0,76.2,0
2021,21,Saudi Arabian Grand Prix,2021-12-05,MSC,Mick Schumacher,Haas F1 Team,jeddah,Jeddah Corniche Circuit,19.0,19.0,0.05263157894736842,0.05263157894736842,0.0,20.0,0.0,1.0,16.9,17.6,1.0,10.0,0.0,0.0,0.0,17.341463414634145,5.0,0.0,0.9545454545454546,0.0,28.8,31.7,0.0,76.2,0
2021,22,Abu Dhabi Grand Prix,2021-12-12,MAZ,Nikita Mazepin,Haas F1 Team,yas_marina,Yas Marina Circuit,20.0,20.0,0.05,0.05,0.0,21.0,0.0,4.0,17.761904761904763,17.6,1.0,10.0,0.0,0.0,0.0,17.404761904761905,6.0,0.0,1.0,0.0,24.5,28.5,0.0,59.1,0
2021,22,Abu Dhabi Grand Prix,2021-12-12,MSC,Mick Schumacher,Haas F1 Team,yas_marina,Yas Marina Circuit,19.0,19.0,0.05263157894736842,0.05263157894736842,0.0,21.0,0.0,2.0,17.047619047619047,17.8,2.0,10.0,0.0,0.0,0.0,17.46511627906977,6.0,0.0,1.0,0.0,24.5,28.5,0.0,59.1,0
2022,1,Bahrain Grand Prix,2022-03-20,MAG,Kevin Magnussen,Haas F1 Team,bahrain,Bahrain International Circuit,7.0,7.0,0.14285714285714285,0.14285714285714285,0.0,0.0,0.0,0.0,11.375,17.0,0.0,12.5,4.0,0.0,0.0,11.416666666666666,0.0,1.0,0.045454545454545456,0.0,23.6,28.6,0.0,29.5,0
2022,1,Bahrain Grand Prix,2022-03-20,MSC,Mick Schumacher,Haas F1 Team,bahrain,Bahrain International Circuit,12.0,12.0,0.08333333333333333,0.08333333333333333,0.0,0.0,0.0,0.0,11.375,17.4,2.0,16.0,1.0,0.0,10.0,5.0,0.0,1.0,0.045454545454545456,0.0,23.6,28.6,0.0,29.5,0
2022,2,Saudi Arabian Grand Prix,2022-03-27,MAG,Kevin Magnussen,Haas F1 Team,jeddah,Jeddah Corniche Circuit,10.0,10.0,0.1,0.1,10.0,1.0,0.0,0.0,5.0,14.4,0.0,10.0,0.0,0.0,10.0,8.0,0.0,1.0,0.09090909090909091,0.0,25.4,28.4,0.0,59.7,0
2022,2,Saudi Arabian Grand Prix,2022-03-27,MSC,Mick Schumacher,Haas F1 Team,jeddah,Jeddah Corniche Circuit,14.0,0.0,0.07142857142857142,1.0,0.0,1.0,0.0,0.0,11.0,15.8,1.0,20.0,1.0,1.0,12.0,8.333333333333334,0.0,1.0,0.09090909090909091,0.0,25.4,28.4,0.0,59.7,0
2022,3,Australian Grand Prix,2022-04-10,MAG,Kevin Magnussen,Haas F1 Team,albert_park,Albert Park Grand Prix Circuit,17.0,16.0,0.058823529411764705,0.0625,12.0,2.0,0.0,0.0,7.0,12.8,0.0,11.5,2.0,0.0,12.0,11.25,0.0,1.0,0.13636363636363635,0.0,26.7,37.4,0.0,43.7,0
2022,3,Australian Grand Prix,2022-04-10,MSC,Mick Schumacher,Haas F1 Team,albert_park,Albert Park Grand Prix Circuit,15.0,15.0,0.06666666666666667,0.06666666666666667,0.0,2.0,0.0,0.0,15.5,16.2,1.0,10.0,0.0,0.0,12.0,11.8,0.0,1.0,0.13636363636363635,0.0,26.7,37.4,0.0,43.7,0
2022,4,Emilia Romagna Grand Prix,2022-04-24,MAG,Kevin Magnussen,Haas F1 Team,imola,Autodromo Enzo e Dino Ferrari,4.0,8.0,0.25,0.125,12.0,3.0,0.0,0.0,9.333333333333334,12.2,0.0,18.0,1.0,0.0,12.0,12.0,0.0,1.0,0.18181818181818182,0.0,12.9,17.4,0.0,83.2,0
2022,4,Emilia Romagna Grand Prix,2022-04-24,MSC,Mick Schumacher,Haas F1 Team,imola,Autodromo Enzo e Dino Ferrari,12.0,10.0,0.08333333333333333,0.1,0.0,3.0,0.0,0.0,14.666666666666666,15.6,1.0,16.0,1.0,0.0,14.0,11.571428571428571,0.0,1.0,0.18181818181818182,0.0,12.9,17.4,0.0,83.2,0
2022,5,Miami Grand Prix,2022-05-08,MAG,Kevin Magnussen,Haas F1 Team,miami,Miami International Autodrome,16.0,16.0,0.0625,0.0625,14.0,4.0,0.0,0.0,9.25,11.0,0.0,10.0,0.0,0.0,14.0,12.25,0.0,1.0,0.22727272727272727,1.0,30.6,42.8,1.0,58.9,0
2022,5,Miami Grand Prix,2022-05-08,MSC,Mick Schumacher,Haas F1 Team,miami,Miami International Autodrome,15.0,15.0,0.06666666666666667,0.06666666666666667,0.0,4.0,0.0,0.0,15.25,15.0,0.0,10.0,0.0,0.0,14.0,12.666666666666666,0.0,1.0,0.22727272727272727,1.0,30.6,42.8,1.0,58.9,0
2022,6,Spanish Grand Prix,2022-05-22,MAG,Kevin Magnussen,Haas F1 Team,catalunya,Circuit de Barcelona-Catalunya,8.0,8.0,0.125,0.125,14.0,5.0,0.0,0.0,10.6,10.6,0.0,9.333333333333334,3.0,0.0,14.0,12.9,0.0,1.0,0.2727272727272727,0.0,36.6,49.0,0.0,7.1,0
2022,6,Spanish Grand Prix,2022-05-22,MSC,Mick Schumacher,Haas F1 Team,catalunya,Circuit de Barcelona-Catalunya,10.0,10.0,0.1,0.1,0.0,5.0,0.0,0.0,15.2,15.2,0.0,18.0,1.0,0.0,14.0,13.272727272727273,0.0,1.0,0.2727272727272727,0.0,36.6,49.0,0.0,7.1,0
2022,7,Monaco Grand Prix,2022-05-29,MAG,Kevin Magnussen,Haas F1 Team,monaco,Circuit de Monaco,13.0,13.0,0.07692307692307693,0.07692307692307693,14.0,6.0,0.0,0.0,11.666666666666666,13.0,0.0,13.5,2.0,0.0,14.0,13.333333333333334,0.0,1.0,0.3181818181818182,1.0,22.3,31.0,1.0,75.7,0
2022,7,Monaco Grand Prix,2022-05-29,MSC,Mick Schumacher,Haas F1 Team,monaco,Circuit de Monaco,15.0,15.0,0.06666666666666667,0.06666666666666667,0.0,6.0,0.0,0.0,15.0,15.8,0.0,18.0,1.0,0.0,14.0,13.846153846153847,0.0,1.0,0.3181818181818182,1.0,22.3,31.0,1.0,75.7,0
2022,8,Azerbaijan Grand Prix,2022-06-12,MAG,Kevin Magnussen,Haas F1 Team,baku,Baku City Circuit,16.0,16.0,0.0625,0.0625,14.0,7.0,0.0,0.0,12.857142857142858,15.2,0.0,13.0,2.0,0.0,14.0,14.214285714285714,1.0,1.0,0.36363636363636365,0.0,25.4,47.1,0.0,59.5,0
2022,8,Azerbaijan Grand Prix,2022-06-12,MSC,Mick Schumacher,Haas F1 Team,baku,Baku City Circuit,20.0,20.0,0.05,0.05,0.0,7.0,0.0,1.0,15.571428571428571,15.6,1.0,13.0,1.0,0.0,14.0,14.4,1.0,1.0,0.36363636363636365,0.0,25.4,47.1,0.0,59.5,0
2022,9,Canadian Grand Prix,2022-06-19,MAG,Kevin Magnussen,Haas F1 Team,villeneuve,Circuit Gilles Villeneuve,5.0,5.0,0.2,0.2,14.0,8.0,0.0,0.0,13.375,15.8,0.0,15.0,2.0,0.0,14.0,14.375,1.0,1.0,0.4090909090909091,0.0,20.8,41.3,0.0,28.9,0
2022,9,Canadian Grand Prix,2022-06-19,MSC,Mick Schumacher,Haas F1 Team,villeneuve,Circuit Gilles Villeneuve,6.0,6.0,0.16666666666666666,0.16666666666666666,0.0,8.0,0.0,1.0,15.375,15.8,1.0,10.0,0.0,0.0,14.0,14.529411764705882,1.0,1.0,0.4090909090909091,0.0,20.8,41.3,0.0,28.9,0
2022,10,British Grand Prix,2022-07-03,MAG,Kevin Magnussen,Haas F1 Team,silverstone,Silverstone Circuit,17.0,17.0,0.058823529411764705,0.058823529411764705,14.0,9.0,0.0,0.0,13.777777777777779,17.4,0.0,17.0,4.0,3.0,14.0,14.777777777777779,2.0,1.0,0.45454545454545453,1.0,18.3,30.0,1.0,59.7,0
2022,10,British Grand Prix,2022-07-03,MSC,Mick Schumacher,Haas F1 Team,silverstone,Silverstone Circuit,19.0,19.0,0.05263157894736842,0.05263157894736842,0.0,9.0,0.0,2.0,15.777777777777779,16.2,2.0,18.0,1.0,0.0,15.0,14.526315789473685,2.0,1.0,0.45454545454545453,1.0,18.3,30.0,1.0,59.7,0
2022,11,Austrian Grand Prix,2022-07-10,MAG,Kevin Magnussen,Haas F1 Team,red_bull_ring,Red Bull Ring,6.0,7.0,0.16666666666666666,0.14285714285714285,15.0,10.0,0.0,0.0,13.4,16.2,0.0,13.25,4.0,1.0,19.0,14.2,2.0,1.0,0.5,0.0,20.3,30.7,0.0,35.1,0
2022,11,Austrian Grand Prix,2022-07-10,MSC,Mick Schumacher,Haas F1 Team,red_bull_ring,Red Bull Ring,7.0,9.0,0.14285714285714285,0.1111111111111111,4.0,10.0,0.0,2.0,15.0,14.8,2.0,17.0,2.0,0.0,23.0,13.904761904761905,2.0,1.0,0.5,0.0,20.3,30.7,0.0,35.1,0
2022,12,French Grand Prix,2022-07-24,MAG,Kevin Magnussen,Haas F1 Team,ricard,Circuit Paul Ricard,10.0,20.0,0.1,0.05,19.0,11.0,0.0,0.0,12.909090909090908,14.4,0.0,11.5,2.0,0.0,31.0,13.545454545454545,2.0,1.0,0.5454545454545454,0.0,30.2,54.5,0.0,47.7,0
2022,12,French Grand Prix,2022-07-24,MSC,Mick Schumacher,Haas F1 Team,ricard,Circuit Paul Ricard,19.0,17.0,0.05263157894736842,0.058823529411764705,12.0,11.0,0.0,2.0,14.181818181818182,13.2,2.0,19.0,1.0,0.0,31.0,13.73913043478261,3.0,1.0,0.5454545454545454,0.0,30.2,54.5,0.0,47.7,0
2022,13,Hungarian Grand Prix,2022-07-31,MAG,Kevin Magnussen,Haas F1 Team,hungaroring,Hungaroring,13.0,13.0,0.07692307692307693,0.07692307692307693,19.0,12.0,0.0,1.0,13.333333333333334,14.0,1.0,10.0,3.0,0.0,31.0,13.791666666666666,3.0,1.0,0.5909090909090909,1.0,18.6,26.7,1.0,69.3,0
2022,13,Hungarian Grand Prix,2022-07-31,MSC,Mick Schumacher,Haas F1 Team,hungaroring,Hungaroring,15.0,15.0,0.06666666666666667,0.06666666666666667,12.0,12.0,0.0,2.0,14.25,12.4,1.0,12.0,1.0,0.0,31.0,13.88,3.0,1.0,0.5909090909090909,1.0,18.6,26.7,1.0,69.3,0
2022,14,Belgian Grand Prix,2022-08-28,MAG,Kevin Magnussen,Haas F1 Team,spa,Circuit de Spa-Francorchamps,18.0,12.0,0.05555555555555555,0.08333333333333333,19.0,13.0,0.0,1.0,13.538461538461538,13.8,1.0,12.333333333333334,3.0,0.0,31.0,13.884615384615385,3.0,1.0,0.6363636363636364,0.0,21.8,36.1,0.0,40.5,0
2022,14,Belgian Grand Prix,2022-08-28,MSC,Mick Schumacher,Haas F1 Team,spa,Circuit de Spa-Francorchamps,15.0,19.0,0.06666666666666667,0.05263157894736842,12.0,13.0,0.0,2.0,14.23076923076923,12.4,1.0,16.0,1.0,0.0,31.0,13.962962962962964,3.0,1.0,0.6363636363636364,0.0,21.8,36.1,0.0,40.5,0
2022,15,Dutch Grand Prix,2022-09-04,MAG,Kevin Magnussen,Haas F1 Team,zandvoort,Circuit Park Zandvoort,18.0,18.0,0.05555555555555555,0.05555555555555555,19.0,14.0,0.0,1.0,13.714285714285714,13.6,1.0,10.0,0.0,0.0,31.0,14.071428571428571,3.0,1.0,0.6818181818181818,0.0,22.7,33.4,0.0,75.4,0
2022,15,Dutch Grand Prix,2022-09-04,MSC,Mick Schumacher,Haas F1 Team,zandvoort,Circuit Park Zandvoort,8.0,8.0,0.125,0.125,12.0,14.0,0.0,2.0,14.428571428571429,12.0,0.0,18.0,1.0,0.0,31.0,14.10344827586207,3.0,1.0,0.6818181818181818,0.0,22.7,33.4,0.0,75.4,0
2022,16,Italian Grand Prix,2022-09-11,MAG,Kevin Magnussen,Haas F1 Team,monza,Autodromo Nazionale di Monza,19.0,16.0,0.05263157894736842,0.0625,19.0,15.0,0.0,1.0,13.8,14.6,1.0,17.666666666666668,3.0,1.0,31.0,14.066666666666666,3.0,1.0,0.7272727272727273,0.0,27.7,43.1,0.0,33.1,0
2022,16,Italian Grand Prix,2022-09-11,MSC,Mick Schumacher,Haas F1 Team,monza,Autodromo Nazionale di Monza,20.0,17.0,0.05,0.058823529411764705,12.0,15.0,0.0,2.0,14.333333333333334,13.0,0.0,15.0,1.0,0.0,31.0,14.129032258064516,3.0,1.0,0.7272727272727273,0.0,27.7,43.1,0.0,33.1,0
2022,17,Singapore Grand Prix,2022-10-02,MAG,Kevin Magnussen,Haas F1 Team,marina_bay,Marina Bay Street Circuit,9.0,9.0,0.1111111111111111,0.1111111111111111,19.0,16.0,0.0,1.0,13.9375,16.2,1.0,17.5,2.0,0.0,31.0,14.0625,3.0,1.0,0.7727272727272727,1.0,26.2,29.0,1.0,87.4,0
2022,17,Singapore Grand Prix,2022-10-02,MSC,Mick Schumacher,Haas F1 Team,marina_bay,Marina Bay Street Circuit,13.0,12.0,0.07692307692307693,0.08333333333333333,12.0,16.0,0.0,2.0,14.1875,14.2,0.0,10.0,0.0,0.0,31.0,14.0,3.0,1.0,0.7727272727272727,1.0,26.2,29.0,1.0,87.4,0
2022,18,Japanese Grand Prix,2022-10-09,MAG,Kevin Magnussen,Haas F1 Team,suzuka,Suzuka Circuit,18.0,18.0,0.05555555555555555,0.05555555555555555,19.0,17.0,0.0,1.0,13.823529411764707,15.0,0.0,17.5,2.0,1.0,31.0,13.970588235294118,3.0,1.0,0.8181818181818182,1.0,16.7,19.9,1.0,86.2,0
2022,18,Japanese Grand Prix,2022-10-09,MSC,Mick Schumacher,Haas F1 Team,suzuka,Suzuka Circuit,15.0,15.0,0.06666666666666667,0.06666666666666667,12.0,17.0,0.0,2.0,14.117647058823529,13.8,0.0,10.0,0.0,0.0,31.0,13.971428571428572,3.0,1.0,0.8181818181818182,1.0,16.7,19.9,1.0,86.2,0
2022,19,United States Grand Prix,2022-10-23,MAG,Kevin Magnussen,Haas F1 Team,americas,Circuit of the Americas,16.0,13.0,0.0625,0.07692307692307693,19.0,18.0,0.0,1.0,13.833333333333334,14.6,0.0,19.0,2.0,1.0,31.0,14.055555555555555,3.0,1.0,0.8636363636363636,0.0,29.3,35.5,0.0,49.6,0
2022,19,United States Grand Prix,2022-10-23,MSC,Mick Schumacher,Haas F1 Team,americas,Circuit of the Americas,19.0,16.0,0.05263157894736842,0.0625,12.0,18.0,0.0,2.0,14.277777777777779,14.4,0.0,16.0,1.0,0.0,33.0,13.91891891891892,3.0,1.0,0.8636363636363636,0.0,29.3,35.5,0.0,49.6,0
2022,20,Mexico City Grand Prix,2022-10-30,MAG,Kevin Magnussen,Haas F1 Team,rodriguez,Autódromo Hermanos Rodríguez,15.0,19.0,0.06666666666666667,0.05263157894736842,21.0,19.0,0.0,1.0,13.578947368421053,13.2,0.0,15.0,2.0,0.0,33.0,13.947368421052632,3.0,1.0,0.9090909090909091,0.0,24.3,41.7,0.0,34.4,0
2022,20,Mexico City Grand Prix,2022-10-30,MSC,Mick Schumacher,Haas F1 Team,rodriguez,Autódromo Hermanos Rodríguez,16.0,15.0,0.0625,0.06666666666666667,12.0,19.0,0.0,2.0,14.31578947368421,14.0,0.0,19.0,1.0,1.0,33.0,14.025641025641026,3.0,1.0,0.9090909090909091,0.0,24.3,41.7,0.0,34.4,0
2022,21,São Paulo Grand Prix,2022-11-13,MAG,Kevin Magnussen,Haas F1 Team,interlagos,Autódromo José Carlos Pace,1.0,8.0,1.0,0.125,21.0,20.0,0.0,1.0,13.75,13.6,0.0,10.0,2.0,0.0,33.0,14.075,3.0,1.0,0.9545454545454546,0.0,23.0,46.0,0.0,76.1,0
2022,21,São Paulo Grand Prix,2022-11-13,MSC,Mick Schumacher,Haas F1 Team,interlagos,Autódromo José Carlos Pace,20.0,12.0,0.05,0.08333333333333333,12.0,20.0,0.0,2.0,14.4,14.6,0.0,18.0,1.0,0.0,33.0,14.195121951219512,4.0,1.0,0.9545454545454546,0.0,23.0,46.0,0.0,76.1,0
2022,22,Abu Dhabi Grand Prix,2022-11-20,MAG,Kevin Magnussen,Haas F1 Team,yas_marina,Yas Marina Circuit,16.0,16.0,0.0625,0.0625,21.0,21.0,0.0,2.0,14.0,14.2,1.0,14.0,3.0,0.0,33.0,14.166666666666666,4.0,1.0,1.0,0.0,28.6,34.3,0.0,61.7,0
2022,22,Abu Dhabi Grand Prix,2022-11-20,MSC,Mick Schumacher,Haas F1 Team,yas_marina,Yas Marina Circuit,13.0,12.0,0.07692307692307693,0.08333333333333333,12.0,21.0,0.0,2.0,14.333333333333334,14.8,0.0,14.0,1.0,0.0,33.0,14.232558139534884,4.0,1.0,1.0,0.0,28.6,34.3,0.0,61.7,0
2023,1,Bahrain Grand Prix,2023-03-05,HUL,Nico Hülkenberg,Haas F1 Team,bahrain,Bahrain International Circuit,10.0,10.0,0.1,0.1,0.0,0.0,0.0,0.0,11.375,12.8,0.0,13.333333333333334,3.0,1.0,0.0,11.416666666666666,0.0,1.0,0.045454545454545456,0.0,27.4,31.0,0.0,21.5,0
2023,1,Bahrain Grand Prix,2023-03-05,MAG,Kevin Magnussen,Haas F1 Team,bahrain,Bahrain International Circuit,17.0,17.0,0.058823529411764705,0.058823529411764705,0.0,0.0,0.0,0.0,11.375,15.2,1.0,11.0,5.0,0.0,0.0,15.0,0.0,1.0,0.045454545454545456,0.0,27.4,31.0,0.0,21.5,0
2023,2,Saudi Arabian Grand Prix,2023-03-19,HUL,Nico Hülkenberg,Haas F1 Team,jeddah,Jeddah Corniche Circuit,11.0,10.0,0.09090909090909091,0.1,0.0,1.0,0.0,0.0,15.0,11.8,0.0,12.0,1.0,0.0,0.0,14.0,0.0,1.0,0.09090909090909091,0.0,26.1,31.8,0.0,57.8,0
2023,2,Saudi Arabian Grand Prix,2023-03-19,MAG,Kevin Magnussen,Haas F1 Team,jeddah,Jeddah Corniche Circuit,13.0,13.0,0.07692307692307693,0.07692307692307693,0.0,1.0,0.0,0.0,13.0,15.0,1.0,9.0,1.0,0.0,0.0,13.333333333333334,0.0,1.0,0.09090909090909091,0.0,26.1,31.8,0.0,57.8,0
2023,3,Australian Grand Prix,2023-04-02,HUL,Nico Hülkenberg,Haas F1 Team,albert_park,Albert Park Grand Prix Circuit,10.0,10.0,0.1,0.1,0.0,2.0,0.0,0.0,13.5,12.8,0.0,7.0,2.0,0.0,1.0,12.5,0.0,1.0,0.13636363636363635,0.0,17.4,30.1,0.0,54.2,0
2023,3,Australian Grand Prix,2023-04-02,MAG,Kevin Magnussen,Haas F1 Team,albert_park,Albert Park Grand Prix Circuit,14.0,14.0,0.07142857142857142,0.07142857142857142,1.0,2.0,0.0,0.0,11.5,15.2,1.0,12.333333333333334,3.0,0.0,7.0,11.4,0.0,1.0,0.13636363636363635,0.0,17.4,30.1,0.0,54.2,0
2023,4,Azerbaijan Grand Prix,2023-04-30,HUL,Nico Hülkenberg,Haas F1 Team,baku,Baku City Circuit,17.0,20.0,0.058823529411764705,0.05,6.0,3.0,0.0,0.0,11.333333333333334,12.6,0.0,16.0,2.0,1.0,7.0,12.333333333333334,1.0,1.0,0.18181818181818182,0.0,24.9,41.2,0.0,49.2,0
2023,4,Azerbaijan Grand Prix,2023-04-30,MAG,Kevin Magnussen,Haas F1 Team,baku,Baku City Circuit,18.0,16.0,0.05555555555555555,0.0625,1.0,3.0,0.0,1.0,13.333333333333334,15.2,2.0,14.333333333333334,3.0,0.0,7.0,13.0,1.0,1.0,0.18181818181818182,0.0,24.9,41.2,0.0,49.2,0
2023,5,Miami Grand Prix,2023-05-07,HUL,Nico Hülkenberg,Haas F1 Team,miami,Miami International Autodrome,12.0,12.0,0.08333333333333333,0.08333333333333333,6.0,4.0,0.0,0.0,12.75,12.6,0.0,10.0,0.0,0.0,7.0,13.0,1.0,1.0,0.22727272727272727,0.0,27.1,36.7,0.0,59.4,0
2023,5,Miami Grand Prix,2023-05-07,MAG,Kevin Magnussen,Haas F1 Team,miami,Miami International Autodrome,4.0,4.0,0.25,0.25,1.0,4.0,0.0,1.0,13.25,14.0,1.0,16.0,1.0,0.0,7.0,13.222222222222221,1.0,1.0,0.22727272727272727,0.0,27.1,36.7,0.0,59.4,0
2023,6,Monaco Grand Prix,2023-05-28,HUL,Nico Hülkenberg,Haas F1 Team,monaco,Circuit de Monaco,18.0,18.0,0.05555555555555555,0.05555555555555555,6.0,5.0,0.0,0.0,13.2,13.2,0.0,10.5,2.0,0.0,8.0,12.9,1.0,1.0,0.2727272727272727,1.0,25.1,39.3,1.0,45.9,0
2023,6,Monaco Grand Prix,2023-05-28,MAG,Kevin Magnussen,Haas F1 Team,monaco,Circuit de Monaco,17.0,17.0,0.058823529411764705,0.058823529411764705,2.0,5.0,0.0,1.0,12.6,12.6,1.0,15.666666666666666,3.0,0.0,8.0,13.272727272727273,1.0,1.0,0.2727272727272727,1.0,25.1,39.3,1.0,45.9,0
2023,7,Spanish Grand Prix,2023-06-04,HUL,Nico Hülkenberg,Haas F1 Team,catalunya,Circuit de Barcelona-Catalunya,8.0,7.0,0.125,0.14285714285714285,6.0,6.0,0.0,0.0,13.833333333333334,13.6,0.0,16.5,2.0,1.0,8.0,13.75,2.0,1.0,0.3181818181818182,0.0,22.7,33.8,0.0,63.1,0
2023,7,Spanish Grand Prix,2023-06-04,MAG,Kevin Magnussen,Haas F1 Team,catalunya,Circuit de Barcelona-Catalunya,17.0,17.0,0.058823529411764705,0.058823529411764705,2.0,6.0,0.0,2.0,13.666666666666666,13.8,2.0,11.25,4.0,0.0,8.0,13.846153846153847,2.0,1.0,0.3181818181818182,0.0,22.7,33.8,0.0,63.1,0
2023,8,Canadian Grand Prix,2023-06-18,HUL,Nico Hülkenberg,Haas F1 Team,villeneuve,Circuit Gilles Villeneuve,2.0,5.0,0.5,0.2,6.0,7.0,0.0,0.0,14.0,14.2,0.0,7.0,2.0,0.0,8.0,14.142857142857142,2.0,1.0,0.36363636363636365,0.0,18.5,30.6,0.0,63.9,0
2023,8,Canadian Grand Prix,2023-06-18,MAG,Kevin Magnussen,Haas F1 Team,villeneuve,Circuit Gilles Villeneuve,14.0,13.0,0.07142857142857142,0.07692307692307693,2.0,7.0,0.0,2.0,14.285714285714286,15.4,2.0,15.666666666666666,3.0,0.0,8.0,14.2,2.0,1.0,0.36363636363636365,0.0,18.5,30.6,0.0,63.9,0
2023,9,Austrian Grand Prix,2023-07-02,HUL,Nico Hülkenberg,Haas F1 Team,red_bull_ring,Red Bull Ring,8.0,8.0,0.125,0.125,6.0,8.0,0.0,0.0,14.125,15.8,0.0,16.5,2.0,1.0,8.0,14.375,2.0,1.0,0.4090909090909091,1.0,22.4,32.1,1.0,52.0,0
2023,9,Austrian Grand Prix,2023-07-02,MAG,Kevin Magnussen,Haas F1 Team,red_bull_ring,Red Bull Ring,19.0,19.0,0.05263157894736842,0.05263157894736842,2.0,8.0,0.0,2.0,14.625,15.4,1.0,12.2,5.0,1.0,8.0,14.705882352941176,3.0,1.0,0.4090909090909091,1.0,22.4,32.1,1.0,52.0,0
2023,10,British Grand Prix,2023-07-09,HUL,Nico Hülkenberg,Haas F1 Team,silverstone,Silverstone Circuit,11.0,11.0,0.09090909090909091,0.09090909090909091,6.0,9.0,0.0,1.0,14.777777777777779,16.4,1.0,10.75,4.0,0.0,8.0,14.88888888888889,3.0,1.0,0.45454545454545453,0.0,21.5,30.9,0.0,56.2,0
2023,10,British Grand Prix,2023-07-09,MAG,Kevin Magnussen,Haas F1 Team,silverstone,Silverstone Circuit,19.0,19.0,0.05263157894736842,0.05263157894736842,2.0,9.0,0.0,2.0,15.0,16.4,1.0,15.6,5.0,3.0,8.0,14.789473684210526,3.0,1.0,0.45454545454545453,0.0,21.5,30.9,0.0,56.2,0
2023,11,Hungarian Grand Prix,2023-07-23,HUL,Nico Hülkenberg,Haas F1 Team,hungaroring,Hungaroring,10.0,10.0,0.1,0.1,6.0,10.0,0.0,1.0,14.6,16.0,1.0,12.0,2.0,0.0,8.0,15.0,4.0,1.0,0.5,0.0,28.8,48.6,0.0,32.8,0
2023,11,Hungarian Grand Prix,2023-07-23,MAG,Kevin Magnussen,Haas F1 Team,hungaroring,Hungaroring,19.0,19.0,0.05263157894736842,0.05263157894736842,2.0,10.0,0.0,3.0,15.4,18.2,2.0,11.5,4.0,0.0,8.0,14.952380952380953,4.0,1.0,0.5,0.0,28.8,48.6,0.0,32.8,0
2023,12,Belgian Grand Prix,2023-07-30,HUL,Nico Hülkenberg,Haas F1 Team,spa,Circuit de Spa-Francorchamps,20.0,20.0,0.05,0.05,6.0,11.0,0.0,1.0,14.545454545454545,15.4,1.0,14.0,2.0,1.0,8.0,15.045454545454545,4.0,1.0,0.5454545454545454,1.0,17.9,28.2,1.0,61.9,0
2023,12,Belgian Grand Prix,2023-07-30,MAG,Kevin Magnussen,Haas F1 Team,spa,Circuit de Spa-Francorchamps,13.0,16.0,0.07692307692307693,0.0625,2.0,11.0,0.0,3.0,15.545454545454545,17.8,1.0,13.25,4.0,0.0,8.0,15.173913043478262,4.0,1.0,0.5454545454545454,1.0,17.9,28.2,1.0,61.9,0
2023,13,Dutch Grand Prix,2023-08-27,HUL,Nico Hülkenberg,Haas F1 Team,zandvoort,Circuit Park Zandvoort,15.0,14.0,0.06666666666666667,0.07142857142857142,6.0,12.0,0.0,1.0,14.833333333333334,16.0,1.0,10.0,0.0,0.0,8.0,15.166666666666666,4.0,1.0,0.5909090909090909,1.0,16.8,24.9,1.0,70.8,0
2023,13,Dutch Grand Prix,2023-08-27,MAG,Kevin Magnussen,Haas F1 Team,zandvoort,Circuit Park Zandvoort,18.0,0.0,0.05555555555555555,1.0,2.0,12.0,0.0,3.0,15.5,17.2,1.0,15.0,1.0,0.0,8.0,15.04,4.0,1.0,0.5909090909090909,1.0,16.8,24.9,1.0,70.8,0
2023,14,Italian Grand Prix,2023-09-03,HUL,Nico Hülkenberg,Haas F1 Team,monza,Autodromo Nazionale di Monza,13.0,13.0,0.07692307692307693,0.07692307692307693,6.0,13.0,0.0,1.0,14.615384615384615,15.4,1.0,9.0,2.0,0.0,8.0,15.076923076923077,4.0,1.0,0.6363636363636364,0.0,29.3,42.9,0.0,42.3,0
2023,14,Italian Grand Prix,2023-09-03,MAG,Kevin Magnussen,Haas F1 Team,monza,Autodromo Nazionale di Monza,19.0,19.0,0.05263157894736842,0.05263157894736842,2.0,13.0,0.0,3.0,15.538461538461538,17.0,1.0,17.25,4.0,1.0,8.0,15.148148148148149,4.0,1.0,0.6363636363636364,0.0,29.3,42.9,0.0,42.3,0
2023,15,Singapore Grand Prix,2023-09-17,HUL,Nico Hülkenberg,Haas F1 Team,marina_bay,Marina Bay Street Circuit,9.0,9.0,0.1111111111111111,0.1111111111111111,6.0,14.0,0.0,1.0,14.785714285714286,14.8,0.0,9.5,2.0,0.0,8.0,15.25,4.0,1.0,0.6818181818181818,0.0,29.8,36.4,0.0,72.0,0
2023,15,Singapore Grand Prix,2023-09-17,MAG,Kevin Magnussen,Haas F1 Team,marina_bay,Marina Bay Street Circuit,6.0,6.0,0.16666666666666666,0.16666666666666666,2.0,14.0,0.0,3.0,15.714285714285714,17.0,1.0,15.666666666666666,3.0,0.0,8.0,15.172413793103448,4.0,1.0,0.6818181818181818,0.0,29.8,36.4,0.0,72.0,0
2023,16,Japanese Grand Prix,2023-09-24,HUL,Nico Hülkenberg,Haas F1 Team,suzuka,Suzuka Circuit,18.0,18.0,0.05555555555555555,0.05555555555555555,6.0,15.0,0.0,1.0,14.666666666666666,14.8,0.0,19.5,2.0,1.0,9.0,15.0,4.0,1.0,0.7272727272727273,0.0,27.3,42.1,0.0,42.3,0
2023,16,Japanese Grand Prix,2023-09-24,MAG,Kevin Magnussen,Haas F1 Team,suzuka,Suzuka Circuit,15.0,15.0,0.06666666666666667,0.06666666666666667,3.0,15.0,0.0,3.0,15.333333333333334,15.2,0.0,16.333333333333332,3.0,1.0,9.0,14.96774193548387,4.0,1.0,0.7272727272727273,0.0,27.3,42.1,0.0,42.3,0
2023,17,Qatar Grand Prix,2023-10-08,HUL,Nico Hülkenberg,Haas F1 Team,losail,Losail International Circuit,15.0,14.0,0.06666666666666667,0.07142857142857142,6.0,16.0,0.0,1.0,14.625,14.8,0.0,10.0,0.0,0.0,9.0,14.96875,4.0,1.0,0.7727272727272727,0.0,31.5,36.9,0.0,73.2,0
2023,17,Qatar Grand Prix,2023-10-08,MAG,Kevin Magnussen,Haas F1 Team,losail,Losail International Circuit,19.0,18.0,0.05263157894736842,0.05555555555555555,3.0,16.0,0.0,3.0,15.3125,14.8,0.0,10.0,0.0,0.0,9.0,15.0,4.0,1.0,0.7727272727272727,0.0,31.5,36.9,0.0,73.2,0
2023,18,United States Grand Prix,2023-10-22,HUL,Nico Hülkenberg,Haas F1 Team,americas,Circuit of the Americas,16.0,18.0,0.0625,0.05555555555555555,6.0,17.0,0.0,1.0,14.705882352941176,14.4,0.0,7.5,2.0,0.0,9.0,14.970588235294118,4.0,1.0,0.8181818181818182,0.0,30.0,40.6,0.0,41.9,0
2023,18,United States Grand Prix,2023-10-22,MAG,Kevin Magnussen,Haas F1 Team,americas,Circuit of the Americas,14.0,17.0,0.07142857142857142,0.058823529411764705,3.0,17.0,0.0,3.0,15.235294117647058,14.6,0.0,15.666666666666666,3.0,1.0,9.0,14.857142857142858,4.0,1.0,0.8181818181818182,0.0,30.0,40.6,0.0,41.9,0
2023,19,Mexico City Grand Prix,2023-10-29,HUL,Nico Hülkenberg,Haas F1 Team,rodriguez,Autódromo Hermanos Rodríguez,12.0,12.0,0.08333333333333333,0.08333333333333333,6.0,18.0,0.0,1.0,14.5,14.2,0.0,8.0,2.0,0.0,9.0,14.833333333333334,4.0,1.0,0.8636363636363636,0.0,25.5,45.6,0.0,23.6,0
2023,19,Mexico City Grand Prix,2023-10-29,MAG,Kevin Magnussen,Haas F1 Team,rodriguez,Autódromo Hermanos Rodríguez,17.0,16.0,0.058823529411764705,0.0625,3.0,18.0,0.0,3.0,15.166666666666666,14.2,0.0,15.666666666666666,3.0,0.0,9.0,14.783783783783784,4.0,1.0,0.8636363636363636,0.0,25.5,45.6,0.0,23.6,0
2023,20,São Paulo Grand Prix,2023-11-05,HUL,Nico Hülkenberg,Haas F1 Team,interlagos,Autódromo José Carlos Pace,11.0,11.0,0.09090909090909091,0.09090909090909091,6.0,19.0,0.0,1.0,14.421052631578947,13.4,0.0,17.0,2.0,0.0,9.0,14.894736842105264,5.0,1.0,0.9090909090909091,1.0,20.5,46.8,1.0,58.2,0
2023,20,São Paulo Grand Prix,2023-11-05,MAG,Kevin Magnussen,Haas F1 Team,interlagos,Autódromo José Carlos Pace,14.0,12.0,0.07142857142857142,0.08333333333333333,3.0,19.0,0.0,4.0,15.368421052631579,14.4,1.0,13.0,3.0,1.0,9.0,14.820512820512821,5.0,1.0,0.9090909090909091,1.0,20.5,46.8,1.0,58.2,0
2023,21,Las Vegas Grand Prix,2023-11-19,HUL,Nico Hülkenberg,Haas F1 Team,vegas,Las Vegas Strip Street Circuit,13.0,13.0,0.07692307692307693,0.07692307692307693,6.0,20.0,0.0,1.0,14.3,13.2,0.0,10.0,0.0,0.0,9.0,14.9,6.0,1.0,0.9545454545454546,0.0,18.1,18.0,0.0,47.4,0
2023,21,Las Vegas Grand Prix,2023-11-19,MAG,Kevin Magnussen,Haas F1 Team,vegas,Las Vegas Strip Street Circuit,9.0,8.0,0.1111111111111111,0.125,3.0,20.0,0.0,5.0,15.5,16.0,2.0,10.0,0.0,0.0,9.0,15.0,7.0,1.0,0.9545454545454546,0.0,18.1,18.0,0.0,47.4,0
2023,22,Abu Dhabi Grand Prix,2023-11-26,HUL,Nico Hülkenberg,Haas F1 Team,yas_marina,Yas Marina Circuit,8.0,8.0,0.125,0.125,6.0,21.0,0.0,2.0,14.523809523809524,14.2,1.0,16.0,2.0,1.0,9.0,14.952380952380953,7.0,1.0,1.0,0.0,27.0,33.5,0.0,51.0,0
2023,22,Abu Dhabi Grand Prix,2023-11-26,MAG,Kevin Magnussen,Haas F1 Team,yas_marina,Yas Marina Circuit,17.0,17.0,0.058823529411764705,0.058823529411764705,3.0,21.0,0.0,5.0,15.380952380952381,15.6,2.0,14.75,4.0,0.0,9.0,14.953488372093023,7.0,1.0,1.0,0.0,27.0,33.5,0.0,51.0,0
2024,1,Bahrain Grand Prix,2024-03-02,HUL,Nico Hülkenberg,Haas F1 Team,bahrain,Bahrain International Circuit,10.0,10.0,0.1,0.1,0.0,0.0,0.0,0.0,11.375,14.0,1.0,13.75,4.0,1.0,0.0,11.416666666666666,0.0,1.0,0.041666666666666664,0.0,18.2,23.7,0.0,48.8,0
2024,1,Bahrain Grand Prix,2024-03-02,MAG,Kevin Magnussen,Haas F1 Team,bahrain,Bahrain International Circuit,15.0,15.0,0.06666666666666667,0.06666666666666667,0.0,0.0,0.0,0.0,11.375,16.8,2.0,11.333333333333334,6.0,0.0,0.0,16.0,0.0,1.0,0.041666666666666664,0.0,18.2,23.7,0.0,48.8,0
2024,2,Saudi Arabian Grand Prix,2024-03-09,HUL,Nico Hülkenberg,Haas F1 Team,jeddah,Jeddah Corniche Circuit,15.0,15.0,0.06666666666666667,0.06666666666666667,0.0,1.0,0.0,0.0,16.0,15.0,1.0,12.0,2.0,0.0,0.0,14.0,0.0,1.0,0.08333333333333333,0.0,25.5,31.6,0.0,62.3,0
2024,2,Saudi Arabian Grand Prix,2024-03-09,MAG,Kevin Magnussen,Haas F1 Team,jeddah,Jeddah Corniche Circuit,13.0,13.0,0.07692307692307693,0.07692307692307693,0.0,1.0,0.0,0.0,12.0,16.4,2.0,9.5,2.0,0.0,1.0,12.666666666666666,0.0,1.0,0.08333333333333333,0.0,25.5,31.6,0.0,62.3,0
2024,3,Australian Grand Prix,2024-03-24,HUL,Nico Hülkenberg,Haas F1 Team,albert_park,Albert Park Grand Prix Circuit,16.0,16.0,0.0625,0.0625,1.0,2.0,0.0,0.0,13.0,14.4,1.0,7.0,3.0,0.0,1.0,12.5,0.0,1.0,0.125,0.0,20.6,38.4,0.0,44.5,0
2024,3,Australian Grand Prix,2024-03-24,MAG,Kevin Magnussen,Haas F1 Team,albert_park,Albert Park Grand Prix Circuit,14.0,14.0,0.07142857142857142,0.07142857142857142,0.0,2.0,0.0,0.0,12.0,15.0,1.0,13.5,4.0,1.0,3.0,11.8,0.0,1.0,0.125,0.0,20.6,38.4,0.0,44.5,0
2024,4,Japanese Grand Prix,2024-04-07,HUL,Nico Hülkenberg,Haas F1 Team,suzuka,Suzuka Circuit,12.0,12.0,0.08333333333333333,0.08333333333333333,3.0,3.0,0.0,0.0,11.666666666666666,13.8,1.0,17.666666666666668,3.0,1.0,4.0,11.5,0.0,1.0,0.16666666666666666,0.0,21.7,37.5,0.0,43.4,0
2024,4,Japanese Grand Prix,2024-04-07,MAG,Kevin Magnussen,Haas F1 Team,suzuka,Suzuka Circuit,18.0,18.0,0.05555555555555555,0.05555555555555555,1.0,3.0,0.0,0.0,11.333333333333334,13.4,0.0,16.0,4.0,1.0,4.0,11.428571428571429,0.0,1.0,0.16666666666666666,0.0,21.7,37.5,0.0,43.4,0
2024,5,Chinese Grand Prix,2024-04-21,HUL,Nico Hülkenberg,Haas F1 Team,shanghai,Shanghai International Circuit,9.0,9.0,0.1111111111111111,0.1111111111111111,3.0,4.0,0.0,0.0,11.5,12.2,0.0,13.0,2.0,0.0,4.0,11.625,0.0,1.0,0.20833333333333334,0.0,18.6,29.8,0.0,66.1,0
2024,5,Chinese Grand Prix,2024-04-21,MAG,Kevin Magnussen,Haas F1 Team,shanghai,Shanghai International Circuit,17.0,17.0,0.058823529411764705,0.058823529411764705,1.0,4.0,0.0,0.0,11.75,13.4,0.0,11.5,2.0,0.0,5.0,11.444444444444445,0.0,1.0,0.20833333333333334,0.0,18.6,29.8,0.0,66.1,0
2024,6,Miami Grand Prix,2024-05-05,HUL,Nico Hülkenberg,Haas F1 Team,miami,Miami International Autodrome,9.0,9.0,0.1111111111111111,0.1111111111111111,4.0,5.0,0.0,0.0,11.2,11.2,0.0,15.0,1.0,0.0,5.0,11.9,0.0,1.0,0.25,0.0,28.5,44.7,0.0,59.0,0
2024,6,Miami Grand Prix,2024-05-05,MAG,Kevin Magnussen,Haas F1 Team,miami,Miami International Autodrome,19.0,18.0,0.05263157894736842,0.05555555555555555,1.0,5.0,0.0,0.0,12.6,12.6,0.0,13.0,2.0,0.0,5.0,11.818181818181818,0.0,1.0,0.25,0.0,28.5,44.7,0.0,59.0,0
2024,7,Emilia Romagna Grand Prix,2024-05-19,HUL,Nico Hülkenberg,Haas F1 Team,imola,Autodromo Enzo e Dino Ferrari,10.0,10.0,0.1,0.1,4.0,6.0,0.0,0.0,11.166666666666666,10.2,0.0,10.0,0.0,0.0,5.0,12.416666666666666,0.0,1.0,0.2916666666666667,0.0,25.1,42.0,0.0,48.4,0
2024,7,Emilia Romagna Grand Prix,2024-05-19,MAG,Kevin Magnussen,Haas F1 Team,imola,Autodromo Enzo e Dino Ferrari,18.0,18.0,0.05555555555555555,0.05555555555555555,1.0,6.0,0.0,0.0,13.666666666666666,14.0,0.0,13.5,2.0,0.0,5.0,12.307692307692308,0.0,1.0,0.2916666666666667,0.0,25.1,42.0,0.0,48.4,0
2024,8,Monaco Grand Prix,2024-05-26,HUL,Nico Hülkenberg,Haas F1 Team,monaco,Circuit de Monaco,14.0,19.0,0.07142857142857142,0.05263157894736842,4.0,7.0,0.0,0.0,11.142857142857142,10.4,0.0,12.666666666666666,3.0,0.0,5.0,12.285714285714286,0.0,1.0,0.3333333333333333,0.0,21.6,46.3,0.0,64.0,0
2024,8,Monaco Grand Prix,2024-05-26,MAG,Kevin Magnussen,Haas F1 Team,monaco,Circuit de Monaco,15.0,20.0,0.06666666666666667,0.05,1.0,7.0,0.0,0.0,13.428571428571429,14.0,0.0,16.5,4.0,1.0,5.0,12.733333333333333,1.0,1.0,0.3333333333333333,0.0,21.6,46.3,0.0,64.0,0
2024,9,Canadian Grand Prix,2024-06-09,HUL,Nico Hülkenberg,Haas F1 Team,villeneuve,Circuit Gilles Villeneuve,19.0,17.0,0.05263157894736842,0.058823529411764705,4.0,8.0,0.0,1.0,12.125,12.4,1.0,9.666666666666666,3.0,0.0,5.0,13.1875,2.0,1.0,0.375,1.0,17.8,24.6,1.0,73.4,0
2024,9,Canadian Grand Prix,2024-06-09,MAG,Kevin Magnussen,Haas F1 Team,villeneuve,Circuit Gilles Villeneuve,14.0,14.0,0.07142857142857142,0.07142857142857142,1.0,8.0,0.0,1.0,14.25,16.0,1.0,16.0,4.0,0.0,5.0,13.058823529411764,2.0,1.0,0.375,1.0,17.8,24.6,1.0,73.4,0
2024,10,Spanish Grand Prix,2024-06-23,HUL,Nico Hülkenberg,Haas F1 Team,catalunya,Circuit de Barcelona-Catalunya,13.0,13.0,0.07692307692307693,0.07692307692307693,4.0,9.0,0.0,1.0,12.0,12.4,1.0,16.0,3.0,1.0,5.0,13.0,2.0,1.0,0.4166666666666667,1.0,24.1,41.1,1.0,63.4,0
2024,10,Spanish Grand Prix,2024-06-23,MAG,Kevin Magnussen,Haas F1 Team,catalunya,Circuit de Barcelona-Catalunya,16.0,16.0,0.0625,0.0625,1.0,9.0,0.0,1.0,14.0,15.8,1.0,12.6,5.0,0.0,5.0,12.894736842105264,2.0,1.0,0.4166666666666667,1.0,24.1,41.1,1.0,63.4,0
2024,11,Austrian Grand Prix,2024-06-30,HUL,Nico Hülkenberg,Haas F1 Team,red_bull_ring,Red Bull Ring,9.0,9.0,0.1111111111111111,0.1111111111111111,4.0,10.0,0.0,1.0,11.9,12.6,1.0,17.666666666666668,3.0,2.0,5.0,13.1,2.0,1.0,0.4583333333333333,1.0,29.4,46.4,1.0,35.0,0
2024,11,Austrian Grand Prix,2024-06-30,MAG,Kevin Magnussen,Haas F1 Team,red_bull_ring,Red Bull Ring,12.0,12.0,0.08333333333333333,0.08333333333333333,1.0,10.0,0.0,1.0,14.3,16.0,1.0,13.166666666666666,6.0,1.0,13.0,12.761904761904763,2.0,1.0,0.4583333333333333,1.0,29.4,46.4,1.0,35.0,0
2024,12,British Grand Prix,2024-07-07,HUL,Nico Hülkenberg,Haas F1 Team,silverstone,Silverstone Circuit,6.0,6.0,0.16666666666666666,0.16666666666666666,12.0,11.0,0.0,1.0,11.363636363636363,11.6,1.0,11.2,5.0,0.0,17.0,12.545454545454545,2.0,1.0,0.5,1.0,15.8,27.7,1.0,67.3,0
2024,12,British Grand Prix,2024-07-07,MAG,Kevin Magnussen,Haas F1 Team,silverstone,Silverstone Circuit,17.0,17.0,0.058823529411764705,0.058823529411764705,5.0,11.0,0.0,1.0,13.727272727272727,13.8,1.0,16.166666666666668,6.0,4.0,25.0,12.26086956521739,2.0,1.0,0.5,1.0,15.8,27.7,1.0,67.3,0
2024,13,Hungarian Grand Prix,2024-07-21,HUL,Nico Hülkenberg,Haas F1 Team,hungaroring,Hungaroring,11.0,11.0,0.09090909090909091,0.09090909090909091,20.0,12.0,0.0,1.0,10.916666666666666,10.6,1.0,12.666666666666666,3.0,0.0,25.0,12.25,2.0,1.0,0.5416666666666666,0.0,28.8,44.9,0.0,46.9,0
2024,13,Hungarian Grand Prix,2024-07-21,MAG,Kevin Magnussen,Haas F1 Team,hungaroring,Hungaroring,15.0,15.0,0.06666666666666667,0.06666666666666667,5.0,12.0,0.0,1.0,13.583333333333334,13.8,1.0,12.6,5.0,0.0,25.0,12.28,2.0,1.0,0.5416666666666666,0.0,28.8,44.9,0.0,46.9,0
2024,14,Belgian Grand Prix,2024-07-28,HUL,Nico Hülkenberg,Haas F1 Team,spa,Circuit de Spa-Francorchamps,16.0,16.0,0.0625,0.0625,20.0,13.0,0.0,1.0,11.076923076923077,9.4,0.0,15.333333333333334,3.0,1.0,25.0,12.384615384615385,2.0,1.0,0.5833333333333334,0.0,21.3,42.3,0.0,49.6,0
2024,14,Belgian Grand Prix,2024-07-28,MAG,Kevin Magnussen,Haas F1 Team,spa,Circuit de Spa-Francorchamps,17.0,17.0,0.058823529411764705,0.058823529411764705,5.0,13.0,0.0,1.0,13.692307692307692,12.8,0.0,13.6,5.0,0.0,25.0,12.592592592592593,2.0,1.0,0.5833333333333334,0.0,21.3,42.3,0.0,49.6,0
2024,15,Dutch Grand Prix,2024-08-25,HUL,Nico Hülkenberg,Haas F1 Team,zandvoort,Circuit Park Zandvoort,13.0,12.0,0.07692307692307693,0.08333333333333333,20.0,14.0,0.0,1.0,11.571428571428571,10.8,0.0,12.0,1.0,0.0,25.0,12.642857142857142,2.0,1.0,0.625,0.0,19.0,30.8,0.0,61.0,0
2024,15,Dutch Grand Prix,2024-08-25,MAG,Kevin Magnussen,Haas F1 Team,zandvoort,Circuit Park Zandvoort,14.0,20.0,0.07142857142857142,0.05,5.0,14.0,0.0,1.0,13.714285714285714,13.2,0.0,15.5,2.0,0.0,25.0,12.586206896551724,2.0,1.0,0.625,0.0,19.0,30.8,0.0,61.0,0
2024,16,Italian Grand Prix,2024-09-01,HUL,Nico Hülkenberg,Haas F1 Team,monza,Autodromo Nazionale di Monza,10.0,10.0,0.1,0.1,20.0,15.0,0.0,1.0,11.533333333333333,10.8,0.0,11.666666666666666,3.0,0.0,25.0,12.766666666666667,2.0,1.0,0.6666666666666666,0.0,33.1,49.3,0.0,32.3,0
2024,16,Italian Grand Prix,2024-09-01,MAG,Kevin Magnussen,Haas F1 Team,monza,Autodromo Nazionale di Monza,13.0,13.0,0.07692307692307693,0.07692307692307693,5.0,15.0,0.0,1.0,14.0,13.4,0.0,17.4,5.0,1.0,25.0,12.903225806451612,2.0,1.0,0.6666666666666666,0.0,33.1,49.3,0.0,32.3,0
2024,17,Azerbaijan Grand Prix,2024-09-15,BEA,Oliver Bearman,Haas F1 Team,baku,Baku City Circuit,11.0,10.0,0.09090909090909091,0.1,6.0,1.0,0.0,0.0,7.0,7.0,0.0,10.0,0.0,0.0,26.0,12.8125,2.0,1.0,0.7083333333333334,0.0,26.7,44.3,0.0,38.0,0
2024,17,Azerbaijan Grand Prix,2024-09-15,HUL,Nico Hülkenberg,Haas F1 Team,baku,Baku City Circuit,13.0,12.0,0.07692307692307693,0.08333333333333333,20.0,16.0,0.0,1.0,11.875,13.0,0.0,16.333333333333332,3.0,1.0,27.0,12.727272727272727,2.0,1.0,0.7083333333333334,0.0,26.7,44.3,0.0,38.0,0
2024,18,Singapore Grand Prix,2024-09-22,HUL,Nico Hülkenberg,Haas F1 Team,marina_bay,Marina Bay Street Circuit,6.0,6.0,0.16666666666666666,0.16666666666666666,20.0,17.0,0.0,1.0,11.823529411764707,14.0,0.0,10.666666666666666,3.0,0.0,27.0,12.676470588235293,2.0,1.0,0.75,0.0,30.8,36.4,0.0,74.7,0
2024,18,Singapore Grand Prix,2024-09-22,MAG,Kevin Magnussen,Haas F1 Team,marina_bay,Marina Bay Street Circuit,14.0,14.0,0.07142857142857142,0.07142857142857142,6.0,16.0,0.0,1.0,13.75,13.8,0.0,14.25,4.0,0.0,29.0,12.571428571428571,2.0,1.0,0.75,0.0,30.8,36.4,0.0,74.7,0
2024,19,United States Grand Prix,2024-10-20,HUL,Nico Hülkenberg,Haas F1 Team,americas,Circuit of the Americas,12.0,11.0,0.08333333333333333,0.09090909090909091,22.0,18.0,0.0,1.0,11.666666666666666,13.2,0.0,8.666666666666666,3.0,0.0,29.0,12.75,3.0,1.0,0.7916666666666666,0.0,28.1,46.6,0.0,35.5,0
2024,19,United States Grand Prix,2024-10-20,MAG,Kevin Magnussen,Haas F1 Team,americas,Circuit of the Americas,9.0,8.0,0.1111111111111111,0.125,6.0,17.0,0.0,2.0,14.058823529411764,15.2,1.0,15.25,4.0,1.0,33.0,12.621621621621621,3.0,1.0,0.7916666666666666,0.0,28.1,46.6,0.0,35.5,0
2024,20,Mexico City Grand Prix,2024-10-27,HUL,Nico Hülkenberg,Haas F1 Team,rodriguez,Autódromo Hermanos Rodríguez,10.0,10.0,0.1,0.1,26.0,19.0,0.0,1.0,11.473684210526315,11.2,0.0,9.666666666666666,3.0,0.0,33.0,12.578947368421053,3.0,1.0,0.8333333333333334,0.0,19.9,35.6,0.0,51.1,0
2024,20,Mexico City Grand Prix,2024-10-27,MAG,Kevin Magnussen,Haas F1 Team,rodriguez,Autódromo Hermanos Rodríguez,7.0,7.0,0.14285714285714285,0.14285714285714285,6.0,18.0,0.0,2.0,13.88888888888889,14.4,1.0,16.5,4.0,1.0,35.0,12.487179487179487,3.0,1.0,0.8333333333333334,0.0,19.9,35.6,0.0,51.1,0
2024,21,São Paulo Grand Prix,2024-11-03,BEA,Oliver Bearman,Haas F1 Team,interlagos,Autódromo José Carlos Pace,17.0,15.0,0.058823529411764705,0.06666666666666667,7.0,2.0,0.0,0.0,8.5,8.5,0.0,10.0,0.0,0.0,41.0,12.35,3.0,1.0,0.875,1.0,21.7,25.8,1.0,85.3,0
2024,21,São Paulo Grand Prix,2024-11-03,HUL,Nico Hülkenberg,Haas F1 Team,interlagos,Autódromo José Carlos Pace,19.0,18.0,0.05263157894736842,0.05555555555555555,28.0,20.0,0.0,1.0,11.35,10.8,0.0,15.333333333333334,3.0,0.0,41.0,12.341463414634147,3.0,1.0,0.875,1.0,21.7,25.8,1.0,85.3,0
2024,22,Las Vegas Grand Prix,2024-11-23,HUL,Nico Hülkenberg,Haas F1 Team,vegas,Las Vegas Strip Street Circuit,9.0,9.0,0.1111111111111111,0.1111111111111111,28.0,21.0,0.0,1.0,11.761904761904763,11.4,0.0,19.0,1.0,1.0,41.0,12.523809523809524,3.0,1.0,0.9166666666666666,0.0,17.8,17.7,0.0,47.9,0
2024,22,Las Vegas Grand Prix,2024-11-23,MAG,Kevin Magnussen,Haas F1 Team,vegas,Las Vegas Strip Street Circuit,12.0,12.0,0.08333333333333333,0.08333333333333333,12.0,19.0,0.0,2.0,13.526315789473685,13.0,1.0,13.0,1.0,0.0,45.0,12.418604651162791,3.0,1.0,0.9166666666666666,0.0,17.8,17.7,0.0,47.9,0
2024,23,Qatar Grand Prix,2024-12-01,HUL,Nico Hülkenberg,Haas F1 Team,losail,Losail International Circuit,18.0,18.0,0.05555555555555555,0.05555555555555555,32.0,22.0,0.0,1.0,11.590909090909092,10.8,0.0,16.0,1.0,0.0,45.0,12.409090909090908,3.0,1.0,0.9583333333333334,0.0,18.9,22.8,0.0,57.3,0
2024,23,Qatar Grand Prix,2024-12-01,MAG,Kevin Magnussen,Haas F1 Team,losail,Losail International Circuit,10.0,10.0,0.1,0.1,12.0,20.0,0.0,2.0,13.45,11.8,1.0,14.0,1.0,0.0,45.0,12.488888888888889,4.0,1.0,0.9583333333333334,0.0,18.9,22.8,0.0,57.3,0
2024,24,Abu Dhabi Grand Prix,2024-12-08,HUL,Nico Hülkenberg,Haas F1 Team,yas_marina,Yas Marina Circuit,4.0,7.0,0.25,0.14285714285714285,32.0,23.0,0.0,2.0,11.782608695652174,12.2,1.0,15.666666666666666,3.0,1.0,47.0,12.41304347826087,4.0,1.0,1.0,0.0,26.8,31.8,0.0,51.4,0
2024,24,Abu Dhabi Grand Prix,2024-12-08,MAG,Kevin Magnussen,Haas F1 Team,yas_marina,Yas Marina Circuit,15.0,14.0,0.06666666666666667,0.07142857142857142,14.0,21.0,0.0,2.0,13.238095238095237,11.6,1.0,15.8,5.0,0.0,51.0,12.319148936170214,4.0,1.0,1.0,0.0,26.8,31.8,0.0,51.4,0
2025,1,Australian Grand Prix,2025-03-16,BEA,Oliver Bearman,Haas F1 Team,albert_park,Albert Park Grand Prix Circuit,20.0,20.0,0.05,0.05,0.0,0.0,0.0,0.0,11.375,9.666666666666666,0.0,10.0,0.0,0.0,0.0,11.416666666666666,0.0,1.0,0.041666666666666664,1.0,15.7,18.9,1.0,78.4,0
2025,1,Australian Grand Prix,2025-03-16,OCO,Esteban Ocon,Haas F1 Team,albert_park,Albert Park Grand Prix Circuit,19.0,19.0,0.05263157894736842,0.05263157894736842,0.0,0.0,0.0,0.0,11.375,14.0,1.0,12.25,4.0,1.0,0.0,14.0,0.0,1.0,0.041666666666666664,1.0,15.7,18.9,1.0,78.4,0
2025,2,Chinese Grand Prix,2025-03-23,BEA,Oliver Bearman,Haas F1 Team,shanghai,Shanghai International Circuit,17.0,17.0,0.058823529411764705,0.058823529411764705,0.0,1.0,0.0,0.0,14.0,10.75,0.0,10.0,0.0,0.0,0.0,13.5,0.0,1.0,0.08333333333333333,0.0,27.2,35.8,0.0,18.2,0
2025,2,Chinese Grand Prix,2025-03-23,OCO,Esteban Ocon,Haas F1 Team,shanghai,Shanghai International Circuit,11.0,11.0,0.09090909090909091,0.09090909090909091,0.0,1.0,0.0,0.0,13.0,13.0,1.0,11.0,2.0,0.0,4.0,11.666666666666666,0.0,1.0,0.08333333333333333,0.0,27.2,35.8,0.0,18.2,0
2025,3,Japanese Grand Prix,2025-04-06,BEA,Oliver Bearman,Haas F1 Team,suzuka,Suzuka Circuit,10.0,10.0,0.1,0.1,4.0,2.0,0.0,0.0,11.0,10.2,0.0,10.0,0.0,0.0,14.0,10.0,0.0,1.0,0.125,0.0,14.4,20.5,0.0,76.4,0
2025,3,Japanese Grand Prix,2025-04-06,OCO,Esteban Ocon,Haas F1 Team,suzuka,Suzuka Circuit,18.0,18.0,0.05555555555555555,0.05555555555555555,10.0,2.0,0.0,0.0,9.0,11.4,1.0,9.25,4.0,0.0,15.0,10.0,0.0,1.0,0.125,0.0,14.4,20.5,0.0,76.4,0
2025,4,Bahrain Grand Prix,2025-04-13,BEA,Oliver Bearman,Haas F1 Team,bahrain,Bahrain International Circuit,20.0,20.0,0.05,0.05,5.0,3.0,0.0,0.0,10.666666666666666,10.8,0.0,10.0,0.0,0.0,15.0,11.333333333333334,0.0,1.0,0.16666666666666666,0.0,27.1,31.9,0.0,45.3,0
2025,4,Bahrain Grand Prix,2025-04-13,OCO,Esteban Ocon,Haas F1 Team,bahrain,Bahrain International Circuit,14.0,14.0,0.07142857142857142,0.07142857142857142,10.0,3.0,0.0,0.0,12.0,14.6,1.0,10.857142857142858,7.0,1.0,16.0,11.142857142857142,0.0,1.0,0.16666666666666666,0.0,27.1,31.9,0.0,45.3,0
2025,5,Saudi Arabian Grand Prix,2025-04-20,BEA,Oliver Bearman,Haas F1 Team,jeddah,Jeddah Corniche Circuit,15.0,15.0,0.06666666666666667,0.06666666666666667,6.0,4.0,0.0,0.0,10.5,10.8,0.0,7.0,1.0,0.0,20.0,10.75,0.0,1.0,0.20833333333333334,0.0,29.5,37.8,0.0,62.7,0
2025,5,Saudi Arabian Grand Prix,2025-04-20,OCO,Esteban Ocon,Haas F1 Team,jeddah,Jeddah Corniche Circuit,19.0,19.0,0.05263157894736842,0.05263157894736842,14.0,4.0,0.0,0.0,11.0,12.8,1.0,7.75,4.0,0.0,20.0,11.0,0.0,1.0,0.20833333333333334,0.0,29.5,37.8,0.0,62.7,0
2025,6,Miami Grand Prix,2025-05-04,BEA,Oliver Bearman,Haas F1 Team,miami,Miami International Autodrome,20.0,19.0,0.05,0.05263157894736842,6.0,5.0,0.0,0.0,11.0,11.0,0.0,10.0,0.0,0.0,20.0,11.3,0.0,1.0,0.25,1.0,26.6,38.7,1.0,63.0,0
2025,6,Miami Grand Prix,2025-05-04,OCO,Esteban Ocon,Haas F1 Team,miami,Miami International Autodrome,9.0,9.0,0.1111111111111111,0.1111111111111111,14.0,5.0,0.0,0.0,11.6,11.6,0.0,9.0,3.0,0.0,20.0,12.0,1.0,1.0,0.25,1.0,26.6,38.7,1.0,63.0,0
2025,7,Emilia Romagna Grand Prix,2025-05-18,BEA,Oliver Bearman,Haas F1 Team,imola,Autodromo Enzo e Dino Ferrari,16.0,19.0,0.0625,0.05263157894736842,6.0,6.0,0.0,1.0,12.333333333333334,12.0,1.0,10.0,0.0,0.0,20.0,12.0,1.0,1.0,0.2916666666666667,0.0,24.0,42.7,0.0,38.3,0
2025,7,Emilia Romagna Grand Prix,2025-05-18,OCO,Esteban Ocon,Haas F1 Team,imola,Autodromo Enzo e Dino Ferrari,18.0,18.0,0.05555555555555555,0.05555555555555555,14.0,6.0,0.0,0.0,11.666666666666666,11.4,0.0,14.0,4.0,1.0,20.0,12.384615384615385,1.0,1.0,0.2916666666666667,0.0,24.0,42.7,0.0,38.3,0
2025,8,Monaco Grand Prix,2025-05-25,BEA,Oliver Bearman,Haas F1 Team,monaco,Circuit de Monaco,17.0,20.0,0.058823529411764705,0.05,6.0,7.0,0.0,1.0,13.0,13.8,1.0,10.0,0.0,0.0,20.0,12.928571428571429,2.0,1.0,0.3333333333333333,0.0,22.2,43.3,0.0,52.5,0
2025,8,Monaco Grand Prix,2025-05-25,OCO,Esteban Ocon,Haas F1 Team,monaco,Circuit de Monaco,8.0,8.0,0.125,0.125,14.0,7.0,0.0,1.0,12.857142857142858,14.4,1.0,9.4,5.0,1.0,20.0,12.866666666666667,2.0,1.0,0.3333333333333333,0.0,22.2,43.3,0.0,52.5,0
2025,9,Spanish Grand Prix,2025-06-01,BEA,Oliver Bearman,Haas F1 Team,catalunya,Circuit de Barcelona-Catalunya,15.0,14.0,0.06666666666666667,0.07142857142857142,6.0,8.0,0.0,1.0,12.875,14.2,1.0,10.0,0.0,0.0,26.0,12.5,2.0,1.0,0.375,0.0,29.1,48.5,0.0,54.6,0
2025,9,Spanish Grand Prix,2025-06-01,OCO,Esteban Ocon,Haas F1 Team,catalunya,Circuit de Barcelona-Catalunya,17.0,16.0,0.058823529411764705,0.0625,20.0,8.0,0.0,1.0,12.125,12.2,1.0,10.5,6.0,0.0,26.0,12.764705882352942,2.0,1.0,0.375,0.0,29.1,48.5,0.0,54.6,0
2025,10,Canadian Grand Prix,2025-06-15,BEA,Oliver Bearman,Haas F1 Team,villeneuve,Circuit Gilles Villeneuve,14.0,13.0,0.07142857142857142,0.07692307692307693,6.0,9.0,0.0,1.0,13.333333333333334,15.6,1.0,10.0,0.0,0.0,26.0,12.944444444444445,2.0,1.0,0.4166666666666667,1.0,24.0,49.3,1.0,28.0,0
2025,10,Canadian Grand Prix,2025-06-15,OCO,Esteban Ocon,Haas F1 Team,villeneuve,Circuit Gilles Villeneuve,15.0,14.0,0.06666666666666667,0.07142857142857142,20.0,9.0,0.0,1.0,12.555555555555555,13.8,1.0,8.25,4.0,0.0,26.0,12.842105263157896,2.0,1.0,0.4166666666666667,1.0,24.0,49.3,1.0,28.0,0
2025,11,Austrian Grand Prix,2025-06-29,BEA,Oliver Bearman,Haas F1 Team,red_bull_ring,Red Bull Ring,15.0,15.0,0.06666666666666667,0.06666666666666667,6.0,10.0,0.0,1.0,13.1,15.2,1.0,10.0,0.0,0.0,28.0,12.65,2.0,1.0,0.4583333333333333,0.0,30.3,49.2,0.0,32.0,0
2025,11,Austrian Grand Prix,2025-06-29,OCO,Esteban Ocon,Haas F1 Team,red_bull_ring,Red Bull Ring,17.0,17.0,0.058823529411764705,0.058823529411764705,22.0,10.0,0.0,1.0,12.2,12.8,1.0,12.125,8.0,1.0,28.0,12.571428571428571,2.0,1.0,0.4583333333333333,0.0,30.3,49.2,0.0,32.0,0
2025,12,British Grand Prix,2025-07-06,BEA,Oliver Bearman,Haas F1 Team,silverstone,Silverstone Circuit,8.0,18.0,0.125,0.05555555555555555,6.0,11.0,0.0,1.0,12.909090909090908,13.6,0.0,10.0,0.0,0.0,29.0,12.454545454545455,2.0,1.0,0.5,1.0,17.9,23.6,1.0,78.4,0
2025,12,British Grand Prix,2025-07-06,OCO,Esteban Ocon,Haas F1 Team,silverstone,Silverstone Circuit,15.0,14.0,0.06666666666666667,0.07142857142857142,23.0,11.0,0.0,1.0,12.0,12.4,1.0,11.571428571428571,7.0,1.0,29.0,12.391304347826088,2.0,1.0,0.5,1.0,17.9,23.6,1.0,78.4,0
2025,13,Belgian Grand Prix,2025-07-27,BEA,Oliver Bearman,Haas F1 Team,spa,Circuit de Spa-Francorchamps,12.0,12.0,0.08333333333333333,0.08333333333333333,6.0,12.0,0.0,1.0,12.75,12.4,0.0,10.0,0.0,0.0,29.0,12.416666666666666,2.0,1.0,0.5416666666666666,1.0,17.0,24.1,1.0,84.4,0
2025,13,Belgian Grand Prix,2025-07-27,OCO,Esteban Ocon,Haas F1 Team,spa,Circuit de Spa-Francorchamps,11.0,11.0,0.09090909090909091,0.09090909090909091,23.0,12.0,0.0,1.0,12.083333333333334,11.0,0.0,7.0,6.0,0.0,29.0,12.36,2.0,1.0,0.5416666666666666,1.0,17.0,24.1,1.0,84.4,0
2025,14,Hungarian Grand Prix,2025-08-03,BEA,Oliver Bearman,Haas F1 Team,hungaroring,Hungaroring,11.0,11.0,0.09090909090909091,0.09090909090909091,6.0,13.0,0.0,1.0,12.615384615384615,12.2,0.0,10.0,0.0,0.0,29.0,12.461538461538462,2.0,1.0,0.5833333333333334,0.0,22.1,32.7,0.0,57.2,0
2025,14,Hungarian Grand Prix,2025-08-03,OCO,Esteban Ocon,Haas F1 Team,hungaroring,Hungaroring,18.0,17.0,0.05555555555555555,0.058823529411764705,23.0,13.0,0.0,1.0,12.307692307692308,12.6,0.0,12.333333333333334,6.0,1.0,29.0,12.74074074074074,3.0,1.0,0.5833333333333334,0.0,22.1,32.7,0.0,57.2,0
2025,15,Dutch Grand Prix,2025-08-31,BEA,Oliver Bearman,Haas F1 Team,zandvoort,Circuit Park Zandvoort,19.0,20.0,0.05263157894736842,0.05,6.0,14.0,0.0,2.0,13.142857142857142,12.8,1.0,10.0,0.0,0.0,29.0,12.857142857142858,3.0,1.0,0.625,0.0,20.1,28.0,0.0,71.2,0
2025,15,Dutch Grand Prix,2025-08-31,OCO,Esteban Ocon,Haas F1 Team,zandvoort,Circuit Park Zandvoort,18.0,18.0,0.05555555555555555,0.05555555555555555,23.0,14.0,0.0,1.0,12.571428571428571,12.6,0.0,10.75,4.0,0.0,37.0,12.620689655172415,3.0,1.0,0.625,0.0,20.1,28.0,0.0,71.2,0
2025,16,Italian Grand Prix,2025-09-07,BEA,Oliver Bearman,Haas F1 Team,monza,Autodromo Nazionale di Monza,11.0,11.0,0.09090909090909091,0.09090909090909091,14.0,15.0,0.0,2.0,12.666666666666666,11.8,1.0,10.0,0.0,0.0,38.0,12.533333333333333,3.0,1.0,0.6666666666666666,0.0,26.8,43.3,0.0,42.6,0
2025,16,Italian Grand Prix,2025-09-07,OCO,Esteban Ocon,Haas F1 Team,monza,Autodromo Nazionale di Monza,15.0,15.0,0.06666666666666667,0.06666666666666667,24.0,15.0,0.0,1.0,12.4,12.8,0.0,11.333333333333334,6.0,1.0,38.0,12.516129032258064,3.0,1.0,0.6666666666666666,0.0,26.8,43.3,0.0,42.6,0
2025,17,Azerbaijan Grand Prix,2025-09-21,BEA,Oliver Bearman,Haas F1 Team,baku,Baku City Circuit,15.0,15.0,0.06666666666666667,0.06666666666666667,14.0,16.0,0.0,2.0,12.625,12.0,1.0,10.0,1.0,0.0,38.0,12.59375,3.0,1.0,0.7083333333333334,0.0,20.6,26.1,0.0,59.8,0
2025,17,Azerbaijan Grand Prix,2025-09-21,OCO,Esteban Ocon,Haas F1 Team,baku,Baku City Circuit,20.0,20.0,0.05,0.05,24.0,16.0,0.0,1.0,12.5625,13.8,0.0,15.8,5.0,1.0,38.0,12.575757575757576,3.0,1.0,0.7083333333333334,0.0,20.6,26.1,0.0,59.8,0
2025,18,Singapore Grand Prix,2025-10-05,BEA,Oliver Bearman,Haas F1 Team,marina_bay,Marina Bay Street Circuit,9.0,9.0,0.1111111111111111,0.1111111111111111,14.0,17.0,0.0,2.0,12.588235294117647,12.2,1.0,10.0,0.0,0.0,38.0,12.617647058823529,3.0,1.0,0.75,1.0,29.1,33.9,1.0,74.4,0
2025,18,Singapore Grand Prix,2025-10-05,OCO,Esteban Ocon,Haas F1 Team,marina_bay,Marina Bay Street Circuit,17.0,17.0,0.058823529411764705,0.058823529411764705,24.0,17.0,0.0,1.0,12.647058823529411,14.0,0.0,16.75,4.0,3.0,40.0,12.514285714285714,3.0,1.0,0.75,1.0,29.1,33.9,1.0,74.4,0
2025,19,United States Grand Prix,2025-10-19,BEA,Oliver Bearman,Haas F1 Team,americas,Circuit of the Americas,8.0,8.0,0.125,0.125,16.0,18.0,0.0,2.0,12.38888888888889,11.8,1.0,10.0,0.0,0.0,40.0,12.666666666666666,3.0,1.0,0.7916666666666666,0.0,28.3,45.0,0.0,22.5,0
2025,19,United States Grand Prix,2025-10-19,OCO,Esteban Ocon,Haas F1 Team,americas,Circuit of the Americas,17.0,17.0,0.058823529411764705,0.058823529411764705,24.0,18.0,0.0,1.0,12.944444444444445,14.6,0.0,17.0,5.0,1.0,42.0,12.567567567567568,3.0,1.0,0.7916666666666666,0.0,28.3,45.0,0.0,22.5,0
2025,20,Mexico City Grand Prix,2025-10-26,BEA,Oliver Bearman,Haas F1 Team,rodriguez,Autódromo Hermanos Rodríguez,10.0,9.0,0.1,0.1111111111111111,18.0,19.0,0.0,2.0,12.210526315789474,9.6,0.0,10.0,0.0,0.0,42.0,12.631578947368421,3.0,1.0,0.8333333333333334,0.0,26.4,50.6,0.0,23.2,0
2025,20,Mexico City Grand Prix,2025-10-26,OCO,Esteban Ocon,Haas F1 Team,rodriguez,Autódromo Hermanos Rodríguez,12.0,11.0,0.08333333333333333,0.09090909090909091,24.0,19.0,0.0,1.0,13.052631578947368,14.4,0.0,11.0,5.0,0.0,54.0,12.41025641025641,3.0,1.0,0.8333333333333334,0.0,26.4,50.6,0.0,23.2,0
2025,21,São Paulo Grand Prix,2025-11-09,BEA,Oliver Bearman,Haas F1 Team,interlagos,Autódromo José Carlos Pace,8.0,8.0,0.125,0.125,30.0,20.0,0.0,2.0,11.8,9.2,0.0,12.0,1.0,0.0,56.0,12.325,3.0,1.0,0.875,0.0,17.3,30.7,0.0,70.6,0
2025,21,São Paulo Grand Prix,2025-11-09,OCO,Esteban Ocon,Haas F1 Team,interlagos,Autódromo José Carlos Pace,17.0,20.0,0.058823529411764705,0.05,26.0,20.0,0.0,1.0,12.85,14.2,0.0,8.6,5.0,0.0,64.0,12.170731707317072,3.0,1.0,0.875,0.0,17.3,30.7,0.0,70.6,0
2025,22,Las Vegas Grand Prix,2025-11-23,BEA,Oliver Bearman,Haas F1 Team,vegas,Las Vegas Strip Street Circuit,14.0,14.0,0.07142857142857142,0.07142857142857142,38.0,21.0,0.0,2.0,11.523809523809524,8.0,0.0,10.0,0.0,0.0,64.0,12.166666666666666,3.0,1.0,0.9166666666666666,0.0,16.7,19.5,0.0,37.8,0
2025,22,Las Vegas Grand Prix,2025-11-23,OCO,Esteban Ocon,Haas F1 Team,vegas,Las Vegas Strip Street Circuit,13.0,13.0,0.07692307692307693,0.07692307692307693,26.0,21.0,0.0,1.0,12.80952380952381,13.6,0.0,10.5,2.0,0.0,65.0,12.116279069767442,3.0,1.0,0.9166666666666666,0.0,16.7,19.5,0.0,37.8,0
2025,23,Qatar Grand Prix,2025-11-30,BEA,Oliver Bearman,Haas F1 Team,losail,Losail International Circuit,13.0,13.0,0.07692307692307693,0.07692307692307693,39.0,22.0,0.0,2.0,11.454545454545455,7.6,0.0,10.0,0.0,0.0,67.0,12.045454545454545,3.0,1.0,0.9583333333333334,0.0,22.6,28.2,0.0,69.0,0
2025,23,Qatar Grand Prix,2025-11-30,OCO,Esteban Ocon,Haas F1 Team,losail,Losail International Circuit,17.0,16.0,0.058823529411764705,0.0625,28.0,22.0,0.0,1.0,12.636363636363637,12.6,0.0,10.666666666666666,3.0,1.0,67.0,12.2,4.0,1.0,0.9583333333333334,0.0,22.6,28.2,0.0,69.0,0
2025,24,Abu Dhabi Grand Prix,2025-12-07,BEA,Oliver Bearman,Haas F1 Team,yas_marina,Yas Marina Circuit,11.0,11.0,0.09090909090909091,0.09090909090909091,39.0,23.0,0.0,3.0,11.782608695652174,9.6,1.0,10.0,0.0,0.0,67.0,12.26086956521739,4.0,1.0,1.0,0.0,26.7,31.1,0.0,60.4,0
2025,24,Abu Dhabi Grand Prix,2025-12-07,OCO,Esteban Ocon,Haas F1 Team,yas_marina,Yas Marina Circuit,8.0,8.0,0.125,0.125,28.0,23.0,0.0,1.0,12.73913043478261,12.0,0.0,10.8,5.0,1.0,67.0,12.25531914893617,4.0,1.0,1.0,0.0,26.7,31.1,0.0,60.4,0
2018,1,Australian Grand Prix,2018-03-25,ALO,Fernando Alonso,McLaren,albert_park,Albert Park Grand Prix Circuit,11.0,10.0,0.09090909090909091,0.1,0.0,0.0,0.0,0.0,11.375,11.0,0.0,10.0,0.0,0.0,0.0,11.416666666666666,0.0,0.0,0.047619047619047616,1.0,24.1,36.3,1.0,30.9,0
2018,1,Australian Grand Prix,2018-03-25,VAN,Stoffel Vandoorne,McLaren,albert_park,Albert Park Grand Prix Circuit,12.0,11.0,0.08333333333333333,0.09090909090909091,0.0,0.0,0.0,0.0,11.375,11.0,0.0,10.0,0.0,0.0,10.0,5.0,0.0,0.0,0.047619047619047616,1.0,24.1,36.3,1.0,30.9,0
2018,2,Bahrain Grand Prix,2018-04-08,ALO,Fernando Alonso,McLaren,bahrain,Bahrain International Circuit,13.0,13.0,0.07692307692307693,0.07692307692307693,10.0,1.0,0.0,0.0,5.0,5.0,0.0,10.0,0.0,0.0,12.0,7.0,0.0,0.0,0.09523809523809523,0.0,28.0,32.2,0.0,47.4,0
2018,2,Bahrain Grand Prix,2018-04-08,VAN,Stoffel Vandoorne,McLaren,bahrain,Bahrain International Circuit,14.0,14.0,0.07142857142857142,0.07142857142857142,2.0,1.0,0.0,0.0,9.0,9.0,0.0,10.0,0.0,0.0,18.0,7.0,0.0,0.0,0.09523809523809523,0.0,28.0,32.2,0.0,47.4,0
2018,3,Chinese Grand Prix,2018-04-15,ALO,Fernando Alonso,McLaren,shanghai,Shanghai International Circuit,13.0,13.0,0.07692307692307693,0.07692307692307693,16.0,2.0,0.0,0.0,6.0,6.0,0.0,10.0,0.0,0.0,22.0,7.25,0.0,0.0,0.14285714285714285,1.0,19.4,37.0,1.0,24.1,0
2018,3,Chinese Grand Prix,2018-04-15,VAN,Stoffel Vandoorne,McLaren,shanghai,Shanghai International Circuit,14.0,14.0,0.07142857142857142,0.07142857142857142,6.0,2.0,0.0,0.0,8.5,8.5,0.0,10.0,0.0,0.0,28.0,7.2,0.0,0.0,0.14285714285714285,1.0,19.4,37.0,1.0,24.1,0
2018,4,Azerbaijan Grand Prix,2018-04-29,ALO,Fernando Alonso,McLaren,baku,Baku City Circuit,13.0,12.0,0.07692307692307693,0.08333333333333333,22.0,3.0,0.0,0.0,6.333333333333333,6.333333333333333,0.0,10.0,0.0,0.0,28.0,8.166666666666666,0.0,0.0,0.19047619047619047,0.0,16.7,25.3,0.0,45.7,0
2018,4,Azerbaijan Grand Prix,2018-04-29,VAN,Stoffel Vandoorne,McLaren,baku,Baku City Circuit,16.0,16.0,0.0625,0.0625,6.0,3.0,0.0,0.0,10.0,10.0,0.0,10.0,0.0,0.0,34.0,8.0,0.0,0.0,0.19047619047619047,0.0,16.7,25.3,0.0,45.7,0
2018,5,Spanish Grand Prix,2018-05-13,ALO,Fernando Alonso,McLaren,catalunya,Circuit de Barcelona-Catalunya,8.0,8.0,0.125,0.125,28.0,4.0,0.0,0.0,6.5,6.5,0.0,10.0,0.0,0.0,36.0,8.125,0.0,0.0,0.23809523809523808,1.0,16.1,32.3,1.0,52.3,0
2018,5,Spanish Grand Prix,2018-05-13,VAN,Stoffel Vandoorne,McLaren,catalunya,Circuit de Barcelona-Catalunya,11.0,11.0,0.09090909090909091,0.09090909090909091,8.0,4.0,0.0,0.0,9.75,9.75,0.0,10.0,0.0,0.0,40.0,8.11111111111111,0.0,0.0,0.23809523809523808,1.0,16.1,32.3,1.0,52.3,0
2018,6,Monaco Grand Prix,2018-05-27,ALO,Fernando Alonso,McLaren,monaco,Circuit de Monaco,7.0,7.0,0.14285714285714285,0.14285714285714285,32.0,5.0,0.0,0.0,6.8,6.8,0.0,10.0,0.0,0.0,40.0,8.8,1.0,0.0,0.2857142857142857,1.0,26.6,34.6,1.0,50.9,0
2018,6,Monaco Grand Prix,2018-05-27,VAN,Stoffel Vandoorne,McLaren,monaco,Circuit de Monaco,12.0,12.0,0.08333333333333333,0.08333333333333333,8.0,5.0,0.0,1.0,10.8,10.8,1.0,10.0,0.0,0.0,40.0,9.818181818181818,2.0,0.0,0.2857142857142857,1.0,26.6,34.6,1.0,50.9,0
2018,7,Canadian Grand Prix,2018-06-10,ALO,Fernando Alonso,McLaren,villeneuve,Circuit Gilles Villeneuve,14.0,14.0,0.07142857142857142,0.07142857142857142,32.0,6.0,0.0,1.0,9.0,9.8,1.0,10.0,0.0,0.0,40.0,10.166666666666666,2.0,0.0,0.3333333333333333,0.0,20.5,36.9,0.0,27.8,0
2018,7,Canadian Grand Prix,2018-06-10,VAN,Stoffel Vandoorne,McLaren,villeneuve,Circuit Gilles Villeneuve,15.0,15.0,0.06666666666666667,0.06666666666666667,8.0,6.0,0.0,1.0,11.333333333333334,11.8,1.0,10.0,0.0,0.0,40.0,10.76923076923077,2.0,0.0,0.3333333333333333,0.0,20.5,36.9,0.0,27.8,0
2018,8,French Grand Prix,2018-06-24,ALO,Fernando Alonso,McLaren,ricard,Circuit Paul Ricard,16.0,16.0,0.0625,0.0625,32.0,7.0,0.0,1.0,10.285714285714286,12.0,1.0,10.0,0.0,0.0,40.0,11.142857142857142,2.0,0.0,0.38095238095238093,1.0,24.5,42.0,1.0,49.0,0
2018,8,French Grand Prix,2018-06-24,VAN,Stoffel Vandoorne,McLaren,ricard,Circuit Paul Ricard,18.0,17.0,0.05555555555555555,0.058823529411764705,8.0,7.0,0.0,1.0,12.0,13.4,1.0,10.0,0.0,0.0,40.0,11.466666666666667,2.0,0.0,0.38095238095238093,1.0,24.5,42.0,1.0,49.0,0
2018,9,Austrian Grand Prix,2018-07-01,ALO,Fernando Alonso,McLaren,red_bull_ring,Red Bull Ring,14.0,13.0,0.07142857142857142,0.07692307692307693,32.0,8.0,0.0,1.0,11.0,13.8,1.0,10.0,0.0,0.0,40.0,11.5,2.0,0.0,0.42857142857142855,0.0,23.2,45.9,0.0,37.1,0
2018,9,Austrian Grand Prix,2018-07-01,VAN,Stoffel Vandoorne,McLaren,red_bull_ring,Red Bull Ring,16.0,15.0,0.0625,0.06666666666666667,8.0,8.0,0.0,1.0,12.0,13.2,1.0,10.0,0.0,0.0,44.0,11.294117647058824,2.0,0.0,0.42857142857142855,0.0,23.2,45.9,0.0,37.1,0
2018,10,British Grand Prix,2018-07-08,ALO,Fernando Alonso,McLaren,silverstone,Silverstone Circuit,13.0,13.0,0.07692307692307693,0.07692307692307693,36.0,9.0,0.0,1.0,10.666666666666666,14.0,1.0,10.0,0.0,0.0,44.0,11.5,3.0,0.0,0.47619047619047616,0.0,27.4,52.2,0.0,38.7,0
2018,10,British Grand Prix,2018-07-08,VAN,Stoffel Vandoorne,McLaren,silverstone,Silverstone Circuit,17.0,17.0,0.058823529411764705,0.058823529411764705,8.0,9.0,0.0,2.0,12.333333333333334,14.4,2.0,10.0,0.0,0.0,48.0,11.31578947368421,3.0,0.0,0.47619047619047616,0.0,27.4,52.2,0.0,38.7,0
2018,11,German Grand Prix,2018-07-22,ALO,Fernando Alonso,McLaren,hockenheimring,Hockenheimring,11.0,11.0,0.09090909090909091,0.09090909090909091,40.0,10.0,0.0,1.0,10.4,14.0,1.0,10.0,0.0,0.0,48.0,11.3,3.0,0.0,0.5238095238095238,1.0,26.4,40.7,1.0,54.8,0
2018,11,German Grand Prix,2018-07-22,VAN,Stoffel Vandoorne,McLaren,hockenheimring,Hockenheimring,20.0,19.0,0.05,0.05263157894736842,8.0,10.0,0.0,2.0,12.2,13.6,1.0,10.0,0.0,0.0,48.0,11.523809523809524,4.0,0.0,0.5238095238095238,1.0,26.4,40.7,1.0,54.8,0
2018,12,Hungarian Grand Prix,2018-07-29,ALO,Fernando Alonso,McLaren,hungaroring,Hungaroring,11.0,11.0,0.09090909090909091,0.09090909090909091,40.0,11.0,0.0,2.0,10.909090909090908,13.2,1.0,10.0,0.0,0.0,48.0,11.590909090909092,4.0,0.0,0.5714285714285714,0.0,33.8,51.1,0.0,33.0,0
2018,12,Hungarian Grand Prix,2018-07-29,VAN,Stoffel Vandoorne,McLaren,hungaroring,Hungaroring,16.0,16.0,0.0625,0.0625,8.0,11.0,0.0,2.0,12.272727272727273,13.4,1.0,10.0,0.0,0.0,52.0,11.434782608695652,4.0,0.0,0.5714285714285714,0.0,33.8,51.1,0.0,33.0,0
2018,13,Belgian Grand Prix,2018-08-26,ALO,Fernando Alonso,McLaren,spa,Circuit de Spa-Francorchamps,17.0,15.0,0.058823529411764705,0.06666666666666667,44.0,12.0,0.0,2.0,10.666666666666666,11.2,1.0,10.0,0.0,0.0,52.0,11.708333333333334,5.0,0.0,0.6190476190476191,0.0,17.3,27.9,0.0,37.7,0
2018,13,Belgian Grand Prix,2018-08-26,VAN,Stoffel Vandoorne,McLaren,spa,Circuit de Spa-Francorchamps,20.0,18.0,0.05,0.05555555555555555,8.0,12.0,0.0,3.0,12.75,13.8,2.0,10.0,0.0,0.0,52.0,12.0,6.0,0.0,0.6190476190476191,0.0,17.3,27.9,0.0,37.7,0
2018,14,Italian Grand Prix,2018-09-02,ALO,Fernando Alonso,McLaren,monza,Autodromo Nazionale di Monza,13.0,13.0,0.07692307692307693,0.07692307692307693,44.0,13.0,0.0,3.0,11.307692307692308,11.8,2.0,10.0,0.0,0.0,52.0,12.115384615384615,6.0,0.0,0.6666666666666666,1.0,22.2,30.8,1.0,63.8,0
2018,14,Italian Grand Prix,2018-09-02,VAN,Stoffel Vandoorne,McLaren,monza,Autodromo Nazionale di Monza,20.0,17.0,0.05,0.058823529411764705,8.0,13.0,0.0,3.0,12.923076923076923,14.4,2.0,10.0,0.0,0.0,52.0,12.333333333333334,7.0,0.0,0.6666666666666666,1.0,22.2,30.8,1.0,63.8,0
2018,15,Singapore Grand Prix,2018-09-16,ALO,Fernando Alonso,McLaren,marina_bay,Marina Bay Street Circuit,11.0,11.0,0.09090909090909091,0.09090909090909091,44.0,14.0,0.0,4.0,11.785714285714286,13.8,3.0,10.0,0.0,0.0,52.0,12.321428571428571,7.0,0.0,0.7142857142857143,0.0,29.9,33.1,0.0,66.0,0
2018,15,Singapore Grand Prix,2018-09-16,VAN,Stoffel Vandoorne,McLaren,marina_bay,Marina Bay Street Circuit,18.0,18.0,0.05555555555555555,0.05555555555555555,8.0,14.0,0.0,3.0,12.857142857142858,13.8,1.0,10.0,0.0,0.0,58.0,12.137931034482758,7.0,0.0,0.7142857142857143,0.0,29.9,33.1,0.0,66.0,0
2018,16,Russian Grand Prix,2018-09-30,ALO,Fernando Alonso,McLaren,sochi,Sochi Autodrom,17.0,16.0,0.058823529411764705,0.0625,50.0,15.0,0.0,4.0,11.466666666666667,13.6,3.0,10.0,0.0,0.0,58.0,12.133333333333333,7.0,0.0,0.7619047619047619,1.0,24.8,29.9,1.0,61.3,0
2018,16,Russian Grand Prix,2018-09-30,VAN,Stoffel Vandoorne,McLaren,sochi,Sochi Autodrom,19.0,15.0,0.05263157894736842,0.06666666666666667,8.0,15.0,0.0,3.0,12.8,14.0,1.0,10.0,0.0,0.0,58.0,12.193548387096774,7.0,0.0,0.7619047619047619,1.0,24.8,29.9,1.0,61.3,0
2018,17,Japanese Grand Prix,2018-10-07,ALO,Fernando Alonso,McLaren,suzuka,Suzuka Circuit,18.0,18.0,0.05555555555555555,0.05555555555555555,50.0,16.0,0.0,4.0,11.625,13.2,2.0,10.0,0.0,0.0,58.0,12.3125,7.0,0.0,0.8095238095238095,0.0,28.3,37.2,0.0,50.5,0
2018,17,Japanese Grand Prix,2018-10-07,VAN,Stoffel Vandoorne,McLaren,suzuka,Suzuka Circuit,19.0,19.0,0.05263157894736842,0.05263157894736842,8.0,16.0,0.0,3.0,13.0,14.6,1.0,10.0,0.0,0.0,58.0,12.363636363636363,7.0,0.0,0.8095238095238095,0.0,28.3,37.2,0.0,50.5,0
2018,18,United States Grand Prix,2018-10-21,ALO,Fernando Alonso,McLaren,americas,Circuit of the Americas,16.0,13.0,0.0625,0.07692307692307693,50.0,17.0,0.0,4.0,11.764705882352942,14.4,2.0,10.0,0.0,0.0,58.0,12.441176470588236,7.0,0.0,0.8571428571428571,0.0,21.9,30.5,0.0,37.6,0
2018,18,United States Grand Prix,2018-10-21,VAN,Stoffel Vandoorne,McLaren,americas,Circuit of the Americas,20.0,17.0,0.05,0.058823529411764705,8.0,17.0,0.0,3.0,13.117647058823529,14.0,0.0,10.0,0.0,0.0,58.0,12.6,8.0,0.0,0.8571428571428571,0.0,21.9,30.5,0.0,37.6,0
2018,19,Mexican Grand Prix,2018-10-28,ALO,Fernando Alonso,McLaren,rodriguez,Autódromo Hermanos Rodríguez,12.0,12.0,0.08333333333333333,0.08333333333333333,50.0,18.0,0.0,5.0,12.11111111111111,14.2,2.0,10.0,0.0,0.0,58.0,12.555555555555555,8.0,0.0,0.9047619047619048,0.0,20.1,34.5,0.0,50.7,0
2018,19,Mexican Grand Prix,2018-10-28,VAN,Stoffel Vandoorne,McLaren,rodriguez,Autódromo Hermanos Rodríguez,17.0,15.0,0.058823529411764705,0.06666666666666667,8.0,18.0,0.0,3.0,13.0,13.2,0.0,10.0,0.0,0.0,58.0,12.756756756756756,9.0,0.0,0.9047619047619048,0.0,20.1,34.5,0.0,50.7,0
2018,20,Brazilian Grand Prix,2018-11-11,ALO,Fernando Alonso,McLaren,interlagos,Autódromo José Carlos Pace,18.0,17.0,0.05555555555555555,0.058823529411764705,50.0,19.0,0.0,6.0,12.526315789473685,14.6,2.0,10.0,0.0,0.0,62.0,12.631578947368421,9.0,0.0,0.9523809523809523,0.0,23.8,40.1,0.0,75.4,0
2018,20,Brazilian Grand Prix,2018-11-11,VAN,Stoffel Vandoorne,McLaren,interlagos,Autódromo José Carlos Pace,20.0,20.0,0.05,0.05,12.0,19.0,0.0,3.0,12.736842105263158,12.4,0.0,10.0,0.0,0.0,62.0,12.743589743589743,9.0,0.0,0.9523809523809523,0.0,23.8,40.1,0.0,75.4,0
2018,21,Abu Dhabi Grand Prix,2018-11-25,ALO,Fernando Alonso,McLaren,yas_marina,Yas Marina Circuit,15.0,15.0,0.06666666666666667,0.06666666666666667,50.0,20.0,0.0,6.0,12.75,16.6,2.0,10.0,0.0,0.0,62.0,12.775,9.0,0.0,1.0,1.0,31.3,33.3,1.0,45.4,0
2018,21,Abu Dhabi Grand Prix,2018-11-25,VAN,Stoffel Vandoorne,McLaren,yas_marina,Yas Marina Circuit,18.0,18.0,0.05555555555555555,0.05555555555555555,12.0,20.0,0.0,3.0,12.8,12.8,0.0,10.0,0.0,0.0,62.0,12.731707317073171,9.0,0.0,1.0,1.0,31.3,33.3,1.0,45.4,0
2019,1,Australian Grand Prix,2019-03-17,NOR,Lando Norris,McLaren,albert_park,Albert Park Grand Prix Circuit,8.0,8.0,0.125,0.125,0.0,0.0,0.0,0.0,11.375,11.0,0.0,10.0,0.0,0.0,0.0,11.416666666666666,0.0,0.0,0.047619047619047616,0.0,23.5,41.3,0.0,70.5,0
2019,1,Australian Grand Prix,2019-03-17,SAI,Carlos Sainz,McLaren,albert_park,Albert Park Grand Prix Circuit,18.0,18.0,0.05555555555555555,0.05555555555555555,0.0,0.0,0.0,0.0,11.375,10.8,0.0,10.0,1.0,0.0,0.0,12.0,0.0,0.0,0.047619047619047616,0.0,23.5,41.3,0.0,70.5,0
2019,2,Bahrain Grand Prix,2019-03-31,NOR,Lando Norris,McLaren,bahrain,Bahrain International Circuit,10.0,9.0,0.1,0.1111111111111111,0.0,1.0,0.0,0.0,12.0,12.0,0.0,10.0,0.0,0.0,0.0,16.0,1.0,0.0,0.09523809523809523,0.0,26.2,28.6,0.0,53.4,0
2019,2,Bahrain Grand Prix,2019-03-31,SAI,Carlos Sainz,McLaren,bahrain,Bahrain International Circuit,7.0,7.0,0.14285714285714285,0.14285714285714285,0.0,1.0,0.0,1.0,20.0,12.8,1.0,11.0,1.0,0.0,8.0,12.666666666666666,1.0,0.0,0.09523809523809523,0.0,26.2,28.6,0.0,53.4,0
2019,3,Chinese Grand Prix,2019-04-14,NOR,Lando Norris,McLaren,shanghai,Shanghai International Circuit,15.0,15.0,0.06666666666666667,0.06666666666666667,8.0,2.0,0.0,0.0,9.0,9.0,0.0,10.0,0.0,0.0,8.0,14.25,2.0,0.0,0.14285714285714285,0.0,19.3,27.3,0.0,46.0,0
2019,3,Chinese Grand Prix,2019-04-14,SAI,Carlos Sainz,McLaren,shanghai,Shanghai International Circuit,14.0,14.0,0.07142857142857142,0.07142857142857142,0.0,2.0,0.0,2.0,19.5,15.2,2.0,9.0,1.0,0.0,8.0,15.0,3.0,0.0,0.14285714285714285,0.0,19.3,27.3,0.0,46.0,0
2019,4,Azerbaijan Grand Prix,2019-04-28,NOR,Lando Norris,McLaren,baku,Baku City Circuit,7.0,7.0,0.14285714285714285,0.14285714285714285,8.0,3.0,0.0,1.0,12.0,12.0,1.0,10.0,0.0,0.0,8.0,14.833333333333334,3.0,0.0,0.19047619047619047,0.0,19.8,39.7,0.0,51.4,0
2019,4,Azerbaijan Grand Prix,2019-04-28,SAI,Carlos Sainz,McLaren,baku,Baku City Circuit,10.0,9.0,0.1,0.1111111111111111,0.0,3.0,0.0,2.0,17.666666666666668,14.2,2.0,5.0,1.0,0.0,12.0,13.857142857142858,3.0,0.0,0.19047619047619047,0.0,19.8,39.7,0.0,51.4,0
2019,5,Spanish Grand Prix,2019-05-12,NOR,Lando Norris,McLaren,catalunya,Circuit de Barcelona-Catalunya,11.0,10.0,0.09090909090909091,0.1,12.0,4.0,0.0,1.0,11.0,11.0,1.0,10.0,0.0,0.0,18.0,13.0,3.0,0.0,0.23809523809523808,0.0,20.1,40.7,0.0,54.7,0
2019,5,Spanish Grand Prix,2019-05-12,SAI,Carlos Sainz,McLaren,catalunya,Circuit de Barcelona-Catalunya,13.0,12.0,0.07692307692307693,0.08333333333333333,6.0,4.0,0.0,2.0,15.0,13.2,2.0,7.0,1.0,0.0,18.0,13.777777777777779,4.0,0.0,0.23809523809523808,0.0,20.1,40.7,0.0,54.7,0
2019,6,Monaco Grand Prix,2019-05-26,NOR,Lando Norris,McLaren,monaco,Circuit de Monaco,12.0,12.0,0.08333333333333333,0.08333333333333333,12.0,5.0,0.0,2.0,12.8,12.8,2.0,10.0,0.0,0.0,22.0,13.2,4.0,0.0,0.2857142857142857,1.0,22.8,32.7,1.0,52.7,0
2019,6,Monaco Grand Prix,2019-05-26,SAI,Carlos Sainz,McLaren,monaco,Circuit de Monaco,9.0,9.0,0.1111111111111111,0.1111111111111111,10.0,5.0,0.0,2.0,13.6,13.6,2.0,10.0,1.0,0.0,22.0,13.0,4.0,0.0,0.2857142857142857,1.0,22.8,32.7,1.0,52.7,0
2019,7,Canadian Grand Prix,2019-06-09,NOR,Lando Norris,McLaren,villeneuve,Circuit Gilles Villeneuve,8.0,8.0,0.125,0.125,12.0,6.0,0.0,2.0,12.5,12.6,2.0,10.0,0.0,0.0,30.0,12.416666666666666,4.0,0.0,0.3333333333333333,0.0,29.4,51.1,0.0,16.1,0
2019,7,Canadian Grand Prix,2019-06-09,SAI,Carlos Sainz,McLaren,villeneuve,Circuit Gilles Villeneuve,9.0,11.0,0.1111111111111111,0.09090909090909091,18.0,6.0,0.0,2.0,12.333333333333334,10.8,1.0,8.0,1.0,0.0,30.0,13.0,4.0,0.0,0.3333333333333333,0.0,29.4,51.1,0.0,16.1,0
2019,8,French Grand Prix,2019-06-23,NOR,Lando Norris,McLaren,ricard,Circuit Paul Ricard,5.0,5.0,0.2,0.2,12.0,7.0,0.0,2.0,13.571428571428571,15.4,2.0,10.0,0.0,0.0,30.0,12.857142857142858,4.0,0.0,0.38095238095238093,0.0,26.9,54.5,0.0,39.1,0
2019,8,French Grand Prix,2019-06-23,SAI,Carlos Sainz,McLaren,ricard,Circuit Paul Ricard,6.0,6.0,0.16666666666666666,0.16666666666666666,18.0,7.0,0.0,2.0,12.142857142857142,9.2,0.0,8.0,1.0,0.0,32.0,12.6,4.0,0.0,0.38095238095238093,0.0,26.9,54.5,0.0,39.1,0
2019,9,Austrian Grand Prix,2019-06-30,NOR,Lando Norris,McLaren,red_bull_ring,Red Bull Ring,6.0,5.0,0.16666666666666666,0.2,14.0,8.0,0.0,2.0,13.0,13.6,1.0,10.0,0.0,0.0,40.0,12.1875,4.0,0.0,0.42857142857142855,0.0,34.4,50.7,0.0,18.0,0
2019,9,Austrian Grand Prix,2019-06-30,SAI,Carlos Sainz,McLaren,red_bull_ring,Red Bull Ring,15.0,19.0,0.06666666666666667,0.05263157894736842,26.0,8.0,0.0,2.0,11.375,7.6,0.0,12.0,1.0,0.0,48.0,11.823529411764707,4.0,0.0,0.42857142857142855,0.0,34.4,50.7,0.0,18.0,0
2019,10,British Grand Prix,2019-07-14,NOR,Lando Norris,McLaren,silverstone,Silverstone Circuit,8.0,8.0,0.125,0.125,22.0,9.0,0.0,2.0,12.222222222222221,13.2,1.0,10.0,0.0,0.0,52.0,11.61111111111111,4.0,0.0,0.47619047619047616,0.0,18.9,30.3,0.0,62.1,0
2019,10,British Grand Prix,2019-07-14,SAI,Carlos Sainz,McLaren,silverstone,Silverstone Circuit,13.0,13.0,0.07692307692307693,0.07692307692307693,30.0,9.0,0.0,2.0,11.0,7.8,0.0,17.0,1.0,1.0,52.0,11.578947368421053,4.0,0.0,0.47619047619047616,0.0,18.9,30.3,0.0,62.1,0
2019,11,German Grand Prix,2019-07-28,NOR,Lando Norris,McLaren,hockenheimring,Hockenheimring,16.0,19.0,0.0625,0.05263157894736842,22.0,10.0,0.0,2.0,12.1,11.4,0.0,10.0,0.0,0.0,60.0,11.3,4.0,0.0,0.5238095238095238,1.0,21.5,26.4,1.0,87.8,0
2019,11,German Grand Prix,2019-07-28,SAI,Carlos Sainz,McLaren,hockenheimring,Hockenheimring,7.0,7.0,0.14285714285714285,0.14285714285714285,38.0,10.0,0.0,2.0,10.5,7.4,0.0,12.0,1.0,0.0,60.0,11.619047619047619,4.0,0.0,0.5238095238095238,1.0,21.5,26.4,1.0,87.8,0
2019,12,Hungarian Grand Prix,2019-08-04,NOR,Lando Norris,McLaren,hungaroring,Hungaroring,7.0,7.0,0.14285714285714285,0.14285714285714285,22.0,11.0,0.0,2.0,12.636363636363637,12.8,0.0,10.0,0.0,0.0,70.0,11.318181818181818,4.0,0.0,0.5714285714285714,0.0,25.7,44.1,0.0,33.9,0
2019,12,Hungarian Grand Prix,2019-08-04,SAI,Carlos Sainz,McLaren,hungaroring,Hungaroring,8.0,8.0,0.125,0.125,48.0,11.0,0.0,2.0,10.0,7.2,0.0,9.0,1.0,0.0,72.0,11.217391304347826,4.0,0.0,0.5714285714285714,0.0,25.7,44.1,0.0,33.9,0
2019,13,Belgian Grand Prix,2019-09-01,NOR,Lando Norris,McLaren,spa,Circuit de Spa-Francorchamps,12.0,11.0,0.08333333333333333,0.09090909090909091,24.0,12.0,0.0,2.0,12.333333333333334,10.6,0.0,10.0,0.0,0.0,82.0,10.958333333333334,4.0,0.0,0.6190476190476191,0.0,17.4,28.1,0.0,57.0,0
2019,13,Belgian Grand Prix,2019-09-01,SAI,Carlos Sainz,McLaren,spa,Circuit de Spa-Francorchamps,17.0,15.0,0.058823529411764705,0.06666666666666667,58.0,12.0,0.0,2.0,9.583333333333334,6.0,0.0,11.0,1.0,0.0,82.0,10.96,5.0,0.0,0.6190476190476191,0.0,17.4,28.1,0.0,57.0,0
2019,14,Italian Grand Prix,2019-09-08,NOR,Lando Norris,McLaren,monza,Autodromo Nazionale di Monza,14.0,16.0,0.07142857142857142,0.0625,24.0,13.0,0.0,3.0,12.23076923076923,11.0,1.0,10.0,0.0,0.0,82.0,11.26923076923077,5.0,0.0,0.6666666666666666,0.0,21.1,33.0,0.0,51.6,0
2019,14,Italian Grand Prix,2019-09-08,SAI,Carlos Sainz,McLaren,monza,Autodromo Nazionale di Monza,7.0,7.0,0.14285714285714285,0.14285714285714285,58.0,13.0,0.0,2.0,10.307692307692308,8.6,0.0,8.0,1.0,0.0,83.0,11.222222222222221,5.0,0.0,0.6666666666666666,0.0,21.1,33.0,0.0,51.6,0
2019,15,Singapore Grand Prix,2019-09-22,NOR,Lando Norris,McLaren,marina_bay,Marina Bay Street Circuit,9.0,9.0,0.1111111111111111,0.1111111111111111,25.0,14.0,0.0,3.0,12.071428571428571,11.8,1.0,10.0,0.0,0.0,83.0,11.535714285714286,5.0,0.0,0.7142857142857143,0.0,30.0,35.8,0.0,66.5,0
2019,15,Singapore Grand Prix,2019-09-22,SAI,Carlos Sainz,McLaren,marina_bay,Marina Bay Street Circuit,7.0,7.0,0.14285714285714285,0.14285714285714285,58.0,14.0,0.0,2.0,11.0,11.0,0.0,8.0,1.0,0.0,89.0,11.379310344827585,5.0,0.0,0.7142857142857143,0.0,30.0,35.8,0.0,66.5,0
2019,16,Russian Grand Prix,2019-09-29,NOR,Lando Norris,McLaren,sochi,Sochi Autodrom,8.0,7.0,0.125,0.14285714285714285,31.0,15.0,0.0,3.0,11.733333333333333,11.0,1.0,10.0,0.0,0.0,89.0,11.4,5.0,0.0,0.7619047619047619,1.0,22.0,34.3,1.0,67.4,0
2019,16,Russian Grand Prix,2019-09-29,SAI,Carlos Sainz,McLaren,sochi,Sochi Autodrom,6.0,5.0,0.16666666666666666,0.2,58.0,15.0,0.0,2.0,11.066666666666666,12.2,0.0,17.0,1.0,0.0,93.0,11.290322580645162,5.0,0.0,0.7619047619047619,1.0,22.0,34.3,1.0,67.4,0
2019,17,Japanese Grand Prix,2019-10-13,NOR,Lando Norris,McLaren,suzuka,Suzuka Circuit,8.0,8.0,0.125,0.125,35.0,16.0,0.0,3.0,11.5,9.0,1.0,10.0,0.0,0.0,101.0,11.125,5.0,0.0,0.8095238095238095,0.0,21.6,32.2,0.0,57.5,0
2019,17,Japanese Grand Prix,2019-10-13,SAI,Carlos Sainz,McLaren,suzuka,Suzuka Circuit,7.0,7.0,0.14285714285714285,0.14285714285714285,66.0,16.0,0.0,2.0,10.75,12.4,0.0,10.0,1.0,0.0,101.0,11.121212121212121,5.0,0.0,0.8095238095238095,0.0,21.6,32.2,0.0,57.5,0
2019,18,Mexican Grand Prix,2019-10-27,NOR,Lando Norris,McLaren,rodriguez,Autódromo Hermanos Rodríguez,8.0,8.0,0.125,0.125,35.0,17.0,0.0,3.0,11.470588235294118,9.4,1.0,10.0,0.0,0.0,111.0,10.941176470588236,5.0,0.0,0.8571428571428571,0.0,23.2,41.6,0.0,46.3,0
2019,18,Mexican Grand Prix,2019-10-27,SAI,Carlos Sainz,McLaren,rodriguez,Autódromo Hermanos Rodríguez,7.0,7.0,0.14285714285714285,0.14285714285714285,76.0,17.0,0.0,2.0,10.411764705882353,12.4,0.0,19.0,1.0,0.0,111.0,11.2,5.0,0.0,0.8571428571428571,0.0,23.2,41.6,0.0,46.3,0
2019,19,United States Grand Prix,2019-11-03,NOR,Lando Norris,McLaren,americas,Circuit of the Americas,8.0,8.0,0.125,0.125,35.0,18.0,0.0,3.0,11.944444444444445,11.2,0.0,10.0,0.0,0.0,111.0,11.25,5.0,0.0,0.9047619047619048,0.0,21.5,29.1,0.0,29.2,0
2019,19,United States Grand Prix,2019-11-03,SAI,Carlos Sainz,McLaren,americas,Circuit of the Americas,7.0,7.0,0.14285714285714285,0.14285714285714285,76.0,18.0,0.0,2.0,10.555555555555555,11.2,0.0,7.0,1.0,0.0,117.0,11.135135135135135,5.0,0.0,0.9047619047619048,0.0,21.5,29.1,0.0,29.2,0
2019,20,Brazilian Grand Prix,2019-11-17,NOR,Lando Norris,McLaren,interlagos,Autódromo José Carlos Pace,11.0,10.0,0.09090909090909091,0.1,41.0,19.0,0.0,3.0,11.68421052631579,10.6,0.0,10.0,0.0,0.0,121.0,11.052631578947368,5.0,0.0,0.9523809523809523,0.0,21.0,46.5,0.0,60.3,0
2019,20,Brazilian Grand Prix,2019-11-17,SAI,Carlos Sainz,McLaren,interlagos,Autódromo José Carlos Pace,20.0,20.0,0.05,0.05,80.0,19.0,0.0,2.0,10.421052631578947,8.8,0.0,12.0,1.0,0.0,125.0,10.974358974358974,5.0,0.0,0.9523809523809523,0.0,21.0,46.5,0.0,60.3,0
2019,21,Abu Dhabi Grand Prix,2019-12-01,NOR,Lando Norris,McLaren,yas_marina,Yas Marina Circuit,7.0,6.0,0.14285714285714285,0.16666666666666666,45.0,20.0,0.0,3.0,11.5,10.8,0.0,10.0,0.0,0.0,140.0,10.775,5.0,0.0,1.0,0.0,26.0,29.6,0.0,64.5,0
2019,21,Abu Dhabi Grand Prix,2019-12-01,SAI,Carlos Sainz,McLaren,yas_marina,Yas Marina Circuit,9.0,8.0,0.1111111111111111,0.125,95.0,20.0,0.0,2.0,10.05,7.0,0.0,6.0,1.0,0.0,144.0,10.707317073170731,5.0,0.0,1.0,0.0,26.0,29.6,0.0,64.5,0
2020,1,Austrian Grand Prix,2020-07-05,NOR,Lando Norris,McLaren,red_bull_ring,Red Bull Ring,4.0,3.0,0.25,0.3333333333333333,0.0,0.0,0.0,0.0,11.375,10.8,0.0,6.0,1.0,0.0,0.0,11.416666666666666,0.0,0.0,0.058823529411764705,0.0,28.7,52.0,0.0,33.8,0
2020,1,Austrian Grand Prix,2020-07-05,SAI,Carlos Sainz,McLaren,red_bull_ring,Red Bull Ring,8.0,8.0,0.125,0.125,0.0,0.0,0.0,0.0,11.375,7.8,0.0,10.0,2.0,0.0,16.0,3.0,0.0,0.0,0.058823529411764705,0.0,28.7,52.0,0.0,33.8,0
2020,2,Styrian Grand Prix,2020-07-12,NOR,Lando Norris,McLaren,red_bull_ring,Red Bull Ring,6.0,9.0,0.16666666666666666,0.1111111111111111,16.0,1.0,0.0,0.0,3.0,9.2,0.0,4.5,2.0,0.0,26.0,4.0,0.0,0.0,0.11764705882352941,1.0,20.8,39.9,1.0,34.0,0
2020,2,Styrian Grand Prix,2020-07-12,SAI,Carlos Sainz,McLaren,red_bull_ring,Red Bull Ring,3.0,3.0,0.3333333333333333,0.3333333333333333,10.0,1.0,0.0,0.0,5.0,7.8,0.0,8.333333333333334,3.0,0.0,36.0,4.333333333333333,0.0,0.0,0.11764705882352941,1.0,20.8,39.9,1.0,34.0,0
2020,3,Hungarian Grand Prix,2020-07-19,NOR,Lando Norris,McLaren,hungaroring,Hungaroring,8.0,8.0,0.125,0.125,26.0,2.0,0.0,0.0,4.0,6.2,0.0,9.0,1.0,0.0,39.0,5.5,0.0,0.0,0.17647058823529413,1.0,20.7,27.1,1.0,77.2,0
2020,3,Hungarian Grand Prix,2020-07-19,SAI,Carlos Sainz,McLaren,hungaroring,Hungaroring,9.0,9.0,0.1111111111111111,0.1111111111111111,13.0,2.0,0.0,0.0,7.0,7.0,0.0,7.0,2.0,0.0,39.0,7.0,0.0,0.0,0.17647058823529413,1.0,20.7,27.1,1.0,77.2,0
2020,4,British Grand Prix,2020-08-02,NOR,Lando Norris,McLaren,silverstone,Silverstone Circuit,5.0,5.0,0.2,0.2,26.0,3.0,0.0,0.0,7.0,7.4,0.0,11.0,1.0,0.0,41.0,7.333333333333333,0.0,0.0,0.23529411764705882,0.0,21.3,40.6,0.0,44.2,0
2020,4,British Grand Prix,2020-08-02,SAI,Carlos Sainz,McLaren,silverstone,Silverstone Circuit,7.0,7.0,0.14285714285714285,0.14285714285714285,15.0,3.0,0.0,0.0,7.666666666666667,7.2,0.0,11.5,2.0,1.0,51.0,7.0,0.0,0.0,0.23529411764705882,0.0,21.3,40.6,0.0,44.2,0
2020,5,70th Anniversary Grand Prix,2020-08-09,NOR,Lando Norris,McLaren,silverstone,Silverstone Circuit,10.0,10.0,0.1,0.1,36.0,4.0,0.0,0.0,6.5,6.8,0.0,8.0,2.0,0.0,51.0,7.75,0.0,0.0,0.29411764705882354,0.0,25.3,43.2,0.0,58.6,0
2020,5,70th Anniversary Grand Prix,2020-08-09,SAI,Carlos Sainz,McLaren,silverstone,Silverstone Circuit,13.0,12.0,0.07692307692307693,0.08333333333333333,15.0,4.0,0.0,0.0,9.0,9.2,0.0,12.0,3.0,1.0,53.0,7.888888888888889,0.0,0.0,0.29411764705882354,0.0,25.3,43.2,0.0,58.6,0
2020,6,Spanish Grand Prix,2020-08-16,NOR,Lando Norris,McLaren,catalunya,Circuit de Barcelona-Catalunya,8.0,8.0,0.125,0.125,38.0,5.0,0.0,0.0,7.0,7.0,0.0,20.0,1.0,1.0,53.0,8.4,0.0,0.0,0.35294117647058826,0.0,29.8,47.6,0.0,56.4,0
2020,6,Spanish Grand Prix,2020-08-16,SAI,Carlos Sainz,McLaren,catalunya,Circuit de Barcelona-Catalunya,7.0,7.0,0.14285714285714285,0.14285714285714285,15.0,5.0,0.0,0.0,9.8,9.8,0.0,7.5,2.0,0.0,54.0,8.545454545454545,0.0,0.0,0.35294117647058826,0.0,29.8,47.6,0.0,56.4,0
2020,7,Belgian Grand Prix,2020-08-30,NOR,Lando Norris,McLaren,spa,Circuit de Spa-Francorchamps,10.0,10.0,0.1,0.1,39.0,6.0,0.0,0.0,7.5,8.4,0.0,11.0,1.0,1.0,62.0,8.333333333333334,0.0,0.0,0.4117647058823529,0.0,18.6,29.8,0.0,54.9,0
2020,7,Belgian Grand Prix,2020-08-30,SAI,Carlos Sainz,McLaren,spa,Circuit de Spa-Francorchamps,7.0,7.0,0.14285714285714285,0.14285714285714285,23.0,6.0,0.0,0.0,9.166666666666666,10.0,0.0,15.0,2.0,0.0,68.0,8.23076923076923,0.0,0.0,0.4117647058823529,0.0,18.6,29.8,0.0,54.9,0
2020,8,Italian Grand Prix,2020-09-06,NOR,Lando Norris,McLaren,monza,Autodromo Nazionale di Monza,6.0,6.0,0.16666666666666666,0.16666666666666666,45.0,7.0,0.0,0.0,7.428571428571429,8.8,0.0,10.0,1.0,0.0,68.0,9.071428571428571,0.0,0.0,0.47058823529411764,0.0,28.1,41.2,0.0,40.1,0
2020,8,Italian Grand Prix,2020-09-06,SAI,Carlos Sainz,McLaren,monza,Autodromo Nazionale di Monza,3.0,3.0,0.3333333333333333,0.3333333333333333,23.0,7.0,0.0,0.0,10.714285714285714,12.2,0.0,14.0,2.0,0.0,80.0,8.733333333333333,0.0,0.0,0.47058823529411764,0.0,28.1,41.2,0.0,40.1,0
2020,9,Tuscan Grand Prix,2020-09-13,NOR,Lando Norris,McLaren,mugello,Autodromo Internazionale del Mugello,11.0,11.0,0.09090909090909091,0.09090909090909091,57.0,8.0,0.0,0.0,7.0,7.0,0.0,10.0,0.0,0.0,98.0,8.3125,0.0,0.0,0.5294117647058824,0.0,30.2,43.1,0.0,39.9,0
2020,9,Tuscan Grand Prix,2020-09-13,SAI,Carlos Sainz,McLaren,mugello,Autodromo Internazionale del Mugello,9.0,9.0,0.1111111111111111,0.1111111111111111,41.0,8.0,0.0,0.0,9.625,10.8,0.0,10.0,0.0,0.0,106.0,8.176470588235293,0.0,0.0,0.5294117647058824,0.0,30.2,43.1,0.0,39.9,0
2020,10,Russian Grand Prix,2020-09-27,NOR,Lando Norris,McLaren,sochi,Sochi Autodrom,8.0,8.0,0.125,0.125,65.0,9.0,0.0,0.0,6.888888888888889,7.2,0.0,8.0,1.0,0.0,106.0,8.722222222222221,1.0,0.0,0.5882352941176471,0.0,28.8,40.3,0.0,51.4,0
2020,10,Russian Grand Prix,2020-09-27,SAI,Carlos Sainz,McLaren,sochi,Sochi Autodrom,6.0,6.0,0.16666666666666666,0.16666666666666666,41.0,9.0,0.0,1.0,10.555555555555555,11.8,1.0,11.5,2.0,0.0,106.0,9.052631578947368,1.0,0.0,0.5882352941176471,0.0,28.8,40.3,0.0,51.4,0
2020,11,Eifel Grand Prix,2020-10-11,NOR,Lando Norris,McLaren,nurburgring,Nürburgring,8.0,8.0,0.125,0.125,65.0,10.0,0.0,0.0,7.7,8.4,0.0,10.0,0.0,0.0,106.0,9.55,2.0,0.0,0.6470588235294118,1.0,9.5,16.4,1.0,59.4,0
2020,11,Eifel Grand Prix,2020-10-11,SAI,Carlos Sainz,McLaren,nurburgring,Nürburgring,10.0,10.0,0.1,0.1,41.0,10.0,0.0,2.0,11.4,13.0,2.0,10.0,0.0,0.0,106.0,9.857142857142858,2.0,0.0,0.6470588235294118,1.0,9.5,16.4,1.0,59.4,0
2020,12,Portuguese Grand Prix,2020-10-25,NOR,Lando Norris,McLaren,portimao,Autódromo Internacional do Algarve,8.0,8.0,0.125,0.125,65.0,11.0,0.0,0.0,8.454545454545455,9.6,0.0,10.0,0.0,0.0,116.0,9.636363636363637,2.0,0.0,0.7058823529411765,0.0,20.5,25.7,0.0,67.5,0
2020,12,Portuguese Grand Prix,2020-10-25,SAI,Carlos Sainz,McLaren,portimao,Autódromo Internacional do Algarve,7.0,7.0,0.14285714285714285,0.14285714285714285,51.0,11.0,0.0,2.0,10.818181818181818,12.8,2.0,10.0,0.0,0.0,116.0,9.782608695652174,2.0,0.0,0.7058823529411765,0.0,20.5,25.7,0.0,67.5,0
2020,13,Emilia Romagna Grand Prix,2020-11-01,NOR,Lando Norris,McLaren,imola,Autodromo Enzo e Dino Ferrari,9.0,9.0,0.1111111111111111,0.1111111111111111,65.0,12.0,0.0,0.0,8.833333333333334,10.8,0.0,10.0,0.0,0.0,124.0,9.625,2.0,0.0,0.7647058823529411,0.0,18.0,23.3,0.0,71.1,0
2020,13,Emilia Romagna Grand Prix,2020-11-01,SAI,Carlos Sainz,McLaren,imola,Autodromo Enzo e Dino Ferrari,10.0,10.0,0.1,0.1,59.0,12.0,0.0,2.0,10.416666666666666,10.0,2.0,10.0,0.0,0.0,128.0,9.56,2.0,0.0,0.7647058823529411,0.0,18.0,23.3,0.0,71.1,0
2020,14,Turkish Grand Prix,2020-11-15,NOR,Lando Norris,McLaren,istanbul,Istanbul Park,11.0,14.0,0.09090909090909091,0.07142857142857142,69.0,13.0,0.0,0.0,8.76923076923077,11.6,0.0,10.0,0.0,0.0,134.0,9.461538461538462,2.0,0.0,0.8235294117647058,1.0,13.1,15.2,1.0,80.2,0
2020,14,Turkish Grand Prix,2020-11-15,SAI,Carlos Sainz,McLaren,istanbul,Istanbul Park,13.0,15.0,0.07692307692307693,0.06666666666666667,65.0,13.0,0.0,2.0,10.153846153846153,11.0,2.0,10.0,0.0,0.0,139.0,9.407407407407407,2.0,0.0,0.8235294117647058,1.0,13.1,15.2,1.0,80.2,0
2020,15,Bahrain Grand Prix,2020-11-29,NOR,Lando Norris,McLaren,bahrain,Bahrain International Circuit,9.0,9.0,0.1111111111111111,0.1111111111111111,74.0,14.0,0.0,0.0,8.714285714285714,12.0,0.0,6.0,1.0,0.0,149.0,9.25,2.0,0.0,0.8823529411764706,0.0,25.1,27.5,0.0,67.8,0
2020,15,Bahrain Grand Prix,2020-11-29,SAI,Carlos Sainz,McLaren,bahrain,Bahrain International Circuit,15.0,15.0,0.06666666666666667,0.06666666666666667,75.0,14.0,0.0,2.0,9.785714285714286,8.4,1.0,15.0,2.0,1.0,161.0,9.068965517241379,2.0,0.0,0.8823529411764706,0.0,25.1,27.5,0.0,67.8,0
2020,16,Sakhir Grand Prix,2020-12-06,NOR,Lando Norris,McLaren,bahrain,Bahrain International Circuit,15.0,19.0,0.06666666666666667,0.05263157894736842,86.0,15.0,0.0,0.0,8.4,9.8,0.0,5.0,2.0,0.0,171.0,8.933333333333334,2.0,0.0,0.9411764705882353,0.0,20.9,23.5,0.0,58.2,0
2020,16,Sakhir Grand Prix,2020-12-06,SAI,Carlos Sainz,McLaren,bahrain,Bahrain International Circuit,8.0,8.0,0.125,0.125,85.0,15.0,0.0,2.0,9.466666666666667,5.6,0.0,11.666666666666666,3.0,1.0,172.0,8.96774193548387,2.0,0.0,0.9411764705882353,0.0,20.9,23.5,0.0,58.2,0
2020,17,Abu Dhabi Grand Prix,2020-12-13,NOR,Lando Norris,McLaren,yas_marina,Yas Marina Circuit,4.0,4.0,0.25,0.25,87.0,16.0,0.0,0.0,8.5,8.6,0.0,8.0,1.0,0.0,184.0,8.8125,2.0,0.0,1.0,0.0,23.1,28.0,0.0,55.4,0
2020,17,Abu Dhabi Grand Prix,2020-12-13,SAI,Carlos Sainz,McLaren,yas_marina,Yas Marina Circuit,6.0,6.0,0.16666666666666666,0.16666666666666666,97.0,16.0,0.0,2.0,9.125,5.4,0.0,8.0,2.0,0.0,194.0,8.696969696969697,2.0,0.0,1.0,0.0,23.1,28.0,0.0,55.4,0
2021,1,Bahrain Grand Prix,2021-03-28,NOR,Lando Norris,McLaren,bahrain,Bahrain International Circuit,7.0,7.0,0.14285714285714285,0.14285714285714285,0.0,0.0,0.0,0.0,11.375,7.0,0.0,6.666666666666667,3.0,0.0,0.0,11.416666666666666,0.0,0.0,0.045454545454545456,0.0,20.5,27.6,0.0,54.5,0
2021,1,Bahrain Grand Prix,2021-03-28,RIC,Daniel Ricciardo,McLaren,bahrain,Bahrain International Circuit,6.0,6.0,0.16666666666666666,0.16666666666666666,0.0,0.0,0.0,0.0,11.375,6.4,0.0,12.5,4.0,1.0,12.0,4.0,0.0,0.0,0.045454545454545456,0.0,20.5,27.6,0.0,54.5,0
2021,2,Emilia Romagna Grand Prix,2021-04-18,NOR,Lando Norris,McLaren,imola,Autodromo Enzo e Dino Ferrari,7.0,7.0,0.14285714285714285,0.14285714285714285,12.0,1.0,0.0,0.0,4.0,6.2,0.0,8.0,1.0,0.0,18.0,5.5,0.0,0.0,0.09090909090909091,1.0,10.6,16.8,1.0,69.5,0
2021,2,Emilia Romagna Grand Prix,2021-04-18,RIC,Daniel Ricciardo,McLaren,imola,Autodromo Enzo e Dino Ferrari,6.0,6.0,0.16666666666666666,0.16666666666666666,6.0,1.0,0.0,0.0,7.0,7.2,0.0,3.0,1.0,0.0,33.0,4.666666666666667,0.0,0.0,0.09090909090909091,1.0,10.6,16.8,1.0,69.5,0
2021,3,Portuguese Grand Prix,2021-05-02,NOR,Lando Norris,McLaren,portimao,Autódromo Internacional do Algarve,7.0,7.0,0.14285714285714285,0.14285714285714285,27.0,2.0,0.0,0.0,3.5,5.2,0.0,13.0,1.0,0.0,41.0,5.0,0.0,0.0,0.13636363636363635,0.0,19.4,39.0,0.0,39.4,0
2021,3,Portuguese Grand Prix,2021-05-02,RIC,Daniel Ricciardo,McLaren,portimao,Autódromo Internacional do Algarve,16.0,16.0,0.0625,0.0625,14.0,2.0,0.0,0.0,6.5,6.4,0.0,9.0,1.0,0.0,51.0,5.0,0.0,0.0,0.13636363636363635,0.0,19.4,39.0,0.0,39.4,0
2021,4,Spanish Grand Prix,2021-05-09,NOR,Lando Norris,McLaren,catalunya,Circuit de Barcelona-Catalunya,9.0,9.0,0.1111111111111111,0.1111111111111111,37.0,3.0,0.0,0.0,4.0,5.4,0.0,15.0,2.0,1.0,53.0,5.666666666666667,0.0,0.0,0.18181818181818182,0.0,22.2,32.9,0.0,57.6,0
2021,4,Spanish Grand Prix,2021-05-09,RIC,Daniel Ricciardo,McLaren,catalunya,Circuit de Barcelona-Catalunya,7.0,7.0,0.14285714285714285,0.14285714285714285,16.0,3.0,0.0,0.0,7.333333333333333,6.8,0.0,9.333333333333334,3.0,0.0,57.0,6.0,0.0,0.0,0.18181818181818182,0.0,22.2,32.9,0.0,57.6,0
2021,5,Monaco Grand Prix,2021-05-23,NOR,Lando Norris,McLaren,monaco,Circuit de Monaco,5.0,5.0,0.2,0.2,41.0,4.0,0.0,0.0,5.0,5.0,0.0,11.0,1.0,0.0,65.0,6.0,0.0,0.0,0.22727272727272727,0.0,20.8,37.6,0.0,61.4,0
2021,5,Monaco Grand Prix,2021-05-23,RIC,Daniel Ricciardo,McLaren,monaco,Circuit de Monaco,12.0,12.0,0.08333333333333333,0.08333333333333333,24.0,4.0,0.0,0.0,7.0,7.0,0.0,5.0,2.0,0.0,80.0,5.666666666666667,0.0,0.0,0.22727272727272727,0.0,20.8,37.6,0.0,61.4,0
2021,6,Azerbaijan Grand Prix,2021-06-06,NOR,Lando Norris,McLaren,baku,Baku City Circuit,6.0,9.0,0.16666666666666666,0.1111111111111111,56.0,5.0,0.0,0.0,4.6,4.6,0.0,8.0,1.0,0.0,80.0,6.3,0.0,0.0,0.2727272727272727,0.0,24.2,38.3,0.0,55.8,0
2021,6,Azerbaijan Grand Prix,2021-06-06,RIC,Daniel Ricciardo,McLaren,baku,Baku City Circuit,13.0,13.0,0.07692307692307693,0.07692307692307693,24.0,5.0,0.0,0.0,8.0,8.0,0.0,18.5,2.0,2.0,90.0,6.181818181818182,0.0,0.0,0.2727272727272727,0.0,24.2,38.3,0.0,55.8,0
2021,7,French Grand Prix,2021-06-20,NOR,Lando Norris,McLaren,ricard,Circuit Paul Ricard,8.0,8.0,0.125,0.125,66.0,6.0,0.0,0.0,4.666666666666667,4.8,0.0,9.0,1.0,0.0,92.0,6.416666666666667,0.0,0.0,0.3181818181818182,0.0,25.3,35.2,0.0,58.6,0
2021,7,French Grand Prix,2021-06-20,RIC,Daniel Ricciardo,McLaren,ricard,Circuit Paul Ricard,10.0,10.0,0.1,0.1,26.0,6.0,0.0,0.0,8.166666666666666,8.4,0.0,7.5,2.0,0.0,102.0,6.3076923076923075,0.0,0.0,0.3181818181818182,0.0,25.3,35.2,0.0,58.6,0
2021,8,Styrian Grand Prix,2021-06-27,NOR,Lando Norris,McLaren,red_bull_ring,Red Bull Ring,4.0,3.0,0.25,0.3333333333333333,76.0,7.0,0.0,0.0,4.714285714285714,5.2,0.0,4.666666666666667,3.0,0.0,110.0,6.285714285714286,0.0,0.0,0.36363636363636365,0.0,26.7,52.4,0.0,33.2,0
2021,8,Styrian Grand Prix,2021-06-27,RIC,Daniel Ricciardo,McLaren,red_bull_ring,Red Bull Ring,13.0,13.0,0.07692307692307693,0.07692307692307693,34.0,7.0,0.0,0.0,7.857142857142857,8.4,0.0,14.25,4.0,0.0,120.0,6.2,0.0,0.0,0.36363636363636365,0.0,26.7,52.4,0.0,33.2,0
2021,9,Austrian Grand Prix,2021-07-04,NOR,Lando Norris,McLaren,red_bull_ring,Red Bull Ring,2.0,2.0,0.5,0.5,86.0,8.0,0.0,0.0,4.75,5.2,0.0,4.75,4.0,0.0,120.0,6.625,0.0,0.0,0.4090909090909091,1.0,21.0,33.2,1.0,49.7,0
2021,9,Austrian Grand Prix,2021-07-04,RIC,Daniel Ricciardo,McLaren,red_bull_ring,Red Bull Ring,13.0,13.0,0.07692307692307693,0.07692307692307693,34.0,8.0,0.0,0.0,8.5,9.2,0.0,14.0,5.0,0.0,135.0,6.411764705882353,0.0,0.0,0.4090909090909091,1.0,21.0,33.2,1.0,49.7,0
2021,10,British Grand Prix,2021-07-18,NOR,Lando Norris,McLaren,silverstone,Silverstone Circuit,6.0,5.0,0.16666666666666666,0.2,101.0,9.0,0.0,0.0,4.555555555555555,4.2,0.0,8.333333333333334,3.0,0.0,141.0,6.444444444444445,0.0,0.0,0.45454545454545453,0.0,29.4,50.9,0.0,37.2,0
2021,10,British Grand Prix,2021-07-18,RIC,Daniel Ricciardo,McLaren,silverstone,Silverstone Circuit,7.0,6.0,0.14285714285714285,0.16666666666666666,40.0,9.0,0.0,0.0,8.333333333333334,9.4,0.0,7.5,4.0,0.0,153.0,6.315789473684211,0.0,0.0,0.45454545454545453,0.0,29.4,50.9,0.0,37.2,0
2021,11,Hungarian Grand Prix,2021-08-01,NOR,Lando Norris,McLaren,hungaroring,Hungaroring,6.0,6.0,0.16666666666666666,0.16666666666666666,113.0,10.0,0.0,0.0,4.5,4.4,0.0,11.0,2.0,0.0,163.0,6.25,0.0,0.0,0.5,1.0,27.2,37.8,1.0,68.6,0
2021,11,Hungarian Grand Prix,2021-08-01,RIC,Daniel Ricciardo,McLaren,hungaroring,Hungaroring,11.0,11.0,0.09090909090909091,0.09090909090909091,50.0,10.0,0.0,0.0,8.0,8.0,0.0,8.666666666666666,3.0,0.0,163.0,6.666666666666667,1.0,0.0,0.5,1.0,27.2,37.8,1.0,68.6,0
2021,12,Belgian Grand Prix,2021-08-29,NOR,Lando Norris,McLaren,spa,Circuit de Spa-Francorchamps,10.0,15.0,0.1,0.06666666666666667,113.0,11.0,0.0,1.0,5.454545454545454,6.4,1.0,9.0,2.0,1.0,163.0,6.863636363636363,1.0,0.0,0.5454545454545454,1.0,13.0,15.3,1.0,96.4,0
2021,12,Belgian Grand Prix,2021-08-29,RIC,Daniel Ricciardo,McLaren,spa,Circuit de Spa-Francorchamps,4.0,4.0,0.25,0.25,50.0,11.0,0.0,0.0,8.272727272727273,8.4,0.0,11.333333333333334,3.0,1.0,163.0,7.173913043478261,1.0,0.0,0.5454545454545454,1.0,13.0,15.3,1.0,96.4,0
2021,13,Dutch Grand Prix,2021-09-05,NOR,Lando Norris,McLaren,zandvoort,Circuit Park Zandvoort,13.0,13.0,0.07692307692307693,0.07692307692307693,113.0,12.0,0.0,1.0,6.166666666666667,8.2,1.0,10.0,0.0,0.0,169.0,7.041666666666667,1.0,0.0,0.5909090909090909,0.0,21.5,36.1,0.0,54.1,0
2021,13,Dutch Grand Prix,2021-09-05,RIC,Daniel Ricciardo,McLaren,zandvoort,Circuit Park Zandvoort,10.0,10.0,0.1,0.1,56.0,12.0,0.0,0.0,7.916666666666667,8.0,0.0,10.0,0.0,0.0,170.0,7.16,1.0,0.0,0.5909090909090909,0.0,21.5,36.1,0.0,54.1,0
2021,14,Italian Grand Prix,2021-09-12,NOR,Lando Norris,McLaren,monza,Autodromo Nazionale di Monza,4.0,3.0,0.25,0.3333333333333333,114.0,13.0,0.0,1.0,6.461538461538462,9.2,1.0,7.0,2.0,0.0,170.0,7.3076923076923075,1.0,0.0,0.6363636363636364,0.0,28.9,43.5,0.0,33.3,0
2021,14,Italian Grand Prix,2021-09-12,RIC,Daniel Ricciardo,McLaren,monza,Autodromo Nazionale di Monza,5.0,2.0,0.2,0.5,56.0,13.0,0.0,0.0,8.153846153846153,7.6,0.0,9.0,3.0,1.0,188.0,7.111111111111111,1.0,0.0,0.6363636363636364,0.0,28.9,43.5,0.0,33.3,1
2021,15,Russian Grand Prix,2021-09-26,NOR,Lando Norris,McLaren,sochi,Sochi Autodrom,1.0,1.0,1.0,1.0,132.0,14.0,0.0,1.0,6.142857142857143,9.0,1.0,11.5,2.0,0.0,214.0,6.892857142857143,1.0,0.0,0.6818181818181818,1.0,19.1,21.8,1.0,61.9,0
2021,15,Russian Grand Prix,2021-09-26,RIC,Daniel Ricciardo,McLaren,sochi,Sochi Autodrom,5.0,5.0,0.2,0.2,82.0,14.0,1.0,0.0,7.642857142857143,6.4,0.0,10.0,3.0,1.0,221.0,6.896551724137931,1.0,0.0,0.6818181818181818,1.0,19.1,21.8,1.0,61.9,0
2021,16,Turkish Grand Prix,2021-10-10,NOR,Lando Norris,McLaren,istanbul,Istanbul Park,8.0,7.0,0.125,0.14285714285714285,139.0,15.0,0.0,1.0,6.2,9.6,1.0,8.0,1.0,0.0,233.0,6.8,1.0,0.0,0.7272727272727273,0.0,15.8,18.2,0.0,93.5,0
2021,16,Turkish Grand Prix,2021-10-10,RIC,Daniel Ricciardo,McLaren,istanbul,Istanbul Park,16.0,20.0,0.0625,0.05,94.0,15.0,1.0,0.0,7.4,6.2,0.0,10.0,1.0,0.0,239.0,6.806451612903226,1.0,0.0,0.7272727272727273,0.0,15.8,18.2,0.0,93.5,0
2021,17,United States Grand Prix,2021-10-24,NOR,Lando Norris,McLaren,americas,Circuit of the Americas,8.0,7.0,0.125,0.14285714285714285,145.0,16.0,0.0,1.0,6.25,8.0,0.0,7.0,1.0,0.0,239.0,7.0,1.0,0.0,0.7727272727272727,0.0,28.1,37.5,0.0,61.2,0
2021,17,United States Grand Prix,2021-10-24,RIC,Daniel Ricciardo,McLaren,americas,Circuit of the Americas,7.0,6.0,0.14285714285714285,0.16666666666666666,94.0,16.0,1.0,0.0,7.75,6.6,0.0,11.0,2.0,0.0,243.0,7.03030303030303,1.0,0.0,0.7727272727272727,0.0,28.1,37.5,0.0,61.2,0
2021,18,Mexico City Grand Prix,2021-11-07,NOR,Lando Norris,McLaren,rodriguez,Autódromo Hermanos Rodríguez,10.0,18.0,0.1,0.05555555555555555,149.0,17.0,0.0,1.0,6.352941176470588,6.8,0.0,20.0,1.0,0.0,253.0,6.970588235294118,1.0,0.0,0.8181818181818182,0.0,21.2,47.6,0.0,31.2,0
2021,18,Mexico City Grand Prix,2021-11-07,RIC,Daniel Ricciardo,McLaren,rodriguez,Autódromo Hermanos Rodríguez,7.0,7.0,0.14285714285714285,0.14285714285714285,104.0,17.0,1.0,0.0,7.588235294117647,6.8,0.0,12.5,2.0,1.0,254.0,7.057142857142857,1.0,0.0,0.8181818181818182,0.0,21.2,47.6,0.0,31.2,0
2021,19,São Paulo Grand Prix,2021-11-14,NOR,Lando Norris,McLaren,interlagos,Autódromo José Carlos Pace,8.0,5.0,0.125,0.2,150.0,18.0,0.0,1.0,6.555555555555555,6.8,0.0,8.0,1.0,0.0,254.0,7.194444444444445,1.0,0.0,0.8636363636363636,0.0,23.1,51.6,0.0,60.1,0
2021,19,São Paulo Grand Prix,2021-11-14,RIC,Daniel Ricciardo,McLaren,interlagos,Autódromo José Carlos Pace,9.0,11.0,0.1111111111111111,0.09090909090909091,104.0,18.0,1.0,0.0,7.833333333333333,7.0,0.0,5.0,2.0,0.0,255.0,7.27027027027027,1.0,0.0,0.8636363636363636,0.0,23.1,51.6,0.0,60.1,0
2021,20,Qatar Grand Prix,2021-11-21,NOR,Lando Norris,McLaren,losail,Losail International Circuit,6.0,4.0,0.16666666666666666,0.25,151.0,19.0,0.0,1.0,6.7368421052631575,8.4,0.0,10.0,0.0,0.0,255.0,7.578947368421052,1.0,0.0,0.9090909090909091,1.0,26.4,30.6,1.0,75.5,0
2021,20,Qatar Grand Prix,2021-11-21,RIC,Daniel Ricciardo,McLaren,losail,Losail International Circuit,14.0,14.0,0.07142857142857142,0.07142857142857142,104.0,19.0,1.0,0.0,8.421052631578947,10.6,0.0,10.0,0.0,0.0,257.0,7.615384615384615,1.0,0.0,0.9090909090909091,1.0,26.4,30.6,1.0,75.5,0
2021,21,Saudi Arabian Grand Prix,2021-12-05,NOR,Lando Norris,McLaren,jeddah,Jeddah Corniche Circuit,7.0,7.0,0.14285714285714285,0.14285714285714285,153.0,20.0,0.0,1.0,6.85,8.8,0.0,10.0,0.0,0.0,257.0,7.725,1.0,0.0,0.9545454545454546,0.0,28.8,31.7,0.0,76.2,0
2021,21,Saudi Arabian Grand Prix,2021-12-05,RIC,Daniel Ricciardo,McLaren,jeddah,Jeddah Corniche Circuit,11.0,11.0,0.09090909090909091,0.09090909090909091,104.0,20.0,1.0,0.0,8.6,12.2,0.0,10.0,0.0,0.0,258.0,7.780487804878049,1.0,0.0,0.9545454545454546,0.0,28.8,31.7,0.0,76.2,0
2021,22,Abu Dhabi Grand Prix,2021-12-12,NOR,Lando Norris,McLaren,yas_marina,Yas Marina Circuit,3.0,3.0,0.3333333333333333,0.3333333333333333,154.0,21.0,0.0,1.0,7.0,9.4,0.0,6.5,2.0,0.0,268.0,7.714285714285714,1.0,0.0,1.0,0.0,24.5,28.5,0.0,59.1,0
2021,22,Abu Dhabi Grand Prix,2021-12-12,RIC,Daniel Ricciardo,McLaren,yas_marina,Yas Marina Circuit,10.0,10.0,0.1,0.1,114.0,21.0,1.0,0.0,8.428571428571429,10.6,0.0,7.333333333333333,3.0,0.0,274.0,7.6976744186046515,1.0,0.0,1.0,0.0,24.5,28.5,0.0,59.1,0
2022,1,Bahrain Grand Prix,2022-03-20,NOR,Lando Norris,McLaren,bahrain,Bahrain International Circuit,13.0,13.0,0.07692307692307693,0.07692307692307693,0.0,0.0,0.0,0.0,11.375,9.2,0.0,6.0,4.0,0.0,0.0,11.416666666666666,0.0,1.0,0.045454545454545456,0.0,23.6,28.6,0.0,29.5,0
2022,1,Bahrain Grand Prix,2022-03-20,RIC,Daniel Ricciardo,McLaren,bahrain,Bahrain International Circuit,18.0,18.0,0.05555555555555555,0.05555555555555555,0.0,0.0,0.0,0.0,11.375,12.0,0.0,11.4,5.0,1.0,0.0,15.0,0.0,1.0,0.045454545454545456,0.0,23.6,28.6,0.0,29.5,0
2022,2,Saudi Arabian Grand Prix,2022-03-27,NOR,Lando Norris,McLaren,jeddah,Jeddah Corniche Circuit,11.0,11.0,0.09090909090909091,0.09090909090909091,0.0,1.0,0.0,0.0,15.0,10.2,0.0,10.0,1.0,0.0,0.0,14.5,0.0,1.0,0.09090909090909091,0.0,25.4,28.4,0.0,59.7,0
2022,2,Saudi Arabian Grand Prix,2022-03-27,RIC,Daniel Ricciardo,McLaren,jeddah,Jeddah Corniche Circuit,12.0,14.0,0.08333333333333333,0.07142857142857142,0.0,1.0,0.0,0.0,14.0,12.4,0.0,5.0,1.0,0.0,6.0,12.0,0.0,1.0,0.09090909090909091,0.0,25.4,28.4,0.0,59.7,0
2022,3,Australian Grand Prix,2022-04-10,NOR,Lando Norris,McLaren,albert_park,Albert Park Grand Prix Circuit,4.0,4.0,0.25,0.25,6.0,2.0,0.0,0.0,11.0,9.6,0.0,12.0,1.0,0.0,6.0,13.25,1.0,1.0,0.13636363636363635,0.0,26.7,37.4,0.0,43.7,0
2022,3,Australian Grand Prix,2022-04-10,RIC,Daniel Ricciardo,McLaren,albert_park,Albert Park Grand Prix Circuit,7.0,7.0,0.14285714285714285,0.14285714285714285,0.0,2.0,0.0,1.0,15.5,12.0,1.0,11.5,2.0,0.0,16.0,11.6,1.0,1.0,0.13636363636363635,0.0,26.7,37.4,0.0,43.7,0
2022,4,Emilia Romagna Grand Prix,2022-04-24,NOR,Lando Norris,McLaren,imola,Autodromo Enzo e Dino Ferrari,3.0,5.0,0.3333333333333333,0.2,16.0,3.0,0.0,0.0,9.0,8.8,0.0,5.5,2.0,0.0,24.0,10.666666666666666,1.0,1.0,0.18181818181818182,0.0,12.9,17.4,0.0,83.2,0
2022,4,Emilia Romagna Grand Prix,2022-04-24,RIC,Daniel Ricciardo,McLaren,imola,Autodromo Enzo e Dino Ferrari,6.0,6.0,0.16666666666666666,0.16666666666666666,8.0,3.0,0.0,1.0,12.333333333333334,10.8,1.0,4.5,2.0,0.0,39.0,9.571428571428571,1.0,1.0,0.18181818181818182,0.0,12.9,17.4,0.0,83.2,0
2022,5,Miami Grand Prix,2022-05-08,NOR,Lando Norris,McLaren,miami,Miami International Autodrome,8.0,8.0,0.125,0.125,31.0,4.0,0.0,0.0,7.5,7.4,0.0,10.0,0.0,0.0,39.0,10.625,1.0,1.0,0.22727272727272727,1.0,30.6,42.8,1.0,58.9,0
2022,5,Miami Grand Prix,2022-05-08,RIC,Daniel Ricciardo,McLaren,miami,Miami International Autodrome,14.0,14.0,0.07142857142857142,0.07142857142857142,8.0,4.0,0.0,1.0,13.75,13.4,1.0,10.0,0.0,0.0,39.0,11.555555555555555,2.0,1.0,0.22727272727272727,1.0,30.6,42.8,1.0,58.9,0
2022,6,Spanish Grand Prix,2022-05-22,NOR,Lando Norris,McLaren,catalunya,Circuit de Barcelona-Catalunya,11.0,11.0,0.09090909090909091,0.09090909090909091,31.0,5.0,0.0,1.0,9.8,9.8,1.0,12.666666666666666,3.0,1.0,39.0,11.7,2.0,1.0,0.2727272727272727,0.0,36.6,49.0,0.0,7.1,0
2022,6,Spanish Grand Prix,2022-05-22,RIC,Daniel Ricciardo,McLaren,catalunya,Circuit de Barcelona-Catalunya,9.0,9.0,0.1111111111111111,0.1111111111111111,8.0,5.0,0.0,1.0,13.6,13.6,1.0,8.5,4.0,0.0,43.0,11.363636363636363,2.0,1.0,0.2727272727272727,0.0,36.6,49.0,0.0,7.1,0
2022,7,Monaco Grand Prix,2022-05-29,NOR,Lando Norris,McLaren,monaco,Circuit de Monaco,5.0,5.0,0.2,0.2,35.0,6.0,0.0,1.0,9.5,8.4,1.0,7.0,2.0,0.0,43.0,11.416666666666666,2.0,1.0,0.3181818181818182,1.0,22.3,31.0,1.0,75.7,0
2022,7,Monaco Grand Prix,2022-05-29,RIC,Daniel Ricciardo,McLaren,monaco,Circuit de Monaco,14.0,14.0,0.07142857142857142,0.07142857142857142,8.0,6.0,0.0,1.0,13.333333333333334,13.2,1.0,7.333333333333333,3.0,0.0,52.0,11.0,2.0,1.0,0.3181818181818182,1.0,22.3,31.0,1.0,75.7,0
2022,8,Azerbaijan Grand Prix,2022-06-12,NOR,Lando Norris,McLaren,baku,Baku City Circuit,11.0,11.0,0.09090909090909091,0.09090909090909091,44.0,7.0,0.0,1.0,9.0,8.2,1.0,6.5,2.0,0.0,52.0,11.142857142857142,2.0,1.0,0.36363636363636365,0.0,25.4,47.1,0.0,59.5,0
2022,8,Azerbaijan Grand Prix,2022-06-12,RIC,Daniel Ricciardo,McLaren,baku,Baku City Circuit,12.0,12.0,0.08333333333333333,0.08333333333333333,8.0,7.0,0.0,1.0,13.285714285714286,12.4,0.0,15.333333333333334,3.0,2.0,54.0,11.0,2.0,1.0,0.36363636363636365,0.0,25.4,47.1,0.0,59.5,0
2022,9,Canadian Grand Prix,2022-06-19,NOR,Lando Norris,McLaren,villeneuve,Circuit Gilles Villeneuve,14.0,14.0,0.07142857142857142,0.07142857142857142,46.0,8.0,0.0,1.0,9.0,9.0,1.0,20.0,1.0,0.0,58.0,10.8125,2.0,1.0,0.4090909090909091,0.0,20.8,41.3,0.0,28.9,0
2022,9,Canadian Grand Prix,2022-06-19,RIC,Daniel Ricciardo,McLaren,villeneuve,Circuit Gilles Villeneuve,9.0,9.0,0.1111111111111111,0.1111111111111111,12.0,8.0,0.0,1.0,12.625,12.8,0.0,5.0,2.0,0.0,58.0,11.058823529411764,2.0,1.0,0.4090909090909091,0.0,20.8,41.3,0.0,28.9,0
2022,10,British Grand Prix,2022-07-03,NOR,Lando Norris,McLaren,silverstone,Silverstone Circuit,6.0,6.0,0.16666666666666666,0.16666666666666666,46.0,9.0,0.0,1.0,9.666666666666666,11.4,1.0,7.25,4.0,0.0,58.0,11.055555555555555,2.0,1.0,0.45454545454545453,1.0,18.3,30.0,1.0,59.7,0
2022,10,British Grand Prix,2022-07-03,RIC,Daniel Ricciardo,McLaren,silverstone,Silverstone Circuit,14.0,14.0,0.07142857142857142,0.07142857142857142,12.0,9.0,0.0,1.0,12.444444444444445,11.4,0.0,7.0,5.0,0.0,66.0,10.789473684210526,2.0,1.0,0.45454545454545453,1.0,18.3,30.0,1.0,59.7,0
2022,11,Austrian Grand Prix,2022-07-10,NOR,Lando Norris,McLaren,red_bull_ring,Red Bull Ring,15.0,10.0,0.06666666666666667,0.1,54.0,10.0,0.0,1.0,9.3,8.8,0.0,4.4,5.0,0.0,66.0,10.9,2.0,1.0,0.5,0.0,20.3,30.7,0.0,35.1,0
2022,11,Austrian Grand Prix,2022-07-10,RIC,Daniel Ricciardo,McLaren,red_bull_ring,Red Bull Ring,16.0,11.0,0.0625,0.09090909090909091,12.0,10.0,0.0,1.0,12.5,11.4,0.0,12.833333333333334,6.0,0.0,72.0,10.714285714285714,2.0,1.0,0.5,0.0,20.3,30.7,0.0,35.1,0
2022,12,French Grand Prix,2022-07-24,NOR,Lando Norris,McLaren,ricard,Circuit Paul Ricard,5.0,5.0,0.2,0.2,60.0,11.0,0.0,1.0,9.090909090909092,8.6,0.0,7.0,2.0,0.0,74.0,10.636363636363637,2.0,1.0,0.5454545454545454,0.0,30.2,54.5,0.0,47.7,0
2022,12,French Grand Prix,2022-07-24,RIC,Daniel Ricciardo,McLaren,ricard,Circuit Paul Ricard,11.0,9.0,0.09090909090909091,0.1111111111111111,14.0,11.0,0.0,1.0,12.181818181818182,10.8,0.0,7.0,3.0,0.0,80.0,10.478260869565217,2.0,1.0,0.5454545454545454,0.0,30.2,54.5,0.0,47.7,0
2022,13,Hungarian Grand Prix,2022-07-31,NOR,Lando Norris,McLaren,hungaroring,Hungaroring,4.0,4.0,0.25,0.25,66.0,12.0,0.0,1.0,8.916666666666666,8.8,0.0,12.333333333333334,3.0,1.0,82.0,10.416666666666666,2.0,1.0,0.5909090909090909,1.0,18.6,26.7,1.0,69.3,0
2022,13,Hungarian Grand Prix,2022-07-31,RIC,Daniel Ricciardo,McLaren,hungaroring,Hungaroring,9.0,9.0,0.1111111111111111,0.1111111111111111,16.0,12.0,0.0,1.0,11.916666666666666,10.0,0.0,9.25,4.0,0.0,88.0,10.28,2.0,1.0,0.5909090909090909,1.0,18.6,26.7,1.0,69.3,0
2022,14,Belgian Grand Prix,2022-08-28,NOR,Lando Norris,McLaren,spa,Circuit de Spa-Francorchamps,10.0,17.0,0.1,0.058823529411764705,72.0,13.0,0.0,1.0,8.76923076923077,8.4,0.0,10.666666666666666,3.0,1.0,88.0,10.461538461538462,2.0,1.0,0.6363636363636364,0.0,21.8,36.1,0.0,40.5,0
2022,14,Belgian Grand Prix,2022-08-28,RIC,Daniel Ricciardo,McLaren,spa,Circuit de Spa-Francorchamps,11.0,7.0,0.09090909090909091,0.14285714285714285,16.0,13.0,0.0,1.0,12.153846153846153,11.4,0.0,9.5,4.0,1.0,88.0,10.518518518518519,2.0,1.0,0.6363636363636364,0.0,21.8,36.1,0.0,40.5,0
2022,15,Dutch Grand Prix,2022-09-04,NOR,Lando Norris,McLaren,zandvoort,Circuit Park Zandvoort,7.0,7.0,0.14285714285714285,0.14285714285714285,72.0,14.0,0.0,1.0,9.0,7.8,0.0,10.0,1.0,0.0,88.0,10.678571428571429,2.0,1.0,0.6818181818181818,0.0,22.7,33.4,0.0,75.4,0
2022,15,Dutch Grand Prix,2022-09-04,RIC,Daniel Ricciardo,McLaren,zandvoort,Circuit Park Zandvoort,17.0,17.0,0.058823529411764705,0.058823529411764705,16.0,14.0,0.0,1.0,12.357142857142858,12.2,0.0,11.0,1.0,0.0,94.0,10.551724137931034,2.0,1.0,0.6818181818181818,0.0,22.7,33.4,0.0,75.4,0
2022,16,Italian Grand Prix,2022-09-11,NOR,Lando Norris,McLaren,monza,Autodromo Nazionale di Monza,7.0,3.0,0.14285714285714285,0.3333333333333333,78.0,15.0,0.0,1.0,8.866666666666667,8.0,0.0,5.333333333333333,3.0,0.0,94.0,10.766666666666667,2.0,1.0,0.7272727272727273,0.0,27.7,43.1,0.0,33.1,0
2022,16,Italian Grand Prix,2022-09-11,RIC,Daniel Ricciardo,McLaren,monza,Autodromo Nazionale di Monza,8.0,4.0,0.125,0.25,16.0,15.0,0.0,1.0,12.666666666666666,13.0,0.0,7.0,4.0,1.0,100.0,10.64516129032258,2.0,1.0,0.7272727272727273,0.0,27.7,43.1,0.0,33.1,0
2022,17,Singapore Grand Prix,2022-10-02,NOR,Lando Norris,McLaren,marina_bay,Marina Bay Street Circuit,6.0,6.0,0.16666666666666666,0.16666666666666666,84.0,16.0,0.0,1.0,8.75,8.0,0.0,7.0,1.0,0.0,100.0,10.84375,2.0,1.0,0.7727272727272727,1.0,26.2,29.0,1.0,87.4,0
2022,17,Singapore Grand Prix,2022-10-02,RIC,Daniel Ricciardo,McLaren,marina_bay,Marina Bay Street Circuit,17.0,16.0,0.058823529411764705,0.0625,16.0,16.0,0.0,1.0,12.9375,14.6,0.0,10.0,2.0,0.0,112.0,10.636363636363637,2.0,1.0,0.7727272727272727,1.0,26.2,29.0,1.0,87.4,0
2022,18,Japanese Grand Prix,2022-10-09,NOR,Lando Norris,McLaren,suzuka,Suzuka Circuit,10.0,10.0,0.1,0.1,96.0,17.0,0.0,1.0,8.470588235294118,7.4,0.0,11.0,1.0,0.0,122.0,10.470588235294118,2.0,1.0,0.8181818181818182,1.0,16.7,19.9,1.0,86.2,0
2022,18,Japanese Grand Prix,2022-10-09,RIC,Daniel Ricciardo,McLaren,suzuka,Suzuka Circuit,11.0,11.0,0.09090909090909091,0.09090909090909091,26.0,17.0,0.0,1.0,12.470588235294118,13.8,0.0,11.5,2.0,0.0,123.0,10.457142857142857,2.0,1.0,0.8181818181818182,1.0,16.7,19.9,1.0,86.2,0
2022,19,United States Grand Prix,2022-10-23,NOR,Lando Norris,McLaren,americas,Circuit of the Americas,8.0,6.0,0.125,0.16666666666666666,97.0,18.0,0.0,1.0,8.555555555555555,8.0,0.0,7.5,2.0,0.0,123.0,10.472222222222221,2.0,1.0,0.8636363636363636,0.0,29.3,35.5,0.0,49.6,0
2022,19,United States Grand Prix,2022-10-23,RIC,Daniel Ricciardo,McLaren,americas,Circuit of the Americas,17.0,15.0,0.058823529411764705,0.06666666666666667,26.0,18.0,0.0,1.0,12.38888888888889,13.0,0.0,9.0,3.0,0.0,131.0,10.35135135135135,2.0,1.0,0.8636363636363636,0.0,29.3,35.5,0.0,49.6,0
2022,20,Mexico City Grand Prix,2022-10-30,NOR,Lando Norris,McLaren,rodriguez,Autódromo Hermanos Rodríguez,8.0,8.0,0.125,0.125,105.0,19.0,0.0,1.0,8.421052631578947,6.8,0.0,15.0,2.0,0.0,131.0,10.5,2.0,1.0,0.9090909090909091,0.0,24.3,41.7,0.0,34.4,0
2022,20,Mexico City Grand Prix,2022-10-30,RIC,Daniel Ricciardo,McLaren,rodriguez,Autódromo Hermanos Rodríguez,11.0,11.0,0.09090909090909091,0.09090909090909091,26.0,19.0,0.0,1.0,12.578947368421053,13.2,0.0,12.333333333333334,3.0,1.0,133.0,10.461538461538462,2.0,1.0,0.9090909090909091,0.0,24.3,41.7,0.0,34.4,0
2022,21,São Paulo Grand Prix,2022-11-13,NOR,Lando Norris,McLaren,interlagos,Autódromo José Carlos Pace,4.0,6.0,0.25,0.16666666666666666,107.0,20.0,0.0,1.0,8.45,7.2,0.0,9.0,2.0,0.0,139.0,10.375,2.0,1.0,0.9545454545454546,0.0,23.0,46.0,0.0,76.1,0
2022,21,São Paulo Grand Prix,2022-11-13,RIC,Daniel Ricciardo,McLaren,interlagos,Autódromo José Carlos Pace,14.0,11.0,0.07142857142857142,0.09090909090909091,32.0,20.0,0.0,1.0,12.3,11.2,0.0,9.666666666666666,3.0,0.0,139.0,10.560975609756097,3.0,1.0,0.9545454545454546,0.0,23.0,46.0,0.0,76.1,0
2022,22,Abu Dhabi Grand Prix,2022-11-20,NOR,Lando Norris,McLaren,yas_marina,Yas Marina Circuit,7.0,7.0,0.14285714285714285,0.14285714285714285,107.0,21.0,0.0,2.0,8.904761904761905,9.4,1.0,6.666666666666667,3.0,0.0,139.0,10.785714285714286,4.0,1.0,1.0,0.0,28.6,34.3,0.0,61.7,0
2022,22,Abu Dhabi Grand Prix,2022-11-20,RIC,Daniel Ricciardo,McLaren,yas_marina,Yas Marina Circuit,10.0,13.0,0.1,0.07692307692307693,32.0,21.0,0.0,2.0,12.666666666666666,11.8,1.0,8.5,4.0,0.0,148.0,10.674418604651162,4.0,1.0,1.0,0.0,28.6,34.3,0.0,61.7,0
2023,1,Bahrain Grand Prix,2023-03-05,NOR,Lando Norris,McLaren,bahrain,Bahrain International Circuit,11.0,11.0,0.09090909090909091,0.09090909090909091,0.0,0.0,0.0,0.0,11.375,9.8,1.0,7.8,5.0,0.0,0.0,11.416666666666666,0.0,1.0,0.045454545454545456,0.0,27.4,31.0,0.0,21.5,0
2023,1,Bahrain Grand Prix,2023-03-05,PIA,Oscar Piastri,McLaren,bahrain,Bahrain International Circuit,18.0,18.0,0.05555555555555555,0.05555555555555555,0.0,0.0,0.0,0.0,11.375,11.0,0.0,10.0,0.0,0.0,0.0,17.0,0.0,1.0,0.045454545454545456,0.0,27.4,31.0,0.0,21.5,0
2023,2,Saudi Arabian Grand Prix,2023-03-19,NOR,Lando Norris,McLaren,jeddah,Jeddah Corniche Circuit,19.0,19.0,0.05263157894736842,0.05263157894736842,0.0,1.0,0.0,0.0,17.0,11.2,1.0,8.5,2.0,0.0,0.0,18.5,1.0,1.0,0.09090909090909091,0.0,26.1,31.8,0.0,57.8,0
2023,2,Saudi Arabian Grand Prix,2023-03-19,PIA,Oscar Piastri,McLaren,jeddah,Jeddah Corniche Circuit,9.0,8.0,0.1111111111111111,0.125,0.0,1.0,0.0,1.0,20.0,20.0,1.0,10.0,0.0,0.0,0.0,18.0,1.0,1.0,0.09090909090909091,0.0,26.1,31.8,0.0,57.8,0
2023,3,Australian Grand Prix,2023-04-02,NOR,Lando Norris,McLaren,albert_park,Albert Park Grand Prix Circuit,13.0,13.0,0.07692307692307693,0.07692307692307693,0.0,2.0,0.0,0.0,17.0,13.4,1.0,8.5,2.0,0.0,0.0,17.25,1.0,1.0,0.13636363636363635,0.0,17.4,30.1,0.0,54.2,0
2023,3,Australian Grand Prix,2023-04-02,PIA,Oscar Piastri,McLaren,albert_park,Albert Park Grand Prix Circuit,16.0,16.0,0.0625,0.0625,0.0,2.0,0.0,1.0,17.5,17.5,1.0,10.0,0.0,0.0,8.0,15.0,1.0,1.0,0.13636363636363635,0.0,17.4,30.1,0.0,54.2,0
2023,4,Azerbaijan Grand Prix,2023-04-30,NOR,Lando Norris,McLaren,baku,Baku City Circuit,7.0,7.0,0.14285714285714285,0.14285714285714285,8.0,3.0,0.0,0.0,13.333333333333334,12.8,1.0,7.333333333333333,3.0,0.0,12.0,13.833333333333334,1.0,1.0,0.18181818181818182,0.0,24.9,41.2,0.0,49.2,0
2023,4,Azerbaijan Grand Prix,2023-04-30,PIA,Oscar Piastri,McLaren,baku,Baku City Circuit,10.0,10.0,0.1,0.1,4.0,3.0,0.0,1.0,14.333333333333334,14.333333333333334,1.0,10.0,0.0,0.0,14.0,13.142857142857142,1.0,1.0,0.18181818181818182,0.0,24.9,41.2,0.0,49.2,0
2023,5,Miami Grand Prix,2023-05-07,NOR,Lando Norris,McLaren,miami,Miami International Autodrome,16.0,16.0,0.0625,0.0625,10.0,4.0,0.0,0.0,12.25,11.0,0.0,19.0,1.0,1.0,14.0,12.875,1.0,1.0,0.22727272727272727,0.0,27.1,36.7,0.0,59.4,0
2023,5,Miami Grand Prix,2023-05-07,PIA,Oscar Piastri,McLaren,miami,Miami International Autodrome,19.0,19.0,0.05263157894736842,0.05263157894736842,4.0,4.0,0.0,1.0,13.5,13.5,1.0,10.0,0.0,0.0,14.0,13.333333333333334,1.0,1.0,0.22727272727272727,0.0,27.1,36.7,0.0,59.4,0
2023,6,Monaco Grand Prix,2023-05-28,NOR,Lando Norris,McLaren,monaco,Circuit de Monaco,10.0,10.0,0.1,0.1,10.0,5.0,0.0,0.0,13.2,13.2,0.0,6.666666666666667,3.0,0.0,14.0,13.9,1.0,1.0,0.2727272727272727,1.0,25.1,39.3,1.0,45.9,0
2023,6,Monaco Grand Prix,2023-05-28,PIA,Oscar Piastri,McLaren,monaco,Circuit de Monaco,11.0,11.0,0.09090909090909091,0.09090909090909091,4.0,5.0,0.0,1.0,14.6,14.6,1.0,10.0,0.0,0.0,16.0,13.454545454545455,1.0,1.0,0.2727272727272727,1.0,25.1,39.3,1.0,45.9,0
2023,7,Spanish Grand Prix,2023-06-04,NOR,Lando Norris,McLaren,catalunya,Circuit de Barcelona-Catalunya,3.0,3.0,0.3333333333333333,0.3333333333333333,12.0,6.0,0.0,0.0,12.5,11.6,0.0,11.5,4.0,1.0,17.0,13.166666666666666,1.0,1.0,0.3181818181818182,0.0,22.7,33.8,0.0,63.1,0
2023,7,Spanish Grand Prix,2023-06-04,PIA,Oscar Piastri,McLaren,catalunya,Circuit de Barcelona-Catalunya,10.0,9.0,0.1,0.1111111111111111,5.0,6.0,0.0,1.0,13.833333333333334,12.6,0.0,10.0,0.0,0.0,17.0,13.461538461538462,1.0,1.0,0.3181818181818182,0.0,22.7,33.8,0.0,63.1,0
2023,8,Canadian Grand Prix,2023-06-18,NOR,Lando Norris,McLaren,villeneuve,Circuit Gilles Villeneuve,7.0,7.0,0.14285714285714285,0.14285714285714285,12.0,7.0,0.0,0.0,13.142857142857142,11.6,0.0,17.5,2.0,0.0,17.0,13.428571428571429,1.0,1.0,0.36363636363636365,0.0,18.5,30.6,0.0,63.9,0
2023,8,Canadian Grand Prix,2023-06-18,PIA,Oscar Piastri,McLaren,villeneuve,Circuit Gilles Villeneuve,9.0,8.0,0.1111111111111111,0.125,5.0,7.0,0.0,1.0,13.714285714285714,12.2,0.0,10.0,0.0,0.0,17.0,13.4,1.0,1.0,0.36363636363636365,0.0,18.5,30.6,0.0,63.9,0
2023,9,Austrian Grand Prix,2023-07-02,NOR,Lando Norris,McLaren,red_bull_ring,Red Bull Ring,4.0,4.0,0.25,0.25,12.0,8.0,0.0,0.0,13.125,13.0,0.0,4.833333333333333,6.0,0.0,17.0,13.25,1.0,1.0,0.4090909090909091,1.0,22.4,32.1,1.0,52.0,0
2023,9,Austrian Grand Prix,2023-07-02,PIA,Oscar Piastri,McLaren,red_bull_ring,Red Bull Ring,13.0,13.0,0.07692307692307693,0.07692307692307693,5.0,8.0,0.0,1.0,13.375,12.8,0.0,10.0,0.0,0.0,29.0,12.705882352941176,1.0,1.0,0.4090909090909091,1.0,22.4,32.1,1.0,52.0,0
2023,10,British Grand Prix,2023-07-09,NOR,Lando Norris,McLaren,silverstone,Silverstone Circuit,2.0,2.0,0.5,0.5,24.0,9.0,0.0,0.0,12.11111111111111,12.0,0.0,7.0,5.0,0.0,29.0,12.88888888888889,1.0,1.0,0.45454545454545453,0.0,21.5,30.9,0.0,56.2,0
2023,10,British Grand Prix,2023-07-09,PIA,Oscar Piastri,McLaren,silverstone,Silverstone Circuit,3.0,3.0,0.3333333333333333,0.3333333333333333,5.0,9.0,0.0,1.0,13.666666666666666,13.8,0.0,10.0,0.0,0.0,47.0,12.31578947368421,1.0,1.0,0.45454545454545453,0.0,21.5,30.9,0.0,56.2,0
2023,11,Hungarian Grand Prix,2023-07-23,NOR,Lando Norris,McLaren,hungaroring,Hungaroring,3.0,3.0,0.3333333333333333,0.3333333333333333,42.0,10.0,0.0,0.0,11.1,9.0,0.0,11.0,4.0,1.0,59.0,11.9,1.0,1.0,0.5,0.0,28.8,48.6,0.0,32.8,0
2023,11,Hungarian Grand Prix,2023-07-23,PIA,Oscar Piastri,McLaren,hungaroring,Hungaroring,4.0,4.0,0.25,0.25,17.0,10.0,0.0,1.0,12.7,10.8,0.0,10.0,0.0,0.0,77.0,11.428571428571429,1.0,1.0,0.5,0.0,28.8,48.6,0.0,32.8,0
2023,12,Belgian Grand Prix,2023-07-30,NOR,Lando Norris,McLaren,spa,Circuit de Spa-Francorchamps,7.0,7.0,0.14285714285714285,0.14285714285714285,60.0,11.0,0.0,0.0,10.272727272727273,7.6,0.0,11.0,4.0,1.0,87.0,11.136363636363637,1.0,1.0,0.5454545454545454,1.0,17.9,28.2,1.0,61.9,0
2023,12,Belgian Grand Prix,2023-07-30,PIA,Oscar Piastri,McLaren,spa,Circuit de Spa-Francorchamps,6.0,5.0,0.16666666666666666,0.2,27.0,11.0,0.0,1.0,12.0,9.8,0.0,10.0,0.0,0.0,93.0,10.956521739130435,1.0,1.0,0.5454545454545454,1.0,17.9,28.2,1.0,61.9,0
2023,13,Dutch Grand Prix,2023-08-27,NOR,Lando Norris,McLaren,zandvoort,Circuit Park Zandvoort,2.0,2.0,0.5,0.5,66.0,12.0,0.0,0.0,10.0,5.6,0.0,8.5,2.0,0.0,93.0,11.333333333333334,2.0,1.0,0.5909090909090909,1.0,16.8,24.9,1.0,70.8,0
2023,13,Dutch Grand Prix,2023-08-27,PIA,Oscar Piastri,McLaren,zandvoort,Circuit Park Zandvoort,8.0,8.0,0.125,0.125,27.0,12.0,0.0,2.0,12.666666666666666,11.2,1.0,10.0,0.0,0.0,99.0,11.16,2.0,1.0,0.5909090909090909,1.0,16.8,24.9,1.0,70.8,0
2023,14,Italian Grand Prix,2023-09-03,NOR,Lando Norris,McLaren,monza,Autodromo Nazionale di Monza,9.0,9.0,0.1111111111111111,0.1111111111111111,72.0,13.0,0.0,0.0,9.76923076923077,4.4,0.0,5.75,4.0,0.0,101.0,11.076923076923077,2.0,1.0,0.6363636363636364,0.0,29.3,42.9,0.0,42.3,0
2023,14,Italian Grand Prix,2023-09-03,PIA,Oscar Piastri,McLaren,monza,Autodromo Nazionale di Monza,7.0,7.0,0.14285714285714285,0.14285714285714285,29.0,13.0,0.0,2.0,12.384615384615385,10.8,1.0,10.0,0.0,0.0,105.0,10.962962962962964,2.0,1.0,0.6363636363636364,0.0,29.3,42.9,0.0,42.3,0
2023,15,Singapore Grand Prix,2023-09-17,NOR,Lando Norris,McLaren,marina_bay,Marina Bay Street Circuit,4.0,4.0,0.25,0.25,76.0,14.0,0.0,0.0,9.642857142857142,5.2,0.0,5.5,2.0,0.0,105.0,11.0,2.0,1.0,0.6818181818181818,0.0,29.8,36.4,0.0,72.0,0
2023,15,Singapore Grand Prix,2023-09-17,PIA,Oscar Piastri,McLaren,marina_bay,Marina Bay Street Circuit,17.0,17.0,0.058823529411764705,0.058823529411764705,29.0,14.0,0.0,2.0,12.357142857142858,10.0,1.0,10.0,0.0,0.0,123.0,10.689655172413794,2.0,1.0,0.6818181818181818,0.0,29.8,36.4,0.0,72.0,0
2023,16,Japanese Grand Prix,2023-09-24,NOR,Lando Norris,McLaren,suzuka,Suzuka Circuit,3.0,3.0,0.3333333333333333,0.3333333333333333,94.0,15.0,0.0,0.0,9.133333333333333,5.2,0.0,10.5,2.0,0.0,129.0,10.566666666666666,2.0,1.0,0.7272727272727273,0.0,27.3,42.1,0.0,42.3,0
2023,16,Japanese Grand Prix,2023-09-24,PIA,Oscar Piastri,McLaren,suzuka,Suzuka Circuit,2.0,2.0,0.5,0.5,35.0,15.0,0.0,2.0,12.0,10.6,1.0,10.0,0.0,0.0,147.0,10.290322580645162,2.0,1.0,0.7272727272727273,0.0,27.3,42.1,0.0,42.3,0
2023,17,Qatar Grand Prix,2023-10-08,NOR,Lando Norris,McLaren,losail,Losail International Circuit,10.0,10.0,0.1,0.1,112.0,16.0,0.0,0.0,8.6875,5.2,0.0,9.0,1.0,0.0,162.0,10.0625,2.0,1.0,0.7727272727272727,0.0,31.5,36.9,0.0,73.2,0
2023,17,Qatar Grand Prix,2023-10-08,PIA,Oscar Piastri,McLaren,losail,Losail International Circuit,6.0,6.0,0.16666666666666666,0.16666666666666666,50.0,16.0,0.0,2.0,11.4375,10.2,1.0,10.0,0.0,0.0,177.0,9.848484848484848,2.0,1.0,0.7727272727272727,0.0,31.5,36.9,0.0,73.2,0
2023,18,United States Grand Prix,2023-10-22,NOR,Lando Norris,McLaren,americas,Circuit of the Americas,2.0,2.0,0.5,0.5,127.0,17.0,0.0,0.0,8.352941176470589,4.4,0.0,7.0,3.0,0.0,195.0,9.617647058823529,2.0,1.0,0.8181818181818182,0.0,30.0,40.6,0.0,41.9,0
2023,18,United States Grand Prix,2023-10-22,PIA,Oscar Piastri,McLaren,americas,Circuit of the Americas,10.0,10.0,0.1,0.1,68.0,17.0,0.0,2.0,10.882352941176471,6.6,0.0,10.0,0.0,0.0,213.0,9.4,2.0,1.0,0.8181818181818182,0.0,30.0,40.6,0.0,41.9,0
2023,19,Mexico City Grand Prix,2023-10-29,NOR,Lando Norris,McLaren,rodriguez,Autódromo Hermanos Rodríguez,19.0,17.0,0.05263157894736842,0.058823529411764705,145.0,18.0,0.0,0.0,8.0,3.4,0.0,13.0,3.0,0.0,213.0,9.61111111111111,3.0,1.0,0.8636363636363636,0.0,25.5,45.6,0.0,23.6,0
2023,19,Mexico City Grand Prix,2023-10-29,PIA,Oscar Piastri,McLaren,rodriguez,Autódromo Hermanos Rodríguez,7.0,7.0,0.14285714285714285,0.14285714285714285,68.0,18.0,0.0,3.0,11.222222222222221,8.2,1.0,10.0,0.0,0.0,223.0,9.486486486486486,3.0,1.0,0.8636363636363636,0.0,25.5,45.6,0.0,23.6,0
2023,20,São Paulo Grand Prix,2023-11-05,NOR,Lando Norris,McLaren,interlagos,Autódromo José Carlos Pace,7.0,6.0,0.14285714285714285,0.16666666666666666,155.0,19.0,0.0,0.0,7.842105263157895,2.8,0.0,12.0,3.0,1.0,227.0,9.447368421052632,3.0,1.0,0.9090909090909091,1.0,20.5,46.8,1.0,58.2,0
2023,20,São Paulo Grand Prix,2023-11-05,PIA,Oscar Piastri,McLaren,interlagos,Autódromo José Carlos Pace,10.0,10.0,0.1,0.1,72.0,19.0,0.0,3.0,11.052631578947368,7.4,1.0,10.0,0.0,0.0,246.0,9.256410256410257,3.0,1.0,0.9090909090909091,1.0,20.5,46.8,1.0,58.2,0
2023,21,Las Vegas Grand Prix,2023-11-19,NOR,Lando Norris,McLaren,vegas,Las Vegas Strip Street Circuit,16.0,15.0,0.0625,0.06666666666666667,174.0,20.0,0.0,0.0,7.55,2.8,0.0,10.0,0.0,0.0,246.0,9.375,3.0,1.0,0.9545454545454546,0.0,18.1,18.0,0.0,47.4,0
2023,21,Las Vegas Grand Prix,2023-11-19,PIA,Oscar Piastri,McLaren,vegas,Las Vegas Strip Street Circuit,19.0,18.0,0.05263157894736842,0.05555555555555555,72.0,20.0,0.0,3.0,11.2,8.8,1.0,10.0,0.0,0.0,246.0,9.634146341463415,4.0,1.0,0.9545454545454546,0.0,18.1,18.0,0.0,47.4,0
2023,22,Abu Dhabi Grand Prix,2023-11-26,NOR,Lando Norris,McLaren,yas_marina,Yas Marina Circuit,5.0,5.0,0.2,0.2,174.0,21.0,0.0,1.0,8.142857142857142,6.4,1.0,6.5,4.0,0.0,248.0,9.642857142857142,4.0,1.0,1.0,0.0,27.0,33.5,0.0,51.0,0
2023,22,Abu Dhabi Grand Prix,2023-11-26,PIA,Oscar Piastri,McLaren,yas_marina,Yas Marina Circuit,3.0,3.0,0.3333333333333333,0.3333333333333333,74.0,21.0,0.0,3.0,11.142857142857142,10.2,1.0,10.0,0.0,0.0,258.0,9.534883720930232,4.0,1.0,1.0,0.0,27.0,33.5,0.0,51.0,0
2024,1,Bahrain Grand Prix,2024-03-02,NOR,Lando Norris,McLaren,bahrain,Bahrain International Circuit,7.0,7.0,0.14285714285714285,0.14285714285714285,0.0,0.0,0.0,0.0,11.375,6.8,1.0,9.333333333333334,6.0,0.0,0.0,11.416666666666666,0.0,1.0,0.041666666666666664,0.0,18.2,23.7,0.0,48.8,0
2024,1,Bahrain Grand Prix,2024-03-02,PIA,Oscar Piastri,McLaren,bahrain,Bahrain International Circuit,8.0,8.0,0.125,0.125,0.0,0.0,0.0,0.0,11.375,11.0,1.0,20.0,1.0,1.0,8.0,6.0,0.0,1.0,0.041666666666666664,0.0,18.2,23.7,0.0,48.8,0
2024,2,Saudi Arabian Grand Prix,2024-03-09,NOR,Lando Norris,McLaren,jeddah,Jeddah Corniche Circuit,6.0,6.0,0.16666666666666666,0.16666666666666666,8.0,1.0,0.0,0.0,6.0,7.6,1.0,11.333333333333334,3.0,0.0,12.0,7.0,0.0,1.0,0.08333333333333333,0.0,25.5,31.6,0.0,62.3,0
2024,2,Saudi Arabian Grand Prix,2024-03-09,PIA,Oscar Piastri,McLaren,jeddah,Jeddah Corniche Circuit,5.0,5.0,0.2,0.2,4.0,1.0,0.0,0.0,8.0,9.2,0.0,15.0,1.0,0.0,16.0,7.333333333333333,0.0,1.0,0.08333333333333333,0.0,25.5,31.6,0.0,62.3,0
2024,3,Australian Grand Prix,2024-03-24,NOR,Lando Norris,McLaren,albert_park,Albert Park Grand Prix Circuit,4.0,3.0,0.25,0.3333333333333333,12.0,2.0,0.0,0.0,7.0,8.2,1.0,7.666666666666667,3.0,0.0,28.0,6.5,0.0,1.0,0.125,0.0,20.6,38.4,0.0,44.5,0
2024,3,Australian Grand Prix,2024-03-24,PIA,Oscar Piastri,McLaren,albert_park,Albert Park Grand Prix Circuit,6.0,5.0,0.16666666666666666,0.2,16.0,2.0,0.0,0.0,6.0,8.4,0.0,8.0,1.0,0.0,43.0,5.8,0.0,1.0,0.125,0.0,20.6,38.4,0.0,44.5,0
2024,4,Japanese Grand Prix,2024-04-07,NOR,Lando Norris,McLaren,suzuka,Suzuka Circuit,3.0,3.0,0.3333333333333333,0.3333333333333333,27.0,3.0,0.0,0.0,5.666666666666667,8.4,1.0,7.666666666666667,3.0,0.0,55.0,5.5,0.0,1.0,0.16666666666666666,0.0,21.7,37.5,0.0,43.4,0
2024,4,Japanese Grand Prix,2024-04-07,PIA,Oscar Piastri,McLaren,suzuka,Suzuka Circuit,6.0,6.0,0.16666666666666666,0.16666666666666666,28.0,3.0,0.0,0.0,5.333333333333333,6.4,0.0,3.0,1.0,0.0,65.0,5.428571428571429,0.0,1.0,0.16666666666666666,0.0,21.7,37.5,0.0,43.4,0
2024,5,Chinese Grand Prix,2024-04-21,NOR,Lando Norris,McLaren,shanghai,Shanghai International Circuit,4.0,4.0,0.25,0.25,37.0,4.0,0.0,0.0,5.5,5.4,0.0,18.0,1.0,1.0,69.0,5.75,0.0,1.0,0.20833333333333334,0.0,18.6,29.8,0.0,66.1,0
2024,5,Chinese Grand Prix,2024-04-21,PIA,Oscar Piastri,McLaren,shanghai,Shanghai International Circuit,5.0,5.0,0.2,0.2,32.0,4.0,0.0,0.0,6.0,6.0,0.0,10.0,0.0,0.0,87.0,5.333333333333333,0.0,1.0,0.20833333333333334,0.0,18.6,29.8,0.0,66.1,0
2024,6,Miami Grand Prix,2024-05-05,NOR,Lando Norris,McLaren,miami,Miami International Autodrome,5.0,5.0,0.2,0.2,55.0,5.0,0.0,0.0,4.8,4.8,0.0,18.0,2.0,1.0,91.0,5.6,0.0,1.0,0.25,0.0,28.5,44.7,0.0,59.0,1
2024,6,Miami Grand Prix,2024-05-05,PIA,Oscar Piastri,McLaren,miami,Miami International Autodrome,6.0,6.0,0.16666666666666666,0.16666666666666666,36.0,5.0,0.0,0.0,6.4,6.4,0.0,19.0,1.0,0.0,116.0,5.181818181818182,0.0,1.0,0.25,0.0,28.5,44.7,0.0,59.0,0
2024,7,Emilia Romagna Grand Prix,2024-05-19,NOR,Lando Norris,McLaren,imola,Autodromo Enzo e Dino Ferrari,3.0,2.0,0.3333333333333333,0.5,80.0,6.0,1.0,0.0,4.166666666666667,3.8,0.0,4.666666666666667,3.0,0.0,116.0,5.833333333333333,0.0,1.0,0.2916666666666667,0.0,25.1,42.0,0.0,48.4,0
2024,7,Emilia Romagna Grand Prix,2024-05-19,PIA,Oscar Piastri,McLaren,imola,Autodromo Enzo e Dino Ferrari,2.0,5.0,0.5,0.2,36.0,6.0,0.0,0.0,7.5,7.4,0.0,10.0,0.0,0.0,134.0,5.538461538461538,0.0,1.0,0.2916666666666667,0.0,25.1,42.0,0.0,48.4,0
2024,8,Monaco Grand Prix,2024-05-26,NOR,Lando Norris,McLaren,monaco,Circuit de Monaco,4.0,4.0,0.25,0.25,98.0,7.0,1.0,0.0,3.857142857142857,2.6,0.0,7.25,4.0,0.0,146.0,5.428571428571429,0.0,1.0,0.3333333333333333,0.0,21.6,46.3,0.0,64.0,0
2024,8,Monaco Grand Prix,2024-05-26,PIA,Oscar Piastri,McLaren,monaco,Circuit de Monaco,2.0,2.0,0.5,0.5,48.0,7.0,0.0,0.0,7.0,7.4,0.0,10.0,1.0,0.0,158.0,5.333333333333333,0.0,1.0,0.3333333333333333,0.0,21.6,46.3,0.0,64.0,0
2024,9,Canadian Grand Prix,2024-06-09,NOR,Lando Norris,McLaren,villeneuve,Circuit Gilles Villeneuve,3.0,3.0,0.3333333333333333,0.3333333333333333,110.0,8.0,1.0,0.0,3.875,2.8,0.0,16.0,3.0,0.0,176.0,5.125,0.0,1.0,0.375,1.0,17.8,24.6,1.0,73.4,0
2024,9,Canadian Grand Prix,2024-06-09,PIA,Oscar Piastri,McLaren,villeneuve,Circuit Gilles Villeneuve,4.0,4.0,0.25,0.25,66.0,8.0,0.0,0.0,6.375,7.0,0.0,11.0,1.0,0.0,194.0,4.9411764705882355,0.0,1.0,0.375,1.0,17.8,24.6,1.0,73.4,0
2024,10,Spanish Grand Prix,2024-06-23,NOR,Lando Norris,McLaren,catalunya,Circuit de Barcelona-Catalunya,1.0,1.0,1.0,1.0,128.0,9.0,1.0,0.0,3.6666666666666665,2.2,0.0,12.6,5.0,1.0,204.0,4.944444444444445,0.0,1.0,0.4166666666666667,1.0,24.1,41.1,1.0,63.4,0
2024,10,Spanish Grand Prix,2024-06-23,PIA,Oscar Piastri,McLaren,catalunya,Circuit de Barcelona-Catalunya,10.0,9.0,0.1,0.1111111111111111,76.0,9.0,0.0,0.0,6.222222222222222,6.4,0.0,13.0,1.0,0.0,223.0,4.7894736842105265,0.0,1.0,0.4166666666666667,1.0,24.1,41.1,1.0,63.4,0
2024,11,Austrian Grand Prix,2024-06-30,NOR,Lando Norris,McLaren,red_bull_ring,Red Bull Ring,2.0,2.0,0.5,0.5,147.0,10.0,1.0,0.0,3.5,2.2,0.0,4.714285714285714,7.0,0.0,229.0,4.9,0.0,1.0,0.4583333333333333,1.0,29.4,46.4,1.0,35.0,0
2024,11,Austrian Grand Prix,2024-06-30,PIA,Oscar Piastri,McLaren,red_bull_ring,Red Bull Ring,7.0,7.0,0.14285714285714285,0.14285714285714285,82.0,10.0,0.0,0.0,6.3,6.2,0.0,16.0,1.0,0.0,229.0,5.619047619047619,0.0,1.0,0.4583333333333333,1.0,29.4,46.4,1.0,35.0,0
2024,12,British Grand Prix,2024-07-07,NOR,Lando Norris,McLaren,silverstone,Silverstone Circuit,3.0,3.0,0.3333333333333333,0.3333333333333333,147.0,11.0,1.0,0.0,5.0,6.0,0.0,6.166666666666667,6.0,0.0,247.0,5.454545454545454,0.0,1.0,0.5,1.0,15.8,27.7,1.0,67.3,0
2024,12,British Grand Prix,2024-07-07,PIA,Oscar Piastri,McLaren,silverstone,Silverstone Circuit,5.0,5.0,0.2,0.2,100.0,11.0,0.0,0.0,5.909090909090909,4.0,0.0,4.0,1.0,0.0,262.0,5.3478260869565215,0.0,1.0,0.5,1.0,15.8,27.7,1.0,67.3,0
2024,13,Hungarian Grand Prix,2024-07-21,NOR,Lando Norris,McLaren,hungaroring,Hungaroring,1.0,1.0,1.0,1.0,162.0,12.0,1.0,0.0,4.833333333333333,6.2,0.0,9.2,5.0,1.0,274.0,5.291666666666667,0.0,1.0,0.5416666666666666,0.0,28.8,44.9,0.0,46.9,0
2024,13,Hungarian Grand Prix,2024-07-21,PIA,Oscar Piastri,McLaren,hungaroring,Hungaroring,2.0,2.0,0.5,0.5,112.0,12.0,0.0,0.0,5.75,4.0,0.0,5.0,1.0,0.0,292.0,5.16,0.0,1.0,0.5416666666666666,0.0,28.8,44.9,0.0,46.9,1
2024,14,Belgian Grand Prix,2024-07-28,NOR,Lando Norris,McLaren,spa,Circuit de Spa-Francorchamps,5.0,4.0,0.2,0.25,180.0,13.0,1.0,0.0,4.615384615384615,5.8,0.0,10.2,5.0,1.0,317.0,5.0,0.0,1.0,0.5833333333333334,0.0,21.3,42.3,0.0,49.6,0
2024,14,Belgian Grand Prix,2024-07-28,PIA,Oscar Piastri,McLaren,spa,Circuit de Spa-Francorchamps,6.0,5.0,0.16666666666666666,0.2,137.0,13.0,1.0,0.0,5.384615384615385,3.8,0.0,20.0,1.0,1.0,327.0,5.0,0.0,1.0,0.5833333333333334,0.0,21.3,42.3,0.0,49.6,0
2024,15,Dutch Grand Prix,2024-08-25,NOR,Lando Norris,McLaren,zandvoort,Circuit Park Zandvoort,1.0,1.0,1.0,1.0,190.0,14.0,1.0,0.0,4.642857142857143,6.4,0.0,8.0,3.0,0.0,345.0,4.892857142857143,0.0,1.0,0.625,0.0,19.0,30.8,0.0,61.0,1
2024,15,Dutch Grand Prix,2024-08-25,PIA,Oscar Piastri,McLaren,zandvoort,Circuit Park Zandvoort,3.0,3.0,0.3333333333333333,0.3333333333333333,155.0,14.0,1.0,0.0,5.142857142857143,3.2,0.0,9.0,1.0,0.0,371.0,4.758620689655173,0.0,1.0,0.625,0.0,19.0,30.8,0.0,61.0,0
2024,16,Italian Grand Prix,2024-09-01,NOR,Lando Norris,McLaren,monza,Autodromo Nazionale di Monza,1.0,1.0,1.0,1.0,216.0,15.0,2.0,0.0,4.4,6.2,0.0,6.2,5.0,0.0,383.0,4.733333333333333,0.0,1.0,0.6666666666666666,0.0,33.1,49.3,0.0,32.3,0
2024,16,Italian Grand Prix,2024-09-01,PIA,Oscar Piastri,McLaren,monza,Autodromo Nazionale di Monza,2.0,2.0,0.5,0.5,167.0,15.0,1.0,0.0,5.066666666666666,2.6,0.0,12.0,1.0,0.0,399.0,4.67741935483871,0.0,1.0,0.6666666666666666,0.0,33.1,49.3,0.0,32.3,0
2024,17,Azerbaijan Grand Prix,2024-09-15,NOR,Lando Norris,McLaren,baku,Baku City Circuit,16.0,15.0,0.0625,0.06666666666666667,232.0,16.0,2.0,0.0,4.3125,2.8,0.0,7.75,4.0,0.0,417.0,4.59375,0.0,1.0,0.7083333333333334,0.0,26.7,44.3,0.0,38.0,0
2024,17,Azerbaijan Grand Prix,2024-09-15,PIA,Oscar Piastri,McLaren,baku,Baku City Circuit,2.0,2.0,0.5,0.5,185.0,16.0,1.0,0.0,4.875,2.6,0.0,11.0,1.0,0.0,430.0,4.575757575757576,0.0,1.0,0.7083333333333334,0.0,26.7,44.3,0.0,38.0,1
2024,18,Singapore Grand Prix,2024-09-22,NOR,Lando Norris,McLaren,marina_bay,Marina Bay Street Circuit,1.0,1.0,1.0,1.0,245.0,17.0,2.0,0.0,4.294117647058823,3.0,0.0,4.333333333333333,3.0,0.0,455.0,4.470588235294118,0.0,1.0,0.75,0.0,30.8,36.4,0.0,74.7,1
2024,18,Singapore Grand Prix,2024-09-22,PIA,Oscar Piastri,McLaren,marina_bay,Marina Bay Street Circuit,5.0,5.0,0.2,0.2,210.0,17.0,2.0,0.0,4.647058823529412,2.0,0.0,7.0,1.0,0.0,480.0,4.371428571428571,0.0,1.0,0.75,0.0,30.8,36.4,0.0,74.7,0
2024,19,United States Grand Prix,2024-10-20,NOR,Lando Norris,McLaren,americas,Circuit of the Americas,1.0,1.0,1.0,1.0,270.0,18.0,3.0,0.0,4.111111111111111,2.8,0.0,5.75,4.0,0.0,495.0,4.333333333333333,0.0,1.0,0.7916666666666666,0.0,28.1,46.6,0.0,35.5,0
2024,19,United States Grand Prix,2024-10-20,PIA,Oscar Piastri,McLaren,americas,Circuit of the Americas,5.0,5.0,0.2,0.2,225.0,18.0,2.0,0.0,4.555555555555555,2.4,0.0,17.0,1.0,1.0,507.0,4.324324324324325,0.0,1.0,0.7916666666666666,0.0,28.1,46.6,0.0,35.5,0
2024,20,Mexico City Grand Prix,2024-10-27,NOR,Lando Norris,McLaren,rodriguez,Autódromo Hermanos Rodríguez,3.0,3.0,0.3333333333333333,0.3333333333333333,282.0,19.0,3.0,0.0,4.105263157894737,2.6,0.0,11.0,4.0,0.0,517.0,4.342105263157895,0.0,1.0,0.8333333333333334,0.0,19.9,35.6,0.0,51.1,0
2024,20,Mexico City Grand Prix,2024-10-27,PIA,Oscar Piastri,McLaren,rodriguez,Autódromo Hermanos Rodríguez,17.0,17.0,0.058823529411764705,0.058823529411764705,235.0,19.0,2.0,0.0,4.578947368421052,3.0,0.0,8.0,1.0,0.0,535.0,4.282051282051282,0.0,1.0,0.8333333333333334,0.0,19.9,35.6,0.0,51.1,0
2024,21,São Paulo Grand Prix,2024-11-03,NOR,Lando Norris,McLaren,interlagos,Autódromo José Carlos Pace,1.0,1.0,1.0,1.0,300.0,20.0,3.0,0.0,4.0,2.8,0.0,9.5,4.0,1.0,539.0,4.375,0.0,1.0,0.875,1.0,21.7,25.8,1.0,85.3,0
2024,21,São Paulo Grand Prix,2024-11-03,PIA,Oscar Piastri,McLaren,interlagos,Autódromo José Carlos Pace,8.0,8.0,0.125,0.125,239.0,20.0,2.0,0.0,4.75,3.8,0.0,14.0,1.0,0.0,547.0,4.414634146341464,0.0,1.0,0.875,1.0,21.7,25.8,1.0,85.3,0
2024,22,Las Vegas Grand Prix,2024-11-23,NOR,Lando Norris,McLaren,vegas,Las Vegas Strip Street Circuit,6.0,6.0,0.16666666666666666,0.16666666666666666,308.0,21.0,3.0,0.0,4.095238095238095,3.4,0.0,20.0,1.0,1.0,551.0,4.5,0.0,1.0,0.9166666666666666,0.0,17.8,17.7,0.0,47.9,0
2024,22,Las Vegas Grand Prix,2024-11-23,PIA,Oscar Piastri,McLaren,vegas,Las Vegas Strip Street Circuit,8.0,8.0,0.125,0.125,243.0,21.0,2.0,0.0,4.904761904761905,5.0,0.0,10.0,1.0,0.0,560.0,4.534883720930233,0.0,1.0,0.9166666666666666,0.0,17.8,17.7,0.0,47.9,0
2024,23,Qatar Grand Prix,2024-12-01,NOR,Lando Norris,McLaren,losail,Losail International Circuit,3.0,3.0,0.3333333333333333,0.3333333333333333,317.0,22.0,3.0,0.0,4.181818181818182,3.8,0.0,6.0,2.0,0.0,566.0,4.590909090909091,0.0,1.0,0.9583333333333334,0.0,18.9,22.8,0.0,57.3,0
2024,23,Qatar Grand Prix,2024-12-01,PIA,Oscar Piastri,McLaren,losail,Losail International Circuit,4.0,4.0,0.25,0.25,249.0,22.0,2.0,0.0,5.0,6.2,0.0,2.0,1.0,0.0,568.0,4.711111111111111,0.0,1.0,0.9583333333333334,0.0,18.9,22.8,0.0,57.3,0
2024,24,Abu Dhabi Grand Prix,2024-12-08,NOR,Lando Norris,McLaren,yas_marina,Yas Marina Circuit,1.0,1.0,1.0,1.0,319.0,23.0,3.0,0.0,4.434782608695652,5.6,0.0,6.2,5.0,0.0,583.0,4.673913043478261,0.0,1.0,1.0,0.0,26.8,31.8,0.0,51.4,1
2024,24,Abu Dhabi Grand Prix,2024-12-08,PIA,Oscar Piastri,McLaren,yas_marina,Yas Marina Circuit,2.0,2.0,0.5,0.5,264.0,23.0,2.0,0.0,4.913043478260869,6.2,0.0,6.0,1.0,0.0,608.0,4.595744680851064,0.0,1.0,1.0,0.0,26.8,31.8,0.0,51.4,0
2025,1,Australian Grand Prix,2025-03-16,NOR,Lando Norris,McLaren,albert_park,Albert Park Grand Prix Circuit,1.0,1.0,1.0,1.0,0.0,0.0,0.0,0.0,11.375,5.0,0.0,6.5,4.0,0.0,0.0,11.416666666666666,0.0,1.0,0.041666666666666664,1.0,15.7,18.9,1.0,78.4,1
2025,1,Australian Grand Prix,2025-03-16,PIA,Oscar Piastri,McLaren,albert_park,Albert Park Grand Prix Circuit,2.0,2.0,0.5,0.5,0.0,0.0,0.0,0.0,11.375,7.2,0.0,6.0,2.0,0.0,25.0,1.0,0.0,1.0,0.041666666666666664,1.0,15.7,18.9,1.0,78.4,0
2025,2,Chinese Grand Prix,2025-03-23,NOR,Lando Norris,McLaren,shanghai,Shanghai International Circuit,3.0,3.0,0.3333333333333333,0.3333333333333333,25.0,1.0,1.0,0.0,1.0,4.8,0.0,10.0,2.0,1.0,27.0,5.0,0.0,1.0,0.08333333333333333,0.0,27.2,35.8,0.0,18.2,0
2025,2,Chinese Grand Prix,2025-03-23,PIA,Oscar Piastri,McLaren,shanghai,Shanghai International Circuit,1.0,1.0,1.0,1.0,2.0,1.0,0.0,0.0,9.0,7.4,0.0,8.0,1.0,0.0,45.0,4.0,0.0,1.0,0.08333333333333333,0.0,27.2,35.8,0.0,18.2,1
2025,3,Japanese Grand Prix,2025-04-06,NOR,Lando Norris,McLaren,suzuka,Suzuka Circuit,2.0,2.0,0.5,0.5,43.0,2.0,1.0,0.0,1.5,4.0,0.0,7.0,4.0,0.0,70.0,3.25,0.0,1.0,0.125,0.0,14.4,20.5,0.0,76.4,0
2025,3,Japanese Grand Prix,2025-04-06,PIA,Oscar Piastri,McLaren,suzuka,Suzuka Circuit,3.0,3.0,0.3333333333333333,0.3333333333333333,27.0,2.0,1.0,0.0,5.0,6.0,0.0,5.5,2.0,0.0,88.0,3.0,0.0,1.0,0.125,0.0,14.4,20.5,0.0,76.4,0
2025,4,Bahrain Grand Prix,2025-04-13,NOR,Lando Norris,McLaren,bahrain,Bahrain International Circuit,6.0,6.0,0.16666666666666666,0.16666666666666666,61.0,3.0,1.0,0.0,1.6666666666666667,3.2,0.0,8.857142857142858,7.0,0.0,103.0,3.0,0.0,1.0,0.16666666666666666,0.0,27.1,31.9,0.0,45.3,0
2025,4,Bahrain Grand Prix,2025-04-13,PIA,Oscar Piastri,McLaren,bahrain,Bahrain International Circuit,1.0,1.0,1.0,1.0,42.0,3.0,1.0,0.0,4.333333333333333,5.2,0.0,14.0,2.0,1.0,118.0,3.0,0.0,1.0,0.16666666666666666,0.0,27.1,31.9,0.0,45.3,1
2025,5,Saudi Arabian Grand Prix,2025-04-20,NOR,Lando Norris,McLaren,jeddah,Jeddah Corniche Circuit,10.0,10.0,0.1,0.1,76.0,4.0,1.0,0.0,2.0,1.8,0.0,10.5,4.0,0.0,143.0,2.75,0.0,1.0,0.20833333333333334,0.0,29.5,37.8,0.0,62.7,0
2025,5,Saudi Arabian Grand Prix,2025-04-20,PIA,Oscar Piastri,McLaren,jeddah,Jeddah Corniche Circuit,2.0,2.0,0.5,0.5,67.0,4.0,2.0,0.0,3.5,4.8,0.0,9.5,2.0,0.0,155.0,2.888888888888889,0.0,1.0,0.20833333333333334,0.0,29.5,37.8,0.0,62.7,1
2025,6,Miami Grand Prix,2025-05-04,NOR,Lando Norris,McLaren,miami,Miami International Autodrome,2.0,2.0,0.5,0.5,88.0,5.0,1.0,0.0,2.4,2.4,0.0,12.333333333333334,3.0,1.0,180.0,2.7,0.0,1.0,0.25,1.0,26.6,38.7,1.0,63.0,0
2025,6,Miami Grand Prix,2025-05-04,PIA,Oscar Piastri,McLaren,miami,Miami International Autodrome,4.0,4.0,0.25,0.25,92.0,5.0,3.0,0.0,3.0,3.0,0.0,16.0,2.0,0.0,198.0,2.6363636363636362,0.0,1.0,0.25,1.0,26.6,38.7,1.0,63.0,1
2025,7,Emilia Romagna Grand Prix,2025-05-18,NOR,Lando Norris,McLaren,imola,Autodromo Enzo e Dino Ferrari,4.0,4.0,0.25,0.25,106.0,6.0,1.0,0.0,2.3333333333333335,2.6,0.0,4.0,4.0,0.0,223.0,2.5,0.0,1.0,0.2916666666666667,0.0,24.0,42.7,0.0,38.3,0
2025,7,Emilia Romagna Grand Prix,2025-05-18,PIA,Oscar Piastri,McLaren,imola,Autodromo Enzo e Dino Ferrari,1.0,1.0,1.0,1.0,117.0,6.0,4.0,0.0,2.6666666666666665,1.4,0.0,4.0,1.0,0.0,241.0,2.4615384615384617,0.0,1.0,0.2916666666666667,0.0,24.0,42.7,0.0,38.3,0
2025,8,Monaco Grand Prix,2025-05-25,NOR,Lando Norris,McLaren,monaco,Circuit de Monaco,1.0,1.0,1.0,1.0,124.0,7.0,1.0,0.0,2.2857142857142856,2.6,0.0,6.6,5.0,0.0,256.0,2.5,0.0,1.0,0.3333333333333333,0.0,22.2,43.3,0.0,52.5,1
2025,8,Monaco Grand Prix,2025-05-25,PIA,Oscar Piastri,McLaren,monaco,Circuit de Monaco,3.0,3.0,0.3333333333333333,0.3333333333333333,132.0,7.0,4.0,0.0,2.7142857142857144,1.8,0.0,6.0,2.0,0.0,281.0,2.4,0.0,1.0,0.3333333333333333,0.0,22.2,43.3,0.0,52.5,0
2025,9,Spanish Grand Prix,2025-06-01,NOR,Lando Norris,McLaren,catalunya,Circuit de Barcelona-Catalunya,2.0,2.0,0.5,0.5,149.0,8.0,2.0,0.0,2.125,2.4,0.0,10.833333333333334,6.0,1.0,296.0,2.4375,0.0,1.0,0.375,0.0,29.1,48.5,0.0,54.6,0
2025,9,Spanish Grand Prix,2025-06-01,PIA,Oscar Piastri,McLaren,catalunya,Circuit de Barcelona-Catalunya,1.0,1.0,1.0,1.0,147.0,8.0,4.0,0.0,2.75,1.8,0.0,10.0,2.0,0.0,314.0,2.411764705882353,0.0,1.0,0.375,0.0,29.1,48.5,0.0,54.6,1
2025,10,Canadian Grand Prix,2025-06-15,NOR,Lando Norris,McLaren,villeneuve,Circuit Gilles Villeneuve,7.0,7.0,0.14285714285714285,0.14285714285714285,167.0,9.0,2.0,0.0,2.111111111111111,2.2,0.0,12.5,4.0,0.0,339.0,2.3333333333333335,0.0,1.0,0.4166666666666667,1.0,24.0,49.3,1.0,28.0,0
2025,10,Canadian Grand Prix,2025-06-15,PIA,Oscar Piastri,McLaren,villeneuve,Circuit Gilles Villeneuve,3.0,3.0,0.3333333333333333,0.3333333333333333,172.0,9.0,5.0,0.0,2.5555555555555554,1.8,0.0,8.0,2.0,0.0,339.0,3.1578947368421053,1.0,1.0,0.4166666666666667,1.0,24.0,49.3,1.0,28.0,0
2025,11,Austrian Grand Prix,2025-06-29,NOR,Lando Norris,McLaren,red_bull_ring,Red Bull Ring,1.0,1.0,1.0,1.0,167.0,10.0,2.0,1.0,3.7,5.0,1.0,6.625,8.0,0.0,351.0,3.2,1.0,1.0,0.4583333333333333,0.0,30.3,49.2,0.0,32.0,1
2025,11,Austrian Grand Prix,2025-06-29,PIA,Oscar Piastri,McLaren,red_bull_ring,Red Bull Ring,3.0,3.0,0.3333333333333333,0.3333333333333333,184.0,10.0,5.0,0.0,2.7,2.4,0.0,9.0,2.0,0.0,376.0,3.0952380952380953,1.0,1.0,0.4583333333333333,0.0,30.3,49.2,0.0,32.0,0
2025,12,British Grand Prix,2025-07-06,NOR,Lando Norris,McLaren,silverstone,Silverstone Circuit,3.0,3.0,0.3333333333333333,0.3333333333333333,192.0,11.0,3.0,1.0,3.4545454545454546,4.8,1.0,5.714285714285714,7.0,0.0,394.0,3.0454545454545454,1.0,1.0,0.5,1.0,17.9,23.6,1.0,78.4,1
2025,12,British Grand Prix,2025-07-06,PIA,Oscar Piastri,McLaren,silverstone,Silverstone Circuit,2.0,2.0,0.5,0.5,202.0,11.0,5.0,0.0,2.6363636363636362,2.6,0.0,4.0,2.0,0.0,419.0,2.9565217391304346,1.0,1.0,0.5,1.0,17.9,23.6,1.0,78.4,0
2025,13,Belgian Grand Prix,2025-07-27,NOR,Lando Norris,McLaren,spa,Circuit de Spa-Francorchamps,1.0,1.0,1.0,1.0,217.0,12.0,4.0,1.0,3.25,4.6,1.0,9.333333333333334,6.0,1.0,437.0,2.9166666666666665,1.0,1.0,0.5416666666666666,1.0,17.0,24.1,1.0,84.4,0
2025,13,Belgian Grand Prix,2025-07-27,PIA,Oscar Piastri,McLaren,spa,Circuit de Spa-Francorchamps,2.0,2.0,0.5,0.5,220.0,12.0,5.0,0.0,2.5833333333333335,2.4,0.0,11.0,2.0,1.0,455.0,2.88,1.0,1.0,0.5416666666666666,1.0,17.0,24.1,1.0,84.4,1
2025,14,Hungarian Grand Prix,2025-08-03,NOR,Lando Norris,McLaren,hungaroring,Hungaroring,3.0,3.0,0.3333333333333333,0.3333333333333333,235.0,13.0,4.0,1.0,3.1538461538461537,4.8,1.0,8.0,6.0,1.0,480.0,2.8076923076923075,1.0,1.0,0.5833333333333334,0.0,22.1,32.7,0.0,57.2,1
2025,14,Hungarian Grand Prix,2025-08-03,PIA,Oscar Piastri,McLaren,hungaroring,Hungaroring,2.0,2.0,0.5,0.5,245.0,13.0,6.0,0.0,2.4615384615384617,2.0,0.0,3.0,2.0,0.0,505.0,2.740740740740741,1.0,1.0,0.5833333333333334,0.0,22.1,32.7,0.0,57.2,0
2025,15,Dutch Grand Prix,2025-08-31,NOR,Lando Norris,McLaren,zandvoort,Circuit Park Zandvoort,2.0,2.0,0.5,0.5,260.0,14.0,5.0,1.0,3.0,4.6,1.0,6.25,4.0,0.0,523.0,2.7142857142857144,1.0,1.0,0.625,0.0,20.1,28.0,0.0,71.2,0
2025,15,Dutch Grand Prix,2025-08-31,PIA,Oscar Piastri,McLaren,zandvoort,Circuit Park Zandvoort,1.0,1.0,1.0,1.0,263.0,14.0,6.0,0.0,2.4285714285714284,2.2,0.0,6.5,2.0,0.0,523.0,3.2413793103448274,2.0,1.0,0.625,0.0,20.1,28.0,0.0,71.2,1
2025,16,Italian Grand Prix,2025-09-07,NOR,Lando Norris,McLaren,monza,Autodromo Nazionale di Monza,2.0,2.0,0.5,0.5,260.0,15.0,5.0,2.0,4.0,4.6,1.0,5.666666666666667,6.0,0.0,548.0,3.1666666666666665,2.0,1.0,0.6666666666666666,0.0,26.8,43.3,0.0,42.6,0
2025,16,Italian Grand Prix,2025-09-07,PIA,Oscar Piastri,McLaren,monza,Autodromo Nazionale di Monza,3.0,3.0,0.3333333333333333,0.3333333333333333,288.0,15.0,7.0,0.0,2.3333333333333335,1.6,0.0,7.0,2.0,0.0,566.0,3.129032258064516,2.0,1.0,0.6666666666666666,0.0,26.8,43.3,0.0,42.6,0
2025,17,Azerbaijan Grand Prix,2025-09-21,NOR,Lando Norris,McLaren,baku,Baku City Circuit,7.0,7.0,0.14285714285714285,0.14285714285714285,278.0,16.0,5.0,2.0,3.875,4.8,1.0,7.0,5.0,0.0,581.0,3.125,2.0,1.0,0.7083333333333334,0.0,20.6,26.1,0.0,59.8,0
2025,17,Azerbaijan Grand Prix,2025-09-21,PIA,Oscar Piastri,McLaren,baku,Baku City Circuit,9.0,9.0,0.1111111111111111,0.1111111111111111,303.0,16.0,7.0,0.0,2.375,1.8,0.0,6.0,2.0,0.0,587.0,3.242424242424242,2.0,1.0,0.7083333333333334,0.0,20.6,26.1,0.0,59.8,0
2025,18,Singapore Grand Prix,2025-10-05,NOR,Lando Norris,McLaren,marina_bay,Marina Bay Street Circuit,5.0,5.0,0.2,0.2,284.0,17.0,5.0,2.0,4.0588235294117645,6.0,1.0,3.5,4.0,0.0,587.0,3.735294117647059,3.0,1.0,0.75,1.0,29.1,33.9,1.0,74.4,0
2025,18,Singapore Grand Prix,2025-10-05,PIA,Oscar Piastri,McLaren,marina_bay,Marina Bay Street Circuit,3.0,3.0,0.3333333333333333,0.3333333333333333,303.0,17.0,7.0,1.0,3.411764705882353,5.4,1.0,5.0,2.0,0.0,602.0,3.7142857142857144,3.0,1.0,0.75,1.0,29.1,33.9,1.0,74.4,0
2025,19,United States Grand Prix,2025-10-19,NOR,Lando Norris,McLaren,americas,Circuit of the Americas,2.0,2.0,0.5,0.5,299.0,18.0,5.0,2.0,4.0,6.2,1.0,5.4,5.0,0.0,614.0,3.7222222222222223,3.0,1.0,0.7916666666666666,0.0,28.3,45.0,0.0,22.5,0
2025,19,United States Grand Prix,2025-10-19,PIA,Oscar Piastri,McLaren,americas,Circuit of the Americas,6.0,6.0,0.16666666666666666,0.16666666666666666,315.0,18.0,7.0,1.0,3.4444444444444446,6.0,1.0,11.0,2.0,1.0,632.0,3.675675675675676,3.0,1.0,0.7916666666666666,0.0,28.3,45.0,0.0,22.5,0
2025,20,Mexico City Grand Prix,2025-10-26,NOR,Lando Norris,McLaren,rodriguez,Autódromo Hermanos Rodríguez,1.0,1.0,1.0,1.0,317.0,19.0,5.0,2.0,3.8947368421052633,6.4,1.0,9.2,5.0,0.0,642.0,3.710526315789474,3.0,1.0,0.8333333333333334,0.0,26.4,50.6,0.0,23.2,1
2025,20,Mexico City Grand Prix,2025-10-26,PIA,Oscar Piastri,McLaren,rodriguez,Autódromo Hermanos Rodríguez,8.0,7.0,0.125,0.14285714285714285,325.0,19.0,7.0,1.0,3.526315789473684,6.6,1.0,8.0,2.0,0.0,667.0,3.641025641025641,3.0,1.0,0.8333333333333334,0.0,26.4,50.6,0.0,23.2,0
2025,21,São Paulo Grand Prix,2025-11-09,NOR,Lando Norris,McLaren,interlagos,Autódromo José Carlos Pace,1.0,1.0,1.0,1.0,342.0,20.0,6.0,2.0,3.75,3.0,0.0,8.8,5.0,1.0,677.0,3.675,3.0,1.0,0.875,0.0,17.3,30.7,0.0,70.6,1
2025,21,São Paulo Grand Prix,2025-11-09,PIA,Oscar Piastri,McLaren,interlagos,Autódromo José Carlos Pace,4.0,4.0,0.25,0.25,335.0,20.0,7.0,1.0,3.6,7.4,1.0,11.0,2.0,0.0,702.0,3.6097560975609757,3.0,1.0,0.875,0.0,17.3,30.7,0.0,70.6,0
2025,22,Las Vegas Grand Prix,2025-11-23,NOR,Lando Norris,McLaren,vegas,Las Vegas Strip Street Circuit,1.0,1.0,1.0,1.0,367.0,21.0,7.0,2.0,3.619047619047619,2.8,0.0,13.0,2.0,1.0,712.0,3.642857142857143,3.0,1.0,0.9166666666666666,0.0,16.7,19.5,0.0,37.8,0
2025,22,Las Vegas Grand Prix,2025-11-23,PIA,Oscar Piastri,McLaren,vegas,Las Vegas Strip Street Circuit,5.0,5.0,0.2,0.2,345.0,21.0,7.0,1.0,3.6666666666666665,7.8,1.0,8.5,2.0,0.0,712.0,4.0,3.0,1.0,0.9166666666666666,0.0,16.7,19.5,0.0,37.8,0
2025,23,Qatar Grand Prix,2025-11-30,NOR,Lando Norris,McLaren,losail,Losail International Circuit,2.0,2.0,0.5,0.5,367.0,22.0,7.0,2.0,4.318181818181818,5.2,0.0,7.333333333333333,3.0,0.0,712.0,4.363636363636363,3.0,1.0,0.9583333333333334,0.0,22.6,28.2,0.0,69.0,0
2025,23,Qatar Grand Prix,2025-11-30,PIA,Oscar Piastri,McLaren,losail,Losail International Circuit,1.0,1.0,1.0,1.0,345.0,22.0,7.0,1.0,4.409090909090909,7.8,0.0,2.5,2.0,0.0,724.0,4.355555555555555,3.0,1.0,0.9583333333333334,0.0,22.6,28.2,0.0,69.0,0
2025,24,Abu Dhabi Grand Prix,2025-12-07,NOR,Lando Norris,McLaren,yas_marina,Yas Marina Circuit,2.0,2.0,0.5,0.5,379.0,23.0,7.0,2.0,4.304347826086956,5.4,0.0,5.333333333333333,6.0,0.0,742.0,4.304347826086956,3.0,1.0,1.0,0.0,26.7,31.1,0.0,60.4,0
2025,24,Abu Dhabi Grand Prix,2025-12-07,PIA,Oscar Piastri,McLaren,yas_marina,Yas Marina Circuit,3.0,3.0,0.3333333333333333,0.3333333333333333,363.0,23.0,7.0,1.0,4.304347826086956,7.4,0.0,8.0,2.0,0.0,757.0,4.276595744680851,3.0,1.0,1.0,0.0,26.7,31.1,0.0,60.4,0
2018,1,Australian Grand Prix,2018-03-25,BOT,Valtteri Bottas,Mercedes,albert_park,Albert Park Grand Prix Circuit,10.0,15.0,0.1,0.06666666666666667,0.0,0.0,0.0,0.0,11.375,11.0,0.0,10.0,0.0,0.0,0.0,11.416666666666666,0.0,0.0,0.047619047619047616,1.0,24.1,36.3,1.0,30.9,0
2018,1,Australian Grand Prix,2018-03-25,HAM,Lewis Hamilton,Mercedes,albert_park,Albert Park Grand Prix Circuit,1.0,1.0,1.0,1.0,0.0,0.0,0.0,0.0,11.375,11.0,0.0,10.0,0.0,0.0,4.0,8.0,0.0,0.0,0.047619047619047616,1.0,24.1,36.3,1.0,30.9,0
2018,2,Bahrain Grand Prix,2018-04-08,BOT,Valtteri Bottas,Mercedes,bahrain,Bahrain International Circuit,3.0,3.0,0.3333333333333333,0.3333333333333333,4.0,1.0,0.0,0.0,8.0,8.0,0.0,10.0,0.0,0.0,22.0,5.0,0.0,0.0,0.09523809523809523,0.0,28.0,32.2,0.0,47.4,0
2018,2,Bahrain Grand Prix,2018-04-08,HAM,Lewis Hamilton,Mercedes,bahrain,Bahrain International Circuit,4.0,9.0,0.25,0.1111111111111111,18.0,1.0,0.0,0.0,2.0,2.0,0.0,10.0,0.0,0.0,40.0,4.0,0.0,0.0,0.09523809523809523,0.0,28.0,32.2,0.0,47.4,0
2018,3,Chinese Grand Prix,2018-04-15,BOT,Valtteri Bottas,Mercedes,shanghai,Shanghai International Circuit,3.0,3.0,0.3333333333333333,0.3333333333333333,22.0,2.0,0.0,0.0,5.0,5.0,0.0,10.0,0.0,0.0,55.0,3.75,0.0,0.0,0.14285714285714285,1.0,19.4,37.0,1.0,24.1,0
2018,3,Chinese Grand Prix,2018-04-15,HAM,Lewis Hamilton,Mercedes,shanghai,Shanghai International Circuit,4.0,4.0,0.25,0.25,33.0,2.0,0.0,0.0,2.5,2.5,0.0,10.0,0.0,0.0,73.0,3.4,0.0,0.0,0.14285714285714285,1.0,19.4,37.0,1.0,24.1,0
2018,4,Azerbaijan Grand Prix,2018-04-29,BOT,Valtteri Bottas,Mercedes,baku,Baku City Circuit,3.0,3.0,0.3333333333333333,0.3333333333333333,40.0,3.0,0.0,0.0,4.0,4.0,0.0,10.0,0.0,0.0,85.0,3.5,0.0,0.0,0.19047619047619047,0.0,16.7,25.3,0.0,45.7,0
2018,4,Azerbaijan Grand Prix,2018-04-29,HAM,Lewis Hamilton,Mercedes,baku,Baku City Circuit,2.0,2.0,0.5,0.5,45.0,3.0,0.0,0.0,3.0,3.0,0.0,10.0,0.0,0.0,85.0,5.0,0.0,0.0,0.19047619047619047,0.0,16.7,25.3,0.0,45.7,1
2018,5,Spanish Grand Prix,2018-05-13,BOT,Valtteri Bottas,Mercedes,catalunya,Circuit de Barcelona-Catalunya,2.0,2.0,0.5,0.5,40.0,4.0,0.0,0.0,6.5,6.5,0.0,10.0,0.0,0.0,110.0,4.5,0.0,0.0,0.23809523809523808,1.0,16.1,32.3,1.0,52.3,0
2018,5,Spanish Grand Prix,2018-05-13,HAM,Lewis Hamilton,Mercedes,catalunya,Circuit de Barcelona-Catalunya,1.0,1.0,1.0,1.0,70.0,4.0,1.0,0.0,2.5,2.5,0.0,10.0,0.0,0.0,128.0,4.222222222222222,0.0,0.0,0.23809523809523808,1.0,16.1,32.3,1.0,52.3,1
2018,6,Monaco Grand Prix,2018-05-27,BOT,Valtteri Bottas,Mercedes,monaco,Circuit de Monaco,5.0,5.0,0.2,0.2,58.0,5.0,0.0,0.0,5.6,5.6,0.0,10.0,0.0,0.0,153.0,3.9,0.0,0.0,0.2857142857142857,1.0,26.6,34.6,1.0,50.9,0
2018,6,Monaco Grand Prix,2018-05-27,HAM,Lewis Hamilton,Mercedes,monaco,Circuit de Monaco,3.0,3.0,0.3333333333333333,0.3333333333333333,95.0,5.0,2.0,0.0,2.2,2.2,0.0,10.0,0.0,0.0,163.0,4.0,0.0,0.0,0.2857142857142857,1.0,26.6,34.6,1.0,50.9,0
2018,7,Canadian Grand Prix,2018-06-10,BOT,Valtteri Bottas,Mercedes,villeneuve,Circuit Gilles Villeneuve,2.0,2.0,0.5,0.5,68.0,6.0,0.0,0.0,5.5,5.0,0.0,10.0,0.0,0.0,178.0,3.9166666666666665,0.0,0.0,0.3333333333333333,0.0,20.5,36.9,0.0,27.8,0
2018,7,Canadian Grand Prix,2018-06-10,HAM,Lewis Hamilton,Mercedes,villeneuve,Circuit Gilles Villeneuve,4.0,4.0,0.25,0.25,110.0,6.0,2.0,0.0,2.3333333333333335,2.4,0.0,10.0,0.0,0.0,196.0,3.769230769230769,0.0,0.0,0.3333333333333333,0.0,20.5,36.9,0.0,27.8,0
2018,8,French Grand Prix,2018-06-24,BOT,Valtteri Bottas,Mercedes,ricard,Circuit Paul Ricard,2.0,2.0,0.5,0.5,86.0,7.0,0.0,0.0,5.0,5.0,0.0,10.0,0.0,0.0,206.0,3.857142857142857,0.0,0.0,0.38095238095238093,1.0,24.5,42.0,1.0,49.0,0
2018,8,French Grand Prix,2018-06-24,HAM,Lewis Hamilton,Mercedes,ricard,Circuit Paul Ricard,1.0,1.0,1.0,1.0,120.0,7.0,2.0,0.0,2.7142857142857144,2.8,0.0,10.0,0.0,0.0,212.0,4.066666666666666,0.0,0.0,0.38095238095238093,1.0,24.5,42.0,1.0,49.0,1
2018,9,Austrian Grand Prix,2018-07-01,BOT,Valtteri Bottas,Mercedes,red_bull_ring,Red Bull Ring,1.0,1.0,1.0,1.0,92.0,8.0,0.0,0.0,5.25,6.0,0.0,10.0,0.0,0.0,237.0,3.875,0.0,0.0,0.42857142857142855,0.0,23.2,45.9,0.0,37.1,0
2018,9,Austrian Grand Prix,2018-07-01,HAM,Lewis Hamilton,Mercedes,red_bull_ring,Red Bull Ring,2.0,2.0,0.5,0.5,145.0,8.0,3.0,0.0,2.5,2.2,0.0,10.0,0.0,0.0,237.0,4.764705882352941,1.0,0.0,0.42857142857142855,0.0,23.2,45.9,0.0,37.1,0
2018,10,British Grand Prix,2018-07-08,BOT,Valtteri Bottas,Mercedes,silverstone,Silverstone Circuit,4.0,4.0,0.25,0.25,92.0,9.0,0.0,1.0,6.777777777777778,7.0,1.0,10.0,0.0,0.0,237.0,5.388888888888889,1.0,0.0,0.47619047619047616,0.0,27.4,52.2,0.0,38.7,0
2018,10,British Grand Prix,2018-07-08,HAM,Lewis Hamilton,Mercedes,silverstone,Silverstone Circuit,1.0,1.0,1.0,1.0,145.0,9.0,3.0,0.0,4.0,5.2,0.0,10.0,0.0,0.0,249.0,5.315789473684211,1.0,0.0,0.47619047619047616,0.0,27.4,52.2,0.0,38.7,0
2018,11,German Grand Prix,2018-07-22,BOT,Valtteri Bottas,Mercedes,hockenheimring,Hockenheimring,2.0,2.0,0.5,0.5,104.0,10.0,0.0,1.0,6.5,7.4,1.0,10.0,0.0,0.0,267.0,5.15,1.0,0.0,0.5238095238095238,1.0,26.4,40.7,1.0,54.8,0
2018,11,German Grand Prix,2018-07-22,HAM,Lewis Hamilton,Mercedes,hockenheimring,Hockenheimring,14.0,14.0,0.07142857142857142,0.07142857142857142,163.0,10.0,3.0,0.0,3.8,5.4,0.0,10.0,0.0,0.0,285.0,5.0,1.0,0.0,0.5238095238095238,1.0,26.4,40.7,1.0,54.8,1
2018,12,Hungarian Grand Prix,2018-07-29,BOT,Valtteri Bottas,Mercedes,hungaroring,Hungaroring,2.0,2.0,0.5,0.5,122.0,11.0,0.0,1.0,6.090909090909091,6.8,1.0,10.0,0.0,0.0,310.0,4.818181818181818,1.0,0.0,0.5714285714285714,0.0,33.8,51.1,0.0,33.0,0
2018,12,Hungarian Grand Prix,2018-07-29,HAM,Lewis Hamilton,Mercedes,hungaroring,Hungaroring,1.0,1.0,1.0,1.0,188.0,11.0,4.0,0.0,3.5454545454545454,5.0,0.0,10.0,0.0,0.0,320.0,4.826086956521739,1.0,0.0,0.5714285714285714,0.0,33.8,51.1,0.0,33.0,1
2018,13,Belgian Grand Prix,2018-08-26,BOT,Valtteri Bottas,Mercedes,spa,Circuit de Spa-Francorchamps,10.0,19.0,0.1,0.05263157894736842,132.0,12.0,0.0,1.0,6.0,7.4,1.0,10.0,0.0,0.0,345.0,4.666666666666667,1.0,0.0,0.6190476190476191,0.0,17.3,27.9,0.0,37.7,0
2018,13,Belgian Grand Prix,2018-08-26,HAM,Lewis Hamilton,Mercedes,spa,Circuit de Spa-Francorchamps,1.0,1.0,1.0,1.0,213.0,12.0,5.0,0.0,3.3333333333333335,4.2,0.0,10.0,0.0,0.0,357.0,4.64,1.0,0.0,0.6190476190476191,0.0,17.3,27.9,0.0,37.7,0
2018,14,Italian Grand Prix,2018-09-02,BOT,Valtteri Bottas,Mercedes,monza,Autodromo Nazionale di Monza,4.0,4.0,0.25,0.25,144.0,13.0,0.0,1.0,5.846153846153846,6.8,1.0,10.0,0.0,0.0,375.0,4.538461538461538,1.0,0.0,0.6666666666666666,1.0,22.2,30.8,1.0,63.8,0
2018,14,Italian Grand Prix,2018-09-02,HAM,Lewis Hamilton,Mercedes,monza,Autodromo Nazionale di Monza,3.0,3.0,0.3333333333333333,0.3333333333333333,231.0,13.0,5.0,0.0,3.230769230769231,4.4,0.0,10.0,0.0,0.0,390.0,4.481481481481482,1.0,0.0,0.6666666666666666,1.0,22.2,30.8,1.0,63.8,1
2018,15,Singapore Grand Prix,2018-09-16,BOT,Valtteri Bottas,Mercedes,marina_bay,Marina Bay Street Circuit,4.0,4.0,0.25,0.25,159.0,14.0,0.0,1.0,5.642857142857143,3.6,0.0,10.0,0.0,0.0,415.0,4.357142857142857,1.0,0.0,0.7142857142857143,0.0,29.9,33.1,0.0,66.0,0
2018,15,Singapore Grand Prix,2018-09-16,HAM,Lewis Hamilton,Mercedes,marina_bay,Marina Bay Street Circuit,1.0,1.0,1.0,1.0,256.0,14.0,6.0,0.0,3.0714285714285716,1.4,0.0,10.0,0.0,0.0,427.0,4.344827586206897,1.0,0.0,0.7142857142857143,0.0,29.9,33.1,0.0,66.0,1
2018,16,Russian Grand Prix,2018-09-30,BOT,Valtteri Bottas,Mercedes,sochi,Sochi Autodrom,1.0,1.0,1.0,1.0,171.0,15.0,0.0,1.0,5.533333333333333,3.6,0.0,10.0,0.0,0.0,452.0,4.233333333333333,1.0,0.0,0.7619047619047619,1.0,24.8,29.9,1.0,61.3,0
2018,16,Russian Grand Prix,2018-09-30,HAM,Lewis Hamilton,Mercedes,sochi,Sochi Autodrom,2.0,2.0,0.5,0.5,281.0,15.0,7.0,0.0,2.933333333333333,1.2,0.0,10.0,0.0,0.0,470.0,4.161290322580645,1.0,0.0,0.7619047619047619,1.0,24.8,29.9,1.0,61.3,1
2018,17,Japanese Grand Prix,2018-10-07,BOT,Valtteri Bottas,Mercedes,suzuka,Suzuka Circuit,2.0,2.0,0.5,0.5,189.0,16.0,0.0,1.0,5.3125,3.6,0.0,10.0,0.0,0.0,495.0,4.0625,1.0,0.0,0.8095238095238095,0.0,28.3,37.2,0.0,50.5,0
2018,17,Japanese Grand Prix,2018-10-07,HAM,Lewis Hamilton,Mercedes,suzuka,Suzuka Circuit,1.0,1.0,1.0,1.0,306.0,16.0,8.0,0.0,2.8125,1.2,0.0,10.0,0.0,0.0,513.0,4.0,1.0,0.0,0.8095238095238095,0.0,28.3,37.2,0.0,50.5,1
2018,18,United States Grand Prix,2018-10-21,BOT,Valtteri Bottas,Mercedes,americas,Circuit of the Americas,4.0,3.0,0.25,0.3333333333333333,207.0,17.0,0.0,1.0,5.117647058823529,3.0,0.0,10.0,0.0,0.0,538.0,3.911764705882353,1.0,0.0,0.8571428571428571,0.0,21.9,30.5,0.0,37.6,0
2018,18,United States Grand Prix,2018-10-21,HAM,Lewis Hamilton,Mercedes,americas,Circuit of the Americas,1.0,1.0,1.0,1.0,331.0,17.0,9.0,0.0,2.7058823529411766,1.2,0.0,10.0,0.0,0.0,548.0,3.942857142857143,1.0,0.0,0.8571428571428571,0.0,21.9,30.5,0.0,37.6,0
2018,19,Mexican Grand Prix,2018-10-28,BOT,Valtteri Bottas,Mercedes,rodriguez,Autódromo Hermanos Rodríguez,5.0,5.0,0.2,0.2,217.0,18.0,0.0,1.0,5.111111111111111,3.2,0.0,10.0,0.0,0.0,563.0,3.9166666666666665,1.0,0.0,0.9047619047619048,0.0,20.1,34.5,0.0,50.7,0
2018,19,Mexican Grand Prix,2018-10-28,HAM,Lewis Hamilton,Mercedes,rodriguez,Autódromo Hermanos Rodríguez,3.0,3.0,0.3333333333333333,0.3333333333333333,346.0,18.0,9.0,0.0,2.7222222222222223,1.4,0.0,10.0,0.0,0.0,573.0,3.945945945945946,1.0,0.0,0.9047619047619048,0.0,20.1,34.5,0.0,50.7,0
2018,20,Brazilian Grand Prix,2018-11-11,BOT,Valtteri Bottas,Mercedes,interlagos,Autódromo José Carlos Pace,3.0,3.0,0.3333333333333333,0.3333333333333333,227.0,19.0,0.0,1.0,5.105263157894737,3.6,0.0,10.0,0.0,0.0,585.0,3.9473684210526314,1.0,0.0,0.9523809523809523,0.0,23.8,40.1,0.0,75.4,0
2018,20,Brazilian Grand Prix,2018-11-11,HAM,Lewis Hamilton,Mercedes,interlagos,Autódromo José Carlos Pace,1.0,1.0,1.0,1.0,358.0,19.0,9.0,0.0,2.789473684210526,2.0,0.0,10.0,0.0,0.0,595.0,3.9743589743589745,1.0,0.0,0.9523809523809523,0.0,23.8,40.1,0.0,75.4,1
2018,21,Abu Dhabi Grand Prix,2018-11-25,BOT,Valtteri Bottas,Mercedes,yas_marina,Yas Marina Circuit,2.0,2.0,0.5,0.5,237.0,20.0,0.0,1.0,5.1,3.8,0.0,10.0,0.0,0.0,620.0,3.9,1.0,0.0,1.0,1.0,31.3,33.3,1.0,45.4,0
2018,21,Abu Dhabi Grand Prix,2018-11-25,HAM,Lewis Hamilton,Mercedes,yas_marina,Yas Marina Circuit,1.0,1.0,1.0,1.0,383.0,20.0,10.0,0.0,2.7,2.0,0.0,10.0,0.0,0.0,630.0,3.926829268292683,1.0,0.0,1.0,1.0,31.3,33.3,1.0,45.4,1
2019,1,Australian Grand Prix,2019-03-17,BOT,Valtteri Bottas,Mercedes,albert_park,Albert Park Grand Prix Circuit,2.0,2.0,0.5,0.5,0.0,0.0,0.0,0.0,11.375,4.4,0.0,8.0,1.0,0.0,0.0,11.416666666666666,0.0,0.0,0.047619047619047616,0.0,23.5,41.3,0.0,70.5,1
2019,1,Australian Grand Prix,2019-03-17,HAM,Lewis Hamilton,Mercedes,albert_park,Albert Park Grand Prix Circuit,1.0,1.0,1.0,1.0,0.0,0.0,0.0,0.0,11.375,2.0,0.0,2.0,1.0,0.0,26.0,1.0,0.0,0.0,0.047619047619047616,0.0,23.5,41.3,0.0,70.5,0
2019,2,Bahrain Grand Prix,2019-03-31,BOT,Valtteri Bottas,Mercedes,bahrain,Bahrain International Circuit,4.0,4.0,0.25,0.25,26.0,1.0,1.0,0.0,1.0,4.2,0.0,2.0,1.0,0.0,44.0,1.5,0.0,0.0,0.09523809523809523,0.0,26.2,28.6,0.0,53.4,0
2019,2,Bahrain Grand Prix,2019-03-31,HAM,Lewis Hamilton,Mercedes,bahrain,Bahrain International Circuit,3.0,3.0,0.3333333333333333,0.3333333333333333,18.0,1.0,0.0,0.0,2.0,2.2,0.0,3.0,1.0,0.0,62.0,1.6666666666666667,0.0,0.0,0.09523809523809523,0.0,26.2,28.6,0.0,53.4,1
2019,3,Chinese Grand Prix,2019-04-14,BOT,Valtteri Bottas,Mercedes,shanghai,Shanghai International Circuit,1.0,1.0,1.0,1.0,44.0,2.0,1.0,0.0,1.5,3.6,0.0,2.0,1.0,0.0,87.0,1.5,0.0,0.0,0.14285714285714285,0.0,19.3,27.3,0.0,46.0,0
2019,3,Chinese Grand Prix,2019-04-14,HAM,Lewis Hamilton,Mercedes,shanghai,Shanghai International Circuit,2.0,2.0,0.5,0.5,43.0,2.0,1.0,0.0,1.5,1.8,0.0,4.0,1.0,0.0,105.0,1.6,0.0,0.0,0.14285714285714285,0.0,19.3,27.3,0.0,46.0,1
2019,4,Azerbaijan Grand Prix,2019-04-28,BOT,Valtteri Bottas,Mercedes,baku,Baku City Circuit,1.0,1.0,1.0,1.0,62.0,3.0,1.0,0.0,1.6666666666666667,3.0,0.0,14.0,1.0,0.0,130.0,1.5,0.0,0.0,0.19047619047619047,0.0,19.8,39.7,0.0,51.4,1
2019,4,Azerbaijan Grand Prix,2019-04-28,HAM,Lewis Hamilton,Mercedes,baku,Baku City Circuit,2.0,2.0,0.5,0.5,68.0,3.0,2.0,0.0,1.3333333333333333,1.2,0.0,1.0,1.0,0.0,155.0,1.4285714285714286,0.0,0.0,0.19047619047619047,0.0,19.8,39.7,0.0,51.4,0
2019,5,Spanish Grand Prix,2019-05-12,BOT,Valtteri Bottas,Mercedes,catalunya,Circuit de Barcelona-Catalunya,1.0,1.0,1.0,1.0,87.0,4.0,2.0,0.0,1.5,2.2,0.0,2.0,1.0,0.0,173.0,1.5,0.0,0.0,0.23809523809523808,0.0,20.1,40.7,0.0,54.7,0
2019,5,Spanish Grand Prix,2019-05-12,HAM,Lewis Hamilton,Mercedes,catalunya,Circuit de Barcelona-Catalunya,2.0,2.0,0.5,0.5,86.0,4.0,2.0,0.0,1.5,1.4,0.0,1.0,1.0,0.0,191.0,1.5555555555555556,0.0,0.0,0.23809523809523808,0.0,20.1,40.7,0.0,54.7,1
2019,6,Monaco Grand Prix,2019-05-26,BOT,Valtteri Bottas,Mercedes,monaco,Circuit de Monaco,2.0,2.0,0.5,0.5,105.0,5.0,2.0,0.0,1.6,1.6,0.0,5.0,1.0,0.0,217.0,1.5,0.0,0.0,0.2857142857142857,1.0,22.8,32.7,1.0,52.7,0
2019,6,Monaco Grand Prix,2019-05-26,HAM,Lewis Hamilton,Mercedes,monaco,Circuit de Monaco,1.0,1.0,1.0,1.0,112.0,5.0,3.0,0.0,1.4,1.4,0.0,3.0,1.0,0.0,232.0,1.6363636363636365,0.0,0.0,0.2857142857142857,1.0,22.8,32.7,1.0,52.7,1
2019,7,Canadian Grand Prix,2019-06-09,BOT,Valtteri Bottas,Mercedes,villeneuve,Circuit Gilles Villeneuve,6.0,6.0,0.16666666666666666,0.16666666666666666,120.0,6.0,2.0,0.0,1.8333333333333333,2.0,0.0,2.0,1.0,0.0,257.0,1.5833333333333333,0.0,0.0,0.3333333333333333,0.0,29.4,51.1,0.0,16.1,0
2019,7,Canadian Grand Prix,2019-06-09,HAM,Lewis Hamilton,Mercedes,villeneuve,Circuit Gilles Villeneuve,2.0,2.0,0.5,0.5,137.0,6.0,4.0,0.0,1.3333333333333333,1.2,0.0,5.0,1.0,0.0,270.0,1.7692307692307692,0.0,0.0,0.3333333333333333,0.0,29.4,51.1,0.0,16.1,1
2019,8,French Grand Prix,2019-06-23,BOT,Valtteri Bottas,Mercedes,ricard,Circuit Paul Ricard,2.0,2.0,0.5,0.5,133.0,7.0,2.0,0.0,2.142857142857143,2.4,0.0,7.0,1.0,0.0,295.0,1.7142857142857142,0.0,0.0,0.38095238095238093,0.0,26.9,54.5,0.0,39.1,0
2019,8,French Grand Prix,2019-06-23,HAM,Lewis Hamilton,Mercedes,ricard,Circuit Paul Ricard,1.0,1.0,1.0,1.0,162.0,7.0,5.0,0.0,1.2857142857142858,1.2,0.0,1.0,1.0,0.0,313.0,1.7333333333333334,0.0,0.0,0.38095238095238093,0.0,26.9,54.5,0.0,39.1,1
2019,9,Austrian Grand Prix,2019-06-30,BOT,Valtteri Bottas,Mercedes,red_bull_ring,Red Bull Ring,4.0,3.0,0.25,0.3333333333333333,151.0,8.0,2.0,0.0,2.125,2.4,0.0,19.0,1.0,1.0,338.0,1.6875,0.0,0.0,0.42857142857142855,0.0,34.4,50.7,0.0,18.0,0
2019,9,Austrian Grand Prix,2019-06-30,HAM,Lewis Hamilton,Mercedes,red_bull_ring,Red Bull Ring,2.0,4.0,0.5,0.25,187.0,8.0,6.0,0.0,1.25,1.2,0.0,16.0,1.0,0.0,353.0,1.7647058823529411,0.0,0.0,0.42857142857142855,0.0,34.4,50.7,0.0,18.0,0
2019,10,British Grand Prix,2019-07-14,BOT,Valtteri Bottas,Mercedes,silverstone,Silverstone Circuit,1.0,1.0,1.0,1.0,166.0,9.0,2.0,0.0,2.2222222222222223,2.8,0.0,4.0,1.0,0.0,363.0,1.9444444444444444,0.0,0.0,0.47619047619047616,0.0,18.9,30.3,0.0,62.1,0
2019,10,British Grand Prix,2019-07-14,HAM,Lewis Hamilton,Mercedes,silverstone,Silverstone Circuit,2.0,2.0,0.5,0.5,197.0,9.0,6.0,0.0,1.6666666666666667,1.8,0.0,2.0,1.0,0.0,381.0,1.9473684210526316,0.0,0.0,0.47619047619047616,0.0,18.9,30.3,0.0,62.1,1
2019,11,German Grand Prix,2019-07-28,BOT,Valtteri Bottas,Mercedes,hockenheimring,Hockenheimring,3.0,3.0,0.3333333333333333,0.3333333333333333,184.0,10.0,2.0,0.0,2.2,2.8,0.0,2.0,1.0,0.0,407.0,1.9,0.0,0.0,0.5238095238095238,1.0,21.5,26.4,1.0,87.8,0
2019,11,German Grand Prix,2019-07-28,HAM,Lewis Hamilton,Mercedes,hockenheimring,Hockenheimring,1.0,1.0,1.0,1.0,223.0,10.0,7.0,0.0,1.6,1.8,0.0,1.0,1.0,0.0,407.0,2.5238095238095237,1.0,0.0,0.5238095238095238,1.0,21.5,26.4,1.0,87.8,0
2019,12,Hungarian Grand Prix,2019-08-04,BOT,Valtteri Bottas,Mercedes,hungaroring,Hungaroring,2.0,2.0,0.5,0.5,184.0,11.0,2.0,1.0,3.3636363636363638,5.2,1.0,5.0,1.0,0.0,409.0,2.8181818181818183,1.0,0.0,0.5714285714285714,0.0,25.7,44.1,0.0,33.9,0
2019,12,Hungarian Grand Prix,2019-08-04,HAM,Lewis Hamilton,Mercedes,hungaroring,Hungaroring,3.0,3.0,0.3333333333333333,0.3333333333333333,225.0,11.0,7.0,0.0,2.272727272727273,3.4,0.0,1.0,1.0,0.0,413.0,3.0434782608695654,1.0,0.0,0.5714285714285714,0.0,25.7,44.1,0.0,33.9,1
2019,13,Belgian Grand Prix,2019-09-01,BOT,Valtteri Bottas,Mercedes,spa,Circuit de Spa-Francorchamps,4.0,4.0,0.25,0.25,188.0,12.0,2.0,1.0,3.75,6.0,1.0,4.0,1.0,0.0,438.0,2.9583333333333335,1.0,0.0,0.6190476190476191,0.0,17.4,28.1,0.0,57.0,0
2019,13,Belgian Grand Prix,2019-09-01,HAM,Lewis Hamilton,Mercedes,spa,Circuit de Spa-Francorchamps,3.0,3.0,0.3333333333333333,0.3333333333333333,250.0,12.0,8.0,0.0,2.1666666666666665,3.4,0.0,2.0,1.0,0.0,453.0,2.96,1.0,0.0,0.6190476190476191,0.0,17.4,28.1,0.0,57.0,0
2019,14,Italian Grand Prix,2019-09-08,BOT,Valtteri Bottas,Mercedes,monza,Autodromo Nazionale di Monza,3.0,3.0,0.3333333333333333,0.3333333333333333,203.0,13.0,2.0,1.0,3.6923076923076925,6.2,1.0,3.0,1.0,0.0,471.0,2.923076923076923,1.0,0.0,0.6666666666666666,0.0,21.1,33.0,0.0,51.6,0
2019,14,Italian Grand Prix,2019-09-08,HAM,Lewis Hamilton,Mercedes,monza,Autodromo Nazionale di Monza,2.0,2.0,0.5,0.5,268.0,13.0,8.0,0.0,2.1538461538461537,3.6,0.0,1.0,1.0,0.0,489.0,2.888888888888889,1.0,0.0,0.6666666666666666,0.0,21.1,33.0,0.0,51.6,0
2019,15,Singapore Grand Prix,2019-09-22,BOT,Valtteri Bottas,Mercedes,marina_bay,Marina Bay Street Circuit,5.0,5.0,0.2,0.2,221.0,14.0,2.0,1.0,3.5714285714285716,6.0,1.0,4.0,1.0,0.0,505.0,2.892857142857143,1.0,0.0,0.7142857142857143,0.0,30.0,35.8,0.0,66.5,0
2019,15,Singapore Grand Prix,2019-09-22,HAM,Lewis Hamilton,Mercedes,marina_bay,Marina Bay Street Circuit,2.0,2.0,0.5,0.5,284.0,14.0,8.0,0.0,2.2142857142857144,3.2,0.0,1.0,1.0,0.0,515.0,2.9655172413793105,1.0,0.0,0.7142857142857143,0.0,30.0,35.8,0.0,66.5,0
2019,16,Russian Grand Prix,2019-09-29,BOT,Valtteri Bottas,Mercedes,sochi,Sochi Autodrom,5.0,4.0,0.2,0.25,231.0,15.0,2.0,1.0,3.6666666666666665,6.6,1.0,2.0,1.0,0.0,527.0,3.0,1.0,0.0,0.7619047619047619,1.0,22.0,34.3,1.0,67.4,0
2019,16,Russian Grand Prix,2019-09-29,HAM,Lewis Hamilton,Mercedes,sochi,Sochi Autodrom,2.0,2.0,0.5,0.5,296.0,15.0,8.0,0.0,2.3333333333333335,3.8,0.0,1.0,1.0,0.0,545.0,2.967741935483871,1.0,0.0,0.7619047619047619,1.0,22.0,34.3,1.0,67.4,1
2019,17,Japanese Grand Prix,2019-10-13,BOT,Valtteri Bottas,Mercedes,suzuka,Suzuka Circuit,3.0,3.0,0.3333333333333333,0.3333333333333333,249.0,16.0,2.0,1.0,3.5625,4.0,0.0,2.0,1.0,0.0,571.0,2.90625,1.0,0.0,0.8095238095238095,0.0,21.6,32.2,0.0,57.5,1
2019,17,Japanese Grand Prix,2019-10-13,HAM,Lewis Hamilton,Mercedes,suzuka,Suzuka Circuit,4.0,4.0,0.25,0.25,322.0,16.0,9.0,0.0,2.25,2.2,0.0,1.0,1.0,0.0,596.0,2.8484848484848486,1.0,0.0,0.8095238095238095,0.0,21.6,32.2,0.0,57.5,0
2019,18,Mexican Grand Prix,2019-10-27,BOT,Valtteri Bottas,Mercedes,rodriguez,Autódromo Hermanos Rodríguez,6.0,6.0,0.16666666666666666,0.16666666666666666,274.0,17.0,3.0,1.0,3.411764705882353,2.6,0.0,5.0,1.0,0.0,612.0,2.8529411764705883,1.0,0.0,0.8571428571428571,0.0,23.2,41.6,0.0,46.3,0
2019,18,Mexican Grand Prix,2019-10-27,HAM,Lewis Hamilton,Mercedes,rodriguez,Autódromo Hermanos Rodríguez,4.0,3.0,0.25,0.3333333333333333,338.0,17.0,9.0,0.0,2.2941176470588234,2.6,0.0,4.0,1.0,0.0,627.0,2.857142857142857,1.0,0.0,0.8571428571428571,0.0,23.2,41.6,0.0,46.3,1
2019,19,United States Grand Prix,2019-11-03,BOT,Valtteri Bottas,Mercedes,americas,Circuit of the Americas,1.0,1.0,1.0,1.0,289.0,18.0,3.0,1.0,3.388888888888889,2.6,0.0,5.0,1.0,0.0,652.0,2.8055555555555554,1.0,0.0,0.9047619047619048,0.0,21.5,29.1,0.0,29.2,1
2019,19,United States Grand Prix,2019-11-03,HAM,Lewis Hamilton,Mercedes,americas,Circuit of the Americas,5.0,5.0,0.2,0.2,363.0,18.0,10.0,0.0,2.2222222222222223,2.4,0.0,3.0,1.0,0.0,677.0,2.7567567567567566,1.0,0.0,0.9047619047619048,0.0,21.5,29.1,0.0,29.2,0
2019,20,Brazilian Grand Prix,2019-11-17,BOT,Valtteri Bottas,Mercedes,interlagos,Autódromo José Carlos Pace,5.0,4.0,0.2,0.25,314.0,19.0,4.0,1.0,3.263157894736842,2.4,0.0,5.0,1.0,0.0,695.0,2.736842105263158,1.0,0.0,0.9523809523809523,0.0,21.0,46.5,0.0,60.3,0
2019,20,Brazilian Grand Prix,2019-11-17,HAM,Lewis Hamilton,Mercedes,interlagos,Autódromo José Carlos Pace,3.0,3.0,0.3333333333333333,0.3333333333333333,381.0,19.0,10.0,0.0,2.210526315789474,2.2,0.0,1.0,1.0,0.0,695.0,3.1794871794871793,1.0,0.0,0.9523809523809523,0.0,21.0,46.5,0.0,60.3,0
2019,21,Abu Dhabi Grand Prix,2019-12-01,BOT,Valtteri Bottas,Mercedes,yas_marina,Yas Marina Circuit,2.0,20.0,0.5,0.05,314.0,20.0,4.0,1.0,4.1,5.4,0.0,5.0,1.0,0.0,701.0,3.275,1.0,0.0,1.0,0.0,26.0,29.6,0.0,64.5,0
2019,21,Abu Dhabi Grand Prix,2019-12-01,HAM,Lewis Hamilton,Mercedes,yas_marina,Yas Marina Circuit,1.0,1.0,1.0,1.0,387.0,20.0,10.0,0.0,2.45,2.8,0.0,1.0,1.0,0.0,713.0,3.292682926829268,1.0,0.0,1.0,0.0,26.0,29.6,0.0,64.5,1
2020,1,Austrian Grand Prix,2020-07-05,BOT,Valtteri Bottas,Mercedes,red_bull_ring,Red Bull Ring,1.0,1.0,1.0,1.0,0.0,0.0,0.0,0.0,11.375,5.8,0.0,11.0,2.0,1.0,0.0,11.416666666666666,0.0,0.0,0.058823529411764705,0.0,28.7,52.0,0.0,33.8,1
2020,1,Austrian Grand Prix,2020-07-05,HAM,Lewis Hamilton,Mercedes,red_bull_ring,Red Bull Ring,2.0,5.0,0.5,0.2,0.0,0.0,0.0,0.0,11.375,2.8,0.0,10.5,2.0,0.0,25.0,1.0,0.0,0.0,0.058823529411764705,0.0,28.7,52.0,0.0,33.8,0
2020,2,Styrian Grand Prix,2020-07-12,BOT,Valtteri Bottas,Mercedes,red_bull_ring,Red Bull Ring,4.0,4.0,0.25,0.25,25.0,1.0,1.0,0.0,1.0,5.8,0.0,7.666666666666667,3.0,1.0,37.0,2.5,0.0,0.0,0.11764705882352941,1.0,20.8,39.9,1.0,34.0,0
2020,2,Styrian Grand Prix,2020-07-12,HAM,Lewis Hamilton,Mercedes,red_bull_ring,Red Bull Ring,1.0,1.0,1.0,1.0,12.0,1.0,0.0,0.0,4.0,3.0,0.0,8.333333333333334,3.0,0.0,55.0,2.3333333333333335,0.0,0.0,0.11764705882352941,1.0,20.8,39.9,1.0,34.0,1
2020,3,Hungarian Grand Prix,2020-07-19,BOT,Valtteri Bottas,Mercedes,hungaroring,Hungaroring,2.0,2.0,0.5,0.5,43.0,2.0,1.0,0.0,1.5,5.6,0.0,6.5,2.0,0.0,80.0,2.0,0.0,0.0,0.17647058823529413,1.0,20.7,27.1,1.0,77.2,0
2020,3,Hungarian Grand Prix,2020-07-19,HAM,Lewis Hamilton,Mercedes,hungaroring,Hungaroring,1.0,1.0,1.0,1.0,37.0,2.0,1.0,0.0,2.5,3.0,0.0,1.0,2.0,0.0,95.0,2.2,0.0,0.0,0.17647058823529413,1.0,20.7,27.1,1.0,77.2,1
2020,4,British Grand Prix,2020-08-02,BOT,Valtteri Bottas,Mercedes,silverstone,Silverstone Circuit,2.0,2.0,0.5,0.5,58.0,3.0,1.0,0.0,2.0,6.0,0.0,3.0,2.0,0.0,121.0,2.0,0.0,0.0,0.23529411764705882,0.0,21.3,40.6,0.0,44.2,0
2020,4,British Grand Prix,2020-08-02,HAM,Lewis Hamilton,Mercedes,silverstone,Silverstone Circuit,1.0,1.0,1.0,1.0,63.0,3.0,2.0,0.0,2.0,2.8,0.0,1.5,2.0,0.0,121.0,3.2857142857142856,0.0,0.0,0.23529411764705882,0.0,21.3,40.6,0.0,44.2,1
2020,5,70th Anniversary Grand Prix,2020-08-09,BOT,Valtteri Bottas,Mercedes,silverstone,Silverstone Circuit,1.0,1.0,1.0,1.0,58.0,4.0,1.0,0.0,4.25,4.2,0.0,5.666666666666667,3.0,0.0,146.0,3.0,0.0,0.0,0.29411764705882354,0.0,25.3,43.2,0.0,58.6,0
2020,5,70th Anniversary Grand Prix,2020-08-09,HAM,Lewis Hamilton,Mercedes,silverstone,Silverstone Circuit,2.0,2.0,0.5,0.5,88.0,4.0,3.0,0.0,1.75,1.6,0.0,1.3333333333333333,3.0,0.0,161.0,3.0,0.0,0.0,0.29411764705882354,0.0,25.3,43.2,0.0,58.6,0
2020,6,Spanish Grand Prix,2020-08-16,BOT,Valtteri Bottas,Mercedes,catalunya,Circuit de Barcelona-Catalunya,2.0,2.0,0.5,0.5,73.0,5.0,1.0,0.0,4.0,4.0,0.0,2.0,2.0,0.0,180.0,2.9,0.0,0.0,0.35294117647058826,0.0,29.8,47.6,0.0,56.4,0
2020,6,Spanish Grand Prix,2020-08-16,HAM,Lewis Hamilton,Mercedes,catalunya,Circuit de Barcelona-Catalunya,1.0,1.0,1.0,1.0,107.0,5.0,3.0,0.0,1.8,1.8,0.0,1.0,2.0,0.0,196.0,2.909090909090909,0.0,0.0,0.35294117647058826,0.0,29.8,47.6,0.0,56.4,1
2020,7,Belgian Grand Prix,2020-08-30,BOT,Valtteri Bottas,Mercedes,spa,Circuit de Spa-Francorchamps,2.0,2.0,0.5,0.5,89.0,6.0,1.0,0.0,3.8333333333333335,4.4,0.0,3.5,2.0,0.0,221.0,2.75,0.0,0.0,0.4117647058823529,0.0,18.6,29.8,0.0,54.9,0
2020,7,Belgian Grand Prix,2020-08-30,HAM,Lewis Hamilton,Mercedes,spa,Circuit de Spa-Francorchamps,1.0,1.0,1.0,1.0,132.0,6.0,4.0,0.0,1.6666666666666667,1.2,0.0,2.0,2.0,0.0,239.0,2.6923076923076925,0.0,0.0,0.4117647058823529,0.0,18.6,29.8,0.0,54.9,1
2020,8,Italian Grand Prix,2020-09-06,BOT,Valtteri Bottas,Mercedes,monza,Autodromo Nazionale di Monza,2.0,2.0,0.5,0.5,107.0,7.0,1.0,0.0,3.5714285714285716,4.4,0.0,2.5,2.0,0.0,264.0,2.5714285714285716,0.0,0.0,0.47058823529411764,0.0,28.1,41.2,0.0,40.1,0
2020,8,Italian Grand Prix,2020-09-06,HAM,Lewis Hamilton,Mercedes,monza,Autodromo Nazionale di Monza,1.0,1.0,1.0,1.0,157.0,7.0,5.0,0.0,1.5714285714285714,1.2,0.0,2.0,2.0,0.0,274.0,2.7333333333333334,0.0,0.0,0.47058823529411764,0.0,28.1,41.2,0.0,40.1,0
2020,9,Tuscan Grand Prix,2020-09-13,BOT,Valtteri Bottas,Mercedes,mugello,Autodromo Internazionale del Mugello,2.0,2.0,0.5,0.5,117.0,8.0,1.0,0.0,3.75,4.8,0.0,10.0,0.0,0.0,281.0,3.0,0.0,0.0,0.5294117647058824,0.0,30.2,43.1,0.0,39.9,0
2020,9,Tuscan Grand Prix,2020-09-13,HAM,Lewis Hamilton,Mercedes,mugello,Autodromo Internazionale del Mugello,1.0,1.0,1.0,1.0,164.0,8.0,5.0,0.0,2.25,2.4,0.0,10.0,0.0,0.0,299.0,2.9411764705882355,0.0,0.0,0.5294117647058824,0.0,30.2,43.1,0.0,39.9,1
2020,10,Russian Grand Prix,2020-09-27,BOT,Valtteri Bottas,Mercedes,sochi,Sochi Autodrom,3.0,3.0,0.3333333333333333,0.3333333333333333,135.0,9.0,1.0,0.0,3.5555555555555554,3.0,0.0,2.0,2.0,0.0,325.0,2.8333333333333335,0.0,0.0,0.5882352941176471,0.0,28.8,40.3,0.0,51.4,1
2020,10,Russian Grand Prix,2020-09-27,HAM,Lewis Hamilton,Mercedes,sochi,Sochi Autodrom,1.0,1.0,1.0,1.0,190.0,9.0,6.0,0.0,2.111111111111111,2.4,0.0,1.0,2.0,0.0,351.0,2.736842105263158,0.0,0.0,0.5882352941176471,0.0,28.8,40.3,0.0,51.4,0
2020,11,Eifel Grand Prix,2020-10-11,BOT,Valtteri Bottas,Mercedes,nurburgring,Nürburgring,1.0,1.0,1.0,1.0,161.0,10.0,2.0,0.0,3.3,2.6,0.0,10.0,0.0,0.0,366.0,2.75,0.0,0.0,0.6470588235294118,1.0,9.5,16.4,1.0,59.4,0
2020,11,Eifel Grand Prix,2020-10-11,HAM,Lewis Hamilton,Mercedes,nurburgring,Nürburgring,2.0,2.0,0.5,0.5,205.0,10.0,6.0,0.0,2.2,2.6,0.0,10.0,0.0,0.0,366.0,3.5238095238095237,0.0,0.0,0.6470588235294118,1.0,9.5,16.4,1.0,59.4,1
2020,12,Portuguese Grand Prix,2020-10-25,BOT,Valtteri Bottas,Mercedes,portimao,Autódromo Internacional do Algarve,2.0,2.0,0.5,0.5,161.0,11.0,2.0,0.0,4.7272727272727275,5.8,0.0,10.0,0.0,0.0,391.0,3.409090909090909,0.0,0.0,0.7058823529411765,0.0,20.5,25.7,0.0,67.5,0
2020,12,Portuguese Grand Prix,2020-10-25,HAM,Lewis Hamilton,Mercedes,portimao,Autódromo Internacional do Algarve,1.0,1.0,1.0,1.0,230.0,11.0,7.0,0.0,2.090909090909091,2.6,0.0,10.0,0.0,0.0,409.0,3.347826086956522,0.0,0.0,0.7058823529411765,0.0,20.5,25.7,0.0,67.5,1
2020,13,Emilia Romagna Grand Prix,2020-11-01,BOT,Valtteri Bottas,Mercedes,imola,Autodromo Enzo e Dino Ferrari,1.0,1.0,1.0,1.0,179.0,12.0,2.0,0.0,4.5,5.8,0.0,10.0,0.0,0.0,435.0,3.25,0.0,0.0,0.7647058823529411,0.0,18.0,23.3,0.0,71.1,0
2020,13,Emilia Romagna Grand Prix,2020-11-01,HAM,Lewis Hamilton,Mercedes,imola,Autodromo Enzo e Dino Ferrari,2.0,2.0,0.5,0.5,256.0,12.0,8.0,0.0,2.0,2.6,0.0,10.0,0.0,0.0,453.0,3.2,0.0,0.0,0.7647058823529411,0.0,18.0,23.3,0.0,71.1,1
2020,14,Turkish Grand Prix,2020-11-15,BOT,Valtteri Bottas,Mercedes,istanbul,Istanbul Park,9.0,9.0,0.1111111111111111,0.1111111111111111,197.0,13.0,2.0,0.0,4.3076923076923075,5.2,0.0,10.0,0.0,0.0,479.0,3.1153846153846154,0.0,0.0,0.8235294117647058,1.0,13.1,15.2,1.0,80.2,0
2020,14,Turkish Grand Prix,2020-11-15,HAM,Lewis Hamilton,Mercedes,istanbul,Istanbul Park,6.0,6.0,0.16666666666666666,0.16666666666666666,282.0,13.0,9.0,0.0,1.9230769230769231,1.4,0.0,10.0,0.0,0.0,479.0,3.5185185185185186,0.0,0.0,0.8235294117647058,1.0,13.1,15.2,1.0,80.2,1
2020,15,Bahrain Grand Prix,2020-11-29,BOT,Valtteri Bottas,Mercedes,bahrain,Bahrain International Circuit,2.0,2.0,0.5,0.5,197.0,14.0,2.0,0.0,5.0,7.6,0.0,2.0,2.0,0.0,504.0,3.4285714285714284,0.0,0.0,0.8823529411764706,0.0,25.1,27.5,0.0,67.8,0
2020,15,Bahrain Grand Prix,2020-11-29,HAM,Lewis Hamilton,Mercedes,bahrain,Bahrain International Circuit,1.0,1.0,1.0,1.0,307.0,14.0,10.0,0.0,1.8571428571428572,1.4,0.0,2.0,2.0,0.0,508.0,3.586206896551724,0.0,0.0,0.8823529411764706,0.0,25.1,27.5,0.0,67.8,1
2020,16,Sakhir Grand Prix,2020-12-06,BOT,Valtteri Bottas,Mercedes,bahrain,Bahrain International Circuit,1.0,1.0,1.0,1.0,201.0,15.0,2.0,0.0,5.2,9.0,0.0,4.0,3.0,0.0,533.0,3.5,0.0,0.0,0.9411764705882353,0.0,20.9,23.5,0.0,58.2,0
2020,16,Sakhir Grand Prix,2020-12-06,RUS,George Russell,Mercedes,bahrain,Bahrain International Circuit,2.0,2.0,0.5,0.5,0.0,15.0,0.0,2.0,15.733333333333333,15.6,2.0,13.5,2.0,0.0,537.0,3.6451612903225805,0.0,0.0,0.9411764705882353,0.0,20.9,23.5,0.0,58.2,0
2020,17,Abu Dhabi Grand Prix,2020-12-13,BOT,Valtteri Bottas,Mercedes,yas_marina,Yas Marina Circuit,2.0,2.0,0.5,0.5,205.0,16.0,2.0,0.0,5.375,6.8,0.0,4.5,2.0,0.0,540.0,3.8125,0.0,0.0,1.0,0.0,23.1,28.0,0.0,55.4,0
2020,17,Abu Dhabi Grand Prix,2020-12-13,HAM,Lewis Hamilton,Mercedes,yas_marina,Yas Marina Circuit,3.0,3.0,0.3333333333333333,0.3333333333333333,332.0,15.0,11.0,0.0,1.8,1.0,0.0,1.0,2.0,0.0,558.0,3.757575757575758,0.0,0.0,1.0,0.0,23.1,28.0,0.0,55.4,0
2021,1,Bahrain Grand Prix,2021-03-28,BOT,Valtteri Bottas,Mercedes,bahrain,Bahrain International Circuit,3.0,3.0,0.3333333333333333,0.3333333333333333,0.0,0.0,0.0,0.0,11.375,6.8,0.0,5.0,4.0,0.0,0.0,11.416666666666666,0.0,0.0,0.045454545454545456,0.0,20.5,27.6,0.0,54.5,0
2021,1,Bahrain Grand Prix,2021-03-28,HAM,Lewis Hamilton,Mercedes,bahrain,Bahrain International Circuit,2.0,2.0,0.5,0.5,0.0,0.0,0.0,0.0,11.375,1.4,0.0,1.6666666666666667,3.0,0.0,16.0,3.0,0.0,0.0,0.045454545454545456,0.0,20.5,27.6,0.0,54.5,1
2021,2,Emilia Romagna Grand Prix,2021-04-18,BOT,Valtteri Bottas,Mercedes,imola,Autodromo Enzo e Dino Ferrari,8.0,8.0,0.125,0.125,16.0,1.0,0.0,0.0,3.0,7.0,0.0,2.0,1.0,0.0,41.0,2.0,0.0,0.0,0.09090909090909091,1.0,10.6,16.8,1.0,69.5,0
2021,2,Emilia Romagna Grand Prix,2021-04-18,HAM,Lewis Hamilton,Mercedes,imola,Autodromo Enzo e Dino Ferrari,1.0,1.0,1.0,1.0,25.0,1.0,1.0,0.0,1.0,1.4,0.0,1.0,1.0,0.0,41.0,7.333333333333333,1.0,0.0,0.09090909090909091,1.0,10.6,16.8,1.0,69.5,0
2021,3,Portuguese Grand Prix,2021-05-02,BOT,Valtteri Bottas,Mercedes,portimao,Autódromo Internacional do Algarve,1.0,1.0,1.0,1.0,16.0,2.0,0.0,1.0,10.5,7.8,1.0,2.0,1.0,0.0,60.0,6.0,1.0,0.0,0.13636363636363635,0.0,19.4,39.0,0.0,39.4,0
2021,3,Portuguese Grand Prix,2021-05-02,HAM,Lewis Hamilton,Mercedes,portimao,Autódromo Internacional do Algarve,2.0,2.0,0.5,0.5,44.0,2.0,1.0,0.0,1.5,1.6,0.0,1.0,1.0,0.0,76.0,5.4,1.0,0.0,0.13636363636363635,0.0,19.4,39.0,0.0,39.4,1
2021,4,Spanish Grand Prix,2021-05-09,BOT,Valtteri Bottas,Mercedes,catalunya,Circuit de Barcelona-Catalunya,3.0,3.0,0.3333333333333333,0.3333333333333333,32.0,3.0,0.0,1.0,8.0,6.8,1.0,2.3333333333333335,3.0,0.0,101.0,4.666666666666667,1.0,0.0,0.18181818181818182,0.0,22.2,32.9,0.0,57.6,0
2021,4,Spanish Grand Prix,2021-05-09,HAM,Lewis Hamilton,Mercedes,catalunya,Circuit de Barcelona-Catalunya,1.0,1.0,1.0,1.0,69.0,3.0,2.0,0.0,1.3333333333333333,1.6,0.0,1.0,3.0,0.0,116.0,4.428571428571429,1.0,0.0,0.18181818181818182,0.0,22.2,32.9,0.0,57.6,1
2021,5,Monaco Grand Prix,2021-05-23,BOT,Valtteri Bottas,Mercedes,monaco,Circuit de Monaco,3.0,3.0,0.3333333333333333,0.3333333333333333,47.0,4.0,0.0,1.0,6.75,5.8,1.0,4.0,2.0,0.0,141.0,4.0,1.0,0.0,0.22727272727272727,0.0,20.8,37.6,0.0,61.4,0
2021,5,Monaco Grand Prix,2021-05-23,HAM,Lewis Hamilton,Mercedes,monaco,Circuit de Monaco,7.0,7.0,0.14285714285714285,0.14285714285714285,94.0,4.0,3.0,0.0,1.25,1.6,0.0,2.0,2.0,0.0,141.0,5.666666666666667,1.0,0.0,0.22727272727272727,0.0,20.8,37.6,0.0,61.4,0
2021,6,Azerbaijan Grand Prix,2021-06-06,BOT,Valtteri Bottas,Mercedes,baku,Baku City Circuit,10.0,10.0,0.1,0.1,47.0,5.0,0.0,1.0,9.2,9.2,1.0,7.5,2.0,0.0,148.0,5.8,1.0,0.0,0.2727272727272727,0.0,24.2,38.3,0.0,55.8,0
2021,6,Azerbaijan Grand Prix,2021-06-06,HAM,Lewis Hamilton,Mercedes,baku,Baku City Circuit,2.0,2.0,0.5,0.5,101.0,5.0,3.0,0.0,2.4,2.4,0.0,1.5,2.0,0.0,148.0,6.363636363636363,1.0,0.0,0.2727272727272727,0.0,24.2,38.3,0.0,55.8,0
2021,7,French Grand Prix,2021-06-20,BOT,Valtteri Bottas,Mercedes,ricard,Circuit Paul Ricard,3.0,3.0,0.3333333333333333,0.3333333333333333,47.0,6.0,0.0,1.0,9.666666666666666,11.0,1.0,4.5,2.0,0.0,148.0,7.083333333333333,1.0,0.0,0.3181818181818182,0.0,25.3,35.2,0.0,58.6,0
2021,7,French Grand Prix,2021-06-20,HAM,Lewis Hamilton,Mercedes,ricard,Circuit Paul Ricard,2.0,2.0,0.5,0.5,101.0,6.0,3.0,0.0,4.5,5.2,0.0,1.0,2.0,0.0,160.0,6.846153846153846,1.0,0.0,0.3181818181818182,0.0,25.3,35.2,0.0,58.6,0
2021,8,Styrian Grand Prix,2021-06-27,BOT,Valtteri Bottas,Mercedes,red_bull_ring,Red Bull Ring,2.0,5.0,0.5,0.2,59.0,7.0,0.0,1.0,8.857142857142858,8.2,0.0,6.25,4.0,1.0,178.0,6.5,1.0,0.0,0.36363636363636365,0.0,26.7,52.4,0.0,33.2,0
2021,8,Styrian Grand Prix,2021-06-27,HAM,Lewis Hamilton,Mercedes,red_bull_ring,Red Bull Ring,3.0,2.0,0.3333333333333333,0.5,119.0,7.0,3.0,0.0,4.142857142857143,5.2,0.0,6.5,4.0,0.0,193.0,6.266666666666667,1.0,0.0,0.36363636363636365,0.0,26.7,52.4,0.0,33.2,0
2021,9,Austrian Grand Prix,2021-07-04,BOT,Valtteri Bottas,Mercedes,red_bull_ring,Red Bull Ring,5.0,5.0,0.2,0.2,74.0,8.0,0.0,1.0,8.125,8.2,0.0,5.6,5.0,1.0,212.0,6.0,1.0,0.0,0.4090909090909091,1.0,21.0,33.2,1.0,49.7,0
2021,9,Austrian Grand Prix,2021-07-04,HAM,Lewis Hamilton,Mercedes,red_bull_ring,Red Bull Ring,4.0,4.0,0.25,0.25,138.0,8.0,3.0,0.0,3.875,5.4,0.0,5.6,5.0,0.0,230.0,5.764705882352941,1.0,0.0,0.4090909090909091,1.0,21.0,33.2,1.0,49.7,0
2021,10,British Grand Prix,2021-07-18,BOT,Valtteri Bottas,Mercedes,silverstone,Silverstone Circuit,3.0,3.0,0.3333333333333333,0.3333333333333333,92.0,9.0,0.0,1.0,7.444444444444445,8.0,0.0,5.0,4.0,0.0,242.0,5.666666666666667,1.0,0.0,0.45454545454545453,0.0,29.4,50.9,0.0,37.2,0
2021,10,British Grand Prix,2021-07-18,HAM,Lewis Hamilton,Mercedes,silverstone,Silverstone Circuit,1.0,2.0,1.0,0.5,150.0,9.0,3.0,0.0,3.888888888888889,6.0,0.0,1.5,4.0,0.0,257.0,5.526315789473684,1.0,0.0,0.45454545454545453,0.0,29.4,50.9,0.0,37.2,1
2021,11,Hungarian Grand Prix,2021-08-01,BOT,Valtteri Bottas,Mercedes,hungaroring,Hungaroring,2.0,2.0,0.5,0.5,107.0,10.0,0.0,1.0,7.0,4.8,0.0,5.333333333333333,3.0,0.0,282.0,5.3,1.0,0.0,0.5,1.0,27.2,37.8,1.0,68.6,0
2021,11,Hungarian Grand Prix,2021-08-01,HAM,Lewis Hamilton,Mercedes,hungaroring,Hungaroring,1.0,1.0,1.0,1.0,175.0,10.0,4.0,0.0,3.6,4.8,0.0,1.0,3.0,0.0,282.0,5.809523809523809,2.0,0.0,0.5,1.0,27.2,37.8,1.0,68.6,0
2021,12,Belgian Grand Prix,2021-08-29,BOT,Valtteri Bottas,Mercedes,spa,Circuit de Spa-Francorchamps,8.0,13.0,0.125,0.07692307692307693,107.0,11.0,0.0,2.0,7.818181818181818,5.6,1.0,3.0,3.0,0.0,300.0,5.636363636363637,2.0,0.0,0.5454545454545454,1.0,13.0,15.3,1.0,96.4,0
2021,12,Belgian Grand Prix,2021-08-29,HAM,Lewis Hamilton,Mercedes,spa,Circuit de Spa-Francorchamps,3.0,3.0,0.3333333333333333,0.3333333333333333,193.0,11.0,4.0,0.0,3.4545454545454546,2.2,0.0,1.6666666666666667,3.0,0.0,300.0,5.913043478260869,2.0,0.0,0.5454545454545454,1.0,13.0,15.3,1.0,96.4,0
2021,13,Dutch Grand Prix,2021-09-05,BOT,Valtteri Bottas,Mercedes,zandvoort,Circuit Park Zandvoort,3.0,3.0,0.3333333333333333,0.3333333333333333,107.0,12.0,0.0,2.0,8.166666666666666,7.2,1.0,10.0,0.0,0.0,307.5,5.791666666666667,2.0,0.0,0.5909090909090909,0.0,21.5,36.1,0.0,54.1,0
2021,13,Dutch Grand Prix,2021-09-05,HAM,Lewis Hamilton,Mercedes,zandvoort,Circuit Park Zandvoort,2.0,2.0,0.5,0.5,200.5,12.0,4.0,0.0,3.4166666666666665,2.4,0.0,10.0,0.0,0.0,322.5,5.68,2.0,0.0,0.5909090909090909,0.0,21.5,36.1,0.0,54.1,0
2021,14,Italian Grand Prix,2021-09-12,BOT,Valtteri Bottas,Mercedes,monza,Autodromo Nazionale di Monza,1.0,19.0,1.0,0.05263157894736842,122.0,13.0,0.0,2.0,7.769230769230769,7.2,1.0,3.3333333333333335,3.0,0.0,341.5,5.538461538461538,2.0,0.0,0.6363636363636364,0.0,28.9,43.5,0.0,33.3,0
2021,14,Italian Grand Prix,2021-09-12,HAM,Lewis Hamilton,Mercedes,monza,Autodromo Nazionale di Monza,2.0,4.0,0.5,0.25,219.5,13.0,4.0,0.0,3.3076923076923075,2.4,0.0,3.6666666666666665,3.0,0.0,356.5,5.444444444444445,2.0,0.0,0.6363636363636364,0.0,28.9,43.5,0.0,33.3,0
2021,15,Russian Grand Prix,2021-09-26,BOT,Valtteri Bottas,Mercedes,sochi,Sochi Autodrom,7.0,16.0,0.14285714285714285,0.0625,137.0,14.0,0.0,2.0,7.428571428571429,7.4,1.0,1.6666666666666667,3.0,0.0,356.5,5.857142857142857,3.0,0.0,0.6818181818181818,1.0,19.1,21.8,1.0,61.9,0
2021,15,Russian Grand Prix,2021-09-26,HAM,Lewis Hamilton,Mercedes,sochi,Sochi Autodrom,4.0,4.0,0.25,0.25,219.5,14.0,4.0,1.0,4.285714285714286,5.0,1.0,1.6666666666666667,3.0,0.0,366.5,5.827586206896552,3.0,0.0,0.6818181818181818,1.0,19.1,21.8,1.0,61.9,1
2021,16,Turkish Grand Prix,2021-10-10,BOT,Valtteri Bottas,Mercedes,istanbul,Istanbul Park,2.0,1.0,0.5,1.0,147.0,15.0,0.0,2.0,7.266666666666667,7.8,1.0,14.0,1.0,0.0,391.5,5.666666666666667,3.0,0.0,0.7272727272727273,0.0,15.8,18.2,0.0,93.5,1
2021,16,Turkish Grand Prix,2021-10-10,HAM,Lewis Hamilton,Mercedes,istanbul,Istanbul Park,1.0,11.0,1.0,0.09090909090909091,244.5,15.0,5.0,1.0,4.066666666666666,5.0,1.0,1.0,1.0,0.0,417.5,5.516129032258065,3.0,0.0,0.7272727272727273,0.0,15.8,18.2,0.0,93.5,0
2021,17,United States Grand Prix,2021-10-24,BOT,Valtteri Bottas,Mercedes,americas,Circuit of the Americas,4.0,9.0,0.25,0.1111111111111111,173.0,16.0,1.0,2.0,6.875,4.8,0.0,3.0,2.0,0.0,427.5,5.5,3.0,0.0,0.7727272727272727,0.0,28.1,37.5,0.0,61.2,0
2021,17,United States Grand Prix,2021-10-24,HAM,Lewis Hamilton,Mercedes,americas,Circuit of the Americas,2.0,2.0,0.5,0.5,254.5,16.0,5.0,1.0,4.125,5.6,1.0,2.5,2.0,0.0,435.5,5.515151515151516,3.0,0.0,0.7727272727272727,0.0,28.1,37.5,0.0,61.2,0
2021,18,Mexico City Grand Prix,2021-11-07,BOT,Valtteri Bottas,Mercedes,rodriguez,Autódromo Hermanos Rodríguez,1.0,1.0,1.0,1.0,181.0,17.0,1.0,2.0,6.823529411764706,3.6,0.0,4.0,2.0,0.0,454.5,5.411764705882353,3.0,0.0,0.8181818181818182,0.0,21.2,47.6,0.0,31.2,0
2021,18,Mexico City Grand Prix,2021-11-07,HAM,Lewis Hamilton,Mercedes,rodriguez,Autódromo Hermanos Rodríguez,2.0,2.0,0.5,0.5,273.5,17.0,5.0,1.0,4.0,5.4,1.0,2.5,2.0,0.0,454.5,5.685714285714286,3.0,0.0,0.8181818181818182,0.0,21.2,47.6,0.0,31.2,0
2021,19,São Paulo Grand Prix,2021-11-14,BOT,Valtteri Bottas,Mercedes,interlagos,Autódromo José Carlos Pace,3.0,1.0,0.3333333333333333,1.0,181.0,18.0,1.0,2.0,7.277777777777778,6.0,0.0,12.5,2.0,0.0,472.5,5.583333333333333,3.0,0.0,0.8636363636363636,0.0,23.1,51.6,0.0,60.1,0
2021,19,São Paulo Grand Prix,2021-11-14,HAM,Lewis Hamilton,Mercedes,interlagos,Autódromo José Carlos Pace,1.0,10.0,1.0,0.1,291.5,18.0,5.0,1.0,3.888888888888889,5.4,1.0,4.0,2.0,0.0,487.5,5.513513513513513,3.0,0.0,0.8636363636363636,0.0,23.1,51.6,0.0,60.1,1
2021,20,Qatar Grand Prix,2021-11-21,BOT,Valtteri Bottas,Mercedes,losail,Losail International Circuit,3.0,6.0,0.3333333333333333,0.16666666666666666,196.0,19.0,1.0,2.0,7.052631578947368,6.0,0.0,10.0,0.0,0.0,512.5,5.394736842105263,3.0,0.0,0.9090909090909091,1.0,26.4,30.6,1.0,75.5,0
2021,20,Qatar Grand Prix,2021-11-21,HAM,Lewis Hamilton,Mercedes,losail,Losail International Circuit,1.0,1.0,1.0,1.0,316.5,19.0,6.0,1.0,3.736842105263158,2.2,0.0,10.0,0.0,0.0,512.5,5.769230769230769,3.0,0.0,0.9090909090909091,1.0,26.4,30.6,1.0,75.5,1
2021,21,Saudi Arabian Grand Prix,2021-12-05,BOT,Valtteri Bottas,Mercedes,jeddah,Jeddah Corniche Circuit,2.0,2.0,0.5,0.5,196.0,20.0,1.0,2.0,7.7,9.0,0.0,10.0,0.0,0.0,537.5,5.65,3.0,0.0,0.9545454545454546,0.0,28.8,31.7,0.0,76.2,0
2021,21,Saudi Arabian Grand Prix,2021-12-05,HAM,Lewis Hamilton,Mercedes,jeddah,Jeddah Corniche Circuit,1.0,1.0,1.0,1.0,341.5,20.0,7.0,1.0,3.6,2.2,0.0,10.0,0.0,0.0,552.5,5.585365853658536,3.0,0.0,0.9545454545454546,0.0,28.8,31.7,0.0,76.2,1
2021,22,Abu Dhabi Grand Prix,2021-12-12,BOT,Valtteri Bottas,Mercedes,yas_marina,Yas Marina Circuit,6.0,6.0,0.16666666666666666,0.16666666666666666,211.0,21.0,1.0,2.0,7.476190476190476,9.4,0.0,3.6666666666666665,3.0,0.0,578.5,5.476190476190476,3.0,0.0,1.0,0.0,24.5,28.5,0.0,59.1,0
2021,22,Abu Dhabi Grand Prix,2021-12-12,HAM,Lewis Hamilton,Mercedes,yas_marina,Yas Marina Circuit,2.0,2.0,0.5,0.5,367.5,21.0,8.0,1.0,3.4761904761904763,1.4,0.0,1.6666666666666667,3.0,0.0,586.5,5.488372093023256,3.0,0.0,1.0,0.0,24.5,28.5,0.0,59.1,0
2022,1,Bahrain Grand Prix,2022-03-20,HAM,Lewis Hamilton,Mercedes,bahrain,Bahrain International Circuit,5.0,5.0,0.2,0.2,0.0,0.0,0.0,0.0,11.375,1.4,0.0,1.5,4.0,0.0,0.0,11.416666666666666,0.0,1.0,0.045454545454545456,0.0,23.6,28.6,0.0,29.5,0
2022,1,Bahrain Grand Prix,2022-03-20,RUS,George Russell,Mercedes,bahrain,Bahrain International Circuit,9.0,9.0,0.1111111111111111,0.1111111111111111,0.0,0.0,0.0,0.0,11.375,16.6,2.0,12.5,4.0,0.0,15.0,3.0,0.0,1.0,0.045454545454545456,0.0,23.6,28.6,0.0,29.5,0
2022,2,Saudi Arabian Grand Prix,2022-03-27,HAM,Lewis Hamilton,Mercedes,jeddah,Jeddah Corniche Circuit,16.0,15.0,0.0625,0.06666666666666667,15.0,1.0,0.0,0.0,3.0,1.6,0.0,1.0,1.0,0.0,27.0,3.5,0.0,1.0,0.09090909090909091,0.0,25.4,28.4,0.0,59.7,0
2022,2,Saudi Arabian Grand Prix,2022-03-27,RUS,George Russell,Mercedes,jeddah,Jeddah Corniche Circuit,6.0,6.0,0.16666666666666666,0.16666666666666666,12.0,1.0,0.0,0.0,4.0,14.2,2.0,19.0,1.0,1.0,28.0,5.666666666666667,0.0,1.0,0.09090909090909091,0.0,25.4,28.4,0.0,59.7,0
2022,3,Australian Grand Prix,2022-04-10,HAM,Lewis Hamilton,Mercedes,albert_park,Albert Park Grand Prix Circuit,5.0,5.0,0.2,0.2,16.0,2.0,0.0,0.0,6.5,3.4,0.0,2.0,2.0,0.0,38.0,5.5,0.0,1.0,0.13636363636363635,0.0,26.7,37.4,0.0,43.7,0
2022,3,Australian Grand Prix,2022-04-10,RUS,George Russell,Mercedes,albert_park,Albert Park Grand Prix Circuit,6.0,6.0,0.16666666666666666,0.16666666666666666,22.0,2.0,0.0,0.0,4.5,12.6,2.0,16.0,1.0,0.0,50.0,5.2,0.0,1.0,0.13636363636363635,0.0,26.7,37.4,0.0,43.7,0
2022,4,Emilia Romagna Grand Prix,2022-04-24,HAM,Lewis Hamilton,Mercedes,imola,Autodromo Enzo e Dino Ferrari,13.0,14.0,0.07692307692307693,0.07142857142857142,28.0,3.0,0.0,0.0,5.666666666666667,4.0,0.0,1.5,2.0,0.0,65.0,4.833333333333333,0.0,1.0,0.18181818181818182,0.0,12.9,17.4,0.0,83.2,0
2022,4,Emilia Romagna Grand Prix,2022-04-24,RUS,George Russell,Mercedes,imola,Autodromo Enzo e Dino Ferrari,11.0,11.0,0.09090909090909091,0.09090909090909091,37.0,3.0,0.0,0.0,4.0,9.8,2.0,17.5,2.0,2.0,65.0,6.0,0.0,1.0,0.18181818181818182,0.0,12.9,17.4,0.0,83.2,0
2022,5,Miami Grand Prix,2022-05-08,HAM,Lewis Hamilton,Mercedes,miami,Miami International Autodrome,6.0,6.0,0.16666666666666666,0.16666666666666666,28.0,4.0,0.0,0.0,7.5,6.4,0.0,10.0,0.0,0.0,77.0,5.75,0.0,1.0,0.22727272727272727,1.0,30.6,42.8,1.0,58.9,0
2022,5,Miami Grand Prix,2022-05-08,RUS,George Russell,Mercedes,miami,Miami International Autodrome,12.0,12.0,0.08333333333333333,0.08333333333333333,49.0,4.0,0.0,0.0,4.0,6.8,1.0,10.0,0.0,0.0,85.0,5.777777777777778,0.0,1.0,0.22727272727272727,1.0,30.6,42.8,1.0,58.9,0
2022,6,Spanish Grand Prix,2022-05-22,HAM,Lewis Hamilton,Mercedes,catalunya,Circuit de Barcelona-Catalunya,6.0,6.0,0.16666666666666666,0.16666666666666666,36.0,5.0,0.0,0.0,7.2,7.2,0.0,1.0,4.0,0.0,95.0,5.7,0.0,1.0,0.2727272727272727,0.0,36.6,49.0,0.0,7.1,0
2022,6,Spanish Grand Prix,2022-05-22,RUS,George Russell,Mercedes,catalunya,Circuit de Barcelona-Catalunya,4.0,4.0,0.25,0.25,59.0,5.0,0.0,0.0,4.2,4.2,0.0,16.0,3.0,0.0,105.0,5.636363636363637,0.0,1.0,0.2727272727272727,0.0,36.6,49.0,0.0,7.1,0
2022,7,Monaco Grand Prix,2022-05-29,HAM,Lewis Hamilton,Mercedes,monaco,Circuit de Monaco,8.0,8.0,0.125,0.125,46.0,6.0,0.0,0.0,6.833333333333333,7.6,0.0,3.6666666666666665,3.0,0.0,120.0,5.416666666666667,0.0,1.0,0.3181818181818182,1.0,22.3,31.0,1.0,75.7,0
2022,7,Monaco Grand Prix,2022-05-29,RUS,George Russell,Mercedes,monaco,Circuit de Monaco,6.0,6.0,0.16666666666666666,0.16666666666666666,74.0,6.0,0.0,0.0,4.0,4.0,0.0,14.5,2.0,0.0,124.0,5.615384615384615,0.0,1.0,0.3181818181818182,1.0,22.3,31.0,1.0,75.7,0
2022,8,Azerbaijan Grand Prix,2022-06-12,HAM,Lewis Hamilton,Mercedes,baku,Baku City Circuit,7.0,7.0,0.14285714285714285,0.14285714285714285,50.0,7.0,0.0,0.0,7.0,7.2,0.0,6.0,3.0,0.0,134.0,5.571428571428571,0.0,1.0,0.36363636363636365,0.0,25.4,47.1,0.0,59.5,0
2022,8,Azerbaijan Grand Prix,2022-06-12,RUS,George Russell,Mercedes,baku,Baku City Circuit,5.0,5.0,0.2,0.2,84.0,7.0,0.0,0.0,4.142857142857143,4.0,0.0,16.0,2.0,1.0,146.0,5.466666666666667,0.0,1.0,0.36363636363636365,0.0,25.4,47.1,0.0,59.5,0
2022,9,Canadian Grand Prix,2022-06-19,HAM,Lewis Hamilton,Mercedes,villeneuve,Circuit Gilles Villeneuve,4.0,4.0,0.25,0.25,62.0,8.0,0.0,0.0,6.625,7.2,0.0,3.0,2.0,0.0,161.0,5.3125,0.0,1.0,0.4090909090909091,0.0,20.8,41.3,0.0,28.9,0
2022,9,Canadian Grand Prix,2022-06-19,RUS,George Russell,Mercedes,villeneuve,Circuit Gilles Villeneuve,8.0,8.0,0.125,0.125,99.0,8.0,0.0,0.0,4.0,4.0,0.0,16.0,1.0,0.0,176.0,5.176470588235294,0.0,1.0,0.4090909090909091,0.0,20.8,41.3,0.0,28.9,0
2022,10,British Grand Prix,2022-07-03,HAM,Lewis Hamilton,Mercedes,silverstone,Silverstone Circuit,5.0,5.0,0.2,0.2,77.0,9.0,0.0,0.0,6.222222222222222,5.2,0.0,1.4,5.0,0.0,188.0,5.111111111111111,0.0,1.0,0.45454545454545453,1.0,18.3,30.0,1.0,59.7,0
2022,10,British Grand Prix,2022-07-03,RUS,George Russell,Mercedes,silverstone,Silverstone Circuit,8.0,8.0,0.125,0.125,111.0,9.0,0.0,0.0,4.0,4.0,0.0,14.0,4.0,0.0,204.0,5.0,0.0,1.0,0.45454545454545453,1.0,18.3,30.0,1.0,59.7,0
2022,11,Austrian Grand Prix,2022-07-10,HAM,Lewis Hamilton,Mercedes,red_bull_ring,Red Bull Ring,9.0,8.0,0.1111111111111111,0.125,93.0,10.0,0.0,0.0,5.9,4.6,0.0,5.333333333333333,6.0,0.0,204.0,5.65,1.0,1.0,0.5,0.0,20.3,30.7,0.0,35.1,0
2022,11,Austrian Grand Prix,2022-07-10,RUS,George Russell,Mercedes,red_bull_ring,Red Bull Ring,4.0,4.0,0.25,0.25,111.0,10.0,0.0,1.0,5.4,6.6,1.0,15.8,5.0,1.0,219.0,5.523809523809524,1.0,1.0,0.5,0.0,20.3,30.7,0.0,35.1,0
2022,12,French Grand Prix,2022-07-24,HAM,Lewis Hamilton,Mercedes,ricard,Circuit Paul Ricard,4.0,4.0,0.25,0.25,108.0,11.0,0.0,0.0,5.636363636363637,4.2,0.0,1.3333333333333333,3.0,0.0,231.0,5.454545454545454,1.0,1.0,0.5454545454545454,0.0,30.2,54.5,0.0,47.7,0
2022,12,French Grand Prix,2022-07-24,RUS,George Russell,Mercedes,ricard,Circuit Paul Ricard,6.0,6.0,0.16666666666666666,0.16666666666666666,123.0,11.0,0.0,1.0,5.2727272727272725,6.8,1.0,15.5,2.0,0.0,249.0,5.304347826086956,1.0,1.0,0.5454545454545454,0.0,30.2,54.5,0.0,47.7,0
2022,13,Hungarian Grand Prix,2022-07-31,HAM,Lewis Hamilton,Mercedes,hungaroring,Hungaroring,7.0,7.0,0.14285714285714285,0.14285714285714285,126.0,12.0,0.0,0.0,5.333333333333333,3.0,0.0,1.25,4.0,0.0,264.0,5.208333333333333,1.0,1.0,0.5909090909090909,1.0,18.6,26.7,1.0,69.3,0
2022,13,Hungarian Grand Prix,2022-07-31,RUS,George Russell,Mercedes,hungaroring,Hungaroring,1.0,1.0,1.0,1.0,138.0,12.0,0.0,1.0,5.083333333333333,6.4,1.0,14.0,3.0,0.0,283.0,5.08,1.0,1.0,0.5909090909090909,1.0,18.6,26.7,1.0,69.3,0
2022,14,Belgian Grand Prix,2022-08-28,HAM,Lewis Hamilton,Mercedes,spa,Circuit de Spa-Francorchamps,7.0,4.0,0.14285714285714285,0.25,145.0,13.0,0.0,0.0,5.076923076923077,2.6,0.0,2.0,4.0,0.0,298.0,5.0,1.0,1.0,0.6363636363636364,0.0,21.8,36.1,0.0,40.5,0
2022,14,Belgian Grand Prix,2022-08-28,RUS,George Russell,Mercedes,spa,Circuit de Spa-Francorchamps,8.0,5.0,0.125,0.2,153.0,13.0,0.0,1.0,4.923076923076923,6.4,1.0,12.0,3.0,0.0,298.0,5.555555555555555,2.0,1.0,0.6363636363636364,0.0,21.8,36.1,0.0,40.5,0
2022,15,Dutch Grand Prix,2022-09-04,HAM,Lewis Hamilton,Mercedes,zandvoort,Circuit Park Zandvoort,4.0,4.0,0.25,0.25,145.0,14.0,0.0,1.0,6.142857142857143,6.0,1.0,2.0,1.0,0.0,310.0,5.5,2.0,1.0,0.6818181818181818,0.0,22.7,33.4,0.0,75.4,0
2022,15,Dutch Grand Prix,2022-09-04,RUS,George Russell,Mercedes,zandvoort,Circuit Park Zandvoort,6.0,6.0,0.16666666666666666,0.16666666666666666,165.0,14.0,0.0,1.0,4.857142857142857,6.4,1.0,17.0,1.0,1.0,322.0,5.448275862068965,2.0,1.0,0.6818181818181818,0.0,22.7,33.4,0.0,75.4,0
2022,16,Italian Grand Prix,2022-09-11,HAM,Lewis Hamilton,Mercedes,monza,Autodromo Nazionale di Monza,5.0,19.0,0.2,0.05263157894736842,157.0,15.0,0.0,1.0,6.0,6.2,1.0,7.0,4.0,1.0,340.0,5.333333333333333,2.0,1.0,0.7272727272727273,0.0,27.7,43.1,0.0,33.1,0
2022,16,Italian Grand Prix,2022-09-11,RUS,George Russell,Mercedes,monza,Autodromo Nazionale di Monza,6.0,2.0,0.16666666666666666,0.5,183.0,15.0,0.0,1.0,4.666666666666667,3.2,0.0,12.333333333333334,3.0,0.0,350.0,5.32258064516129,2.0,1.0,0.7272727272727273,0.0,27.7,43.1,0.0,33.1,0
2022,17,Singapore Grand Prix,2022-10-02,HAM,Lewis Hamilton,Mercedes,marina_bay,Marina Bay Street Circuit,3.0,3.0,0.3333333333333333,0.3333333333333333,167.0,16.0,0.0,1.0,5.9375,6.6,1.0,2.5,2.0,0.0,365.0,5.25,2.0,1.0,0.7727272727272727,1.0,26.2,29.0,1.0,87.4,0
2022,17,Singapore Grand Prix,2022-10-02,RUS,George Russell,Mercedes,marina_bay,Marina Bay Street Circuit,11.0,0.0,0.09090909090909091,1.0,198.0,16.0,0.0,1.0,4.5625,3.0,0.0,20.0,1.0,1.0,367.0,5.363636363636363,2.0,1.0,0.7727272727272727,1.0,26.2,29.0,1.0,87.4,0
2022,18,Japanese Grand Prix,2022-10-09,HAM,Lewis Hamilton,Mercedes,suzuka,Suzuka Circuit,6.0,6.0,0.16666666666666666,0.16666666666666666,169.0,17.0,0.0,1.0,6.117647058823529,8.0,1.0,2.0,2.0,0.0,367.0,5.617647058823529,2.0,1.0,0.8181818181818182,1.0,16.7,19.9,1.0,86.2,0
2022,18,Japanese Grand Prix,2022-10-09,RUS,George Russell,Mercedes,suzuka,Suzuka Circuit,8.0,8.0,0.125,0.125,198.0,17.0,0.0,1.0,5.117647058823529,5.2,0.0,16.0,1.0,0.0,377.0,5.6,2.0,1.0,0.8181818181818182,1.0,16.7,19.9,1.0,86.2,0
2022,19,United States Grand Prix,2022-10-23,HAM,Lewis Hamilton,Mercedes,americas,Circuit of the Americas,5.0,3.0,0.2,0.3333333333333333,179.0,18.0,0.0,1.0,6.055555555555555,8.6,1.0,2.3333333333333335,3.0,0.0,381.0,5.666666666666667,2.0,1.0,0.8636363636363636,0.0,29.3,35.5,0.0,49.6,0
2022,19,United States Grand Prix,2022-10-23,RUS,George Russell,Mercedes,americas,Circuit of the Americas,6.0,4.0,0.16666666666666666,0.25,202.0,18.0,0.0,1.0,5.277777777777778,6.2,0.0,15.5,2.0,0.0,399.0,5.5675675675675675,2.0,1.0,0.8636363636363636,0.0,29.3,35.5,0.0,49.6,0
2022,20,Mexico City Grand Prix,2022-10-30,HAM,Lewis Hamilton,Mercedes,rodriguez,Autódromo Hermanos Rodríguez,3.0,3.0,0.3333333333333333,0.3333333333333333,197.0,19.0,0.0,1.0,5.842105263157895,5.0,0.0,2.3333333333333335,3.0,0.0,410.0,5.552631578947368,2.0,1.0,0.9090909090909091,0.0,24.3,41.7,0.0,34.4,0
2022,20,Mexico City Grand Prix,2022-10-30,RUS,George Russell,Mercedes,rodriguez,Autódromo Hermanos Rodríguez,2.0,2.0,0.5,0.5,213.0,19.0,0.0,1.0,5.2631578947368425,6.4,0.0,16.0,2.0,0.0,428.0,5.461538461538462,2.0,1.0,0.9090909090909091,0.0,24.3,41.7,0.0,34.4,0
2022,21,São Paulo Grand Prix,2022-11-13,HAM,Lewis Hamilton,Mercedes,interlagos,Autódromo José Carlos Pace,8.0,2.0,0.125,0.5,215.0,20.0,0.0,1.0,5.65,4.6,0.0,3.0,3.0,0.0,441.0,5.425,2.0,1.0,0.9545454545454546,0.0,23.0,46.0,0.0,76.1,0
2022,21,São Paulo Grand Prix,2022-11-13,RUS,George Russell,Mercedes,interlagos,Autódromo José Carlos Pace,3.0,1.0,0.3333333333333333,1.0,226.0,20.0,0.0,1.0,5.2,6.8,0.0,12.5,2.0,0.0,459.0,5.341463414634147,2.0,1.0,0.9545454545454546,0.0,23.0,46.0,0.0,76.1,1
2022,22,Abu Dhabi Grand Prix,2022-11-20,HAM,Lewis Hamilton,Mercedes,yas_marina,Yas Marina Circuit,5.0,5.0,0.2,0.2,233.0,21.0,0.0,1.0,5.476190476190476,4.0,0.0,1.75,4.0,0.0,485.0,5.238095238095238,2.0,1.0,1.0,0.0,28.6,34.3,0.0,61.7,0
2022,22,Abu Dhabi Grand Prix,2022-11-20,RUS,George Russell,Mercedes,yas_marina,Yas Marina Circuit,6.0,6.0,0.16666666666666666,0.16666666666666666,252.0,21.0,1.0,1.0,5.0,6.4,0.0,16.666666666666668,3.0,1.0,485.0,5.534883720930233,3.0,1.0,1.0,0.0,28.6,34.3,0.0,61.7,0
2023,1,Bahrain Grand Prix,2023-03-05,HAM,Lewis Hamilton,Mercedes,bahrain,Bahrain International Circuit,7.0,7.0,0.14285714285714285,0.14285714285714285,0.0,0.0,0.0,0.0,11.375,5.8,1.0,1.8,5.0,0.0,0.0,11.416666666666666,0.0,1.0,0.045454545454545456,0.0,27.4,31.0,0.0,21.5,0
2023,1,Bahrain Grand Prix,2023-03-05,RUS,George Russell,Mercedes,bahrain,Bahrain International Circuit,6.0,6.0,0.16666666666666666,0.16666666666666666,0.0,0.0,0.0,0.0,11.375,4.6,0.0,10.8,5.0,0.0,10.0,5.0,0.0,1.0,0.045454545454545456,0.0,27.4,31.0,0.0,21.5,0
2023,2,Saudi Arabian Grand Prix,2023-03-19,HAM,Lewis Hamilton,Mercedes,jeddah,Jeddah Corniche Circuit,8.0,7.0,0.125,0.14285714285714285,10.0,1.0,0.0,0.0,5.0,5.8,1.0,5.5,2.0,0.0,16.0,6.0,0.0,1.0,0.09090909090909091,0.0,26.1,31.8,0.0,57.8,0
2023,2,Saudi Arabian Grand Prix,2023-03-19,RUS,George Russell,Mercedes,jeddah,Jeddah Corniche Circuit,4.0,3.0,0.25,0.3333333333333333,6.0,1.0,0.0,0.0,7.0,4.4,0.0,12.0,2.0,1.0,26.0,5.666666666666667,0.0,1.0,0.09090909090909091,0.0,26.1,31.8,0.0,57.8,0
2023,3,Australian Grand Prix,2023-04-02,HAM,Lewis Hamilton,Mercedes,albert_park,Albert Park Grand Prix Circuit,3.0,3.0,0.3333333333333333,0.3333333333333333,20.0,2.0,0.0,0.0,5.0,6.4,1.0,2.6666666666666665,3.0,0.0,38.0,5.25,0.0,1.0,0.13636363636363635,0.0,17.4,30.1,0.0,54.2,0
2023,3,Australian Grand Prix,2023-04-02,RUS,George Russell,Mercedes,albert_park,Albert Park Grand Prix Circuit,2.0,2.0,0.5,0.5,18.0,2.0,0.0,0.0,5.5,4.2,0.0,9.5,2.0,0.0,56.0,4.6,0.0,1.0,0.13636363636363635,0.0,17.4,30.1,0.0,54.2,0
2023,4,Azerbaijan Grand Prix,2023-04-30,HAM,Lewis Hamilton,Mercedes,baku,Baku City Circuit,5.0,5.0,0.2,0.2,38.0,3.0,0.0,0.0,4.0,6.4,1.0,5.5,4.0,0.0,56.0,6.833333333333333,1.0,1.0,0.18181818181818182,0.0,24.9,41.2,0.0,49.2,0
2023,4,Azerbaijan Grand Prix,2023-04-30,RUS,George Russell,Mercedes,baku,Baku City Circuit,11.0,11.0,0.09090909090909091,0.09090909090909091,18.0,3.0,0.0,1.0,9.666666666666666,7.0,1.0,11.666666666666666,3.0,1.0,64.0,6.714285714285714,1.0,1.0,0.18181818181818182,0.0,24.9,41.2,0.0,49.2,0
2023,5,Miami Grand Prix,2023-05-07,HAM,Lewis Hamilton,Mercedes,miami,Miami International Autodrome,13.0,13.0,0.07692307692307693,0.07692307692307693,46.0,4.0,0.0,0.0,4.5,7.2,1.0,6.0,1.0,0.0,69.0,6.875,1.0,1.0,0.22727272727272727,0.0,27.1,36.7,0.0,59.4,0
2023,5,Miami Grand Prix,2023-05-07,RUS,George Russell,Mercedes,miami,Miami International Autodrome,6.0,6.0,0.16666666666666666,0.16666666666666666,23.0,4.0,0.0,1.0,9.25,8.4,1.0,5.0,1.0,0.0,77.0,6.777777777777778,1.0,1.0,0.22727272727272727,0.0,27.1,36.7,0.0,59.4,0
2023,6,Monaco Grand Prix,2023-05-28,HAM,Lewis Hamilton,Mercedes,monaco,Circuit de Monaco,6.0,5.0,0.16666666666666666,0.2,54.0,5.0,0.0,0.0,4.8,4.8,0.0,4.75,4.0,0.0,89.0,6.5,1.0,1.0,0.2727272727272727,1.0,25.1,39.3,1.0,45.9,0
2023,6,Monaco Grand Prix,2023-05-28,RUS,George Russell,Mercedes,monaco,Circuit de Monaco,8.0,8.0,0.125,0.125,35.0,5.0,0.0,1.0,8.2,8.2,1.0,11.333333333333334,3.0,0.0,102.0,6.2727272727272725,1.0,1.0,0.2727272727272727,1.0,25.1,39.3,1.0,45.9,0
2023,7,Spanish Grand Prix,2023-06-04,HAM,Lewis Hamilton,Mercedes,catalunya,Circuit de Barcelona-Catalunya,5.0,4.0,0.2,0.25,67.0,6.0,0.0,0.0,4.666666666666667,4.6,0.0,1.8,5.0,0.0,112.0,6.166666666666667,1.0,1.0,0.3181818181818182,0.0,22.7,33.8,0.0,63.1,0
2023,7,Spanish Grand Prix,2023-06-04,RUS,George Russell,Mercedes,catalunya,Circuit de Barcelona-Catalunya,12.0,12.0,0.08333333333333333,0.08333333333333333,45.0,6.0,0.0,1.0,7.666666666666667,7.8,1.0,12.75,4.0,0.0,130.0,5.846153846153846,1.0,1.0,0.3181818181818182,0.0,22.7,33.8,0.0,63.1,0
2023,8,Canadian Grand Prix,2023-06-18,HAM,Lewis Hamilton,Mercedes,villeneuve,Circuit Gilles Villeneuve,4.0,3.0,0.25,0.3333333333333333,85.0,7.0,0.0,0.0,4.285714285714286,4.0,0.0,3.0,3.0,0.0,145.0,5.642857142857143,1.0,1.0,0.36363636363636365,0.0,18.5,30.6,0.0,63.9,0
2023,8,Canadian Grand Prix,2023-06-18,RUS,George Russell,Mercedes,villeneuve,Circuit Gilles Villeneuve,5.0,4.0,0.2,0.25,60.0,7.0,0.0,1.0,7.0,7.6,1.0,10.0,2.0,0.0,160.0,5.466666666666667,1.0,1.0,0.36363636363636365,0.0,18.5,30.6,0.0,63.9,0
2023,9,Austrian Grand Prix,2023-07-02,HAM,Lewis Hamilton,Mercedes,red_bull_ring,Red Bull Ring,5.0,5.0,0.2,0.2,100.0,8.0,0.0,0.0,4.125,4.2,0.0,5.0,7.0,0.0,160.0,6.3125,2.0,1.0,0.4090909090909091,1.0,22.4,32.1,1.0,52.0,0
2023,9,Austrian Grand Prix,2023-07-02,RUS,George Russell,Mercedes,red_bull_ring,Red Bull Ring,11.0,11.0,0.09090909090909091,0.09090909090909091,60.0,8.0,0.0,2.0,8.5,7.8,1.0,13.833333333333334,6.0,1.0,164.0,6.411764705882353,2.0,1.0,0.4090909090909091,1.0,22.4,32.1,1.0,52.0,0
2023,10,British Grand Prix,2023-07-09,HAM,Lewis Hamilton,Mercedes,silverstone,Silverstone Circuit,7.0,7.0,0.14285714285714285,0.14285714285714285,104.0,9.0,0.0,0.0,4.555555555555555,4.6,0.0,1.6666666666666667,6.0,0.0,170.0,6.444444444444445,2.0,1.0,0.45454545454545453,0.0,21.5,30.9,0.0,56.2,0
2023,10,British Grand Prix,2023-07-09,RUS,George Russell,Mercedes,silverstone,Silverstone Circuit,6.0,6.0,0.16666666666666666,0.16666666666666666,66.0,9.0,0.0,2.0,8.333333333333334,7.6,1.0,14.8,5.0,1.0,185.0,6.2631578947368425,2.0,1.0,0.45454545454545453,0.0,21.5,30.9,0.0,56.2,0
2023,11,Hungarian Grand Prix,2023-07-23,HAM,Lewis Hamilton,Mercedes,hungaroring,Hungaroring,1.0,1.0,1.0,1.0,119.0,10.0,0.0,0.0,4.4,4.0,0.0,1.4,5.0,0.0,195.0,6.2,2.0,1.0,0.5,0.0,28.8,48.6,0.0,32.8,0
2023,11,Hungarian Grand Prix,2023-07-23,RUS,George Russell,Mercedes,hungaroring,Hungaroring,18.0,18.0,0.05555555555555555,0.05555555555555555,76.0,10.0,0.0,2.0,8.0,7.8,1.0,11.25,4.0,0.0,207.0,6.095238095238095,2.0,1.0,0.5,0.0,28.8,48.6,0.0,32.8,0
2023,12,Belgian Grand Prix,2023-07-30,HAM,Lewis Hamilton,Mercedes,spa,Circuit de Spa-Francorchamps,4.0,3.0,0.25,0.3333333333333333,131.0,11.0,0.0,0.0,4.363636363636363,4.0,0.0,5.6,5.0,1.0,215.0,6.090909090909091,2.0,1.0,0.5454545454545454,1.0,17.9,28.2,1.0,61.9,0
2023,12,Belgian Grand Prix,2023-07-30,RUS,George Russell,Mercedes,spa,Circuit de Spa-Francorchamps,8.0,8.0,0.125,0.125,84.0,11.0,0.0,2.0,7.818181818181818,8.0,1.0,10.0,4.0,0.0,228.0,6.0,2.0,1.0,0.5454545454545454,1.0,17.9,28.2,1.0,61.9,0
2023,13,Dutch Grand Prix,2023-08-27,HAM,Lewis Hamilton,Mercedes,zandvoort,Circuit Park Zandvoort,13.0,13.0,0.07692307692307693,0.07692307692307693,144.0,12.0,0.0,0.0,4.333333333333333,4.4,0.0,3.0,2.0,0.0,236.0,6.0,2.0,1.0,0.5909090909090909,1.0,16.8,24.9,1.0,70.8,0
2023,13,Dutch Grand Prix,2023-08-27,RUS,George Russell,Mercedes,zandvoort,Circuit Park Zandvoort,3.0,3.0,0.3333333333333333,0.3333333333333333,92.0,12.0,0.0,2.0,7.666666666666667,8.6,1.0,9.5,2.0,1.0,244.0,6.0,2.0,1.0,0.5909090909090909,1.0,16.8,24.9,1.0,70.8,0
2023,14,Italian Grand Prix,2023-09-03,HAM,Lewis Hamilton,Mercedes,monza,Autodromo Nazionale di Monza,8.0,8.0,0.125,0.125,152.0,13.0,0.0,0.0,4.461538461538462,5.0,0.0,6.6,5.0,1.0,244.0,6.423076923076923,2.0,1.0,0.6363636363636364,0.0,29.3,42.9,0.0,42.3,0
2023,14,Italian Grand Prix,2023-09-03,RUS,George Russell,Mercedes,monza,Autodromo Nazionale di Monza,4.0,4.0,0.25,0.25,92.0,13.0,0.0,2.0,8.384615384615385,8.2,0.0,10.0,4.0,0.0,252.0,6.407407407407407,2.0,1.0,0.6363636363636364,0.0,29.3,42.9,0.0,42.3,0
2023,15,Singapore Grand Prix,2023-09-17,HAM,Lewis Hamilton,Mercedes,marina_bay,Marina Bay Street Circuit,5.0,5.0,0.2,0.2,160.0,14.0,0.0,0.0,4.571428571428571,4.6,0.0,4.666666666666667,3.0,0.0,262.0,6.357142857142857,2.0,1.0,0.6818181818181818,0.0,29.8,36.4,0.0,72.0,0
2023,15,Singapore Grand Prix,2023-09-17,RUS,George Russell,Mercedes,marina_bay,Marina Bay Street Circuit,2.0,2.0,0.5,0.5,102.0,14.0,0.0,2.0,8.142857142857142,7.8,0.0,17.0,2.0,1.0,278.0,6.241379310344827,2.0,1.0,0.6818181818181818,0.0,29.8,36.4,0.0,72.0,0
2023,16,Japanese Grand Prix,2023-09-24,HAM,Lewis Hamilton,Mercedes,suzuka,Suzuka Circuit,7.0,7.0,0.14285714285714285,0.14285714285714285,176.0,15.0,0.0,0.0,4.466666666666667,4.6,0.0,3.0,3.0,0.0,278.0,6.566666666666666,3.0,1.0,0.7272727272727273,0.0,27.3,42.1,0.0,42.3,0
2023,16,Japanese Grand Prix,2023-09-24,RUS,George Russell,Mercedes,suzuka,Suzuka Circuit,8.0,8.0,0.125,0.125,102.0,15.0,0.0,3.0,8.666666666666666,10.0,1.0,12.0,2.0,0.0,288.0,6.516129032258065,3.0,1.0,0.7272727272727273,0.0,27.3,42.1,0.0,42.3,0
2023,17,Qatar Grand Prix,2023-10-08,HAM,Lewis Hamilton,Mercedes,losail,Losail International Circuit,3.0,3.0,0.3333333333333333,0.3333333333333333,186.0,16.0,0.0,0.0,4.5,4.8,0.0,1.0,1.0,0.0,294.0,6.53125,3.0,1.0,0.7727272727272727,0.0,31.5,36.9,0.0,73.2,0
2023,17,Qatar Grand Prix,2023-10-08,RUS,George Russell,Mercedes,losail,Losail International Circuit,2.0,2.0,0.5,0.5,108.0,16.0,0.0,3.0,8.5625,10.2,1.0,17.0,1.0,0.0,294.0,6.909090909090909,4.0,1.0,0.7727272727272727,0.0,31.5,36.9,0.0,73.2,0
2023,18,United States Grand Prix,2023-10-22,HAM,Lewis Hamilton,Mercedes,americas,Circuit of the Americas,3.0,3.0,0.3333333333333333,0.3333333333333333,186.0,17.0,0.0,1.0,5.352941176470588,7.8,1.0,2.25,4.0,0.0,306.0,6.823529411764706,4.0,1.0,0.8181818181818182,0.0,30.0,40.6,0.0,41.9,0
2023,18,United States Grand Prix,2023-10-22,RUS,George Russell,Mercedes,americas,Circuit of the Americas,5.0,5.0,0.2,0.2,120.0,17.0,0.0,3.0,8.294117647058824,9.8,1.0,12.0,3.0,0.0,306.0,7.171428571428572,4.0,1.0,0.8181818181818182,0.0,30.0,40.6,0.0,41.9,0
2023,19,Mexico City Grand Prix,2023-10-29,HAM,Lewis Hamilton,Mercedes,rodriguez,Autódromo Hermanos Rodríguez,6.0,6.0,0.16666666666666666,0.16666666666666666,186.0,18.0,0.0,1.0,6.111111111111111,10.4,1.0,2.25,4.0,0.0,316.0,7.111111111111111,4.0,1.0,0.8636363636363636,0.0,25.5,45.6,0.0,23.6,0
2023,19,Mexico City Grand Prix,2023-10-29,RUS,George Russell,Mercedes,rodriguez,Autódromo Hermanos Rodríguez,8.0,8.0,0.125,0.125,130.0,18.0,0.0,3.0,8.11111111111111,7.4,1.0,12.0,3.0,0.0,335.0,6.972972972972973,4.0,1.0,0.8636363636363636,0.0,25.5,45.6,0.0,23.6,0
2023,20,São Paulo Grand Prix,2023-11-05,HAM,Lewis Hamilton,Mercedes,interlagos,Autódromo José Carlos Pace,5.0,5.0,0.2,0.2,205.0,19.0,0.0,1.0,5.894736842105263,9.6,1.0,2.75,4.0,0.0,343.0,6.947368421052632,4.0,1.0,0.9090909090909091,1.0,20.5,46.8,1.0,58.2,0
2023,20,São Paulo Grand Prix,2023-11-05,RUS,George Russell,Mercedes,interlagos,Autódromo José Carlos Pace,6.0,8.0,0.16666666666666666,0.125,138.0,19.0,0.0,3.0,8.0,7.6,1.0,8.666666666666666,3.0,0.0,347.0,6.9743589743589745,4.0,1.0,0.9090909090909091,1.0,20.5,46.8,1.0,58.2,0
2023,21,Las Vegas Grand Prix,2023-11-19,HAM,Lewis Hamilton,Mercedes,vegas,Las Vegas Strip Street Circuit,11.0,10.0,0.09090909090909091,0.1,209.0,20.0,0.0,1.0,6.0,10.6,1.0,10.0,0.0,0.0,347.0,7.175,5.0,1.0,0.9545454545454546,0.0,18.1,18.0,0.0,47.4,0
2023,21,Las Vegas Grand Prix,2023-11-19,RUS,George Russell,Mercedes,vegas,Las Vegas Strip Street Circuit,4.0,3.0,0.25,0.3333333333333333,138.0,20.0,0.0,4.0,8.35,7.4,1.0,10.0,0.0,0.0,353.0,7.170731707317073,5.0,1.0,0.9545454545454546,0.0,18.1,18.0,0.0,47.4,0
2023,22,Abu Dhabi Grand Prix,2023-11-26,HAM,Lewis Hamilton,Mercedes,yas_marina,Yas Marina Circuit,11.0,11.0,0.09090909090909091,0.09090909090909091,215.0,21.0,0.0,1.0,6.0476190476190474,11.0,1.0,5.0,5.0,1.0,357.0,7.190476190476191,5.0,1.0,1.0,0.0,27.0,33.5,0.0,51.0,0
2023,22,Abu Dhabi Grand Prix,2023-11-26,RUS,George Russell,Mercedes,yas_marina,Yas Marina Circuit,4.0,4.0,0.25,0.25,142.0,21.0,0.0,4.0,8.333333333333334,7.6,1.0,13.75,4.0,1.0,359.0,7.232558139534884,5.0,1.0,1.0,0.0,27.0,33.5,0.0,51.0,0
2024,1,Bahrain Grand Prix,2024-03-02,HAM,Lewis Hamilton,Mercedes,bahrain,Bahrain International Circuit,9.0,9.0,0.1111111111111111,0.1111111111111111,0.0,0.0,0.0,0.0,11.375,9.0,0.0,2.3333333333333335,6.0,0.0,0.0,11.416666666666666,0.0,1.0,0.041666666666666664,0.0,18.2,23.7,0.0,48.8,0
2024,1,Bahrain Grand Prix,2024-03-02,RUS,George Russell,Mercedes,bahrain,Bahrain International Circuit,3.0,3.0,0.3333333333333333,0.3333333333333333,0.0,0.0,0.0,0.0,11.375,7.4,1.0,10.166666666666666,6.0,0.0,6.0,7.0,0.0,1.0,0.041666666666666664,0.0,18.2,23.7,0.0,48.8,0
2024,2,Saudi Arabian Grand Prix,2024-03-09,HAM,Lewis Hamilton,Mercedes,jeddah,Jeddah Corniche Circuit,8.0,8.0,0.125,0.125,6.0,1.0,0.0,0.0,7.0,6.6,0.0,5.333333333333333,3.0,0.0,16.0,6.0,0.0,1.0,0.08333333333333333,0.0,25.5,31.6,0.0,62.3,0
2024,2,Saudi Arabian Grand Prix,2024-03-09,RUS,George Russell,Mercedes,jeddah,Jeddah Corniche Circuit,7.0,7.0,0.14285714285714285,0.14285714285714285,10.0,1.0,0.0,0.0,5.0,7.4,1.0,9.333333333333334,3.0,1.0,18.0,7.0,0.0,1.0,0.08333333333333333,0.0,25.5,31.6,0.0,62.3,0
2024,3,Australian Grand Prix,2024-03-24,HAM,Lewis Hamilton,Mercedes,albert_park,Albert Park Grand Prix Circuit,11.0,11.0,0.09090909090909091,0.09090909090909091,8.0,2.0,0.0,0.0,8.0,8.0,0.0,2.5,4.0,0.0,26.0,6.75,0.0,1.0,0.125,0.0,20.6,38.4,0.0,44.5,0
2024,3,Australian Grand Prix,2024-03-24,RUS,George Russell,Mercedes,albert_park,Albert Park Grand Prix Circuit,7.0,7.0,0.14285714285714285,0.14285714285714285,18.0,2.0,0.0,0.0,5.5,7.4,1.0,12.333333333333334,3.0,1.0,26.0,9.0,1.0,1.0,0.125,0.0,20.6,38.4,0.0,44.5,0
2024,4,Japanese Grand Prix,2024-04-07,HAM,Lewis Hamilton,Mercedes,suzuka,Suzuka Circuit,7.0,7.0,0.14285714285714285,0.14285714285714285,8.0,3.0,0.0,1.0,11.333333333333334,10.0,1.0,3.5,4.0,0.0,26.0,10.333333333333334,2.0,1.0,0.16666666666666666,0.0,21.7,37.5,0.0,43.4,0
2024,4,Japanese Grand Prix,2024-04-07,RUS,George Russell,Mercedes,suzuka,Suzuka Circuit,9.0,9.0,0.1111111111111111,0.1111111111111111,18.0,3.0,0.0,1.0,9.333333333333334,7.8,1.0,10.333333333333334,3.0,0.0,28.0,10.142857142857142,2.0,1.0,0.16666666666666666,0.0,21.7,37.5,0.0,43.4,0
2024,5,Chinese Grand Prix,2024-04-21,HAM,Lewis Hamilton,Mercedes,shanghai,Shanghai International Circuit,18.0,18.0,0.05555555555555555,0.05555555555555555,10.0,4.0,0.0,1.0,10.75,10.4,1.0,2.5,2.0,0.0,34.0,9.75,2.0,1.0,0.20833333333333334,0.0,18.6,29.8,0.0,66.1,0
2024,5,Chinese Grand Prix,2024-04-21,RUS,George Russell,Mercedes,shanghai,Shanghai International Circuit,8.0,8.0,0.125,0.125,24.0,4.0,0.0,1.0,8.75,7.6,1.0,16.0,1.0,0.0,36.0,9.666666666666666,2.0,1.0,0.20833333333333334,0.0,18.6,29.8,0.0,66.1,0
2024,6,Miami Grand Prix,2024-05-05,HAM,Lewis Hamilton,Mercedes,miami,Miami International Autodrome,8.0,8.0,0.125,0.125,12.0,5.0,0.0,1.0,10.4,10.4,1.0,6.0,2.0,0.0,44.0,9.3,2.0,1.0,0.25,0.0,28.5,44.7,0.0,59.0,0
2024,6,Miami Grand Prix,2024-05-05,RUS,George Russell,Mercedes,miami,Miami International Autodrome,7.0,7.0,0.14285714285714285,0.14285714285714285,32.0,5.0,0.0,1.0,8.2,8.2,1.0,4.5,2.0,0.0,52.0,9.0,2.0,1.0,0.25,0.0,28.5,44.7,0.0,59.0,0
2024,7,Emilia Romagna Grand Prix,2024-05-19,HAM,Lewis Hamilton,Mercedes,imola,Autodromo Enzo e Dino Ferrari,8.0,8.0,0.125,0.125,20.0,6.0,0.0,1.0,9.666666666666666,10.2,1.0,5.333333333333333,3.0,0.0,56.0,8.916666666666666,2.0,1.0,0.2916666666666667,0.0,25.1,42.0,0.0,48.4,0
2024,7,Emilia Romagna Grand Prix,2024-05-19,RUS,George Russell,Mercedes,imola,Autodromo Enzo e Dino Ferrari,6.0,6.0,0.16666666666666666,0.16666666666666666,36.0,6.0,0.0,1.0,8.166666666666666,8.8,1.0,13.0,3.0,2.0,64.0,8.692307692307692,2.0,1.0,0.2916666666666667,0.0,25.1,42.0,0.0,48.4,0
2024,8,Monaco Grand Prix,2024-05-26,HAM,Lewis Hamilton,Mercedes,monaco,Circuit de Monaco,7.0,7.0,0.14285714285714285,0.14285714285714285,28.0,7.0,0.0,1.0,9.142857142857142,9.6,1.0,4.6,5.0,0.0,71.0,8.571428571428571,2.0,1.0,0.3333333333333333,0.0,21.6,46.3,0.0,64.0,0
2024,8,Monaco Grand Prix,2024-05-26,RUS,George Russell,Mercedes,monaco,Circuit de Monaco,5.0,5.0,0.2,0.2,43.0,7.0,0.0,1.0,8.0,9.0,1.0,9.75,4.0,0.0,78.0,8.466666666666667,2.0,1.0,0.3333333333333333,0.0,21.6,46.3,0.0,64.0,0
2024,9,Canadian Grand Prix,2024-06-09,HAM,Lewis Hamilton,Mercedes,villeneuve,Circuit Gilles Villeneuve,7.0,7.0,0.14285714285714285,0.14285714285714285,35.0,8.0,0.0,1.0,8.875,7.4,0.0,3.0,4.0,0.0,88.0,8.25,2.0,1.0,0.375,1.0,17.8,24.6,1.0,73.4,0
2024,9,Canadian Grand Prix,2024-06-09,RUS,George Russell,Mercedes,villeneuve,Circuit Gilles Villeneuve,1.0,1.0,1.0,1.0,53.0,8.0,0.0,1.0,7.625,6.6,0.0,13.0,3.0,1.0,101.0,8.0,2.0,1.0,0.375,1.0,17.8,24.6,1.0,73.4,0
2024,10,Spanish Grand Prix,2024-06-23,HAM,Lewis Hamilton,Mercedes,catalunya,Circuit de Barcelona-Catalunya,3.0,3.0,0.3333333333333333,0.3333333333333333,48.0,9.0,0.0,1.0,8.333333333333334,6.4,0.0,1.8333333333333333,6.0,0.0,116.0,7.722222222222222,2.0,1.0,0.4166666666666667,1.0,24.1,41.1,1.0,63.4,0
2024,10,Spanish Grand Prix,2024-06-23,RUS,George Russell,Mercedes,catalunya,Circuit de Barcelona-Catalunya,4.0,4.0,0.25,0.25,68.0,9.0,0.0,1.0,7.111111111111111,5.8,0.0,10.8,5.0,0.0,131.0,7.473684210526316,2.0,1.0,0.4166666666666667,1.0,24.1,41.1,1.0,63.4,0
2024,11,Austrian Grand Prix,2024-06-30,HAM,Lewis Hamilton,Mercedes,red_bull_ring,Red Bull Ring,5.0,5.0,0.2,0.2,63.0,10.0,0.0,1.0,7.8,5.2,0.0,5.375,8.0,0.0,143.0,7.3,2.0,1.0,0.4583333333333333,1.0,29.4,46.4,1.0,35.0,0
2024,11,Austrian Grand Prix,2024-06-30,RUS,George Russell,Mercedes,red_bull_ring,Red Bull Ring,3.0,3.0,0.3333333333333333,0.3333333333333333,80.0,10.0,0.0,1.0,6.8,5.4,0.0,12.857142857142858,7.0,1.0,155.0,7.142857142857143,2.0,1.0,0.4583333333333333,1.0,29.4,46.4,1.0,35.0,1
2024,12,British Grand Prix,2024-07-07,HAM,Lewis Hamilton,Mercedes,silverstone,Silverstone Circuit,2.0,2.0,0.5,0.5,75.0,11.0,0.0,1.0,7.454545454545454,4.8,0.0,1.8571428571428572,7.0,0.0,180.0,6.863636363636363,2.0,1.0,0.5,1.0,15.8,27.7,1.0,67.3,1
2024,12,British Grand Prix,2024-07-07,RUS,George Russell,Mercedes,silverstone,Silverstone Circuit,1.0,1.0,1.0,1.0,105.0,11.0,1.0,1.0,6.2727272727272725,4.0,0.0,13.166666666666666,6.0,1.0,205.0,6.608695652173913,2.0,1.0,0.5,1.0,15.8,27.7,1.0,67.3,0
2024,13,Hungarian Grand Prix,2024-07-21,HAM,Lewis Hamilton,Mercedes,hungaroring,Hungaroring,5.0,5.0,0.2,0.2,100.0,12.0,1.0,1.0,6.916666666666667,3.8,0.0,1.8333333333333333,6.0,0.0,205.0,7.125,3.0,1.0,0.5416666666666666,0.0,28.8,44.9,0.0,46.9,0
2024,13,Hungarian Grand Prix,2024-07-21,RUS,George Russell,Mercedes,hungaroring,Hungaroring,17.0,17.0,0.058823529411764705,0.058823529411764705,105.0,12.0,1.0,2.0,7.333333333333333,6.4,1.0,10.2,5.0,0.0,220.0,6.96,3.0,1.0,0.5416666666666666,0.0,28.8,44.9,0.0,46.9,0
2024,14,Belgian Grand Prix,2024-07-28,HAM,Lewis Hamilton,Mercedes,spa,Circuit de Spa-Francorchamps,4.0,3.0,0.25,0.3333333333333333,115.0,13.0,1.0,1.0,6.615384615384615,3.0,0.0,5.333333333333333,6.0,1.0,225.0,7.0,3.0,1.0,0.5833333333333334,0.0,21.3,42.3,0.0,49.6,1
2024,14,Belgian Grand Prix,2024-07-28,RUS,George Russell,Mercedes,spa,Circuit de Spa-Francorchamps,7.0,6.0,0.14285714285714285,0.16666666666666666,110.0,13.0,1.0,2.0,7.384615384615385,7.0,1.0,9.2,5.0,0.0,250.0,6.777777777777778,3.0,1.0,0.5833333333333334,0.0,21.3,42.3,0.0,49.6,0
2024,15,Dutch Grand Prix,2024-08-25,HAM,Lewis Hamilton,Mercedes,zandvoort,Circuit Park Zandvoort,11.0,14.0,0.09090909090909091,0.07142857142857142,140.0,14.0,2.0,1.0,6.214285714285714,2.4,0.0,4.0,3.0,0.0,250.0,7.25,3.0,1.0,0.625,0.0,19.0,30.8,0.0,61.0,0
2024,15,Dutch Grand Prix,2024-08-25,RUS,George Russell,Mercedes,zandvoort,Circuit Park Zandvoort,4.0,4.0,0.25,0.25,110.0,14.0,1.0,2.0,8.285714285714286,10.4,1.0,12.0,3.0,1.0,254.0,7.275862068965517,3.0,1.0,0.625,0.0,19.0,30.8,0.0,61.0,0
2024,16,Italian Grand Prix,2024-09-01,HAM,Lewis Hamilton,Mercedes,monza,Autodromo Nazionale di Monza,6.0,6.0,0.16666666666666666,0.16666666666666666,144.0,15.0,2.0,1.0,6.333333333333333,3.4,0.0,6.5,6.0,1.0,260.0,7.266666666666667,3.0,1.0,0.6666666666666666,0.0,33.1,49.3,0.0,32.3,0
2024,16,Italian Grand Prix,2024-09-01,RUS,George Russell,Mercedes,monza,Autodromo Nazionale di Monza,3.0,3.0,0.3333333333333333,0.3333333333333333,116.0,15.0,1.0,2.0,8.2,11.0,1.0,9.0,5.0,0.0,270.0,7.193548387096774,3.0,1.0,0.6666666666666666,0.0,33.1,49.3,0.0,32.3,0
2024,17,Azerbaijan Grand Prix,2024-09-15,HAM,Lewis Hamilton,Mercedes,baku,Baku City Circuit,7.0,19.0,0.14285714285714285,0.05263157894736842,154.0,16.0,2.0,1.0,6.25,3.6,0.0,5.6,5.0,0.0,276.0,7.1875,3.0,1.0,0.7083333333333334,0.0,26.7,44.3,0.0,38.0,0
2024,17,Azerbaijan Grand Prix,2024-09-15,RUS,George Russell,Mercedes,baku,Baku City Circuit,5.0,5.0,0.2,0.2,122.0,16.0,1.0,2.0,8.125,12.2,1.0,10.75,4.0,1.0,278.0,7.242424242424242,3.0,1.0,0.7083333333333334,0.0,26.7,44.3,0.0,38.0,0
2024,18,Singapore Grand Prix,2024-09-22,HAM,Lewis Hamilton,Mercedes,marina_bay,Marina Bay Street Circuit,3.0,3.0,0.3333333333333333,0.3333333333333333,156.0,17.0,2.0,1.0,6.411764705882353,5.2,0.0,4.25,4.0,0.0,293.0,7.117647058823529,3.0,1.0,0.75,0.0,30.8,36.4,0.0,74.7,0
2024,18,Singapore Grand Prix,2024-09-22,RUS,George Russell,Mercedes,marina_bay,Marina Bay Street Circuit,4.0,4.0,0.25,0.25,137.0,17.0,1.0,2.0,7.823529411764706,9.0,0.0,16.666666666666668,3.0,2.0,301.0,7.085714285714285,3.0,1.0,0.75,0.0,30.8,36.4,0.0,74.7,0
2024,19,United States Grand Prix,2024-10-20,HAM,Lewis Hamilton,Mercedes,americas,Circuit of the Americas,19.0,17.0,0.05263157894736842,0.058823529411764705,164.0,18.0,2.0,1.0,6.388888888888889,5.8,0.0,5.6,5.0,0.0,313.0,7.0,3.0,1.0,0.7916666666666666,0.0,28.1,46.6,0.0,35.5,0
2024,19,United States Grand Prix,2024-10-20,RUS,George Russell,Mercedes,americas,Circuit of the Americas,6.0,20.0,0.16666666666666666,0.05,149.0,18.0,1.0,2.0,7.611111111111111,8.2,0.0,10.25,4.0,0.0,313.0,7.351351351351352,4.0,1.0,0.7916666666666666,0.0,28.1,46.6,0.0,35.5,0
2024,20,Mexico City Grand Prix,2024-10-27,HAM,Lewis Hamilton,Mercedes,rodriguez,Autódromo Hermanos Rodríguez,6.0,6.0,0.16666666666666666,0.16666666666666666,164.0,19.0,2.0,2.0,7.105263157894737,9.6,1.0,2.2,5.0,0.0,321.0,7.315789473684211,4.0,1.0,0.8333333333333334,0.0,19.9,35.6,0.0,51.1,0
2024,20,Mexico City Grand Prix,2024-10-27,RUS,George Russell,Mercedes,rodriguez,Autódromo Hermanos Rodríguez,5.0,5.0,0.2,0.2,157.0,19.0,1.0,2.0,7.526315789473684,5.4,0.0,10.5,4.0,0.0,333.0,7.230769230769231,4.0,1.0,0.8333333333333334,0.0,19.9,35.6,0.0,51.1,0
2024,21,São Paulo Grand Prix,2024-11-03,HAM,Lewis Hamilton,Mercedes,interlagos,Autódromo José Carlos Pace,16.0,14.0,0.0625,0.07142857142857142,176.0,20.0,2.0,2.0,6.95,8.8,1.0,3.8,5.0,0.0,343.0,7.175,4.0,1.0,0.875,1.0,21.7,25.8,1.0,85.3,0
2024,21,São Paulo Grand Prix,2024-11-03,RUS,George Russell,Mercedes,interlagos,Autódromo José Carlos Pace,2.0,2.0,0.5,0.5,167.0,20.0,1.0,2.0,7.4,5.0,0.0,10.25,4.0,1.0,344.0,7.2439024390243905,4.0,1.0,0.875,1.0,21.7,25.8,1.0,85.3,0
2024,22,Las Vegas Grand Prix,2024-11-23,HAM,Lewis Hamilton,Mercedes,vegas,Las Vegas Strip Street Circuit,10.0,10.0,0.1,0.1,177.0,21.0,2.0,2.0,7.095238095238095,9.8,1.0,7.0,1.0,0.0,356.0,7.166666666666667,4.0,1.0,0.9166666666666666,0.0,17.8,17.7,0.0,47.9,0
2024,22,Las Vegas Grand Prix,2024-11-23,RUS,George Russell,Mercedes,vegas,Las Vegas Strip Street Circuit,1.0,1.0,1.0,1.0,179.0,21.0,1.0,2.0,7.238095238095238,4.4,0.0,8.0,1.0,0.0,374.0,7.046511627906977,4.0,1.0,0.9166666666666666,0.0,17.8,17.7,0.0,47.9,1
2024,23,Qatar Grand Prix,2024-12-01,HAM,Lewis Hamilton,Mercedes,losail,Losail International Circuit,6.0,6.0,0.16666666666666666,0.16666666666666666,195.0,22.0,2.0,2.0,6.863636363636363,8.4,1.0,10.0,2.0,1.0,399.0,6.909090909090909,4.0,1.0,0.9583333333333334,0.0,18.9,22.8,0.0,57.3,0
2024,23,Qatar Grand Prix,2024-12-01,RUS,George Russell,Mercedes,losail,Losail International Circuit,2.0,1.0,0.5,1.0,204.0,22.0,2.0,2.0,6.954545454545454,4.0,0.0,10.5,2.0,0.0,399.0,7.022222222222222,4.0,1.0,0.9583333333333334,0.0,18.9,22.8,0.0,57.3,0
2024,24,Abu Dhabi Grand Prix,2024-12-08,HAM,Lewis Hamilton,Mercedes,yas_marina,Yas Marina Circuit,18.0,16.0,0.05555555555555555,0.0625,195.0,23.0,2.0,2.0,7.086956521739131,9.6,1.0,5.666666666666667,6.0,1.0,411.0,6.956521739130435,4.0,1.0,1.0,0.0,26.8,31.8,0.0,51.4,0
2024,24,Abu Dhabi Grand Prix,2024-12-08,RUS,George Russell,Mercedes,yas_marina,Yas Marina Circuit,7.0,6.0,0.14285714285714285,0.16666666666666666,216.0,23.0,2.0,2.0,6.826086956521739,4.0,0.0,11.6,5.0,1.0,423.0,6.8936170212765955,4.0,1.0,1.0,0.0,26.8,31.8,0.0,51.4,0
2025,1,Australian Grand Prix,2025-03-16,ANT,Andrea Kimi Antonelli,Mercedes,albert_park,Albert Park Grand Prix Circuit,16.0,16.0,0.0625,0.0625,0.0,0.0,0.0,0.0,11.375,11.0,0.0,10.0,0.0,0.0,0.0,11.416666666666666,0.0,1.0,0.041666666666666664,1.0,15.7,18.9,1.0,78.4,0
2025,1,Australian Grand Prix,2025-03-16,RUS,George Russell,Mercedes,albert_park,Albert Park Grand Prix Circuit,4.0,4.0,0.25,0.25,0.0,0.0,0.0,0.0,11.375,3.8,0.0,13.5,4.0,2.0,12.0,4.0,0.0,1.0,0.041666666666666664,1.0,15.7,18.9,1.0,78.4,0
2025,2,Chinese Grand Prix,2025-03-23,ANT,Andrea Kimi Antonelli,Mercedes,shanghai,Shanghai International Circuit,8.0,8.0,0.125,0.125,12.0,1.0,0.0,0.0,4.0,4.0,0.0,10.0,0.0,0.0,27.0,3.5,0.0,1.0,0.08333333333333333,0.0,27.2,35.8,0.0,18.2,0
2025,2,Chinese Grand Prix,2025-03-23,RUS,George Russell,Mercedes,shanghai,Shanghai International Circuit,2.0,2.0,0.5,0.5,15.0,1.0,0.0,0.0,3.0,3.4,0.0,11.0,2.0,0.0,35.0,4.333333333333333,0.0,1.0,0.08333333333333333,0.0,27.2,35.8,0.0,18.2,0
2025,3,Japanese Grand Prix,2025-04-06,ANT,Andrea Kimi Antonelli,Mercedes,suzuka,Suzuka Circuit,6.0,6.0,0.16666666666666666,0.16666666666666666,20.0,2.0,0.0,0.0,5.0,5.0,0.0,10.0,0.0,0.0,50.0,4.0,0.0,1.0,0.125,0.0,14.4,20.5,0.0,76.4,0
2025,3,Japanese Grand Prix,2025-04-06,RUS,George Russell,Mercedes,suzuka,Suzuka Circuit,5.0,5.0,0.2,0.2,30.0,2.0,0.0,0.0,3.0,3.2,0.0,9.5,4.0,0.0,58.0,4.4,0.0,1.0,0.125,0.0,14.4,20.5,0.0,76.4,0
2025,4,Bahrain Grand Prix,2025-04-13,ANT,Andrea Kimi Antonelli,Mercedes,bahrain,Bahrain International Circuit,4.0,5.0,0.25,0.2,28.0,3.0,0.0,0.0,5.333333333333333,5.333333333333333,0.0,10.0,0.0,0.0,68.0,4.5,0.0,1.0,0.16666666666666666,0.0,27.1,31.9,0.0,45.3,0
2025,4,Bahrain Grand Prix,2025-04-13,RUS,George Russell,Mercedes,bahrain,Bahrain International Circuit,2.0,3.0,0.5,0.3333333333333333,40.0,3.0,0.0,0.0,3.6666666666666665,4.0,0.0,9.428571428571429,7.0,0.0,68.0,5.428571428571429,0.0,1.0,0.16666666666666666,0.0,27.1,31.9,0.0,45.3,0
2025,5,Saudi Arabian Grand Prix,2025-04-20,ANT,Andrea Kimi Antonelli,Mercedes,jeddah,Jeddah Corniche Circuit,5.0,5.0,0.2,0.2,28.0,4.0,0.0,0.0,6.75,6.75,0.0,10.0,0.0,0.0,86.0,5.0,0.0,1.0,0.20833333333333334,0.0,29.5,37.8,0.0,62.7,0
2025,5,Saudi Arabian Grand Prix,2025-04-20,RUS,George Russell,Mercedes,jeddah,Jeddah Corniche Circuit,3.0,3.0,0.3333333333333333,0.3333333333333333,58.0,4.0,0.0,0.0,3.25,3.6,0.0,8.5,4.0,1.0,94.0,5.111111111111111,0.0,1.0,0.20833333333333334,0.0,29.5,37.8,0.0,62.7,0
2025,6,Miami Grand Prix,2025-05-04,ANT,Andrea Kimi Antonelli,Mercedes,miami,Miami International Autodrome,3.0,3.0,0.3333333333333333,0.3333333333333333,36.0,5.0,0.0,0.0,6.6,6.6,0.0,10.0,0.0,0.0,104.0,5.1,0.0,1.0,0.25,1.0,26.6,38.7,1.0,63.0,0
2025,6,Miami Grand Prix,2025-05-04,RUS,George Russell,Mercedes,miami,Miami International Autodrome,5.0,5.0,0.2,0.2,68.0,5.0,0.0,0.0,3.6,3.6,0.0,5.666666666666667,3.0,0.0,112.0,5.181818181818182,0.0,1.0,0.25,1.0,26.6,38.7,1.0,63.0,0
2025,7,Emilia Romagna Grand Prix,2025-05-18,ANT,Andrea Kimi Antonelli,Mercedes,imola,Autodromo Enzo e Dino Ferrari,13.0,13.0,0.07692307692307693,0.07692307692307693,44.0,6.0,0.0,0.0,6.5,7.0,0.0,10.0,0.0,0.0,127.0,5.0,0.0,1.0,0.2916666666666667,0.0,24.0,42.7,0.0,38.3,0
2025,7,Emilia Romagna Grand Prix,2025-05-18,RUS,George Russell,Mercedes,imola,Autodromo Enzo e Dino Ferrari,3.0,3.0,0.3333333333333333,0.3333333333333333,83.0,6.0,0.0,0.0,3.5,3.6,0.0,11.5,4.0,2.0,127.0,6.076923076923077,1.0,1.0,0.2916666666666667,0.0,24.0,42.7,0.0,38.3,0
2025,8,Monaco Grand Prix,2025-05-25,ANT,Andrea Kimi Antonelli,Mercedes,monaco,Circuit de Monaco,15.0,15.0,0.06666666666666667,0.06666666666666667,44.0,7.0,0.0,1.0,8.285714285714286,9.6,1.0,10.0,0.0,0.0,133.0,6.142857142857143,1.0,1.0,0.3333333333333333,0.0,22.2,43.3,0.0,52.5,0
2025,8,Monaco Grand Prix,2025-05-25,RUS,George Russell,Mercedes,monaco,Circuit de Monaco,14.0,14.0,0.07142857142857142,0.07142857142857142,89.0,7.0,0.0,0.0,4.0,4.4,0.0,8.8,5.0,0.0,133.0,6.933333333333334,1.0,1.0,0.3333333333333333,0.0,22.2,43.3,0.0,52.5,0
2025,9,Spanish Grand Prix,2025-06-01,ANT,Andrea Kimi Antonelli,Mercedes,catalunya,Circuit de Barcelona-Catalunya,6.0,6.0,0.16666666666666666,0.16666666666666666,44.0,8.0,0.0,1.0,9.5,12.0,1.0,10.0,0.0,0.0,133.0,7.1875,1.0,1.0,0.375,0.0,29.1,48.5,0.0,54.6,0
2025,9,Spanish Grand Prix,2025-06-01,RUS,George Russell,Mercedes,catalunya,Circuit de Barcelona-Catalunya,4.0,4.0,0.25,0.25,89.0,8.0,0.0,0.0,4.875,5.6,0.0,9.666666666666666,6.0,0.0,133.0,7.823529411764706,2.0,1.0,0.375,0.0,29.1,48.5,0.0,54.6,0
2025,10,Canadian Grand Prix,2025-06-15,ANT,Andrea Kimi Antonelli,Mercedes,villeneuve,Circuit Gilles Villeneuve,4.0,4.0,0.25,0.25,44.0,9.0,0.0,2.0,10.444444444444445,13.4,2.0,10.0,0.0,0.0,145.0,7.611111111111111,2.0,1.0,0.4166666666666667,1.0,24.0,49.3,1.0,28.0,0
2025,10,Canadian Grand Prix,2025-06-15,RUS,George Russell,Mercedes,villeneuve,Circuit Gilles Villeneuve,1.0,1.0,1.0,1.0,101.0,9.0,0.0,0.0,4.777777777777778,6.0,0.0,10.5,4.0,1.0,160.0,7.368421052631579,2.0,1.0,0.4166666666666667,1.0,24.0,49.3,1.0,28.0,1
2025,11,Austrian Grand Prix,2025-06-29,ANT,Andrea Kimi Antonelli,Mercedes,red_bull_ring,Red Bull Ring,9.0,9.0,0.1111111111111111,0.1111111111111111,59.0,10.0,0.0,2.0,9.7,12.8,2.0,10.0,0.0,0.0,185.0,7.05,2.0,1.0,0.4583333333333333,0.0,30.3,49.2,0.0,32.0,0
2025,11,Austrian Grand Prix,2025-06-29,RUS,George Russell,Mercedes,red_bull_ring,Red Bull Ring,5.0,5.0,0.2,0.2,126.0,10.0,1.0,0.0,4.4,5.2,0.0,11.375,8.0,1.0,185.0,7.619047619047619,3.0,1.0,0.4583333333333333,0.0,30.3,49.2,0.0,32.0,0
2025,12,British Grand Prix,2025-07-06,ANT,Andrea Kimi Antonelli,Mercedes,silverstone,Silverstone Circuit,7.0,10.0,0.14285714285714285,0.1,59.0,11.0,0.0,3.0,10.545454545454545,15.4,3.0,10.0,0.0,0.0,195.0,7.5,3.0,1.0,0.5,1.0,17.9,23.6,1.0,78.4,0
2025,12,British Grand Prix,2025-07-06,RUS,George Russell,Mercedes,silverstone,Silverstone Circuit,4.0,4.0,0.25,0.25,136.0,11.0,1.0,0.0,4.454545454545454,5.6,0.0,14.0,7.0,2.0,195.0,7.869565217391305,4.0,1.0,0.5,1.0,17.9,23.6,1.0,78.4,0
2025,13,Belgian Grand Prix,2025-07-27,ANT,Andrea Kimi Antonelli,Mercedes,spa,Circuit de Spa-Francorchamps,18.0,19.0,0.05555555555555555,0.05263157894736842,59.0,12.0,0.0,4.0,11.0,14.8,3.0,10.0,0.0,0.0,196.0,7.958333333333333,4.0,1.0,0.5416666666666666,1.0,17.0,24.1,1.0,84.4,0
2025,13,Belgian Grand Prix,2025-07-27,RUS,George Russell,Mercedes,spa,Circuit de Spa-Francorchamps,6.0,6.0,0.16666666666666666,0.16666666666666666,137.0,12.0,1.0,0.0,4.916666666666667,6.2,0.0,11.0,6.0,0.0,196.0,8.28,4.0,1.0,0.5416666666666666,1.0,17.0,24.1,1.0,84.4,0
2025,14,Hungarian Grand Prix,2025-08-03,ANT,Andrea Kimi Antonelli,Mercedes,hungaroring,Hungaroring,15.0,15.0,0.06666666666666667,0.06666666666666667,59.0,13.0,0.0,4.0,11.384615384615385,14.4,3.0,10.0,0.0,0.0,206.0,8.153846153846153,4.0,1.0,0.5833333333333334,0.0,22.1,32.7,0.0,57.2,0
2025,14,Hungarian Grand Prix,2025-08-03,RUS,George Russell,Mercedes,hungaroring,Hungaroring,4.0,4.0,0.25,0.25,147.0,13.0,1.0,0.0,4.923076923076923,5.0,0.0,9.833333333333334,6.0,0.0,207.0,8.222222222222221,4.0,1.0,0.5833333333333334,0.0,22.1,32.7,0.0,57.2,0
2025,15,Dutch Grand Prix,2025-08-31,ANT,Andrea Kimi Antonelli,Mercedes,zandvoort,Circuit Park Zandvoort,11.0,11.0,0.09090909090909091,0.09090909090909091,60.0,14.0,0.0,4.0,11.285714285714286,12.8,2.0,10.0,0.0,0.0,222.0,8.035714285714286,4.0,1.0,0.625,0.0,20.1,28.0,0.0,71.2,0
2025,15,Dutch Grand Prix,2025-08-31,RUS,George Russell,Mercedes,zandvoort,Circuit Park Zandvoort,5.0,5.0,0.2,0.2,162.0,14.0,1.0,0.0,4.785714285714286,4.8,0.0,10.75,4.0,1.0,222.0,8.310344827586206,4.0,1.0,0.625,0.0,20.1,28.0,0.0,71.2,0
2025,16,Italian Grand Prix,2025-09-07,ANT,Andrea Kimi Antonelli,Mercedes,monza,Autodromo Nazionale di Monza,7.0,6.0,0.14285714285714285,0.16666666666666666,60.0,15.0,0.0,4.0,11.6,15.4,2.0,10.0,0.0,0.0,234.0,8.166666666666666,4.0,1.0,0.6666666666666666,0.0,26.8,43.3,0.0,42.6,0
2025,16,Italian Grand Prix,2025-09-07,RUS,George Russell,Mercedes,monza,Autodromo Nazionale di Monza,6.0,5.0,0.16666666666666666,0.2,174.0,15.0,1.0,0.0,4.733333333333333,5.4,0.0,8.666666666666666,6.0,0.0,236.0,8.193548387096774,4.0,1.0,0.6666666666666666,0.0,26.8,43.3,0.0,42.6,0
2025,17,Azerbaijan Grand Prix,2025-09-21,ANT,Andrea Kimi Antonelli,Mercedes,baku,Baku City Circuit,4.0,4.0,0.25,0.25,62.0,16.0,0.0,4.0,11.4375,13.4,1.0,10.0,0.0,0.0,246.0,8.09375,4.0,1.0,0.7083333333333334,0.0,20.6,26.1,0.0,59.8,0
2025,17,Azerbaijan Grand Prix,2025-09-21,RUS,George Russell,Mercedes,baku,Baku City Circuit,5.0,5.0,0.2,0.2,184.0,16.0,1.0,0.0,4.75,5.4,0.0,9.2,5.0,1.0,258.0,7.96969696969697,4.0,1.0,0.7083333333333334,0.0,20.6,26.1,0.0,59.8,0
2025,18,Singapore Grand Prix,2025-10-05,ANT,Andrea Kimi Antonelli,Mercedes,marina_bay,Marina Bay Street Circuit,4.0,4.0,0.25,0.25,74.0,17.0,0.0,4.0,11.0,11.0,0.0,10.0,0.0,0.0,276.0,7.794117647058823,4.0,1.0,0.75,1.0,29.1,33.9,1.0,74.4,0
2025,18,Singapore Grand Prix,2025-10-05,RUS,George Russell,Mercedes,marina_bay,Marina Bay Street Circuit,1.0,1.0,1.0,1.0,202.0,17.0,1.0,0.0,4.588235294117647,3.8,0.0,13.5,4.0,2.0,286.0,7.714285714285714,4.0,1.0,0.75,1.0,29.1,33.9,1.0,74.4,1
2025,19,United States Grand Prix,2025-10-19,ANT,Andrea Kimi Antonelli,Mercedes,americas,Circuit of the Americas,7.0,7.0,0.14285714285714285,0.14285714285714285,84.0,18.0,0.0,4.0,10.666666666666666,8.8,0.0,10.0,0.0,0.0,311.0,7.527777777777778,4.0,1.0,0.7916666666666666,0.0,28.3,45.0,0.0,22.5,0
2025,19,United States Grand Prix,2025-10-19,RUS,George Russell,Mercedes,americas,Circuit of the Americas,4.0,4.0,0.25,0.25,227.0,18.0,2.0,0.0,4.388888888888889,3.0,0.0,9.4,5.0,0.0,311.0,7.675675675675675,4.0,1.0,0.7916666666666666,0.0,28.3,45.0,0.0,22.5,0
2025,20,Mexico City Grand Prix,2025-10-26,ANT,Andrea Kimi Antonelli,Mercedes,rodriguez,Autódromo Hermanos Rodríguez,6.0,6.0,0.16666666666666666,0.16666666666666666,84.0,19.0,0.0,4.0,10.789473684210526,9.4,0.0,10.0,0.0,0.0,319.0,7.631578947368421,4.0,1.0,0.8333333333333334,0.0,26.4,50.6,0.0,23.2,0
2025,20,Mexico City Grand Prix,2025-10-26,RUS,George Russell,Mercedes,rodriguez,Autódromo Hermanos Rodríguez,4.0,4.0,0.25,0.25,235.0,19.0,2.0,0.0,4.473684210526316,3.6,0.0,9.4,5.0,0.0,327.0,7.589743589743589,4.0,1.0,0.8333333333333334,0.0,26.4,50.6,0.0,23.2,0
2025,21,São Paulo Grand Prix,2025-11-09,ANT,Andrea Kimi Antonelli,Mercedes,interlagos,Autódromo José Carlos Pace,2.0,2.0,0.5,0.5,92.0,20.0,0.0,4.0,10.55,7.4,0.0,10.0,0.0,0.0,333.0,7.575,4.0,1.0,0.875,0.0,17.3,30.7,0.0,70.6,0
2025,21,São Paulo Grand Prix,2025-11-09,RUS,George Russell,Mercedes,interlagos,Autódromo José Carlos Pace,6.0,6.0,0.16666666666666666,0.16666666666666666,241.0,20.0,2.0,0.0,4.6,4.2,0.0,9.0,5.0,1.0,351.0,7.439024390243903,4.0,1.0,0.875,0.0,17.3,30.7,0.0,70.6,0
2025,22,Las Vegas Grand Prix,2025-11-23,ANT,Andrea Kimi Antonelli,Mercedes,vegas,Las Vegas Strip Street Circuit,17.0,17.0,0.058823529411764705,0.058823529411764705,110.0,21.0,0.0,4.0,10.142857142857142,6.0,0.0,10.0,0.0,0.0,363.0,7.357142857142857,4.0,1.0,0.9166666666666666,0.0,16.7,19.5,0.0,37.8,0
2025,22,Las Vegas Grand Prix,2025-11-23,RUS,George Russell,Mercedes,vegas,Las Vegas Strip Street Circuit,4.0,4.0,0.25,0.25,253.0,21.0,2.0,0.0,4.571428571428571,4.0,0.0,4.5,2.0,0.0,378.0,7.255813953488372,4.0,1.0,0.9166666666666666,0.0,16.7,19.5,0.0,37.8,0
2025,23,Qatar Grand Prix,2025-11-30,ANT,Andrea Kimi Antonelli,Mercedes,losail,Losail International Circuit,5.0,5.0,0.2,0.2,125.0,22.0,0.0,4.0,9.818181818181818,5.8,0.0,10.0,0.0,0.0,396.0,7.136363636363637,4.0,1.0,0.9583333333333334,0.0,22.6,28.2,0.0,69.0,0
2025,23,Qatar Grand Prix,2025-11-30,RUS,George Russell,Mercedes,losail,Losail International Circuit,4.0,4.0,0.25,0.25,271.0,22.0,2.0,0.0,4.454545454545454,4.0,0.0,8.333333333333334,3.0,0.0,406.0,7.088888888888889,4.0,1.0,0.9583333333333334,0.0,22.6,28.2,0.0,69.0,0
2025,24,Abu Dhabi Grand Prix,2025-12-07,ANT,Andrea Kimi Antonelli,Mercedes,yas_marina,Yas Marina Circuit,14.0,14.0,0.07142857142857142,0.07142857142857142,135.0,23.0,0.0,4.0,9.608695652173912,5.8,0.0,10.0,0.0,0.0,414.0,7.065217391304348,4.0,1.0,1.0,0.0,26.7,31.1,0.0,60.4,0
2025,24,Abu Dhabi Grand Prix,2025-12-07,RUS,George Russell,Mercedes,yas_marina,Yas Marina Circuit,4.0,4.0,0.25,0.25,279.0,23.0,2.0,0.0,4.521739130434782,5.0,0.0,10.5,6.0,1.0,414.0,7.23404255319149,4.0,1.0,1.0,0.0,26.7,31.1,0.0,60.4,0
2024,1,Bahrain Grand Prix,2024-03-02,RIC,Daniel Ricciardo,RB F1 Team,bahrain,Bahrain International Circuit,14.0,14.0,0.07142857142857142,0.07142857142857142,0.0,0.0,0.0,0.0,11.375,12.0,0.0,11.833333333333334,6.0,1.0,0.0,11.416666666666666,0.0,1.0,0.041666666666666664,0.0,18.2,23.7,0.0,48.8,0
2024,1,Bahrain Grand Prix,2024-03-02,TSU,Yuki Tsunoda,RB F1 Team,bahrain,Bahrain International Circuit,11.0,11.0,0.09090909090909091,0.09090909090909091,0.0,0.0,0.0,0.0,11.375,11.0,1.0,9.333333333333334,3.0,0.0,0.0,13.0,0.0,1.0,0.041666666666666664,0.0,18.2,23.7,0.0,48.8,0
2024,2,Saudi Arabian Grand Prix,2024-03-09,RIC,Daniel Ricciardo,RB F1 Team,jeddah,Jeddah Corniche Circuit,14.0,14.0,0.07142857142857142,0.07142857142857142,0.0,1.0,0.0,0.0,13.0,11.6,0.0,11.0,2.0,1.0,0.0,13.5,0.0,1.0,0.08333333333333333,0.0,25.5,31.6,0.0,62.3,0
2024,2,Saudi Arabian Grand Prix,2024-03-09,TSU,Yuki Tsunoda,RB F1 Team,jeddah,Jeddah Corniche Circuit,9.0,9.0,0.1111111111111111,0.1111111111111111,0.0,1.0,0.0,0.0,14.0,12.2,1.0,14.666666666666666,3.0,0.0,0.0,14.333333333333334,0.0,1.0,0.08333333333333333,0.0,25.5,31.6,0.0,62.3,0
2024,3,Australian Grand Prix,2024-03-24,RIC,Daniel Ricciardo,RB F1 Team,albert_park,Albert Park Grand Prix Circuit,18.0,18.0,0.05555555555555555,0.05555555555555555,0.0,2.0,0.0,0.0,14.5,13.4,0.0,9.666666666666666,3.0,0.0,0.0,14.5,0.0,1.0,0.125,0.0,20.6,38.4,0.0,44.5,0
2024,3,Australian Grand Prix,2024-03-24,TSU,Yuki Tsunoda,RB F1 Team,albert_park,Albert Park Grand Prix Circuit,8.0,8.0,0.125,0.125,0.0,2.0,0.0,0.0,14.5,12.8,1.0,12.5,2.0,0.0,0.0,14.0,0.0,1.0,0.125,0.0,20.6,38.4,0.0,44.5,0
2024,4,Japanese Grand Prix,2024-04-07,RIC,Daniel Ricciardo,RB F1 Team,suzuka,Suzuka Circuit,11.0,11.0,0.09090909090909091,0.09090909090909091,0.0,3.0,0.0,0.0,13.666666666666666,13.2,0.0,11.333333333333334,3.0,0.0,6.0,12.833333333333334,0.0,1.0,0.16666666666666666,0.0,21.7,37.5,0.0,43.4,0
2024,4,Japanese Grand Prix,2024-04-07,TSU,Yuki Tsunoda,RB F1 Team,suzuka,Suzuka Circuit,10.0,10.0,0.1,0.1,6.0,3.0,0.0,0.0,12.0,12.4,1.0,12.5,2.0,0.0,6.0,13.714285714285714,1.0,1.0,0.16666666666666666,0.0,21.7,37.5,0.0,43.4,0
2024,5,Chinese Grand Prix,2024-04-21,RIC,Daniel Ricciardo,RB F1 Team,shanghai,Shanghai International Circuit,12.0,12.0,0.08333333333333333,0.08333333333333333,0.0,4.0,0.0,1.0,15.0,14.2,1.0,4.0,2.0,0.0,7.0,13.25,1.0,1.0,0.20833333333333334,0.0,18.6,29.8,0.0,66.1,0
2024,5,Chinese Grand Prix,2024-04-21,TSU,Yuki Tsunoda,RB F1 Team,shanghai,Shanghai International Circuit,19.0,19.0,0.05263157894736842,0.05263157894736842,7.0,4.0,0.0,0.0,11.5,10.8,0.0,10.0,0.0,0.0,7.0,13.777777777777779,2.0,1.0,0.20833333333333334,0.0,18.6,29.8,0.0,66.1,0
2024,6,Miami Grand Prix,2024-05-05,RIC,Daniel Ricciardo,RB F1 Team,miami,Miami International Autodrome,18.0,20.0,0.05555555555555555,0.05,0.0,5.0,0.0,2.0,15.6,15.6,2.0,13.0,1.0,0.0,7.0,14.3,3.0,1.0,0.25,0.0,28.5,44.7,0.0,59.0,0
2024,6,Miami Grand Prix,2024-05-05,TSU,Yuki Tsunoda,RB F1 Team,miami,Miami International Autodrome,10.0,10.0,0.1,0.1,7.0,5.0,0.0,1.0,13.0,13.0,1.0,11.5,2.0,0.0,7.0,14.363636363636363,3.0,1.0,0.25,0.0,28.5,44.7,0.0,59.0,0
2024,7,Emilia Romagna Grand Prix,2024-05-19,RIC,Daniel Ricciardo,RB F1 Team,imola,Autodromo Enzo e Dino Ferrari,9.0,9.0,0.1111111111111111,0.1111111111111111,0.0,6.0,0.0,2.0,15.5,16.0,2.0,9.0,3.0,0.0,13.0,13.75,3.0,1.0,0.2916666666666667,0.0,25.1,42.0,0.0,48.4,0
2024,7,Emilia Romagna Grand Prix,2024-05-19,TSU,Yuki Tsunoda,RB F1 Team,imola,Autodromo Enzo e Dino Ferrari,7.0,7.0,0.14285714285714285,0.14285714285714285,13.0,6.0,0.0,1.0,12.0,11.6,1.0,9.5,2.0,0.0,13.0,13.692307692307692,3.0,1.0,0.2916666666666667,0.0,25.1,42.0,0.0,48.4,0
2024,8,Monaco Grand Prix,2024-05-26,RIC,Daniel Ricciardo,RB F1 Team,monaco,Circuit de Monaco,12.0,12.0,0.08333333333333333,0.08333333333333333,0.0,7.0,0.0,2.0,15.142857142857142,15.4,2.0,8.75,4.0,0.0,14.0,13.428571428571429,3.0,1.0,0.3333333333333333,0.0,21.6,46.3,0.0,64.0,0
2024,8,Monaco Grand Prix,2024-05-26,TSU,Yuki Tsunoda,RB F1 Team,monaco,Circuit de Monaco,8.0,8.0,0.125,0.125,14.0,7.0,0.0,1.0,11.714285714285714,10.6,1.0,16.0,3.0,0.0,14.0,13.333333333333334,3.0,1.0,0.3333333333333333,0.0,21.6,46.3,0.0,64.0,0
2024,9,Canadian Grand Prix,2024-06-09,RIC,Daniel Ricciardo,RB F1 Team,villeneuve,Circuit Gilles Villeneuve,5.0,5.0,0.2,0.2,0.0,8.0,0.0,2.0,14.75,15.4,2.0,7.0,3.0,0.0,18.0,13.0,3.0,1.0,0.375,1.0,17.8,24.6,1.0,73.4,0
2024,9,Canadian Grand Prix,2024-06-09,TSU,Yuki Tsunoda,RB F1 Team,villeneuve,Circuit Gilles Villeneuve,8.0,8.0,0.125,0.125,18.0,8.0,0.0,1.0,11.25,10.8,1.0,16.0,2.0,1.0,22.0,12.705882352941176,3.0,1.0,0.375,1.0,17.8,24.6,1.0,73.4,0
2024,10,Spanish Grand Prix,2024-06-23,RIC,Daniel Ricciardo,RB F1 Team,catalunya,Circuit de Barcelona-Catalunya,18.0,18.0,0.05555555555555555,0.05555555555555555,4.0,9.0,0.0,2.0,14.0,13.2,1.0,9.2,5.0,0.0,22.0,12.777777777777779,3.0,1.0,0.4166666666666667,1.0,24.1,41.1,1.0,63.4,0
2024,10,Spanish Grand Prix,2024-06-23,TSU,Yuki Tsunoda,RB F1 Team,catalunya,Circuit de Barcelona-Catalunya,17.0,17.0,0.058823529411764705,0.058823529411764705,18.0,9.0,0.0,1.0,11.555555555555555,11.6,1.0,14.0,3.0,1.0,22.0,12.894736842105264,3.0,1.0,0.4166666666666667,1.0,24.1,41.1,1.0,63.4,0
2024,11,Austrian Grand Prix,2024-06-30,RIC,Daniel Ricciardo,RB F1 Team,red_bull_ring,Red Bull Ring,11.0,11.0,0.09090909090909091,0.09090909090909091,4.0,10.0,0.0,2.0,14.1,12.6,0.0,12.285714285714286,7.0,0.0,22.0,13.2,3.0,1.0,0.4583333333333333,1.0,29.4,46.4,1.0,35.0,0
2024,11,Austrian Grand Prix,2024-06-30,TSU,Yuki Tsunoda,RB F1 Team,red_bull_ring,Red Bull Ring,14.0,14.0,0.07142857142857142,0.07142857142857142,18.0,10.0,0.0,1.0,12.3,11.6,0.0,14.25,4.0,0.0,24.0,13.0,3.0,1.0,0.4583333333333333,1.0,29.4,46.4,1.0,35.0,0
2024,12,British Grand Prix,2024-07-07,RIC,Daniel Ricciardo,RB F1 Team,silverstone,Silverstone Circuit,15.0,15.0,0.06666666666666667,0.06666666666666667,6.0,11.0,0.0,2.0,13.636363636363637,11.4,0.0,8.0,6.0,0.0,24.0,13.045454545454545,3.0,1.0,0.5,1.0,15.8,27.7,1.0,67.3,0
2024,12,British Grand Prix,2024-07-07,TSU,Yuki Tsunoda,RB F1 Team,silverstone,Silverstone Circuit,13.0,13.0,0.07692307692307693,0.07692307692307693,18.0,11.0,0.0,1.0,12.454545454545455,13.0,0.0,13.333333333333334,3.0,0.0,24.0,13.043478260869565,3.0,1.0,0.5,1.0,15.8,27.7,1.0,67.3,0
2024,13,Hungarian Grand Prix,2024-07-21,RIC,Daniel Ricciardo,RB F1 Team,hungaroring,Hungaroring,9.0,9.0,0.1111111111111111,0.1111111111111111,6.0,12.0,0.0,2.0,13.583333333333334,11.4,0.0,10.833333333333334,6.0,0.0,25.0,12.916666666666666,3.0,1.0,0.5416666666666666,0.0,28.8,44.9,0.0,46.9,0
2024,13,Hungarian Grand Prix,2024-07-21,TSU,Yuki Tsunoda,RB F1 Team,hungaroring,Hungaroring,10.0,10.0,0.1,0.1,19.0,12.0,0.0,1.0,12.25,13.0,0.0,13.333333333333334,3.0,0.0,25.0,12.88,3.0,1.0,0.5416666666666666,0.0,28.8,44.9,0.0,46.9,0
2024,14,Belgian Grand Prix,2024-07-28,RIC,Daniel Ricciardo,RB F1 Team,spa,Circuit de Spa-Francorchamps,13.0,13.0,0.07692307692307693,0.07692307692307693,6.0,13.0,0.0,2.0,13.461538461538462,11.4,0.0,11.5,6.0,1.0,27.0,12.73076923076923,3.0,1.0,0.5833333333333334,0.0,21.3,42.3,0.0,49.6,0
2024,14,Belgian Grand Prix,2024-07-28,TSU,Yuki Tsunoda,RB F1 Team,spa,Circuit de Spa-Francorchamps,18.0,20.0,0.05555555555555555,0.05,21.0,13.0,0.0,1.0,12.0,13.2,0.0,12.666666666666666,3.0,0.0,28.0,12.62962962962963,3.0,1.0,0.5833333333333334,0.0,21.3,42.3,0.0,49.6,0
2024,15,Dutch Grand Prix,2024-08-25,RIC,Daniel Ricciardo,RB F1 Team,zandvoort,Circuit Park Zandvoort,15.0,13.0,0.06666666666666667,0.07692307692307693,7.0,14.0,0.0,2.0,13.214285714285714,11.8,0.0,14.0,2.0,0.0,28.0,12.75,3.0,1.0,0.625,0.0,19.0,30.8,0.0,61.0,0
2024,15,Dutch Grand Prix,2024-08-25,TSU,Yuki Tsunoda,RB F1 Team,zandvoort,Circuit Park Zandvoort,12.0,11.0,0.08333333333333333,0.09090909090909091,21.0,14.0,0.0,1.0,12.285714285714286,13.6,0.0,18.0,3.0,0.0,28.0,12.724137931034482,3.0,1.0,0.625,0.0,19.0,30.8,0.0,61.0,0
2024,16,Italian Grand Prix,2024-09-01,RIC,Daniel Ricciardo,RB F1 Team,monza,Autodromo Nazionale di Monza,12.0,12.0,0.08333333333333333,0.08333333333333333,7.0,15.0,0.0,2.0,13.133333333333333,11.2,0.0,9.0,5.0,1.0,28.0,12.866666666666667,3.0,1.0,0.6666666666666666,0.0,33.1,49.3,0.0,32.3,0
2024,16,Italian Grand Prix,2024-09-01,TSU,Yuki Tsunoda,RB F1 Team,monza,Autodromo Nazionale di Monza,16.0,16.0,0.0625,0.0625,21.0,15.0,0.0,1.0,12.6,13.2,0.0,18.0,3.0,1.0,28.0,12.870967741935484,3.0,1.0,0.6666666666666666,0.0,33.1,49.3,0.0,32.3,0
2024,17,Azerbaijan Grand Prix,2024-09-15,RIC,Daniel Ricciardo,RB F1 Team,baku,Baku City Circuit,15.0,14.0,0.06666666666666667,0.07142857142857142,7.0,16.0,0.0,2.0,13.125,12.0,0.0,13.5,4.0,2.0,28.0,13.09375,4.0,1.0,0.7083333333333334,0.0,26.7,44.3,0.0,38.0,0
2024,17,Azerbaijan Grand Prix,2024-09-15,TSU,Yuki Tsunoda,RB F1 Team,baku,Baku City Circuit,12.0,11.0,0.08333333333333333,0.09090909090909091,21.0,16.0,0.0,2.0,13.0625,14.4,1.0,10.0,3.0,0.0,28.0,13.090909090909092,4.0,1.0,0.7083333333333334,0.0,26.7,44.3,0.0,38.0,0
2024,18,Singapore Grand Prix,2024-09-22,RIC,Daniel Ricciardo,RB F1 Team,marina_bay,Marina Bay Street Circuit,16.0,16.0,0.0625,0.0625,7.0,17.0,0.0,2.0,13.117647058823529,12.0,0.0,8.333333333333334,3.0,0.0,28.0,13.294117647058824,5.0,1.0,0.75,0.0,30.8,36.4,0.0,74.7,0
2024,18,Singapore Grand Prix,2024-09-22,TSU,Yuki Tsunoda,RB F1 Team,marina_bay,Marina Bay Street Circuit,8.0,8.0,0.125,0.125,21.0,17.0,0.0,3.0,13.470588235294118,16.4,2.0,17.0,2.0,2.0,28.0,13.428571428571429,5.0,1.0,0.75,0.0,30.8,36.4,0.0,74.7,0
2024,19,United States Grand Prix,2024-10-20,LAW,Liam Lawson,RB F1 Team,americas,Circuit of the Americas,15.0,19.0,0.06666666666666667,0.05263157894736842,0.0,0.0,0.0,0.0,11.375,12.2,0.0,10.0,0.0,0.0,28.0,13.38888888888889,5.0,1.0,0.7916666666666666,0.0,28.1,46.6,0.0,35.5,0
2024,19,United States Grand Prix,2024-10-20,TSU,Yuki Tsunoda,RB F1 Team,americas,Circuit of the Americas,11.0,10.0,0.09090909090909091,0.1,21.0,18.0,0.0,3.0,13.38888888888889,17.0,2.0,9.0,3.0,0.0,30.0,13.27027027027027,5.0,1.0,0.7916666666666666,0.0,28.1,46.6,0.0,35.5,0
2024,20,Mexico City Grand Prix,2024-10-27,LAW,Liam Lawson,RB F1 Team,rodriguez,Autódromo Hermanos Rodríguez,12.0,12.0,0.08333333333333333,0.08333333333333333,2.0,1.0,0.0,0.0,9.0,11.4,0.0,10.0,0.0,0.0,30.0,13.289473684210526,5.0,1.0,0.8333333333333334,0.0,19.9,35.6,0.0,51.1,0
2024,20,Mexico City Grand Prix,2024-10-27,TSU,Yuki Tsunoda,RB F1 Team,rodriguez,Autódromo Hermanos Rodríguez,11.0,11.0,0.09090909090909091,0.09090909090909091,21.0,19.0,0.0,3.0,13.421052631578947,16.6,2.0,17.333333333333332,3.0,2.0,30.0,13.35897435897436,5.0,1.0,0.8333333333333334,0.0,19.9,35.6,0.0,51.1,0
2024,21,São Paulo Grand Prix,2024-11-03,LAW,Liam Lawson,RB F1 Team,interlagos,Autódromo José Carlos Pace,5.0,5.0,0.2,0.2,2.0,2.0,0.0,0.0,12.5,12.4,0.0,10.0,0.0,0.0,30.0,13.525,6.0,1.0,0.875,1.0,21.7,25.8,1.0,85.3,0
2024,21,São Paulo Grand Prix,2024-11-03,TSU,Yuki Tsunoda,RB F1 Team,interlagos,Autódromo José Carlos Pace,3.0,3.0,0.3333333333333333,0.3333333333333333,21.0,20.0,0.0,4.0,13.75,17.2,3.0,13.666666666666666,3.0,0.0,32.0,13.414634146341463,6.0,1.0,0.875,1.0,21.7,25.8,1.0,85.3,0
2024,22,Las Vegas Grand Prix,2024-11-23,LAW,Liam Lawson,RB F1 Team,vegas,Las Vegas Strip Street Circuit,15.0,14.0,0.06666666666666667,0.07142857142857142,4.0,3.0,0.0,0.0,11.333333333333334,12.4,0.0,10.0,0.0,0.0,38.0,13.261904761904763,6.0,1.0,0.9166666666666666,0.0,17.8,17.7,0.0,47.9,0
2024,22,Las Vegas Grand Prix,2024-11-23,TSU,Yuki Tsunoda,RB F1 Team,vegas,Las Vegas Strip Street Circuit,7.0,7.0,0.14285714285714285,0.14285714285714285,27.0,21.0,0.0,4.0,13.428571428571429,14.6,2.0,18.0,1.0,1.0,38.0,13.325581395348838,6.0,1.0,0.9166666666666666,0.0,17.8,17.7,0.0,47.9,0
2024,23,Qatar Grand Prix,2024-12-01,LAW,Liam Lawson,RB F1 Team,losail,Losail International Circuit,17.0,17.0,0.058823529411764705,0.058823529411764705,4.0,4.0,0.0,0.0,12.5,13.4,0.0,17.0,1.0,0.0,40.0,13.227272727272727,6.0,1.0,0.9583333333333334,0.0,18.9,22.8,0.0,57.3,0
2024,23,Qatar Grand Prix,2024-12-01,TSU,Yuki Tsunoda,RB F1 Team,losail,Losail International Circuit,14.0,14.0,0.07142857142857142,0.07142857142857142,29.0,22.0,0.0,4.0,13.227272727272727,12.4,1.0,14.0,2.0,0.0,40.0,13.244444444444444,6.0,1.0,0.9583333333333334,0.0,18.9,22.8,0.0,57.3,0
2024,24,Abu Dhabi Grand Prix,2024-12-08,LAW,Liam Lawson,RB F1 Team,yas_marina,Yas Marina Circuit,12.0,12.0,0.08333333333333333,0.08333333333333333,4.0,5.0,0.0,0.0,12.8,12.8,0.0,10.0,0.0,0.0,40.0,13.23913043478261,6.0,1.0,1.0,0.0,26.8,31.8,0.0,51.4,0
2024,24,Abu Dhabi Grand Prix,2024-12-08,TSU,Yuki Tsunoda,RB F1 Team,yas_marina,Yas Marina Circuit,11.0,11.0,0.09090909090909091,0.09090909090909091,29.0,23.0,0.0,4.0,13.217391304347826,12.6,1.0,7.666666666666667,3.0,0.0,40.0,13.319148936170214,7.0,1.0,1.0,0.0,26.8,31.8,0.0,51.4,0
2025,1,Australian Grand Prix,2025-03-16,HAD,Isack Hadjar,RB F1 Team,albert_park,Albert Park Grand Prix Circuit,11.0,11.0,0.09090909090909091,0.09090909090909091,0.0,0.0,0.0,0.0,11.375,11.0,0.0,10.0,0.0,0.0,0.0,11.416666666666666,0.0,1.0,0.041666666666666664,1.0,15.7,18.9,1.0,78.4,0
2025,1,Australian Grand Prix,2025-03-16,TSU,Yuki Tsunoda,RB F1 Team,albert_park,Albert Park Grand Prix Circuit,5.0,5.0,0.2,0.2,0.0,0.0,0.0,0.0,11.375,12.2,1.0,10.666666666666666,3.0,0.0,0.0,20.0,1.0,1.0,0.041666666666666664,1.0,15.7,18.9,1.0,78.4,0
2025,2,Chinese Grand Prix,2025-03-23,HAD,Isack Hadjar,RB F1 Team,shanghai,Shanghai International Circuit,7.0,7.0,0.14285714285714285,0.14285714285714285,0.0,1.0,0.0,1.0,20.0,20.0,1.0,10.0,0.0,0.0,0.0,16.0,1.0,1.0,0.08333333333333333,0.0,27.2,35.8,0.0,18.2,0
2025,2,Chinese Grand Prix,2025-03-23,TSU,Yuki Tsunoda,RB F1 Team,shanghai,Shanghai International Circuit,9.0,9.0,0.1111111111111111,0.1111111111111111,0.0,1.0,0.0,0.0,12.0,10.6,0.0,19.0,1.0,1.0,0.0,14.333333333333334,1.0,1.0,0.08333333333333333,0.0,27.2,35.8,0.0,18.2,0
2025,3,Japanese Grand Prix,2025-04-06,HAD,Isack Hadjar,RB F1 Team,suzuka,Suzuka Circuit,7.0,7.0,0.14285714285714285,0.14285714285714285,0.0,2.0,0.0,1.0,15.5,15.5,1.0,10.0,0.0,0.0,0.0,14.75,1.0,1.0,0.125,0.0,14.4,20.5,0.0,76.4,0
2025,3,Japanese Grand Prix,2025-04-06,LAW,Liam Lawson,RB F1 Team,suzuka,Suzuka Circuit,14.0,13.0,0.07142857142857142,0.07692307692307693,0.0,2.0,0.0,1.0,13.5,14.8,2.0,11.0,1.0,0.0,4.0,13.4,1.0,1.0,0.125,0.0,14.4,20.5,0.0,76.4,0
2025,4,Bahrain Grand Prix,2025-04-13,HAD,Isack Hadjar,RB F1 Team,bahrain,Bahrain International Circuit,12.0,12.0,0.08333333333333333,0.08333333333333333,4.0,3.0,0.0,1.0,13.0,13.0,1.0,10.0,0.0,0.0,4.0,14.0,1.0,1.0,0.16666666666666666,0.0,27.1,31.9,0.0,45.3,0
2025,4,Bahrain Grand Prix,2025-04-13,LAW,Liam Lawson,RB F1 Team,bahrain,Bahrain International Circuit,17.0,17.0,0.058823529411764705,0.058823529411764705,0.0,3.0,0.0,1.0,14.666666666666666,15.0,2.0,10.0,0.0,0.0,4.0,13.857142857142858,1.0,1.0,0.16666666666666666,0.0,27.1,31.9,0.0,45.3,0
2025,5,Saudi Arabian Grand Prix,2025-04-20,HAD,Isack Hadjar,RB F1 Team,jeddah,Jeddah Corniche Circuit,14.0,14.0,0.07142857142857142,0.07142857142857142,4.0,4.0,0.0,1.0,13.0,13.0,1.0,10.0,0.0,0.0,4.0,14.125,1.0,1.0,0.20833333333333334,0.0,29.5,37.8,0.0,62.7,0
2025,5,Saudi Arabian Grand Prix,2025-04-20,LAW,Liam Lawson,RB F1 Team,jeddah,Jeddah Corniche Circuit,12.0,12.0,0.08333333333333333,0.08333333333333333,0.0,4.0,0.0,1.0,15.0,15.4,2.0,10.0,0.0,0.0,5.0,13.666666666666666,1.0,1.0,0.20833333333333334,0.0,29.5,37.8,0.0,62.7,0
2025,6,Miami Grand Prix,2025-05-04,HAD,Isack Hadjar,RB F1 Team,miami,Miami International Autodrome,11.0,11.0,0.09090909090909091,0.09090909090909091,5.0,5.0,0.0,1.0,12.4,12.4,1.0,10.0,0.0,0.0,5.0,13.5,1.0,1.0,0.25,1.0,26.6,38.7,1.0,63.0,0
2025,6,Miami Grand Prix,2025-05-04,LAW,Liam Lawson,RB F1 Team,miami,Miami International Autodrome,15.0,15.0,0.06666666666666667,0.06666666666666667,0.0,5.0,0.0,1.0,14.4,14.4,1.0,10.0,0.0,0.0,5.0,13.272727272727273,1.0,1.0,0.25,1.0,26.6,38.7,1.0,63.0,0
2025,7,Emilia Romagna Grand Prix,2025-05-18,HAD,Isack Hadjar,RB F1 Team,imola,Autodromo Enzo e Dino Ferrari,9.0,9.0,0.1111111111111111,0.1111111111111111,5.0,6.0,0.0,1.0,12.166666666666666,10.6,0.0,10.0,0.0,0.0,5.0,13.583333333333334,2.0,1.0,0.2916666666666667,0.0,24.0,42.7,0.0,38.3,0
2025,7,Emilia Romagna Grand Prix,2025-05-18,LAW,Liam Lawson,RB F1 Team,imola,Autodromo Enzo e Dino Ferrari,16.0,15.0,0.0625,0.06666666666666667,0.0,6.0,0.0,2.0,14.833333333333334,14.8,1.0,10.0,0.0,0.0,7.0,13.23076923076923,2.0,1.0,0.2916666666666667,0.0,24.0,42.7,0.0,38.3,0
2025,8,Monaco Grand Prix,2025-05-25,HAD,Isack Hadjar,RB F1 Team,monaco,Circuit de Monaco,6.0,5.0,0.16666666666666666,0.2,7.0,7.0,0.0,1.0,11.714285714285714,10.2,0.0,10.0,0.0,0.0,7.0,13.285714285714286,2.0,1.0,0.3333333333333333,0.0,22.2,43.3,0.0,52.5,0
2025,8,Monaco Grand Prix,2025-05-25,LAW,Liam Lawson,RB F1 Team,monaco,Circuit de Monaco,9.0,9.0,0.1111111111111111,0.1111111111111111,0.0,7.0,0.0,2.0,14.714285714285714,15.2,1.0,10.0,0.0,0.0,15.0,12.8,2.0,1.0,0.3333333333333333,0.0,22.2,43.3,0.0,52.5,0
2025,9,Spanish Grand Prix,2025-06-01,HAD,Isack Hadjar,RB F1 Team,catalunya,Circuit de Barcelona-Catalunya,9.0,9.0,0.1111111111111111,0.1111111111111111,15.0,8.0,0.0,1.0,11.0,9.8,0.0,10.0,0.0,0.0,19.0,12.5,2.0,1.0,0.375,0.0,29.1,48.5,0.0,54.6,0
2025,9,Spanish Grand Prix,2025-06-01,LAW,Liam Lawson,RB F1 Team,catalunya,Circuit de Barcelona-Catalunya,13.0,13.0,0.07692307692307693,0.07692307692307693,4.0,8.0,0.0,2.0,13.875,13.4,1.0,10.0,0.0,0.0,25.0,12.176470588235293,2.0,1.0,0.375,0.0,29.1,48.5,0.0,54.6,0
2025,10,Canadian Grand Prix,2025-06-15,HAD,Isack Hadjar,RB F1 Team,villeneuve,Circuit Gilles Villeneuve,9.0,12.0,0.1111111111111111,0.08333333333333333,21.0,9.0,0.0,1.0,10.555555555555555,8.6,0.0,10.0,0.0,0.0,25.0,12.11111111111111,2.0,1.0,0.4166666666666667,1.0,24.0,49.3,1.0,28.0,0
2025,10,Canadian Grand Prix,2025-06-15,LAW,Liam Lawson,RB F1 Team,villeneuve,Circuit Gilles Villeneuve,19.0,19.0,0.05263157894736842,0.05263157894736842,4.0,9.0,0.0,2.0,13.555555555555555,12.4,1.0,10.0,0.0,0.0,25.0,12.31578947368421,2.0,1.0,0.4166666666666667,1.0,24.0,49.3,1.0,28.0,0
2025,11,Austrian Grand Prix,2025-06-29,HAD,Isack Hadjar,RB F1 Team,red_bull_ring,Red Bull Ring,13.0,13.0,0.07692307692307693,0.07692307692307693,21.0,10.0,0.0,1.0,11.1,9.8,0.0,10.0,0.0,0.0,25.0,12.65,3.0,1.0,0.4583333333333333,0.0,30.3,49.2,0.0,32.0,0
2025,11,Austrian Grand Prix,2025-06-29,LAW,Liam Lawson,RB F1 Team,red_bull_ring,Red Bull Ring,6.0,6.0,0.16666666666666666,0.16666666666666666,4.0,10.0,0.0,3.0,14.1,13.8,2.0,10.0,0.0,0.0,25.0,12.619047619047619,3.0,1.0,0.4583333333333333,0.0,30.3,49.2,0.0,32.0,0
2025,12,British Grand Prix,2025-07-06,HAD,Isack Hadjar,RB F1 Team,silverstone,Silverstone Circuit,13.0,12.0,0.07692307692307693,0.08333333333333333,21.0,11.0,0.0,1.0,11.181818181818182,10.0,0.0,10.0,0.0,0.0,33.0,12.318181818181818,3.0,1.0,0.5,1.0,17.9,23.6,1.0,78.4,0
2025,12,British Grand Prix,2025-07-06,LAW,Liam Lawson,RB F1 Team,silverstone,Silverstone Circuit,16.0,15.0,0.0625,0.06666666666666667,12.0,11.0,0.0,3.0,13.363636363636363,11.6,1.0,10.0,0.0,0.0,33.0,12.521739130434783,4.0,1.0,0.5,1.0,17.9,23.6,1.0,78.4,0
2025,13,Belgian Grand Prix,2025-07-27,HAD,Isack Hadjar,RB F1 Team,spa,Circuit de Spa-Francorchamps,8.0,8.0,0.125,0.125,21.0,12.0,0.0,2.0,11.666666666666666,11.6,1.0,10.0,0.0,0.0,33.0,12.791666666666666,5.0,1.0,0.5416666666666666,1.0,17.0,24.1,1.0,84.4,0
2025,13,Belgian Grand Prix,2025-07-27,LAW,Liam Lawson,RB F1 Team,spa,Circuit de Spa-Francorchamps,9.0,9.0,0.1111111111111111,0.1111111111111111,12.0,12.0,0.0,4.0,13.833333333333334,12.6,2.0,10.0,0.0,0.0,33.0,13.08,5.0,1.0,0.5416666666666666,1.0,17.0,24.1,1.0,84.4,0
2025,14,Hungarian Grand Prix,2025-08-03,HAD,Isack Hadjar,RB F1 Team,hungaroring,Hungaroring,10.0,10.0,0.1,0.1,21.0,13.0,0.0,2.0,12.307692307692308,14.4,1.0,10.0,0.0,0.0,37.0,12.884615384615385,5.0,1.0,0.5833333333333334,0.0,22.1,32.7,0.0,57.2,0
2025,14,Hungarian Grand Prix,2025-08-03,LAW,Liam Lawson,RB F1 Team,hungaroring,Hungaroring,9.0,9.0,0.1111111111111111,0.1111111111111111,16.0,13.0,0.0,4.0,13.384615384615385,12.6,2.0,10.0,0.0,0.0,37.0,12.814814814814815,5.0,1.0,0.5833333333333334,0.0,22.1,32.7,0.0,57.2,0
2025,15,Dutch Grand Prix,2025-08-31,HAD,Isack Hadjar,RB F1 Team,zandvoort,Circuit Park Zandvoort,4.0,4.0,0.25,0.25,21.0,14.0,0.0,2.0,12.214285714285714,15.2,1.0,10.0,0.0,0.0,41.0,12.642857142857142,5.0,1.0,0.625,0.0,20.1,28.0,0.0,71.2,0
2025,15,Dutch Grand Prix,2025-08-31,LAW,Liam Lawson,RB F1 Team,zandvoort,Circuit Park Zandvoort,8.0,8.0,0.125,0.125,20.0,14.0,0.0,4.0,13.0,12.0,2.0,13.0,1.0,0.0,56.0,12.310344827586206,5.0,1.0,0.625,0.0,20.1,28.0,0.0,71.2,0
2025,16,Italian Grand Prix,2025-09-07,HAD,Isack Hadjar,RB F1 Team,monza,Autodromo Nazionale di Monza,16.0,19.0,0.0625,0.05263157894736842,36.0,15.0,0.0,2.0,11.6,12.6,1.0,10.0,0.0,0.0,56.0,12.3,5.0,1.0,0.6666666666666666,0.0,26.8,43.3,0.0,42.6,0
2025,16,Italian Grand Prix,2025-09-07,LAW,Liam Lawson,RB F1 Team,monza,Autodromo Nazionale di Monza,20.0,18.0,0.05,0.05555555555555555,20.0,15.0,0.0,4.0,12.933333333333334,10.6,1.0,11.0,1.0,0.0,57.0,12.225806451612904,5.0,1.0,0.6666666666666666,0.0,26.8,43.3,0.0,42.6,0
2025,17,Azerbaijan Grand Prix,2025-09-21,HAD,Isack Hadjar,RB F1 Team,baku,Baku City Circuit,8.0,8.0,0.125,0.125,37.0,16.0,0.0,2.0,11.5,12.2,1.0,10.0,0.0,0.0,57.0,12.28125,5.0,1.0,0.7083333333333334,0.0,20.6,26.1,0.0,59.8,0
2025,17,Azerbaijan Grand Prix,2025-09-21,LAW,Liam Lawson,RB F1 Team,baku,Baku City Circuit,3.0,3.0,0.3333333333333333,0.3333333333333333,20.0,16.0,0.0,4.0,13.0,12.2,1.0,10.0,0.0,0.0,58.0,12.212121212121213,5.0,1.0,0.7083333333333334,0.0,20.6,26.1,0.0,59.8,0
2025,18,Singapore Grand Prix,2025-10-05,HAD,Isack Hadjar,RB F1 Team,marina_bay,Marina Bay Street Circuit,8.0,8.0,0.125,0.125,38.0,17.0,0.0,2.0,11.411764705882353,10.8,0.0,10.0,0.0,0.0,68.0,12.0,5.0,1.0,0.75,1.0,29.1,33.9,1.0,74.4,0
2025,18,Singapore Grand Prix,2025-10-05,LAW,Liam Lawson,RB F1 Team,marina_bay,Marina Bay Street Circuit,12.0,12.0,0.08333333333333333,0.08333333333333333,30.0,17.0,0.0,4.0,12.529411764705882,9.4,0.0,9.0,1.0,0.0,68.0,11.971428571428572,5.0,1.0,0.75,1.0,29.1,33.9,1.0,74.4,0
2025,19,United States Grand Prix,2025-10-19,HAD,Isack Hadjar,RB F1 Team,americas,Circuit of the Americas,20.0,20.0,0.05,0.05,38.0,18.0,0.0,2.0,11.38888888888889,9.0,0.0,10.0,0.0,0.0,68.0,12.055555555555555,5.0,1.0,0.7916666666666666,0.0,28.3,45.0,0.0,22.5,0
2025,19,United States Grand Prix,2025-10-19,LAW,Liam Lawson,RB F1 Team,americas,Circuit of the Americas,12.0,12.0,0.08333333333333333,0.08333333333333333,30.0,18.0,0.0,4.0,12.666666666666666,10.8,0.0,9.0,1.0,0.0,68.0,12.162162162162161,5.0,1.0,0.7916666666666666,0.0,28.3,45.0,0.0,22.5,0
2025,20,Mexico City Grand Prix,2025-10-26,HAD,Isack Hadjar,RB F1 Team,rodriguez,Autódromo Hermanos Rodríguez,9.0,8.0,0.1111111111111111,0.125,38.0,19.0,0.0,2.0,11.631578947368421,10.0,0.0,10.0,0.0,0.0,68.0,12.131578947368421,5.0,1.0,0.8333333333333334,0.0,26.4,50.6,0.0,23.2,0
2025,20,Mexico City Grand Prix,2025-10-26,LAW,Liam Lawson,RB F1 Team,rodriguez,Autódromo Hermanos Rodríguez,15.0,15.0,0.06666666666666667,0.06666666666666667,30.0,19.0,0.0,4.0,12.578947368421053,11.4,0.0,16.0,1.0,0.0,68.0,12.153846153846153,5.0,1.0,0.8333333333333334,0.0,26.4,50.6,0.0,23.2,0
2025,21,São Paulo Grand Prix,2025-11-09,HAD,Isack Hadjar,RB F1 Team,interlagos,Autódromo José Carlos Pace,5.0,5.0,0.2,0.2,38.0,20.0,0.0,2.0,11.7,12.0,0.0,10.0,0.0,0.0,68.0,12.35,6.0,1.0,0.875,0.0,17.3,30.7,0.0,70.6,0
2025,21,São Paulo Grand Prix,2025-11-09,LAW,Liam Lawson,RB F1 Team,interlagos,Autódromo José Carlos Pace,7.0,7.0,0.14285714285714285,0.14285714285714285,30.0,20.0,0.0,5.0,12.95,13.0,1.0,9.0,1.0,0.0,72.0,12.24390243902439,6.0,1.0,0.875,0.0,17.3,30.7,0.0,70.6,0
2025,22,Las Vegas Grand Prix,2025-11-23,HAD,Isack Hadjar,RB F1 Team,vegas,Las Vegas Strip Street Circuit,8.0,8.0,0.125,0.125,42.0,21.0,0.0,2.0,11.523809523809524,11.6,0.0,10.0,0.0,0.0,78.0,12.119047619047619,6.0,1.0,0.9166666666666666,0.0,16.7,19.5,0.0,37.8,0
2025,22,Las Vegas Grand Prix,2025-11-23,LAW,Liam Lawson,RB F1 Team,vegas,Las Vegas Strip Street Circuit,6.0,6.0,0.16666666666666666,0.16666666666666666,36.0,21.0,0.0,5.0,12.666666666666666,11.6,1.0,16.0,1.0,0.0,86.0,11.976744186046512,6.0,1.0,0.9166666666666666,0.0,16.7,19.5,0.0,37.8,0
2025,23,Qatar Grand Prix,2025-11-30,HAD,Isack Hadjar,RB F1 Team,losail,Losail International Circuit,6.0,6.0,0.16666666666666666,0.16666666666666666,50.0,22.0,0.0,2.0,11.272727272727273,10.8,0.0,10.0,0.0,0.0,86.0,12.022727272727273,6.0,1.0,0.9583333333333334,0.0,22.6,28.2,0.0,69.0,0
2025,23,Qatar Grand Prix,2025-11-30,LAW,Liam Lawson,RB F1 Team,losail,Losail International Circuit,12.0,12.0,0.08333333333333333,0.08333333333333333,36.0,22.0,0.0,5.0,12.727272727272727,13.4,1.0,15.5,2.0,0.0,86.0,12.155555555555555,7.0,1.0,0.9583333333333334,0.0,22.6,28.2,0.0,69.0,0
2025,24,Abu Dhabi Grand Prix,2025-12-07,HAD,Isack Hadjar,RB F1 Team,yas_marina,Yas Marina Circuit,9.0,9.0,0.1111111111111111,0.1111111111111111,50.0,23.0,0.0,3.0,11.565217391304348,12.2,1.0,10.0,0.0,0.0,88.0,12.08695652173913,7.0,1.0,1.0,0.0,26.7,31.1,0.0,60.4,0
2025,24,Abu Dhabi Grand Prix,2025-12-07,LAW,Liam Lawson,RB F1 Team,yas_marina,Yas Marina Circuit,13.0,13.0,0.07692307692307693,0.07692307692307693,38.0,23.0,0.0,5.0,12.565217391304348,12.2,1.0,17.0,1.0,1.0,88.0,12.191489361702128,7.0,1.0,1.0,0.0,26.7,31.1,0.0,60.4,0
2019,1,Australian Grand Prix,2019-03-17,PER,Sergio Pérez,Racing Point,albert_park,Albert Park Grand Prix Circuit,10.0,10.0,0.1,0.1,0.0,0.0,0.0,0.0,11.375,10.2,1.0,11.0,1.0,0.0,0.0,11.416666666666666,0.0,0.0,0.047619047619047616,0.0,23.5,41.3,0.0,70.5,0
2019,1,Australian Grand Prix,2019-03-17,STR,Lance Stroll,Racing Point,albert_park,Albert Park Grand Prix Circuit,16.0,16.0,0.0625,0.0625,0.0,0.0,0.0,0.0,11.375,14.8,0.0,14.0,1.0,0.0,0.0,13.0,0.0,0.0,0.047619047619047616,0.0,23.5,41.3,0.0,70.5,0
2019,2,Bahrain Grand Prix,2019-03-31,PER,Sergio Pérez,Racing Point,bahrain,Bahrain International Circuit,14.0,14.0,0.07142857142857142,0.07142857142857142,0.0,1.0,0.0,0.0,13.0,11.4,1.0,16.0,1.0,0.0,2.0,11.0,0.0,0.0,0.09523809523809523,0.0,26.2,28.6,0.0,53.4,0
2019,2,Bahrain Grand Prix,2019-03-31,STR,Lance Stroll,Racing Point,bahrain,Bahrain International Circuit,18.0,18.0,0.05555555555555555,0.05555555555555555,2.0,1.0,0.0,0.0,9.0,13.2,0.0,14.0,1.0,0.0,3.0,10.666666666666666,0.0,0.0,0.09523809523809523,0.0,26.2,28.6,0.0,53.4,0
2019,3,Chinese Grand Prix,2019-04-14,PER,Sergio Pérez,Racing Point,shanghai,Shanghai International Circuit,12.0,12.0,0.08333333333333333,0.08333333333333333,1.0,2.0,0.0,0.0,11.5,11.8,1.0,12.0,1.0,0.0,3.0,11.5,0.0,0.0,0.14285714285714285,0.0,19.3,27.3,0.0,46.0,0
2019,3,Chinese Grand Prix,2019-04-14,STR,Lance Stroll,Racing Point,shanghai,Shanghai International Circuit,16.0,16.0,0.0625,0.0625,2.0,2.0,0.0,0.0,11.5,13.2,0.0,14.0,1.0,0.0,7.0,10.8,0.0,0.0,0.14285714285714285,0.0,19.3,27.3,0.0,46.0,0
2019,4,Azerbaijan Grand Prix,2019-04-28,PER,Sergio Pérez,Racing Point,baku,Baku City Circuit,5.0,5.0,0.2,0.2,5.0,3.0,0.0,0.0,10.333333333333334,9.8,0.0,3.0,1.0,0.0,7.0,11.0,0.0,0.0,0.19047619047619047,0.0,19.8,39.7,0.0,51.4,0
2019,4,Azerbaijan Grand Prix,2019-04-28,STR,Lance Stroll,Racing Point,baku,Baku City Circuit,14.0,13.0,0.07142857142857142,0.07692307692307693,2.0,3.0,0.0,0.0,11.666666666666666,13.2,0.0,8.0,1.0,0.0,15.0,10.285714285714286,0.0,0.0,0.19047619047619047,0.0,19.8,39.7,0.0,51.4,0
2019,5,Spanish Grand Prix,2019-05-12,PER,Sergio Pérez,Racing Point,catalunya,Circuit de Barcelona-Catalunya,15.0,15.0,0.06666666666666667,0.06666666666666667,13.0,4.0,0.0,0.0,9.25,9.0,0.0,9.0,1.0,0.0,17.0,10.125,0.0,0.0,0.23809523809523808,0.0,20.1,40.7,0.0,54.7,0
2019,5,Spanish Grand Prix,2019-05-12,STR,Lance Stroll,Racing Point,catalunya,Circuit de Barcelona-Catalunya,17.0,16.0,0.058823529411764705,0.0625,4.0,4.0,0.0,0.0,11.0,11.4,0.0,11.0,1.0,0.0,17.0,10.666666666666666,0.0,0.0,0.23809523809523808,0.0,20.1,40.7,0.0,54.7,0
2019,6,Monaco Grand Prix,2019-05-26,PER,Sergio Pérez,Racing Point,monaco,Circuit de Monaco,17.0,16.0,0.058823529411764705,0.0625,13.0,5.0,0.0,0.0,10.4,10.4,0.0,12.0,1.0,0.0,17.0,11.5,1.0,0.0,0.2857142857142857,1.0,22.8,32.7,1.0,52.7,0
2019,6,Monaco Grand Prix,2019-05-26,STR,Lance Stroll,Racing Point,monaco,Circuit de Monaco,18.0,17.0,0.05555555555555555,0.058823529411764705,4.0,5.0,0.0,1.0,12.6,12.6,1.0,17.0,1.0,0.0,17.0,11.545454545454545,1.0,0.0,0.2857142857142857,1.0,22.8,32.7,1.0,52.7,0
2019,7,Canadian Grand Prix,2019-06-09,PER,Sergio Pérez,Racing Point,villeneuve,Circuit Gilles Villeneuve,16.0,15.0,0.0625,0.06666666666666667,13.0,6.0,0.0,0.0,10.666666666666666,10.2,0.0,14.0,1.0,0.0,17.0,11.916666666666666,1.0,0.0,0.3333333333333333,0.0,29.4,51.1,0.0,16.1,0
2019,7,Canadian Grand Prix,2019-06-09,STR,Lance Stroll,Racing Point,villeneuve,Circuit Gilles Villeneuve,18.0,17.0,0.05555555555555555,0.058823529411764705,4.0,6.0,0.0,1.0,13.166666666666666,14.0,1.0,20.0,1.0,1.0,17.0,11.923076923076923,1.0,0.0,0.3333333333333333,0.0,29.4,51.1,0.0,16.1,0
2019,8,French Grand Prix,2019-06-23,PER,Sergio Pérez,Racing Point,ricard,Circuit Paul Ricard,14.0,14.0,0.07142857142857142,0.07142857142857142,13.0,7.0,0.0,0.0,10.857142857142858,10.6,0.0,18.0,1.0,1.0,19.0,11.714285714285714,1.0,0.0,0.38095238095238093,0.0,26.9,54.5,0.0,39.1,0
2019,8,French Grand Prix,2019-06-23,STR,Lance Stroll,Racing Point,ricard,Circuit Paul Ricard,18.0,17.0,0.05555555555555555,0.058823529411764705,6.0,7.0,0.0,1.0,12.571428571428571,13.0,1.0,17.0,1.0,0.0,19.0,11.733333333333333,1.0,0.0,0.38095238095238093,0.0,26.9,54.5,0.0,39.1,0
2019,9,Austrian Grand Prix,2019-06-30,PER,Sergio Pérez,Racing Point,red_bull_ring,Red Bull Ring,16.0,13.0,0.0625,0.07692307692307693,13.0,8.0,0.0,0.0,11.0,11.4,0.0,7.0,1.0,0.0,19.0,11.8125,1.0,0.0,0.42857142857142855,0.0,34.4,50.7,0.0,18.0,0
2019,9,Austrian Grand Prix,2019-06-30,STR,Lance Stroll,Racing Point,red_bull_ring,Red Bull Ring,17.0,14.0,0.058823529411764705,0.07142857142857142,6.0,8.0,0.0,1.0,12.625,13.2,1.0,14.0,1.0,0.0,19.0,11.764705882352942,1.0,0.0,0.42857142857142855,0.0,34.4,50.7,0.0,18.0,0
2019,10,British Grand Prix,2019-07-14,PER,Sergio Pérez,Racing Point,silverstone,Silverstone Circuit,15.0,15.0,0.06666666666666667,0.06666666666666667,13.0,9.0,0.0,0.0,11.0,12.4,0.0,10.0,1.0,0.0,19.0,11.88888888888889,1.0,0.0,0.47619047619047616,0.0,18.9,30.3,0.0,62.1,0
2019,10,British Grand Prix,2019-07-14,STR,Lance Stroll,Racing Point,silverstone,Silverstone Circuit,18.0,18.0,0.05555555555555555,0.05555555555555555,6.0,9.0,0.0,1.0,12.777777777777779,14.2,1.0,12.0,1.0,0.0,19.0,12.157894736842104,1.0,0.0,0.47619047619047616,0.0,18.9,30.3,0.0,62.1,0
2019,11,German Grand Prix,2019-07-28,PER,Sergio Pérez,Racing Point,hockenheimring,Hockenheimring,8.0,8.0,0.125,0.125,13.0,10.0,0.0,0.0,11.6,12.8,0.0,7.0,1.0,0.0,19.0,12.2,1.0,0.0,0.5238095238095238,1.0,21.5,26.4,1.0,87.8,0
2019,11,German Grand Prix,2019-07-28,STR,Lance Stroll,Racing Point,hockenheimring,Hockenheimring,15.0,15.0,0.06666666666666667,0.06666666666666667,6.0,10.0,0.0,1.0,12.8,13.0,0.0,17.0,1.0,1.0,19.0,12.571428571428571,1.0,0.0,0.5238095238095238,1.0,21.5,26.4,1.0,87.8,0
2019,12,Hungarian Grand Prix,2019-08-04,PER,Sergio Pérez,Racing Point,hungaroring,Hungaroring,17.0,16.0,0.058823529411764705,0.0625,13.0,11.0,0.0,0.0,12.363636363636363,14.4,0.0,14.0,1.0,0.0,31.0,12.181818181818182,1.0,0.0,0.5714285714285714,0.0,25.7,44.1,0.0,33.9,0
2019,12,Hungarian Grand Prix,2019-08-04,STR,Lance Stroll,Racing Point,hungaroring,Hungaroring,19.0,18.0,0.05263157894736842,0.05555555555555555,18.0,11.0,0.0,1.0,12.0,10.6,0.0,17.0,1.0,0.0,31.0,12.130434782608695,1.0,0.0,0.5714285714285714,0.0,25.7,44.1,0.0,33.9,0
2019,13,Belgian Grand Prix,2019-09-01,PER,Sergio Pérez,Racing Point,spa,Circuit de Spa-Francorchamps,9.0,7.0,0.1111111111111111,0.14285714285714285,13.0,12.0,0.0,0.0,12.25,14.2,0.0,5.0,1.0,0.0,31.0,12.333333333333334,1.0,0.0,0.6190476190476191,0.0,17.4,28.1,0.0,57.0,0
2019,13,Belgian Grand Prix,2019-09-01,STR,Lance Stroll,Racing Point,spa,Circuit de Spa-Francorchamps,13.0,16.0,0.07692307692307693,0.0625,18.0,12.0,0.0,1.0,12.416666666666666,12.2,0.0,13.0,1.0,0.0,39.0,12.08,1.0,0.0,0.6190476190476191,0.0,17.4,28.1,0.0,57.0,0
2019,14,Italian Grand Prix,2019-09-08,PER,Sergio Pérez,Racing Point,monza,Autodromo Nazionale di Monza,17.0,18.0,0.058823529411764705,0.05555555555555555,21.0,13.0,0.0,0.0,11.76923076923077,13.0,0.0,7.0,1.0,0.0,40.0,12.0,1.0,0.0,0.6666666666666666,0.0,21.1,33.0,0.0,51.6,0
2019,14,Italian Grand Prix,2019-09-08,STR,Lance Stroll,Racing Point,monza,Autodromo Nazionale di Monza,9.0,9.0,0.1111111111111111,0.1111111111111111,19.0,13.0,0.0,1.0,12.23076923076923,11.6,0.0,9.0,1.0,0.0,46.0,11.814814814814815,1.0,0.0,0.6666666666666666,0.0,21.1,33.0,0.0,51.6,0
2019,15,Singapore Grand Prix,2019-09-22,PER,Sergio Pérez,Racing Point,marina_bay,Marina Bay Street Circuit,10.0,15.0,0.1,0.06666666666666667,27.0,14.0,0.0,0.0,11.428571428571429,12.2,0.0,16.0,1.0,0.0,46.0,11.821428571428571,1.0,0.0,0.7142857142857143,0.0,30.0,35.8,0.0,66.5,0
2019,15,Singapore Grand Prix,2019-09-22,STR,Lance Stroll,Racing Point,marina_bay,Marina Bay Street Circuit,16.0,16.0,0.0625,0.0625,19.0,14.0,0.0,1.0,12.214285714285714,11.2,0.0,14.0,1.0,0.0,46.0,12.068965517241379,2.0,0.0,0.7142857142857143,0.0,30.0,35.8,0.0,66.5,0
2019,16,Russian Grand Prix,2019-09-29,PER,Sergio Pérez,Racing Point,sochi,Sochi Autodrom,12.0,11.0,0.08333333333333333,0.09090909090909091,27.0,15.0,0.0,1.0,11.933333333333334,12.6,1.0,10.0,1.0,0.0,46.0,12.1,2.0,0.0,0.7619047619047619,1.0,22.0,34.3,1.0,67.4,0
2019,16,Russian Grand Prix,2019-09-29,STR,Lance Stroll,Racing Point,sochi,Sochi Autodrom,15.0,14.0,0.06666666666666667,0.07142857142857142,19.0,15.0,0.0,1.0,12.266666666666667,11.2,0.0,15.0,1.0,0.0,52.0,11.935483870967742,2.0,0.0,0.7619047619047619,1.0,22.0,34.3,1.0,67.4,0
2019,17,Japanese Grand Prix,2019-10-13,PER,Sergio Pérez,Racing Point,suzuka,Suzuka Circuit,17.0,17.0,0.058823529411764705,0.058823529411764705,33.0,16.0,0.0,1.0,11.625,10.0,1.0,7.0,1.0,0.0,52.0,11.90625,2.0,0.0,0.8095238095238095,0.0,21.6,32.2,0.0,57.5,0
2019,17,Japanese Grand Prix,2019-10-13,STR,Lance Stroll,Racing Point,suzuka,Suzuka Circuit,12.0,12.0,0.08333333333333333,0.08333333333333333,19.0,16.0,0.0,1.0,12.1875,12.6,0.0,17.0,1.0,0.0,56.0,11.787878787878787,2.0,0.0,0.8095238095238095,0.0,21.6,32.2,0.0,57.5,0
2019,18,Mexican Grand Prix,2019-10-27,PER,Sergio Pérez,Racing Point,rodriguez,Autódromo Hermanos Rodríguez,11.0,11.0,0.09090909090909091,0.09090909090909091,37.0,17.0,0.0,1.0,11.411764705882353,9.4,1.0,18.0,1.0,1.0,58.0,11.705882352941176,2.0,0.0,0.8571428571428571,0.0,23.2,41.6,0.0,46.3,0
2019,18,Mexican Grand Prix,2019-10-27,STR,Lance Stroll,Racing Point,rodriguez,Autódromo Hermanos Rodríguez,16.0,16.0,0.0625,0.0625,21.0,17.0,0.0,1.0,12.0,11.0,0.0,12.0,1.0,0.0,64.0,11.571428571428571,2.0,0.0,0.8571428571428571,0.0,23.2,41.6,0.0,46.3,0
2019,19,United States Grand Prix,2019-11-03,PER,Sergio Pérez,Racing Point,americas,Circuit of the Americas,19.0,0.0,0.05263157894736842,1.0,43.0,18.0,0.0,1.0,11.166666666666666,9.6,1.0,8.0,1.0,0.0,64.0,11.583333333333334,2.0,0.0,0.9047619047619048,0.0,21.5,29.1,0.0,29.2,0
2019,19,United States Grand Prix,2019-11-03,STR,Lance Stroll,Racing Point,americas,Circuit of the Americas,14.0,14.0,0.07142857142857142,0.07142857142857142,21.0,18.0,0.0,1.0,12.0,11.4,0.0,14.0,1.0,0.0,65.0,11.54054054054054,2.0,0.0,0.9047619047619048,0.0,21.5,29.1,0.0,29.2,0
2019,20,Brazilian Grand Prix,2019-11-17,PER,Sergio Pérez,Racing Point,interlagos,Autódromo José Carlos Pace,15.0,15.0,0.06666666666666667,0.06666666666666667,44.0,19.0,0.0,1.0,11.105263157894736,10.2,1.0,10.0,1.0,0.0,65.0,11.578947368421053,2.0,0.0,0.9523809523809523,0.0,21.0,46.5,0.0,60.3,0
2019,20,Brazilian Grand Prix,2019-11-17,STR,Lance Stroll,Racing Point,interlagos,Autódromo José Carlos Pace,17.0,17.0,0.058823529411764705,0.058823529411764705,21.0,19.0,0.0,1.0,12.052631578947368,11.6,0.0,18.0,1.0,0.0,67.0,11.512820512820513,2.0,0.0,0.9523809523809523,0.0,21.0,46.5,0.0,60.3,0
2019,21,Abu Dhabi Grand Prix,2019-12-01,PER,Sergio Pérez,Racing Point,yas_marina,Yas Marina Circuit,11.0,10.0,0.09090909090909091,0.1,46.0,20.0,0.0,1.0,11.0,8.2,0.0,8.0,1.0,0.0,67.0,11.7,2.0,0.0,1.0,0.0,26.0,29.6,0.0,64.5,0
2019,21,Abu Dhabi Grand Prix,2019-12-01,STR,Lance Stroll,Racing Point,yas_marina,Yas Marina Circuit,13.0,12.0,0.07692307692307693,0.08333333333333333,21.0,20.0,0.0,1.0,12.4,12.8,0.0,13.0,1.0,0.0,73.0,11.585365853658537,2.0,0.0,1.0,0.0,26.0,29.6,0.0,64.5,0
2020,1,Austrian Grand Prix,2020-07-05,PER,Sergio Pérez,Racing Point,red_bull_ring,Red Bull Ring,6.0,6.0,0.16666666666666666,0.16666666666666666,0.0,0.0,0.0,0.0,11.375,8.2,0.0,9.0,2.0,0.0,0.0,11.416666666666666,0.0,0.0,0.058823529411764705,0.0,28.7,52.0,0.0,33.8,0
2020,1,Austrian Grand Prix,2020-07-05,STR,Lance Stroll,Racing Point,red_bull_ring,Red Bull Ring,9.0,9.0,0.1111111111111111,0.1111111111111111,0.0,0.0,0.0,0.0,11.375,14.6,1.0,14.0,2.0,0.0,8.0,6.0,0.0,0.0,0.058823529411764705,0.0,28.7,52.0,0.0,33.8,0
2020,2,Styrian Grand Prix,2020-07-12,PER,Sergio Pérez,Racing Point,red_bull_ring,Red Bull Ring,17.0,17.0,0.058823529411764705,0.058823529411764705,8.0,1.0,0.0,0.0,6.0,7.8,0.0,8.0,3.0,0.0,8.0,12.0,1.0,0.0,0.11764705882352941,1.0,20.8,39.9,1.0,34.0,0
2020,2,Styrian Grand Prix,2020-07-12,STR,Lance Stroll,Racing Point,red_bull_ring,Red Bull Ring,13.0,12.0,0.07692307692307693,0.08333333333333333,0.0,1.0,0.0,1.0,18.0,16.4,2.0,15.333333333333334,3.0,1.0,16.0,10.0,1.0,0.0,0.11764705882352941,1.0,20.8,39.9,1.0,34.0,0
2020,3,Hungarian Grand Prix,2020-07-19,PER,Sergio Pérez,Racing Point,hungaroring,Hungaroring,4.0,4.0,0.25,0.25,16.0,2.0,0.0,0.0,6.0,7.6,0.0,12.5,2.0,0.0,22.0,9.25,1.0,0.0,0.17647058823529413,1.0,20.7,27.1,1.0,77.2,0
2020,3,Hungarian Grand Prix,2020-07-19,STR,Lance Stroll,Racing Point,hungaroring,Hungaroring,3.0,3.0,0.3333333333333333,0.3333333333333333,6.0,2.0,0.0,1.0,12.5,15.4,2.0,17.0,2.0,0.0,28.0,8.8,1.0,0.0,0.17647058823529413,1.0,20.7,27.1,1.0,77.2,0
2020,4,British Grand Prix,2020-08-02,HUL,Nico Hülkenberg,Racing Point,silverstone,Silverstone Circuit,13.0,13.0,0.07692307692307693,0.07692307692307693,0.0,0.0,0.0,0.0,11.375,13.2,0.0,8.0,2.0,0.0,40.0,8.0,1.0,0.0,0.23529411764705882,0.0,21.3,40.6,0.0,44.2,0
2020,4,British Grand Prix,2020-08-02,STR,Lance Stroll,Racing Point,silverstone,Silverstone Circuit,6.0,6.0,0.16666666666666666,0.16666666666666666,18.0,3.0,0.0,1.0,9.666666666666666,13.6,2.0,12.5,2.0,0.0,40.0,9.714285714285714,1.0,0.0,0.23529411764705882,0.0,21.3,40.6,0.0,44.2,0
2020,5,70th Anniversary Grand Prix,2020-08-09,HUL,Nico Hülkenberg,Racing Point,silverstone,Silverstone Circuit,3.0,3.0,0.3333333333333333,0.3333333333333333,0.0,1.0,0.0,0.0,20.0,13.2,0.0,12.0,3.0,0.0,42.0,9.625,1.0,0.0,0.29411764705882354,0.0,25.3,43.2,0.0,58.6,0
2020,5,70th Anniversary Grand Prix,2020-08-09,STR,Lance Stroll,Racing Point,silverstone,Silverstone Circuit,6.0,6.0,0.16666666666666666,0.16666666666666666,20.0,4.0,0.0,1.0,9.5,11.6,2.0,11.333333333333334,3.0,0.0,48.0,9.333333333333334,1.0,0.0,0.29411764705882354,0.0,25.3,43.2,0.0,58.6,0
2020,6,Spanish Grand Prix,2020-08-16,PER,Sergio Pérez,Racing Point,catalunya,Circuit de Barcelona-Catalunya,4.0,4.0,0.25,0.25,22.0,3.0,0.0,0.0,6.333333333333333,7.0,0.0,12.0,2.0,0.0,56.0,9.0,1.0,0.0,0.35294117647058826,0.0,29.8,47.6,0.0,56.4,0
2020,6,Spanish Grand Prix,2020-08-16,STR,Lance Stroll,Racing Point,catalunya,Circuit de Barcelona-Catalunya,5.0,5.0,0.2,0.2,28.0,5.0,0.0,1.0,8.8,8.8,1.0,15.0,2.0,1.0,66.0,8.636363636363637,1.0,0.0,0.35294117647058826,0.0,29.8,47.6,0.0,56.4,0
2020,7,Belgian Grand Prix,2020-08-30,PER,Sergio Pérez,Racing Point,spa,Circuit de Spa-Francorchamps,8.0,8.0,0.125,0.125,32.0,4.0,0.0,0.0,6.0,6.2,0.0,5.5,2.0,0.0,78.0,8.25,1.0,0.0,0.4117647058823529,0.0,18.6,29.8,0.0,54.9,0
2020,7,Belgian Grand Prix,2020-08-30,STR,Lance Stroll,Racing Point,spa,Circuit de Spa-Francorchamps,9.0,9.0,0.1111111111111111,0.1111111111111111,40.0,6.0,0.0,1.0,8.0,6.0,0.0,11.5,2.0,0.0,79.0,8.384615384615385,1.0,0.0,0.4117647058823529,0.0,18.6,29.8,0.0,54.9,0
2020,8,Italian Grand Prix,2020-09-06,PER,Sergio Pérez,Racing Point,monza,Autodromo Nazionale di Monza,4.0,4.0,0.25,0.25,33.0,5.0,0.0,0.0,6.8,6.8,0.0,7.0,2.0,0.0,81.0,8.428571428571429,1.0,0.0,0.47058823529411764,0.0,28.1,41.2,0.0,40.1,0
2020,8,Italian Grand Prix,2020-09-06,STR,Lance Stroll,Racing Point,monza,Autodromo Nazionale di Monza,8.0,8.0,0.125,0.125,42.0,7.0,0.0,1.0,8.142857142857142,6.4,0.0,10.5,2.0,0.0,82.0,8.533333333333333,1.0,0.0,0.47058823529411764,0.0,28.1,41.2,0.0,40.1,0
2020,9,Tuscan Grand Prix,2020-09-13,PER,Sergio Pérez,Racing Point,mugello,Autodromo Internazionale del Mugello,6.0,7.0,0.16666666666666666,0.14285714285714285,34.0,6.0,0.0,0.0,7.333333333333333,7.6,0.0,10.0,0.0,0.0,97.0,8.1875,1.0,0.0,0.5294117647058824,0.0,30.2,43.1,0.0,39.9,0
2020,9,Tuscan Grand Prix,2020-09-13,STR,Lance Stroll,Racing Point,mugello,Autodromo Internazionale del Mugello,7.0,6.0,0.14285714285714285,0.16666666666666666,57.0,8.0,0.0,1.0,7.5,6.2,0.0,10.0,0.0,0.0,107.0,8.0,1.0,0.0,0.5294117647058824,0.0,30.2,43.1,0.0,39.9,0
2020,10,Russian Grand Prix,2020-09-27,PER,Sergio Pérez,Racing Point,sochi,Sochi Autodrom,4.0,4.0,0.25,0.25,44.0,7.0,0.0,0.0,7.0,7.4,0.0,8.5,2.0,0.0,107.0,8.277777777777779,1.0,0.0,0.5882352941176471,0.0,28.8,40.3,0.0,51.4,0
2020,10,Russian Grand Prix,2020-09-27,STR,Lance Stroll,Racing Point,sochi,Sochi Autodrom,13.0,12.0,0.07692307692307693,0.08333333333333333,57.0,9.0,0.0,1.0,8.11111111111111,7.0,0.0,13.0,2.0,0.0,119.0,8.052631578947368,1.0,0.0,0.5882352941176471,0.0,28.8,40.3,0.0,51.4,0
2020,11,Eifel Grand Prix,2020-10-11,HUL,Nico Hülkenberg,Racing Point,nurburgring,Nürburgring,20.0,20.0,0.05,0.05,6.0,2.0,0.0,0.0,13.5,12.6,0.0,10.0,0.0,0.0,119.0,8.65,2.0,0.0,0.6470588235294118,1.0,9.5,16.4,1.0,59.4,0
2020,11,Eifel Grand Prix,2020-10-11,PER,Sergio Pérez,Racing Point,nurburgring,Nürburgring,9.0,9.0,0.1111111111111111,0.1111111111111111,56.0,8.0,0.0,0.0,6.625,6.8,0.0,10.0,0.0,0.0,123.0,8.619047619047619,2.0,0.0,0.6470588235294118,1.0,9.5,16.4,1.0,59.4,0
2020,12,Portuguese Grand Prix,2020-10-25,PER,Sergio Pérez,Racing Point,portimao,Autódromo Internacional do Algarve,5.0,5.0,0.2,0.2,68.0,9.0,0.0,0.0,6.333333333333333,6.6,0.0,10.0,0.0,0.0,135.0,8.409090909090908,2.0,0.0,0.7058823529411765,0.0,20.5,25.7,0.0,67.5,0
2020,12,Portuguese Grand Prix,2020-10-25,STR,Lance Stroll,Racing Point,portimao,Autódromo Internacional do Algarve,12.0,12.0,0.08333333333333333,0.08333333333333333,57.0,10.0,0.0,2.0,9.3,9.8,1.0,10.0,0.0,0.0,141.0,8.347826086956522,2.0,0.0,0.7058823529411765,0.0,20.5,25.7,0.0,67.5,0
2020,13,Emilia Romagna Grand Prix,2020-11-01,PER,Sergio Pérez,Racing Point,imola,Autodromo Enzo e Dino Ferrari,11.0,11.0,0.09090909090909091,0.09090909090909091,74.0,10.0,0.0,0.0,6.4,6.0,0.0,10.0,0.0,0.0,141.0,8.833333333333334,3.0,0.0,0.7647058823529411,0.0,18.0,23.3,0.0,71.1,0
2020,13,Emilia Romagna Grand Prix,2020-11-01,STR,Lance Stroll,Racing Point,imola,Autodromo Enzo e Dino Ferrari,15.0,15.0,0.06666666666666667,0.06666666666666667,57.0,11.0,0.0,3.0,10.272727272727273,13.0,2.0,10.0,0.0,0.0,149.0,8.72,3.0,0.0,0.7647058823529411,0.0,18.0,23.3,0.0,71.1,0
2020,14,Turkish Grand Prix,2020-11-15,PER,Sergio Pérez,Racing Point,istanbul,Istanbul Park,3.0,3.0,0.3333333333333333,0.3333333333333333,82.0,11.0,0.0,0.0,6.363636363636363,5.2,0.0,10.0,0.0,0.0,149.0,8.884615384615385,3.0,0.0,0.8235294117647058,1.0,13.1,15.2,1.0,80.2,0
2020,14,Turkish Grand Prix,2020-11-15,STR,Lance Stroll,Racing Point,istanbul,Istanbul Park,1.0,1.0,1.0,1.0,57.0,12.0,0.0,3.0,10.5,13.8,2.0,10.0,0.0,0.0,167.0,8.62962962962963,3.0,0.0,0.8235294117647058,1.0,13.1,15.2,1.0,80.2,0
2020,15,Bahrain Grand Prix,2020-11-29,PER,Sergio Pérez,Racing Point,bahrain,Bahrain International Circuit,5.0,5.0,0.2,0.2,100.0,12.0,0.0,0.0,6.0,4.6,0.0,13.0,2.0,0.0,169.0,8.642857142857142,3.0,0.0,0.8823529411764706,0.0,25.1,27.5,0.0,67.8,0
2020,15,Bahrain Grand Prix,2020-11-29,STR,Lance Stroll,Racing Point,bahrain,Bahrain International Circuit,13.0,13.0,0.07692307692307693,0.07692307692307693,59.0,13.0,0.0,3.0,10.384615384615385,15.0,2.0,14.0,2.0,0.0,169.0,8.96551724137931,4.0,0.0,0.8823529411764706,0.0,25.1,27.5,0.0,67.8,0
2020,16,Sakhir Grand Prix,2020-12-06,PER,Sergio Pérez,Racing Point,bahrain,Bahrain International Circuit,5.0,5.0,0.2,0.2,100.0,13.0,0.0,1.0,6.923076923076923,7.4,1.0,14.666666666666666,3.0,1.0,169.0,9.3,5.0,0.0,0.9411764705882353,0.0,20.9,23.5,0.0,58.2,1
2020,16,Sakhir Grand Prix,2020-12-06,STR,Lance Stroll,Racing Point,bahrain,Bahrain International Circuit,10.0,10.0,0.1,0.1,59.0,14.0,0.0,4.0,11.0,16.2,3.0,15.666666666666666,3.0,1.0,194.0,9.03225806451613,5.0,0.0,0.9411764705882353,0.0,20.9,23.5,0.0,58.2,0
2020,17,Abu Dhabi Grand Prix,2020-12-13,PER,Sergio Pérez,Racing Point,yas_marina,Yas Marina Circuit,15.0,19.0,0.06666666666666667,0.05263157894736842,125.0,14.0,1.0,1.0,6.5,6.8,1.0,7.5,2.0,0.0,209.0,8.84375,5.0,0.0,1.0,0.0,23.1,28.0,0.0,55.4,0
2020,17,Abu Dhabi Grand Prix,2020-12-13,STR,Lance Stroll,Racing Point,yas_marina,Yas Marina Circuit,8.0,8.0,0.125,0.125,74.0,15.0,0.0,4.0,10.466666666666667,12.8,2.0,16.5,2.0,1.0,209.0,9.181818181818182,6.0,0.0,1.0,0.0,23.1,28.0,0.0,55.4,0
2018,1,Australian Grand Prix,2018-03-25,RIC,Daniel Ricciardo,Red Bull,albert_park,Albert Park Grand Prix Circuit,5.0,8.0,0.2,0.125,0.0,0.0,0.0,0.0,11.375,11.0,0.0,10.0,0.0,0.0,0.0,11.416666666666666,0.0,0.0,0.047619047619047616,1.0,24.1,36.3,1.0,30.9,0
2018,1,Australian Grand Prix,2018-03-25,VER,Max Verstappen,Red Bull,albert_park,Albert Park Grand Prix Circuit,4.0,4.0,0.25,0.25,0.0,0.0,0.0,0.0,11.375,11.0,0.0,10.0,0.0,0.0,12.0,4.0,0.0,0.0,0.047619047619047616,1.0,24.1,36.3,1.0,30.9,0
2018,2,Bahrain Grand Prix,2018-04-08,RIC,Daniel Ricciardo,Red Bull,bahrain,Bahrain International Circuit,5.0,4.0,0.2,0.25,12.0,1.0,0.0,0.0,4.0,4.0,0.0,10.0,0.0,0.0,20.0,5.0,0.0,0.0,0.09523809523809523,0.0,28.0,32.2,0.0,47.4,0
2018,2,Bahrain Grand Prix,2018-04-08,VER,Max Verstappen,Red Bull,bahrain,Bahrain International Circuit,15.0,15.0,0.06666666666666667,0.06666666666666667,8.0,1.0,0.0,0.0,6.0,6.0,0.0,10.0,0.0,0.0,20.0,10.0,1.0,0.0,0.09523809523809523,0.0,28.0,32.2,0.0,47.4,0
2018,3,Chinese Grand Prix,2018-04-15,RIC,Daniel Ricciardo,Red Bull,shanghai,Shanghai International Circuit,6.0,6.0,0.16666666666666666,0.16666666666666666,12.0,2.0,0.0,1.0,12.0,12.0,1.0,10.0,0.0,0.0,20.0,12.25,1.0,0.0,0.14285714285714285,1.0,19.4,37.0,1.0,24.1,1
2018,3,Chinese Grand Prix,2018-04-15,VER,Max Verstappen,Red Bull,shanghai,Shanghai International Circuit,5.0,5.0,0.2,0.2,8.0,2.0,0.0,0.0,12.5,12.5,0.0,10.0,0.0,0.0,45.0,10.0,1.0,0.0,0.14285714285714285,1.0,19.4,37.0,1.0,24.1,0
2018,4,Azerbaijan Grand Prix,2018-04-29,RIC,Daniel Ricciardo,Red Bull,baku,Baku City Circuit,4.0,4.0,0.25,0.25,37.0,3.0,1.0,1.0,8.333333333333334,8.333333333333334,1.0,10.0,0.0,0.0,55.0,9.166666666666666,1.0,0.0,0.19047619047619047,0.0,16.7,25.3,0.0,45.7,0
2018,4,Azerbaijan Grand Prix,2018-04-29,VER,Max Verstappen,Red Bull,baku,Baku City Circuit,5.0,5.0,0.2,0.2,18.0,3.0,0.0,0.0,10.0,10.0,0.0,10.0,0.0,0.0,55.0,10.285714285714286,2.0,0.0,0.19047619047619047,0.0,16.7,25.3,0.0,45.7,0
2018,5,Spanish Grand Prix,2018-05-13,RIC,Daniel Ricciardo,Red Bull,catalunya,Circuit de Barcelona-Catalunya,6.0,6.0,0.16666666666666666,0.16666666666666666,37.0,4.0,1.0,2.0,10.5,10.5,2.0,10.0,0.0,0.0,55.0,11.0,3.0,0.0,0.23809523809523808,1.0,16.1,32.3,1.0,52.3,0
2018,5,Spanish Grand Prix,2018-05-13,VER,Max Verstappen,Red Bull,catalunya,Circuit de Barcelona-Catalunya,5.0,5.0,0.2,0.2,18.0,4.0,0.0,1.0,11.5,11.5,1.0,10.0,0.0,0.0,65.0,10.333333333333334,3.0,0.0,0.23809523809523808,1.0,16.1,32.3,1.0,52.3,0
2018,6,Monaco Grand Prix,2018-05-27,RIC,Daniel Ricciardo,Red Bull,monaco,Circuit de Monaco,1.0,1.0,1.0,1.0,47.0,5.0,1.0,2.0,9.4,9.4,2.0,10.0,0.0,0.0,80.0,9.6,3.0,0.0,0.2857142857142857,1.0,26.6,34.6,1.0,50.9,1
2018,6,Monaco Grand Prix,2018-05-27,VER,Max Verstappen,Red Bull,monaco,Circuit de Monaco,20.0,20.0,0.05,0.05,33.0,5.0,0.0,1.0,9.8,9.8,1.0,10.0,0.0,0.0,105.0,8.818181818181818,3.0,0.0,0.2857142857142857,1.0,26.6,34.6,1.0,50.9,0
2018,7,Canadian Grand Prix,2018-06-10,RIC,Daniel Ricciardo,Red Bull,villeneuve,Circuit Gilles Villeneuve,6.0,6.0,0.16666666666666666,0.16666666666666666,72.0,6.0,2.0,2.0,8.0,8.8,2.0,10.0,0.0,0.0,107.0,8.833333333333334,3.0,0.0,0.3333333333333333,0.0,20.5,36.9,0.0,27.8,0
2018,7,Canadian Grand Prix,2018-06-10,VER,Max Verstappen,Red Bull,villeneuve,Circuit Gilles Villeneuve,3.0,3.0,0.3333333333333333,0.3333333333333333,35.0,6.0,0.0,1.0,9.666666666666666,10.4,1.0,10.0,0.0,0.0,119.0,8.461538461538462,3.0,0.0,0.3333333333333333,0.0,20.5,36.9,0.0,27.8,0
2018,8,French Grand Prix,2018-06-24,RIC,Daniel Ricciardo,Red Bull,ricard,Circuit Paul Ricard,5.0,5.0,0.2,0.2,84.0,7.0,2.0,2.0,7.428571428571429,5.6,1.0,10.0,0.0,0.0,134.0,8.071428571428571,3.0,0.0,0.38095238095238093,1.0,24.5,42.0,1.0,49.0,0
2018,8,French Grand Prix,2018-06-24,VER,Max Verstappen,Red Bull,ricard,Circuit Paul Ricard,4.0,4.0,0.25,0.25,50.0,7.0,0.0,1.0,8.714285714285714,7.2,1.0,10.0,0.0,0.0,146.0,7.8,3.0,0.0,0.38095238095238093,1.0,24.5,42.0,1.0,49.0,0
2018,9,Austrian Grand Prix,2018-07-01,RIC,Daniel Ricciardo,Red Bull,red_bull_ring,Red Bull Ring,7.0,7.0,0.14285714285714285,0.14285714285714285,96.0,8.0,2.0,2.0,7.0,6.2,1.0,10.0,0.0,0.0,164.0,7.4375,3.0,0.0,0.42857142857142855,0.0,23.2,45.9,0.0,37.1,0
2018,9,Austrian Grand Prix,2018-07-01,VER,Max Verstappen,Red Bull,red_bull_ring,Red Bull Ring,5.0,4.0,0.2,0.25,68.0,8.0,0.0,1.0,7.875,6.6,1.0,10.0,0.0,0.0,164.0,8.058823529411764,3.0,0.0,0.42857142857142855,0.0,23.2,45.9,0.0,37.1,1
2018,10,British Grand Prix,2018-07-08,RIC,Daniel Ricciardo,Red Bull,silverstone,Silverstone Circuit,6.0,6.0,0.16666666666666666,0.16666666666666666,96.0,9.0,2.0,2.0,8.222222222222221,6.4,0.0,10.0,0.0,0.0,189.0,7.666666666666667,3.0,0.0,0.47619047619047616,0.0,27.4,52.2,0.0,38.7,0
2018,10,British Grand Prix,2018-07-08,VER,Max Verstappen,Red Bull,silverstone,Silverstone Circuit,5.0,5.0,0.2,0.2,93.0,9.0,1.0,1.0,7.111111111111111,3.6,0.0,10.0,0.0,0.0,199.0,7.526315789473684,3.0,0.0,0.47619047619047616,0.0,27.4,52.2,0.0,38.7,0
2018,11,German Grand Prix,2018-07-22,RIC,Daniel Ricciardo,Red Bull,hockenheimring,Hockenheimring,15.0,20.0,0.06666666666666667,0.05,106.0,10.0,2.0,2.0,7.9,6.4,0.0,10.0,0.0,0.0,199.0,7.9,4.0,0.0,0.5238095238095238,1.0,26.4,40.7,1.0,54.8,0
2018,11,German Grand Prix,2018-07-22,VER,Max Verstappen,Red Bull,hockenheimring,Hockenheimring,4.0,4.0,0.25,0.25,93.0,10.0,1.0,2.0,7.9,6.0,1.0,10.0,0.0,0.0,199.0,8.476190476190476,5.0,0.0,0.5238095238095238,1.0,26.4,40.7,1.0,54.8,0
2018,12,Hungarian Grand Prix,2018-07-29,RIC,Daniel Ricciardo,Red Bull,hungaroring,Hungaroring,12.0,12.0,0.08333333333333333,0.08333333333333333,106.0,11.0,2.0,3.0,9.0,10.2,1.0,10.0,0.0,0.0,211.0,8.272727272727273,5.0,0.0,0.5714285714285714,0.0,33.8,51.1,0.0,33.0,0
2018,12,Hungarian Grand Prix,2018-07-29,VER,Max Verstappen,Red Bull,hungaroring,Hungaroring,7.0,7.0,0.14285714285714285,0.14285714285714285,105.0,11.0,1.0,2.0,7.545454545454546,5.0,1.0,10.0,0.0,0.0,223.0,8.08695652173913,5.0,0.0,0.5714285714285714,0.0,33.8,51.1,0.0,33.0,0
2018,13,Belgian Grand Prix,2018-08-26,RIC,Daniel Ricciardo,Red Bull,spa,Circuit de Spa-Francorchamps,8.0,8.0,0.125,0.125,118.0,12.0,2.0,3.0,8.583333333333334,10.2,1.0,10.0,0.0,0.0,223.0,8.541666666666666,5.0,0.0,0.6190476190476191,0.0,17.3,27.9,0.0,37.7,0
2018,13,Belgian Grand Prix,2018-08-26,VER,Max Verstappen,Red Bull,spa,Circuit de Spa-Francorchamps,7.0,7.0,0.14285714285714285,0.14285714285714285,105.0,12.0,1.0,2.0,8.5,8.2,1.0,10.0,0.0,0.0,223.0,8.84,6.0,0.0,0.6190476190476191,0.0,17.3,27.9,0.0,37.7,0
2018,14,Italian Grand Prix,2018-09-02,RIC,Daniel Ricciardo,Red Bull,monza,Autodromo Nazionale di Monza,15.0,19.0,0.06666666666666667,0.05263157894736842,118.0,13.0,2.0,4.0,9.153846153846153,12.6,2.0,10.0,0.0,0.0,238.0,8.615384615384615,6.0,0.0,0.6666666666666666,1.0,22.2,30.8,1.0,63.8,0
2018,14,Italian Grand Prix,2018-09-02,VER,Max Verstappen,Red Bull,monza,Autodromo Nazionale di Monza,5.0,5.0,0.2,0.2,120.0,13.0,1.0,2.0,8.076923076923077,8.4,1.0,10.0,0.0,0.0,238.0,8.925925925925926,7.0,0.0,0.6666666666666666,1.0,22.2,30.8,1.0,63.8,0
2018,15,Singapore Grand Prix,2018-09-16,RIC,Daniel Ricciardo,Red Bull,marina_bay,Marina Bay Street Circuit,6.0,6.0,0.16666666666666666,0.16666666666666666,118.0,14.0,2.0,5.0,9.714285714285714,12.4,3.0,10.0,0.0,0.0,248.0,8.785714285714286,7.0,0.0,0.7142857142857143,0.0,29.9,33.1,0.0,66.0,0
2018,15,Singapore Grand Prix,2018-09-16,VER,Max Verstappen,Red Bull,marina_bay,Marina Bay Street Circuit,2.0,2.0,0.5,0.5,130.0,14.0,1.0,2.0,7.857142857142857,9.2,1.0,10.0,0.0,0.0,256.0,8.689655172413794,7.0,0.0,0.7142857142857143,0.0,29.9,33.1,0.0,66.0,0
2018,16,Russian Grand Prix,2018-09-30,RIC,Daniel Ricciardo,Red Bull,sochi,Sochi Autodrom,12.0,18.0,0.08333333333333333,0.05555555555555555,126.0,15.0,2.0,5.0,9.466666666666667,12.6,3.0,10.0,0.0,0.0,274.0,8.466666666666667,7.0,0.0,0.7619047619047619,1.0,24.8,29.9,1.0,61.3,0
2018,16,Russian Grand Prix,2018-09-30,VER,Max Verstappen,Red Bull,sochi,Sochi Autodrom,11.0,19.0,0.09090909090909091,0.05263157894736842,148.0,15.0,1.0,2.0,7.466666666666667,6.6,0.0,10.0,0.0,0.0,282.0,8.387096774193548,7.0,0.0,0.7619047619047619,1.0,24.8,29.9,1.0,61.3,0
2018,17,Japanese Grand Prix,2018-10-07,RIC,Daniel Ricciardo,Red Bull,suzuka,Suzuka Circuit,15.0,15.0,0.06666666666666667,0.06666666666666667,134.0,16.0,2.0,5.0,9.25,9.8,2.0,10.0,0.0,0.0,292.0,8.28125,7.0,0.0,0.8095238095238095,0.0,28.3,37.2,0.0,50.5,0
2018,17,Japanese Grand Prix,2018-10-07,VER,Max Verstappen,Red Bull,suzuka,Suzuka Circuit,3.0,3.0,0.3333333333333333,0.3333333333333333,158.0,16.0,1.0,2.0,7.3125,6.8,0.0,10.0,0.0,0.0,304.0,8.151515151515152,7.0,0.0,0.8095238095238095,0.0,28.3,37.2,0.0,50.5,0
2018,18,United States Grand Prix,2018-10-21,RIC,Daniel Ricciardo,Red Bull,americas,Circuit of the Americas,5.0,4.0,0.2,0.25,146.0,17.0,2.0,5.0,8.941176470588236,9.8,2.0,10.0,0.0,0.0,319.0,8.0,7.0,0.0,0.8571428571428571,0.0,21.9,30.5,0.0,37.6,0
2018,18,United States Grand Prix,2018-10-21,VER,Max Verstappen,Red Bull,americas,Circuit of the Americas,15.0,18.0,0.06666666666666667,0.05555555555555555,173.0,17.0,1.0,2.0,7.0588235294117645,3.6,0.0,10.0,0.0,0.0,319.0,8.228571428571428,7.0,0.0,0.8571428571428571,0.0,21.9,30.5,0.0,37.6,0
2018,19,Mexican Grand Prix,2018-10-28,RIC,Daniel Ricciardo,Red Bull,rodriguez,Autódromo Hermanos Rodríguez,1.0,1.0,1.0,1.0,146.0,18.0,2.0,5.0,9.333333333333334,9.8,1.0,10.0,0.0,0.0,337.0,8.055555555555555,7.0,0.0,0.9047619047619048,0.0,20.1,34.5,0.0,50.7,0
2018,19,Mexican Grand Prix,2018-10-28,VER,Max Verstappen,Red Bull,rodriguez,Autódromo Hermanos Rodríguez,2.0,2.0,0.5,0.5,191.0,18.0,1.0,2.0,6.777777777777778,3.4,0.0,10.0,0.0,0.0,337.0,8.297297297297296,8.0,0.0,0.9047619047619048,0.0,20.1,34.5,0.0,50.7,1
2018,20,Brazilian Grand Prix,2018-11-11,RIC,Daniel Ricciardo,Red Bull,interlagos,Autódromo José Carlos Pace,6.0,11.0,0.16666666666666666,0.09090909090909091,146.0,19.0,2.0,6.0,9.736842105263158,9.8,1.0,10.0,0.0,0.0,362.0,8.105263157894736,8.0,0.0,0.9523809523809523,0.0,23.8,40.1,0.0,75.4,0
2018,20,Brazilian Grand Prix,2018-11-11,VER,Max Verstappen,Red Bull,interlagos,Autódromo José Carlos Pace,5.0,5.0,0.2,0.2,216.0,19.0,2.0,2.0,6.473684210526316,2.6,0.0,10.0,0.0,0.0,374.0,8.0,8.0,0.0,0.9523809523809523,0.0,23.8,40.1,0.0,75.4,0
2018,21,Abu Dhabi Grand Prix,2018-11-25,RIC,Daniel Ricciardo,Red Bull,yas_marina,Yas Marina Circuit,5.0,5.0,0.2,0.2,158.0,20.0,2.0,6.0,9.45,9.4,1.0,10.0,0.0,0.0,392.0,7.85,8.0,0.0,1.0,1.0,31.3,33.3,1.0,45.4,0
2018,21,Abu Dhabi Grand Prix,2018-11-25,VER,Max Verstappen,Red Bull,yas_marina,Yas Marina Circuit,6.0,6.0,0.16666666666666666,0.16666666666666666,234.0,20.0,2.0,2.0,6.25,2.6,0.0,10.0,0.0,0.0,404.0,7.7560975609756095,8.0,0.0,1.0,1.0,31.3,33.3,1.0,45.4,0
2019,1,Australian Grand Prix,2019-03-17,GAS,Pierre Gasly,Red Bull,albert_park,Albert Park Grand Prix Circuit,17.0,17.0,0.058823529411764705,0.058823529411764705,0.0,0.0,0.0,0.0,11.375,12.4,1.0,18.0,1.0,1.0,0.0,11.416666666666666,0.0,0.0,0.047619047619047616,0.0,23.5,41.3,0.0,70.5,0
2019,1,Australian Grand Prix,2019-03-17,VER,Max Verstappen,Red Bull,albert_park,Albert Park Grand Prix Circuit,4.0,4.0,0.25,0.25,0.0,0.0,0.0,0.0,11.375,2.2,0.0,6.0,1.0,0.0,0.0,11.0,0.0,0.0,0.047619047619047616,0.0,23.5,41.3,0.0,70.5,0
2019,2,Bahrain Grand Prix,2019-03-31,GAS,Pierre Gasly,Red Bull,bahrain,Bahrain International Circuit,13.0,13.0,0.07692307692307693,0.07692307692307693,0.0,1.0,0.0,0.0,11.0,12.4,1.0,4.0,1.0,0.0,15.0,7.0,0.0,0.0,0.09523809523809523,0.0,26.2,28.6,0.0,53.4,0
2019,2,Bahrain Grand Prix,2019-03-31,VER,Max Verstappen,Red Bull,bahrain,Bahrain International Circuit,5.0,5.0,0.2,0.2,15.0,1.0,0.0,0.0,3.0,2.2,0.0,19.0,1.0,0.0,19.0,7.333333333333333,0.0,0.0,0.09523809523809523,0.0,26.2,28.6,0.0,53.4,0
2019,3,Chinese Grand Prix,2019-04-14,GAS,Pierre Gasly,Red Bull,shanghai,Shanghai International Circuit,6.0,6.0,0.16666666666666666,0.16666666666666666,4.0,2.0,0.0,0.0,9.5,11.6,1.0,18.0,1.0,0.0,31.0,6.5,0.0,0.0,0.14285714285714285,0.0,19.3,27.3,0.0,46.0,0
2019,3,Chinese Grand Prix,2019-04-14,VER,Max Verstappen,Red Bull,shanghai,Shanghai International Circuit,5.0,5.0,0.2,0.2,27.0,2.0,0.0,0.0,3.5,2.6,0.0,5.0,1.0,0.0,40.0,6.4,0.0,0.0,0.14285714285714285,0.0,19.3,27.3,0.0,46.0,0
2019,4,Azerbaijan Grand Prix,2019-04-28,GAS,Pierre Gasly,Red Bull,baku,Baku City Circuit,20.0,0.0,0.05,1.0,13.0,3.0,0.0,0.0,8.333333333333334,10.8,1.0,12.0,1.0,0.0,52.0,6.0,0.0,0.0,0.19047619047619047,0.0,19.8,39.7,0.0,51.4,0
2019,4,Azerbaijan Grand Prix,2019-04-28,VER,Max Verstappen,Red Bull,baku,Baku City Circuit,4.0,4.0,0.25,0.25,39.0,3.0,0.0,0.0,3.6666666666666665,3.2,0.0,16.0,1.0,1.0,52.0,7.571428571428571,1.0,0.0,0.19047619047619047,0.0,19.8,39.7,0.0,51.4,0
2019,5,Spanish Grand Prix,2019-05-12,GAS,Pierre Gasly,Red Bull,catalunya,Circuit de Barcelona-Catalunya,6.0,6.0,0.16666666666666666,0.16666666666666666,13.0,4.0,0.0,1.0,10.5,11.6,2.0,19.0,1.0,1.0,64.0,7.125,1.0,0.0,0.23809523809523808,0.0,20.1,40.7,0.0,54.7,0
2019,5,Spanish Grand Prix,2019-05-12,VER,Max Verstappen,Red Bull,catalunya,Circuit de Barcelona-Catalunya,4.0,4.0,0.25,0.25,51.0,4.0,0.0,0.0,3.75,3.6,0.0,3.0,1.0,0.0,72.0,7.0,1.0,0.0,0.23809523809523808,0.0,20.1,40.7,0.0,54.7,0
2019,6,Monaco Grand Prix,2019-05-26,GAS,Pierre Gasly,Red Bull,monaco,Circuit de Monaco,5.0,8.0,0.2,0.125,21.0,5.0,0.0,1.0,9.6,9.6,1.0,7.0,1.0,0.0,87.0,6.6,1.0,0.0,0.2857142857142857,1.0,22.8,32.7,1.0,52.7,0
2019,6,Monaco Grand Prix,2019-05-26,VER,Max Verstappen,Red Bull,monaco,Circuit de Monaco,3.0,3.0,0.3333333333333333,0.3333333333333333,66.0,5.0,0.0,0.0,3.6,3.6,0.0,9.0,1.0,0.0,98.0,6.454545454545454,1.0,0.0,0.2857142857142857,1.0,22.8,32.7,1.0,52.7,0
2019,7,Canadian Grand Prix,2019-06-09,GAS,Pierre Gasly,Red Bull,villeneuve,Circuit Gilles Villeneuve,5.0,5.0,0.2,0.2,32.0,6.0,0.0,1.0,8.833333333333334,8.4,1.0,11.0,1.0,0.0,110.0,6.25,1.0,0.0,0.3333333333333333,0.0,29.4,51.1,0.0,16.1,0
2019,7,Canadian Grand Prix,2019-06-09,VER,Max Verstappen,Red Bull,villeneuve,Circuit Gilles Villeneuve,11.0,9.0,0.09090909090909091,0.1111111111111111,78.0,6.0,0.0,0.0,3.6666666666666665,3.8,0.0,3.0,1.0,0.0,114.0,6.384615384615385,1.0,0.0,0.3333333333333333,0.0,29.4,51.1,0.0,16.1,0
2019,8,French Grand Prix,2019-06-23,GAS,Pierre Gasly,Red Bull,ricard,Circuit Paul Ricard,9.0,9.0,0.1111111111111111,0.1111111111111111,36.0,7.0,0.0,1.0,8.714285714285714,8.4,1.0,20.0,1.0,1.0,124.0,6.285714285714286,1.0,0.0,0.38095238095238093,0.0,26.9,54.5,0.0,39.1,0
2019,8,French Grand Prix,2019-06-23,VER,Max Verstappen,Red Bull,ricard,Circuit Paul Ricard,4.0,4.0,0.25,0.25,88.0,7.0,0.0,0.0,3.857142857142857,4.0,0.0,2.0,1.0,0.0,125.0,6.533333333333333,1.0,0.0,0.38095238095238093,0.0,26.9,54.5,0.0,39.1,0
2019,9,Austrian Grand Prix,2019-06-30,GAS,Pierre Gasly,Red Bull,red_bull_ring,Red Bull Ring,9.0,8.0,0.1111111111111111,0.125,37.0,8.0,0.0,1.0,8.875,9.2,1.0,11.0,1.0,0.0,137.0,6.375,1.0,0.0,0.42857142857142855,0.0,34.4,50.7,0.0,18.0,0
2019,9,Austrian Grand Prix,2019-06-30,VER,Max Verstappen,Red Bull,red_bull_ring,Red Bull Ring,3.0,2.0,0.3333333333333333,0.5,100.0,8.0,0.0,0.0,3.875,4.0,0.0,1.0,1.0,0.0,143.0,6.411764705882353,1.0,0.0,0.42857142857142855,0.0,34.4,50.7,0.0,18.0,1
2019,10,British Grand Prix,2019-07-14,GAS,Pierre Gasly,Red Bull,silverstone,Silverstone Circuit,5.0,5.0,0.2,0.2,43.0,9.0,0.0,1.0,8.666666666666666,7.2,0.0,13.0,1.0,0.0,169.0,6.111111111111111,1.0,0.0,0.47619047619047616,0.0,18.9,30.3,0.0,62.1,0
2019,10,British Grand Prix,2019-07-14,VER,Max Verstappen,Red Bull,silverstone,Silverstone Circuit,4.0,4.0,0.25,0.25,126.0,9.0,1.0,0.0,3.5555555555555554,3.4,0.0,15.0,1.0,1.0,181.0,6.0,1.0,0.0,0.47619047619047616,0.0,18.9,30.3,0.0,62.1,0
2019,11,German Grand Prix,2019-07-28,GAS,Pierre Gasly,Red Bull,hockenheimring,Hockenheimring,4.0,4.0,0.25,0.25,55.0,10.0,0.0,1.0,8.2,6.8,0.0,14.0,1.0,0.0,191.0,5.95,1.0,0.0,0.5238095238095238,1.0,21.5,26.4,1.0,87.8,0
2019,11,German Grand Prix,2019-07-28,VER,Max Verstappen,Red Bull,hockenheimring,Hockenheimring,2.0,2.0,0.5,0.5,136.0,10.0,1.0,0.0,3.7,3.8,0.0,4.0,1.0,0.0,191.0,6.333333333333333,2.0,0.0,0.5238095238095238,1.0,21.5,26.4,1.0,87.8,1
2019,12,Hungarian Grand Prix,2019-08-04,GAS,Pierre Gasly,Red Bull,hungaroring,Hungaroring,6.0,6.0,0.16666666666666666,0.16666666666666666,55.0,11.0,0.0,2.0,8.727272727272727,8.6,1.0,6.0,1.0,0.0,217.0,6.090909090909091,2.0,0.0,0.5714285714285714,0.0,25.7,44.1,0.0,33.9,0
2019,12,Hungarian Grand Prix,2019-08-04,VER,Max Verstappen,Red Bull,hungaroring,Hungaroring,1.0,1.0,1.0,1.0,162.0,11.0,2.0,0.0,3.4545454545454546,3.2,0.0,19.0,1.0,0.0,225.0,6.086956521739131,2.0,0.0,0.5714285714285714,0.0,25.7,44.1,0.0,33.9,0
2019,13,Belgian Grand Prix,2019-09-01,ALB,Alexander Albon,Red Bull,spa,Circuit de Spa-Francorchamps,14.0,17.0,0.07142857142857142,0.058823529411764705,16.0,12.0,0.0,1.0,11.666666666666666,11.6,0.0,10.0,0.0,0.0,244.0,5.916666666666667,2.0,0.0,0.6190476190476191,0.0,17.4,28.1,0.0,57.0,0
2019,13,Belgian Grand Prix,2019-09-01,VER,Max Verstappen,Red Bull,spa,Circuit de Spa-Francorchamps,5.0,5.0,0.2,0.2,181.0,12.0,2.0,0.0,3.3333333333333335,2.6,0.0,3.0,1.0,0.0,254.0,5.88,2.0,0.0,0.6190476190476191,0.0,17.4,28.1,0.0,57.0,0
2019,14,Italian Grand Prix,2019-09-08,ALB,Alexander Albon,Red Bull,monza,Autodromo Nazionale di Monza,8.0,8.0,0.125,0.125,26.0,13.0,0.0,1.0,11.153846153846153,9.6,0.0,10.0,0.0,0.0,254.0,6.423076923076923,3.0,0.0,0.6666666666666666,0.0,21.1,33.0,0.0,51.6,0
2019,14,Italian Grand Prix,2019-09-08,VER,Max Verstappen,Red Bull,monza,Autodromo Nazionale di Monza,20.0,19.0,0.05,0.05263157894736842,181.0,13.0,2.0,1.0,4.615384615384615,5.8,1.0,5.0,1.0,0.0,262.0,6.407407407407407,3.0,0.0,0.6666666666666666,0.0,21.1,33.0,0.0,51.6,0
2019,15,Singapore Grand Prix,2019-09-22,ALB,Alexander Albon,Red Bull,marina_bay,Marina Bay Street Circuit,6.0,6.0,0.16666666666666666,0.16666666666666666,34.0,14.0,0.0,1.0,10.785714285714286,7.8,0.0,10.0,0.0,0.0,266.0,6.464285714285714,3.0,0.0,0.7142857142857143,0.0,30.0,35.8,0.0,66.5,0
2019,15,Singapore Grand Prix,2019-09-22,VER,Max Verstappen,Red Bull,marina_bay,Marina Bay Street Circuit,4.0,4.0,0.25,0.25,185.0,14.0,2.0,1.0,4.857142857142857,7.2,1.0,2.0,1.0,0.0,274.0,6.448275862068965,3.0,0.0,0.7142857142857143,0.0,30.0,35.8,0.0,66.5,0
2019,16,Russian Grand Prix,2019-09-29,ALB,Alexander Albon,Red Bull,sochi,Sochi Autodrom,19.0,0.0,0.05263157894736842,1.0,42.0,15.0,0.0,1.0,10.466666666666667,6.6,0.0,10.0,0.0,0.0,289.0,6.333333333333333,3.0,0.0,0.7619047619047619,1.0,22.0,34.3,1.0,67.4,0
2019,16,Russian Grand Prix,2019-09-29,VER,Max Verstappen,Red Bull,sochi,Sochi Autodrom,4.0,9.0,0.25,0.1111111111111111,200.0,15.0,2.0,1.0,4.733333333333333,6.8,1.0,5.0,1.0,0.0,299.0,6.290322580645161,3.0,0.0,0.7619047619047619,1.0,22.0,34.3,1.0,67.4,0
2019,17,Japanese Grand Prix,2019-10-13,ALB,Alexander Albon,Red Bull,suzuka,Suzuka Circuit,6.0,6.0,0.16666666666666666,0.16666666666666666,52.0,16.0,0.0,1.0,10.125,6.4,0.0,10.0,0.0,0.0,311.0,6.21875,3.0,0.0,0.8095238095238095,0.0,21.6,32.2,0.0,57.5,0
2019,17,Japanese Grand Prix,2019-10-13,VER,Max Verstappen,Red Bull,suzuka,Suzuka Circuit,5.0,5.0,0.2,0.2,212.0,16.0,2.0,1.0,4.6875,7.4,1.0,3.0,1.0,0.0,323.0,6.151515151515151,3.0,0.0,0.8095238095238095,0.0,21.6,32.2,0.0,57.5,0
2019,18,Mexican Grand Prix,2019-10-27,ALB,Alexander Albon,Red Bull,rodriguez,Autódromo Hermanos Rodríguez,5.0,5.0,0.2,0.2,64.0,17.0,0.0,1.0,9.764705882352942,5.2,0.0,10.0,0.0,0.0,323.0,6.5,4.0,0.0,0.8571428571428571,0.0,23.2,41.6,0.0,46.3,0
2019,18,Mexican Grand Prix,2019-10-27,VER,Max Verstappen,Red Bull,rodriguez,Autódromo Hermanos Rodríguez,1.0,4.0,1.0,0.25,212.0,17.0,2.0,2.0,5.470588235294118,10.6,2.0,1.0,1.0,0.0,333.0,6.457142857142857,4.0,0.0,0.8571428571428571,0.0,23.2,41.6,0.0,46.3,0
2019,19,United States Grand Prix,2019-11-03,ALB,Alexander Albon,Red Bull,americas,Circuit of the Americas,6.0,6.0,0.16666666666666666,0.16666666666666666,74.0,18.0,0.0,1.0,9.5,5.2,0.0,10.0,0.0,0.0,341.0,6.444444444444445,4.0,0.0,0.9047619047619048,0.0,21.5,29.1,0.0,29.2,0
2019,19,United States Grand Prix,2019-11-03,VER,Max Verstappen,Red Bull,americas,Circuit of the Americas,3.0,3.0,0.3333333333333333,0.3333333333333333,220.0,18.0,2.0,2.0,5.5,7.8,1.0,2.0,1.0,0.0,351.0,6.405405405405405,4.0,0.0,0.9047619047619048,0.0,21.5,29.1,0.0,29.2,0
2019,20,Brazilian Grand Prix,2019-11-17,ALB,Alexander Albon,Red Bull,interlagos,Autódromo José Carlos Pace,6.0,5.0,0.16666666666666666,0.2,84.0,19.0,0.0,1.0,9.263157894736842,5.0,0.0,10.0,0.0,0.0,366.0,6.315789473684211,4.0,0.0,0.9523809523809523,0.0,21.0,46.5,0.0,60.3,0
2019,20,Brazilian Grand Prix,2019-11-17,VER,Max Verstappen,Red Bull,interlagos,Autódromo José Carlos Pace,1.0,1.0,1.0,1.0,235.0,19.0,2.0,2.0,5.368421052631579,6.8,1.0,2.0,1.0,0.0,366.0,6.512820512820513,4.0,0.0,0.9523809523809523,0.0,21.0,46.5,0.0,60.3,1
2019,21,Abu Dhabi Grand Prix,2019-12-01,ALB,Alexander Albon,Red Bull,yas_marina,Yas Marina Circuit,6.0,5.0,0.16666666666666666,0.2,84.0,20.0,0.0,1.0,9.5,6.6,0.0,10.0,0.0,0.0,391.0,6.375,4.0,0.0,1.0,0.0,26.0,29.6,0.0,64.5,0
2019,21,Abu Dhabi Grand Prix,2019-12-01,VER,Max Verstappen,Red Bull,yas_marina,Yas Marina Circuit,3.0,2.0,0.3333333333333333,0.5,260.0,20.0,3.0,2.0,5.15,6.4,1.0,3.0,1.0,0.0,399.0,6.365853658536586,4.0,0.0,1.0,0.0,26.0,29.6,0.0,64.5,0
2020,1,Austrian Grand Prix,2020-07-05,ALB,Alexander Albon,Red Bull,red_bull_ring,Red Bull Ring,5.0,4.0,0.2,0.25,0.0,0.0,0.0,0.0,11.375,6.8,0.0,15.0,1.0,0.0,0.0,11.416666666666666,0.0,0.0,0.058823529411764705,0.0,28.7,52.0,0.0,33.8,0
2020,1,Austrian Grand Prix,2020-07-05,VER,Max Verstappen,Red Bull,red_bull_ring,Red Bull Ring,3.0,2.0,0.3333333333333333,0.5,0.0,0.0,0.0,0.0,11.375,6.0,1.0,1.0,2.0,0.0,0.0,13.0,0.0,0.0,0.058823529411764705,0.0,28.7,52.0,0.0,33.8,0
2020,2,Styrian Grand Prix,2020-07-12,ALB,Alexander Albon,Red Bull,red_bull_ring,Red Bull Ring,7.0,6.0,0.14285714285714285,0.16666666666666666,0.0,1.0,0.0,0.0,13.0,8.6,0.0,14.0,2.0,0.0,0.0,16.5,0.0,0.0,0.11764705882352941,1.0,20.8,39.9,1.0,34.0,0
2020,2,Styrian Grand Prix,2020-07-12,VER,Max Verstappen,Red Bull,red_bull_ring,Red Bull Ring,2.0,2.0,0.5,0.5,0.0,1.0,0.0,0.0,20.0,6.4,0.0,7.333333333333333,3.0,0.0,12.0,12.333333333333334,0.0,0.0,0.11764705882352941,1.0,20.8,39.9,1.0,34.0,0
2020,3,Hungarian Grand Prix,2020-07-19,ALB,Alexander Albon,Red Bull,hungaroring,Hungaroring,13.0,13.0,0.07692307692307693,0.07692307692307693,12.0,2.0,0.0,0.0,8.5,8.4,0.0,10.0,1.0,0.0,27.0,10.0,0.0,0.0,0.17647058823529413,1.0,20.7,27.1,1.0,77.2,0
2020,3,Hungarian Grand Prix,2020-07-19,VER,Max Verstappen,Red Bull,hungaroring,Hungaroring,7.0,7.0,0.14285714285714285,0.14285714285714285,15.0,2.0,0.0,0.0,11.5,5.8,0.0,10.5,2.0,0.0,37.0,9.0,0.0,0.0,0.17647058823529413,1.0,20.7,27.1,1.0,77.2,0
2020,4,British Grand Prix,2020-08-02,ALB,Alexander Albon,Red Bull,silverstone,Silverstone Circuit,12.0,12.0,0.08333333333333333,0.08333333333333333,22.0,3.0,0.0,0.0,7.333333333333333,8.4,0.0,12.0,1.0,0.0,55.0,7.833333333333333,0.0,0.0,0.23529411764705882,0.0,21.3,40.6,0.0,44.2,0
2020,4,British Grand Prix,2020-08-02,VER,Max Verstappen,Red Bull,silverstone,Silverstone Circuit,3.0,3.0,0.3333333333333333,0.3333333333333333,33.0,3.0,0.0,0.0,8.333333333333334,5.6,0.0,10.0,2.0,1.0,59.0,7.857142857142857,0.0,0.0,0.23529411764705882,0.0,21.3,40.6,0.0,44.2,0
2020,5,70th Anniversary Grand Prix,2020-08-09,ALB,Alexander Albon,Red Bull,silverstone,Silverstone Circuit,9.0,9.0,0.1111111111111111,0.1111111111111111,26.0,4.0,0.0,0.0,7.5,7.2,0.0,10.0,2.0,0.0,78.0,7.125,0.0,0.0,0.29411764705882354,0.0,25.3,43.2,0.0,58.6,0
2020,5,70th Anniversary Grand Prix,2020-08-09,VER,Max Verstappen,Red Bull,silverstone,Silverstone Circuit,4.0,4.0,0.25,0.25,52.0,4.0,0.0,0.0,6.75,5.8,0.0,7.333333333333333,3.0,1.0,88.0,6.888888888888889,0.0,0.0,0.29411764705882354,0.0,25.3,43.2,0.0,58.6,1
2020,6,Spanish Grand Prix,2020-08-16,ALB,Alexander Albon,Red Bull,catalunya,Circuit de Barcelona-Catalunya,6.0,6.0,0.16666666666666666,0.16666666666666666,36.0,5.0,0.0,0.0,7.0,7.0,0.0,11.0,1.0,0.0,113.0,6.3,0.0,0.0,0.35294117647058826,0.0,29.8,47.6,0.0,56.4,0
2020,6,Spanish Grand Prix,2020-08-16,VER,Max Verstappen,Red Bull,catalunya,Circuit de Barcelona-Catalunya,3.0,3.0,0.3333333333333333,0.3333333333333333,77.0,5.0,1.0,0.0,5.6,5.6,0.0,3.0,2.0,0.0,117.0,6.454545454545454,0.0,0.0,0.35294117647058826,0.0,29.8,47.6,0.0,56.4,0
2020,7,Belgian Grand Prix,2020-08-30,ALB,Alexander Albon,Red Bull,spa,Circuit de Spa-Francorchamps,5.0,5.0,0.2,0.2,40.0,6.0,0.0,0.0,7.166666666666667,6.0,0.0,5.0,1.0,0.0,135.0,6.083333333333333,0.0,0.0,0.4117647058823529,0.0,18.6,29.8,0.0,54.9,0
2020,7,Belgian Grand Prix,2020-08-30,VER,Max Verstappen,Red Bull,spa,Circuit de Spa-Francorchamps,3.0,3.0,0.3333333333333333,0.3333333333333333,95.0,6.0,1.0,0.0,5.0,2.0,0.0,11.5,2.0,1.0,143.0,6.076923076923077,0.0,0.0,0.4117647058823529,0.0,18.6,29.8,0.0,54.9,0
2020,8,Italian Grand Prix,2020-09-06,ALB,Alexander Albon,Red Bull,monza,Autodromo Nazionale di Monza,9.0,9.0,0.1111111111111111,0.1111111111111111,48.0,7.0,0.0,0.0,7.0,6.4,0.0,6.0,1.0,0.0,158.0,5.857142857142857,0.0,0.0,0.47058823529411764,0.0,28.1,41.2,0.0,40.1,0
2020,8,Italian Grand Prix,2020-09-06,VER,Max Verstappen,Red Bull,monza,Autodromo Nazionale di Monza,5.0,5.0,0.2,0.2,110.0,7.0,1.0,0.0,4.714285714285714,2.0,0.0,6.5,2.0,0.0,158.0,6.466666666666667,0.0,0.0,0.47058823529411764,0.0,28.1,41.2,0.0,40.1,0
2020,9,Tuscan Grand Prix,2020-09-13,ALB,Alexander Albon,Red Bull,mugello,Autodromo Internazionale del Mugello,4.0,4.0,0.25,0.25,48.0,8.0,0.0,0.0,8.0,8.4,0.0,10.0,0.0,0.0,158.0,7.125,0.0,0.0,0.5294117647058824,0.0,30.2,43.1,0.0,39.9,0
2020,9,Tuscan Grand Prix,2020-09-13,VER,Max Verstappen,Red Bull,mugello,Autodromo Internazionale del Mugello,3.0,3.0,0.3333333333333333,0.3333333333333333,110.0,8.0,1.0,0.0,6.25,5.0,0.0,10.0,0.0,0.0,173.0,6.882352941176471,0.0,0.0,0.5294117647058824,0.0,30.2,43.1,0.0,39.9,0
2020,10,Russian Grand Prix,2020-09-27,ALB,Alexander Albon,Red Bull,sochi,Sochi Autodrom,10.0,15.0,0.1,0.06666666666666667,63.0,9.0,0.0,0.0,7.444444444444445,7.4,0.0,5.0,1.0,0.0,173.0,7.555555555555555,1.0,0.0,0.5882352941176471,0.0,28.8,40.3,0.0,51.4,0
2020,10,Russian Grand Prix,2020-09-27,VER,Max Verstappen,Red Bull,sochi,Sochi Autodrom,2.0,2.0,0.5,0.5,110.0,9.0,1.0,1.0,7.666666666666667,8.4,1.0,4.5,2.0,0.0,174.0,7.684210526315789,1.0,0.0,0.5882352941176471,0.0,28.8,40.3,0.0,51.4,0
2020,11,Eifel Grand Prix,2020-10-11,ALB,Alexander Albon,Red Bull,nurburgring,Nürburgring,5.0,5.0,0.2,0.2,64.0,10.0,0.0,0.0,7.7,8.4,0.0,10.0,0.0,0.0,192.0,7.4,1.0,0.0,0.6470588235294118,1.0,9.5,16.4,1.0,59.4,0
2020,11,Eifel Grand Prix,2020-10-11,VER,Max Verstappen,Red Bull,nurburgring,Nürburgring,3.0,3.0,0.3333333333333333,0.3333333333333333,128.0,10.0,1.0,1.0,7.1,8.6,1.0,10.0,0.0,0.0,192.0,7.857142857142857,1.0,0.0,0.6470588235294118,1.0,9.5,16.4,1.0,59.4,0
2020,12,Portuguese Grand Prix,2020-10-25,ALB,Alexander Albon,Red Bull,portimao,Autódromo Internacional do Algarve,6.0,6.0,0.16666666666666666,0.16666666666666666,64.0,11.0,0.0,0.0,8.545454545454545,10.2,0.0,10.0,0.0,0.0,211.0,7.590909090909091,1.0,0.0,0.7058823529411765,0.0,20.5,25.7,0.0,67.5,0
2020,12,Portuguese Grand Prix,2020-10-25,VER,Max Verstappen,Red Bull,portimao,Autódromo Internacional do Algarve,3.0,3.0,0.3333333333333333,0.3333333333333333,147.0,11.0,1.0,1.0,6.636363636363637,8.6,1.0,10.0,0.0,0.0,211.0,7.782608695652174,1.0,0.0,0.7058823529411765,0.0,20.5,25.7,0.0,67.5,0
2020,13,Emilia Romagna Grand Prix,2020-11-01,ALB,Alexander Albon,Red Bull,imola,Autodromo Enzo e Dino Ferrari,6.0,6.0,0.16666666666666666,0.16666666666666666,64.0,12.0,0.0,0.0,8.833333333333334,11.4,0.0,10.0,0.0,0.0,226.0,7.583333333333333,1.0,0.0,0.7647058823529411,0.0,18.0,23.3,0.0,71.1,0
2020,13,Emilia Romagna Grand Prix,2020-11-01,VER,Max Verstappen,Red Bull,imola,Autodromo Enzo e Dino Ferrari,3.0,3.0,0.3333333333333333,0.3333333333333333,162.0,12.0,1.0,1.0,6.333333333333333,8.6,1.0,10.0,0.0,0.0,226.0,7.88,1.0,0.0,0.7647058823529411,0.0,18.0,23.3,0.0,71.1,0
2020,14,Turkish Grand Prix,2020-11-15,ALB,Alexander Albon,Red Bull,istanbul,Istanbul Park,4.0,4.0,0.25,0.25,64.0,13.0,0.0,0.0,9.307692307692308,11.4,0.0,10.0,0.0,0.0,226.0,8.23076923076923,1.0,0.0,0.8235294117647058,1.0,13.1,15.2,1.0,80.2,0
2020,14,Turkish Grand Prix,2020-11-15,VER,Max Verstappen,Red Bull,istanbul,Istanbul Park,2.0,2.0,0.5,0.5,162.0,13.0,1.0,1.0,7.153846153846154,8.6,1.0,10.0,0.0,0.0,232.0,8.185185185185185,1.0,0.0,0.8235294117647058,1.0,13.1,15.2,1.0,80.2,0
2020,15,Bahrain Grand Prix,2020-11-29,ALB,Alexander Albon,Red Bull,bahrain,Bahrain International Circuit,4.0,4.0,0.25,0.25,70.0,14.0,0.0,0.0,9.142857142857142,12.2,0.0,9.0,1.0,0.0,240.0,8.107142857142858,1.0,0.0,0.8823529411764706,0.0,25.1,27.5,0.0,67.8,0
2020,15,Bahrain Grand Prix,2020-11-29,VER,Max Verstappen,Red Bull,bahrain,Bahrain International Circuit,3.0,3.0,0.3333333333333333,0.3333333333333333,170.0,14.0,1.0,1.0,7.071428571428571,6.0,0.0,11.5,2.0,0.0,255.0,7.931034482758621,1.0,0.0,0.8823529411764706,0.0,25.1,27.5,0.0,67.8,0
2020,16,Sakhir Grand Prix,2020-12-06,ALB,Alexander Albon,Red Bull,bahrain,Bahrain International Circuit,12.0,12.0,0.08333333333333333,0.08333333333333333,85.0,15.0,0.0,0.0,8.733333333333333,10.8,0.0,6.0,2.0,0.0,274.0,7.733333333333333,1.0,0.0,0.9411764705882353,0.0,20.9,23.5,0.0,58.2,0
2020,16,Sakhir Grand Prix,2020-12-06,VER,Max Verstappen,Red Bull,bahrain,Bahrain International Circuit,3.0,3.0,0.3333333333333333,0.3333333333333333,189.0,15.0,1.0,1.0,6.733333333333333,6.0,0.0,8.333333333333334,3.0,0.0,282.0,7.67741935483871,1.0,0.0,0.9411764705882353,0.0,20.9,23.5,0.0,58.2,0
2020,17,Abu Dhabi Grand Prix,2020-12-13,ALB,Alexander Albon,Red Bull,yas_marina,Yas Marina Circuit,5.0,5.0,0.2,0.2,93.0,16.0,0.0,0.0,8.5625,8.6,0.0,6.0,1.0,0.0,282.0,8.03125,2.0,0.0,1.0,0.0,23.1,28.0,0.0,55.4,0
2020,17,Abu Dhabi Grand Prix,2020-12-13,VER,Max Verstappen,Red Bull,yas_marina,Yas Marina Circuit,1.0,1.0,1.0,1.0,189.0,16.0,1.0,2.0,7.5,9.4,1.0,2.5,2.0,0.0,294.0,7.909090909090909,2.0,0.0,1.0,0.0,23.1,28.0,0.0,55.4,1
2021,1,Bahrain Grand Prix,2021-03-28,PER,Sergio Pérez,Red Bull,bahrain,Bahrain International Circuit,11.0,0.0,0.09090909090909091,1.0,0.0,0.0,0.0,0.0,11.375,9.4,2.0,11.25,4.0,1.0,0.0,11.416666666666666,0.0,0.0,0.045454545454545456,0.0,20.5,27.6,0.0,54.5,0
2021,1,Bahrain Grand Prix,2021-03-28,VER,Max Verstappen,Red Bull,bahrain,Bahrain International Circuit,1.0,1.0,1.0,1.0,0.0,0.0,0.0,0.0,11.375,9.0,1.0,11.0,4.0,1.0,10.0,5.0,0.0,0.0,0.045454545454545456,0.0,20.5,27.6,0.0,54.5,0
2021,2,Emilia Romagna Grand Prix,2021-04-18,PER,Sergio Pérez,Red Bull,imola,Autodromo Enzo e Dino Ferrari,2.0,2.0,0.5,0.5,10.0,1.0,0.0,0.0,5.0,9.2,2.0,6.0,1.0,0.0,28.0,3.5,0.0,0.0,0.09090909090909091,1.0,10.6,16.8,1.0,69.5,0
2021,2,Emilia Romagna Grand Prix,2021-04-18,VER,Max Verstappen,Red Bull,imola,Autodromo Enzo e Dino Ferrari,3.0,3.0,0.3333333333333333,0.3333333333333333,18.0,1.0,0.0,0.0,2.0,6.0,1.0,17.0,1.0,0.0,28.0,6.0,0.0,0.0,0.09090909090909091,1.0,10.6,16.8,1.0,69.5,1
2021,3,Portuguese Grand Prix,2021-05-02,PER,Sergio Pérez,Red Bull,portimao,Autódromo Internacional do Algarve,4.0,4.0,0.25,0.25,10.0,2.0,0.0,0.0,8.0,11.0,2.0,7.0,1.0,0.0,53.0,4.75,0.0,0.0,0.13636363636363635,0.0,19.4,39.0,0.0,39.4,0
2021,3,Portuguese Grand Prix,2021-05-02,VER,Max Verstappen,Red Bull,portimao,Autódromo Internacional do Algarve,3.0,3.0,0.3333333333333333,0.3333333333333333,43.0,2.0,1.0,0.0,1.5,5.0,1.0,3.0,1.0,0.0,65.0,4.6,0.0,0.0,0.13636363636363635,0.0,19.4,39.0,0.0,39.4,0
2021,4,Spanish Grand Prix,2021-05-09,PER,Sergio Pérez,Red Bull,catalunya,Circuit de Barcelona-Catalunya,8.0,8.0,0.125,0.125,22.0,3.0,0.0,0.0,6.666666666666667,8.2,1.0,9.666666666666666,3.0,0.0,83.0,4.166666666666667,0.0,0.0,0.18181818181818182,0.0,22.2,32.9,0.0,57.6,0
2021,4,Spanish Grand Prix,2021-05-09,VER,Max Verstappen,Red Bull,catalunya,Circuit de Barcelona-Catalunya,2.0,2.0,0.5,0.5,61.0,3.0,1.0,0.0,1.6666666666666667,5.0,1.0,2.6666666666666665,3.0,0.0,93.0,4.285714285714286,0.0,0.0,0.18181818181818182,0.0,22.2,32.9,0.0,57.6,0
2021,5,Monaco Grand Prix,2021-05-23,PER,Sergio Pérez,Red Bull,monaco,Circuit de Monaco,9.0,9.0,0.1111111111111111,0.1111111111111111,32.0,4.0,0.0,0.0,6.25,9.0,1.0,12.0,2.0,0.0,112.0,4.0,0.0,0.0,0.22727272727272727,0.0,20.8,37.6,0.0,61.4,0
2021,5,Monaco Grand Prix,2021-05-23,VER,Max Verstappen,Red Bull,monaco,Circuit de Monaco,2.0,2.0,0.5,0.5,80.0,4.0,1.0,0.0,1.75,1.6,0.0,6.5,2.0,0.0,124.0,4.0,0.0,0.0,0.22727272727272727,0.0,20.8,37.6,0.0,61.4,1
2021,6,Azerbaijan Grand Prix,2021-06-06,PER,Sergio Pérez,Red Bull,baku,Baku City Circuit,7.0,6.0,0.14285714285714285,0.16666666666666666,44.0,5.0,0.0,0.0,5.8,5.8,0.0,4.5,2.0,0.0,149.0,3.7,0.0,0.0,0.2727272727272727,0.0,24.2,38.3,0.0,55.8,1
2021,6,Azerbaijan Grand Prix,2021-06-06,VER,Max Verstappen,Red Bull,baku,Baku City Circuit,3.0,3.0,0.3333333333333333,0.3333333333333333,105.0,5.0,2.0,0.0,1.6,1.6,0.0,10.0,2.0,1.0,174.0,3.4545454545454546,0.0,0.0,0.2727272727272727,0.0,24.2,38.3,0.0,55.8,0
2021,7,French Grand Prix,2021-06-20,PER,Sergio Pérez,Red Bull,ricard,Circuit Paul Ricard,4.0,4.0,0.25,0.25,69.0,6.0,1.0,0.0,5.0,5.0,0.0,15.0,2.0,1.0,174.0,4.666666666666667,1.0,0.0,0.3181818181818182,0.0,25.3,35.2,0.0,58.6,0
2021,7,French Grand Prix,2021-06-20,VER,Max Verstappen,Red Bull,ricard,Circuit Paul Ricard,1.0,1.0,1.0,1.0,105.0,6.0,2.0,1.0,4.333333333333333,4.8,1.0,3.0,2.0,0.0,189.0,4.538461538461538,1.0,0.0,0.3181818181818182,0.0,25.3,35.2,0.0,58.6,1
2021,8,Styrian Grand Prix,2021-06-27,PER,Sergio Pérez,Red Bull,red_bull_ring,Red Bull Ring,5.0,4.0,0.2,0.25,84.0,7.0,1.0,0.0,4.714285714285714,3.4,0.0,7.5,4.0,0.0,215.0,4.285714285714286,1.0,0.0,0.36363636363636365,0.0,26.7,52.4,0.0,33.2,0
2021,8,Styrian Grand Prix,2021-06-27,VER,Max Verstappen,Red Bull,red_bull_ring,Red Bull Ring,1.0,1.0,1.0,1.0,131.0,7.0,3.0,1.0,3.857142857142857,4.8,1.0,6.25,4.0,0.0,227.0,4.266666666666667,1.0,0.0,0.36363636363636365,0.0,26.7,52.4,0.0,33.2,1
2021,9,Austrian Grand Prix,2021-07-04,PER,Sergio Pérez,Red Bull,red_bull_ring,Red Bull Ring,3.0,3.0,0.3333333333333333,0.3333333333333333,96.0,8.0,1.0,0.0,4.625,3.4,0.0,6.8,5.0,0.0,252.0,4.0625,1.0,0.0,0.4090909090909091,1.0,21.0,33.2,1.0,49.7,0
2021,9,Austrian Grand Prix,2021-07-04,VER,Max Verstappen,Red Bull,red_bull_ring,Red Bull Ring,1.0,1.0,1.0,1.0,156.0,8.0,4.0,1.0,3.5,4.6,1.0,5.2,5.0,0.0,260.0,4.176470588235294,1.0,0.0,0.4090909090909091,1.0,21.0,33.2,1.0,49.7,1
2021,10,British Grand Prix,2021-07-18,PER,Sergio Pérez,Red Bull,silverstone,Silverstone Circuit,5.0,0.0,0.2,1.0,104.0,9.0,1.0,0.0,4.777777777777778,3.6,0.0,13.5,2.0,0.0,286.0,4.0,1.0,0.0,0.45454545454545453,0.0,29.4,50.9,0.0,37.2,0
2021,10,British Grand Prix,2021-07-18,VER,Max Verstappen,Red Bull,silverstone,Silverstone Circuit,2.0,1.0,0.5,1.0,182.0,9.0,5.0,1.0,3.2222222222222223,4.4,1.0,5.75,4.0,1.0,286.0,4.631578947368421,1.0,0.0,0.45454545454545453,0.0,29.4,50.9,0.0,37.2,0
2021,11,Hungarian Grand Prix,2021-08-01,PER,Sergio Pérez,Red Bull,hungaroring,Hungaroring,4.0,4.0,0.25,0.25,104.0,10.0,1.0,0.0,5.9,6.0,0.0,10.666666666666666,3.0,0.0,286.0,5.4,2.0,0.0,0.5,1.0,27.2,37.8,1.0,68.6,0
2021,11,Hungarian Grand Prix,2021-08-01,VER,Max Verstappen,Red Bull,hungaroring,Hungaroring,3.0,3.0,0.3333333333333333,0.3333333333333333,182.0,10.0,5.0,2.0,4.9,8.2,2.0,7.666666666666667,3.0,0.0,286.0,5.9523809523809526,3.0,0.0,0.5,1.0,27.2,37.8,1.0,68.6,0
2021,12,Belgian Grand Prix,2021-08-29,PER,Sergio Pérez,Red Bull,spa,Circuit de Spa-Francorchamps,7.0,0.0,0.14285714285714285,1.0,104.0,11.0,1.0,1.0,6.909090909090909,9.2,1.0,7.0,3.0,0.0,288.0,6.090909090909091,3.0,0.0,0.5454545454545454,1.0,13.0,15.3,1.0,96.4,0
2021,12,Belgian Grand Prix,2021-08-29,VER,Max Verstappen,Red Bull,spa,Circuit de Spa-Francorchamps,1.0,1.0,1.0,1.0,184.0,11.0,5.0,2.0,5.2727272727272725,6.4,1.0,8.666666666666666,3.0,1.0,288.0,6.6521739130434785,3.0,0.0,0.5454545454545454,1.0,13.0,15.3,1.0,96.4,1
2021,13,Dutch Grand Prix,2021-09-05,PER,Sergio Pérez,Red Bull,zandvoort,Circuit Park Zandvoort,16.0,0.0,0.0625,1.0,104.0,12.0,1.0,1.0,7.916666666666667,12.4,1.0,10.0,0.0,0.0,300.5,6.416666666666667,3.0,0.0,0.5909090909090909,0.0,21.5,36.1,0.0,54.1,0
2021,13,Dutch Grand Prix,2021-09-05,VER,Max Verstappen,Red Bull,zandvoort,Circuit Park Zandvoort,1.0,1.0,1.0,1.0,196.5,12.0,6.0,2.0,4.916666666666667,6.4,1.0,10.0,0.0,0.0,304.5,6.48,3.0,0.0,0.5909090909090909,0.0,21.5,36.1,0.0,54.1,1
2021,14,Italian Grand Prix,2021-09-12,PER,Sergio Pérez,Red Bull,monza,Autodromo Nazionale di Monza,9.0,8.0,0.1111111111111111,0.125,108.0,13.0,1.0,1.0,7.923076923076923,13.2,1.0,8.0,3.0,0.0,329.5,6.269230769230769,3.0,0.0,0.6363636363636364,0.0,28.9,43.5,0.0,33.3,0
2021,14,Italian Grand Prix,2021-09-12,VER,Max Verstappen,Red Bull,monza,Autodromo Nazionale di Monza,3.0,1.0,0.3333333333333333,1.0,221.5,13.0,7.0,2.0,4.615384615384615,6.4,1.0,10.0,3.0,0.0,339.5,6.222222222222222,3.0,0.0,0.6363636363636364,0.0,28.9,43.5,0.0,33.3,0
2021,15,Russian Grand Prix,2021-09-26,PER,Sergio Pérez,Red Bull,sochi,Sochi Autodrom,9.0,8.0,0.1111111111111111,0.125,118.0,14.0,1.0,1.0,7.714285714285714,13.0,1.0,7.0,3.0,0.0,339.5,6.642857142857143,4.0,0.0,0.6818181818181818,1.0,19.1,21.8,1.0,61.9,0
2021,15,Russian Grand Prix,2021-09-26,VER,Max Verstappen,Red Bull,sochi,Sochi Autodrom,20.0,20.0,0.05,0.05,221.5,14.0,7.0,3.0,5.571428571428571,9.8,2.0,3.6666666666666665,3.0,0.0,341.5,6.724137931034483,4.0,0.0,0.6818181818181818,1.0,19.1,21.8,1.0,61.9,0
2021,16,Turkish Grand Prix,2021-10-10,PER,Sergio Pérez,Red Bull,istanbul,Istanbul Park,7.0,6.0,0.14285714285714285,0.16666666666666666,120.0,15.0,1.0,1.0,7.8,11.6,1.0,2.0,1.0,0.0,359.5,6.566666666666666,4.0,0.0,0.7272727272727273,0.0,15.8,18.2,0.0,93.5,0
2021,16,Turkish Grand Prix,2021-10-10,VER,Max Verstappen,Red Bull,istanbul,Istanbul Park,3.0,2.0,0.3333333333333333,0.5,239.5,15.0,7.0,3.0,5.333333333333333,6.2,1.0,6.0,1.0,0.0,374.5,6.451612903225806,4.0,0.0,0.7272727272727273,0.0,15.8,18.2,0.0,93.5,0
2021,17,United States Grand Prix,2021-10-24,PER,Sergio Pérez,Red Bull,americas,Circuit of the Americas,3.0,3.0,0.3333333333333333,0.3333333333333333,135.0,16.0,1.0,1.0,7.5,8.8,0.0,9.0,2.0,0.0,392.5,6.3125,4.0,0.0,0.7727272727272727,0.0,28.1,37.5,0.0,61.2,0
2021,17,United States Grand Prix,2021-10-24,VER,Max Verstappen,Red Bull,americas,Circuit of the Americas,1.0,1.0,1.0,1.0,257.5,16.0,7.0,3.0,5.125,4.8,1.0,2.5,2.0,0.0,407.5,6.212121212121212,4.0,0.0,0.7727272727272727,0.0,28.1,37.5,0.0,61.2,1
2021,18,Mexico City Grand Prix,2021-11-07,PER,Sergio Pérez,Red Bull,rodriguez,Autódromo Hermanos Rodríguez,4.0,4.0,0.25,0.25,150.0,17.0,1.0,1.0,7.235294117647059,5.6,0.0,12.5,2.0,1.0,432.5,6.0588235294117645,4.0,0.0,0.8181818181818182,0.0,21.2,47.6,0.0,31.2,0
2021,18,Mexico City Grand Prix,2021-11-07,VER,Max Verstappen,Red Bull,rodriguez,Autódromo Hermanos Rodríguez,3.0,3.0,0.3333333333333333,0.3333333333333333,282.5,17.0,8.0,3.0,4.882352941176471,4.8,1.0,3.5,2.0,0.0,447.5,5.9714285714285715,4.0,0.0,0.8181818181818182,0.0,21.2,47.6,0.0,31.2,1
2021,19,São Paulo Grand Prix,2021-11-14,PER,Sergio Pérez,Red Bull,interlagos,Autódromo José Carlos Pace,4.0,4.0,0.25,0.25,165.0,18.0,1.0,1.0,7.0,4.6,0.0,9.5,2.0,0.0,472.5,5.833333333333333,4.0,0.0,0.8636363636363636,0.0,23.1,51.6,0.0,60.1,0
2021,19,São Paulo Grand Prix,2021-11-14,VER,Max Verstappen,Red Bull,interlagos,Autódromo José Carlos Pace,2.0,2.0,0.5,0.5,307.5,18.0,9.0,3.0,4.666666666666667,4.8,1.0,1.5,2.0,0.0,485.5,5.783783783783784,4.0,0.0,0.8636363636363636,0.0,23.1,51.6,0.0,60.1,0
2021,20,Qatar Grand Prix,2021-11-21,PER,Sergio Pérez,Red Bull,losail,Losail International Circuit,11.0,11.0,0.09090909090909091,0.09090909090909091,178.0,19.0,1.0,1.0,6.842105263157895,4.4,0.0,10.0,0.0,0.0,503.5,5.684210526315789,4.0,0.0,0.9090909090909091,1.0,26.4,30.6,1.0,75.5,0
2021,20,Qatar Grand Prix,2021-11-21,VER,Max Verstappen,Red Bull,losail,Losail International Circuit,2.0,7.0,0.5,0.14285714285714285,325.5,19.0,9.0,3.0,4.526315789473684,1.6,0.0,10.0,0.0,0.0,515.5,5.641025641025641,4.0,0.0,0.9090909090909091,1.0,26.4,30.6,1.0,75.5,0
2021,21,Saudi Arabian Grand Prix,2021-12-05,PER,Sergio Pérez,Red Bull,jeddah,Jeddah Corniche Circuit,5.0,5.0,0.2,0.2,190.0,20.0,1.0,1.0,6.7,3.4,0.0,10.0,0.0,0.0,534.5,5.55,4.0,0.0,0.9545454545454546,0.0,28.8,31.7,0.0,76.2,0
2021,21,Saudi Arabian Grand Prix,2021-12-05,VER,Max Verstappen,Red Bull,jeddah,Jeddah Corniche Circuit,3.0,3.0,0.3333333333333333,0.3333333333333333,344.5,20.0,9.0,3.0,4.4,1.6,0.0,10.0,0.0,0.0,534.5,5.829268292682927,5.0,0.0,0.9545454545454546,0.0,28.8,31.7,0.0,76.2,0
2021,22,Abu Dhabi Grand Prix,2021-12-12,PER,Sergio Pérez,Red Bull,yas_marina,Yas Marina Circuit,4.0,4.0,0.25,0.25,190.0,21.0,1.0,2.0,7.190476190476191,6.2,1.0,11.666666666666666,3.0,1.0,552.5,5.738095238095238,5.0,0.0,1.0,0.0,24.5,28.5,0.0,59.1,0
2021,22,Abu Dhabi Grand Prix,2021-12-12,VER,Max Verstappen,Red Bull,yas_marina,Yas Marina Circuit,1.0,1.0,1.0,1.0,362.5,21.0,9.0,3.0,4.285714285714286,1.6,0.0,2.0,3.0,0.0,552.5,5.953488372093023,6.0,0.0,1.0,0.0,24.5,28.5,0.0,59.1,1
2022,1,Bahrain Grand Prix,2022-03-20,PER,Sergio Pérez,Red Bull,bahrain,Bahrain International Circuit,4.0,4.0,0.25,0.25,0.0,0.0,0.0,0.0,11.375,8.6,2.0,10.0,5.0,1.0,0.0,11.416666666666666,0.0,1.0,0.045454545454545456,0.0,23.6,28.6,0.0,29.5,0
2022,1,Bahrain Grand Prix,2022-03-20,VER,Max Verstappen,Red Bull,bahrain,Bahrain International Circuit,2.0,2.0,0.5,0.5,0.0,0.0,0.0,0.0,11.375,1.6,0.0,9.2,5.0,1.0,0.0,18.0,0.0,1.0,0.045454545454545456,0.0,23.6,28.6,0.0,29.5,0
2022,2,Saudi Arabian Grand Prix,2022-03-27,PER,Sergio Pérez,Red Bull,jeddah,Jeddah Corniche Circuit,1.0,1.0,1.0,1.0,0.0,1.0,0.0,0.0,18.0,11.6,2.0,17.0,1.0,1.0,0.0,18.5,0.0,1.0,0.09090909090909091,0.0,25.4,28.4,0.0,59.7,0
2022,2,Saudi Arabian Grand Prix,2022-03-27,VER,Max Verstappen,Red Bull,jeddah,Jeddah Corniche Circuit,4.0,4.0,0.25,0.25,0.0,1.0,0.0,0.0,19.0,5.2,0.0,2.0,1.0,0.0,12.0,13.666666666666666,0.0,1.0,0.09090909090909091,0.0,25.4,28.4,0.0,59.7,1
2022,3,Australian Grand Prix,2022-04-10,PER,Sergio Pérez,Red Bull,albert_park,Albert Park Grand Prix Circuit,3.0,3.0,0.3333333333333333,0.3333333333333333,12.0,2.0,0.0,0.0,11.0,11.6,2.0,12.0,2.0,0.0,37.0,10.5,0.0,1.0,0.13636363636363635,0.0,26.7,37.4,0.0,43.7,0
2022,3,Australian Grand Prix,2022-04-10,VER,Max Verstappen,Red Bull,albert_park,Albert Park Grand Prix Circuit,2.0,2.0,0.5,0.5,25.0,2.0,1.0,0.0,10.0,5.0,0.0,4.5,2.0,0.0,55.0,8.8,0.0,1.0,0.13636363636363635,0.0,26.7,37.4,0.0,43.7,0
2022,4,Emilia Romagna Grand Prix,2022-04-24,PER,Sergio Pérez,Red Bull,imola,Autodromo Enzo e Dino Ferrari,7.0,3.0,0.14285714285714285,0.3333333333333333,30.0,3.0,0.0,0.0,8.0,11.2,2.0,8.5,2.0,0.0,55.0,10.333333333333334,0.0,1.0,0.18181818181818182,0.0,12.9,17.4,0.0,83.2,0
2022,4,Emilia Romagna Grand Prix,2022-04-24,VER,Max Verstappen,Red Bull,imola,Autodromo Enzo e Dino Ferrari,1.0,1.0,1.0,1.0,25.0,3.0,1.0,0.0,12.666666666666666,8.2,0.0,9.0,2.0,0.0,73.0,9.142857142857142,0.0,1.0,0.18181818181818182,0.0,12.9,17.4,0.0,83.2,1
2022,5,Miami Grand Prix,2022-05-08,PER,Sergio Pérez,Red Bull,miami,Miami International Autodrome,4.0,4.0,0.25,0.25,48.0,4.0,0.0,0.0,6.5,8.2,1.0,10.0,0.0,0.0,99.0,8.125,0.0,1.0,0.22727272727272727,1.0,30.6,42.8,1.0,58.9,0
2022,5,Miami Grand Prix,2022-05-08,VER,Max Verstappen,Red Bull,miami,Miami International Autodrome,3.0,3.0,0.3333333333333333,0.3333333333333333,51.0,4.0,2.0,0.0,9.75,8.0,0.0,10.0,0.0,0.0,111.0,7.666666666666667,0.0,1.0,0.22727272727272727,1.0,30.6,42.8,1.0,58.9,1
2022,6,Spanish Grand Prix,2022-05-22,PER,Sergio Pérez,Red Bull,catalunya,Circuit de Barcelona-Catalunya,5.0,5.0,0.2,0.2,60.0,5.0,0.0,0.0,6.0,6.0,0.0,8.5,4.0,0.0,137.0,7.0,0.0,1.0,0.2727272727272727,0.0,36.6,49.0,0.0,7.1,0
2022,6,Spanish Grand Prix,2022-05-22,VER,Max Verstappen,Red Bull,catalunya,Circuit de Barcelona-Catalunya,2.0,2.0,0.5,0.5,77.0,5.0,3.0,0.0,8.0,8.0,0.0,2.5,4.0,0.0,156.0,6.545454545454546,0.0,1.0,0.2727272727272727,0.0,36.6,49.0,0.0,7.1,1
2022,7,Monaco Grand Prix,2022-05-29,PER,Sergio Pérez,Red Bull,monaco,Circuit de Monaco,3.0,3.0,0.3333333333333333,0.3333333333333333,79.0,6.0,0.0,0.0,5.333333333333333,2.8,0.0,9.333333333333334,3.0,0.0,181.0,6.083333333333333,0.0,1.0,0.3181818181818182,1.0,22.3,31.0,1.0,75.7,1
2022,7,Monaco Grand Prix,2022-05-29,VER,Max Verstappen,Red Bull,monaco,Circuit de Monaco,4.0,4.0,0.25,0.25,102.0,6.0,4.0,0.0,6.833333333333333,4.4,0.0,4.666666666666667,3.0,0.0,206.0,5.6923076923076925,0.0,1.0,0.3181818181818182,1.0,22.3,31.0,1.0,75.7,0
2022,8,Azerbaijan Grand Prix,2022-06-12,PER,Sergio Pérez,Red Bull,baku,Baku City Circuit,2.0,2.0,0.5,0.5,104.0,7.0,1.0,0.0,4.714285714285714,2.2,0.0,3.3333333333333335,3.0,0.0,221.0,5.5,0.0,1.0,0.36363636363636365,0.0,25.4,47.1,0.0,59.5,0
2022,8,Azerbaijan Grand Prix,2022-06-12,VER,Max Verstappen,Red Bull,baku,Baku City Circuit,3.0,3.0,0.3333333333333333,0.3333333333333333,117.0,7.0,4.0,0.0,6.285714285714286,4.8,0.0,12.666666666666666,3.0,2.0,240.0,5.266666666666667,0.0,1.0,0.36363636363636365,0.0,25.4,47.1,0.0,59.5,1
2022,9,Canadian Grand Prix,2022-06-19,PER,Sergio Pérez,Red Bull,villeneuve,Circuit Gilles Villeneuve,13.0,13.0,0.07692307692307693,0.07692307692307693,123.0,8.0,1.0,0.0,4.375,2.2,0.0,13.0,2.0,0.0,265.0,5.0,0.0,1.0,0.4090909090909091,0.0,20.8,41.3,0.0,28.9,0
2022,9,Canadian Grand Prix,2022-06-19,VER,Max Verstappen,Red Bull,villeneuve,Circuit Gilles Villeneuve,1.0,1.0,1.0,1.0,142.0,8.0,5.0,0.0,5.625,1.4,0.0,4.0,2.0,0.0,265.0,5.882352941176471,1.0,1.0,0.4090909090909091,0.0,20.8,41.3,0.0,28.9,1
2022,10,British Grand Prix,2022-07-03,PER,Sergio Pérez,Red Bull,silverstone,Silverstone Circuit,4.0,4.0,0.25,0.25,123.0,9.0,1.0,1.0,6.111111111111111,5.8,1.0,14.333333333333334,3.0,0.0,290.0,5.611111111111111,1.0,1.0,0.45454545454545453,1.0,18.3,30.0,1.0,59.7,0
2022,10,British Grand Prix,2022-07-03,VER,Max Verstappen,Red Bull,silverstone,Silverstone Circuit,2.0,2.0,0.5,0.5,167.0,9.0,6.0,0.0,5.111111111111111,1.4,0.0,8.6,5.0,2.0,308.0,5.421052631578948,1.0,1.0,0.45454545454545453,1.0,18.3,30.0,1.0,59.7,0
2022,11,Austrian Grand Prix,2022-07-10,PER,Sergio Pérez,Red Bull,red_bull_ring,Red Bull Ring,13.0,5.0,0.07692307692307693,0.2,141.0,10.0,1.0,1.0,5.7,5.4,1.0,6.666666666666667,6.0,0.0,314.0,5.5,1.0,1.0,0.5,0.0,20.3,30.7,0.0,35.1,0
2022,11,Austrian Grand Prix,2022-07-10,VER,Max Verstappen,Red Bull,red_bull_ring,Red Bull Ring,1.0,1.0,1.0,1.0,173.0,10.0,6.0,0.0,5.3,2.6,0.0,4.5,6.0,0.0,314.0,6.190476190476191,2.0,1.0,0.5,0.0,20.3,30.7,0.0,35.1,0
2022,12,French Grand Prix,2022-07-24,PER,Sergio Pérez,Red Bull,ricard,Circuit Paul Ricard,3.0,3.0,0.3333333333333333,0.3333333333333333,141.0,11.0,1.0,2.0,7.0,9.0,2.0,11.0,3.0,1.0,333.0,6.0,2.0,1.0,0.5454545454545454,0.0,30.2,54.5,0.0,47.7,0
2022,12,French Grand Prix,2022-07-24,VER,Max Verstappen,Red Bull,ricard,Circuit Paul Ricard,2.0,2.0,0.5,0.5,192.0,11.0,6.0,0.0,5.0,2.8,0.0,2.3333333333333335,3.0,0.0,345.0,5.913043478260869,2.0,1.0,0.5454545454545454,0.0,30.2,54.5,0.0,47.7,1
2022,13,Hungarian Grand Prix,2022-07-31,PER,Sergio Pérez,Red Bull,hungaroring,Hungaroring,11.0,11.0,0.09090909090909091,0.09090909090909091,153.0,12.0,1.0,2.0,6.75,9.6,2.0,12.25,4.0,1.0,370.0,5.708333333333333,2.0,1.0,0.5909090909090909,1.0,18.6,26.7,1.0,69.3,0
2022,13,Hungarian Grand Prix,2022-07-31,VER,Max Verstappen,Red Bull,hungaroring,Hungaroring,10.0,10.0,0.1,0.1,217.0,12.0,7.0,0.0,4.666666666666667,2.4,0.0,8.0,4.0,0.0,380.0,5.68,2.0,1.0,0.5909090909090909,1.0,18.6,26.7,1.0,69.3,1
2022,14,Belgian Grand Prix,2022-08-28,PER,Sergio Pérez,Red Bull,spa,Circuit de Spa-Francorchamps,3.0,2.0,0.3333333333333333,0.5,163.0,13.0,1.0,2.0,6.615384615384615,10.2,2.0,10.0,4.0,0.0,405.0,5.5,2.0,1.0,0.6363636363636364,0.0,21.8,36.1,0.0,40.5,0
2022,14,Belgian Grand Prix,2022-08-28,VER,Max Verstappen,Red Bull,spa,Circuit de Spa-Francorchamps,1.0,14.0,1.0,0.07142857142857142,242.0,13.0,8.0,0.0,4.384615384615385,2.4,0.0,6.75,4.0,1.0,423.0,5.37037037037037,2.0,1.0,0.6363636363636364,0.0,21.8,36.1,0.0,40.5,1
2022,15,Dutch Grand Prix,2022-09-04,PER,Sergio Pérez,Red Bull,zandvoort,Circuit Park Zandvoort,5.0,5.0,0.2,0.2,181.0,14.0,1.0,2.0,6.285714285714286,6.6,1.0,8.0,1.0,0.0,449.0,5.214285714285714,2.0,1.0,0.6818181818181818,0.0,22.7,33.4,0.0,75.4,0
2022,15,Dutch Grand Prix,2022-09-04,VER,Max Verstappen,Red Bull,zandvoort,Circuit Park Zandvoort,1.0,1.0,1.0,1.0,268.0,14.0,9.0,0.0,4.142857142857143,2.4,0.0,1.0,1.0,0.0,459.0,5.206896551724138,2.0,1.0,0.6818181818181818,0.0,22.7,33.4,0.0,75.4,1
2022,16,Italian Grand Prix,2022-09-11,PER,Sergio Pérez,Red Bull,monza,Autodromo Nazionale di Monza,4.0,13.0,0.25,0.07692307692307693,191.0,15.0,1.0,2.0,6.2,7.2,1.0,7.25,4.0,0.0,485.0,5.066666666666666,2.0,1.0,0.7272727272727273,0.0,27.7,43.1,0.0,33.1,0
2022,16,Italian Grand Prix,2022-09-11,VER,Max Verstappen,Red Bull,monza,Autodromo Nazionale di Monza,2.0,7.0,0.5,0.14285714285714285,294.0,15.0,10.0,0.0,3.933333333333333,1.2,0.0,12.0,4.0,1.0,494.0,5.096774193548387,2.0,1.0,0.7272727272727273,0.0,27.7,43.1,0.0,33.1,1
2022,17,Singapore Grand Prix,2022-10-02,PER,Sergio Pérez,Red Bull,marina_bay,Marina Bay Street Circuit,2.0,2.0,0.5,0.5,200.0,16.0,1.0,2.0,6.1875,4.4,0.0,17.5,2.0,1.0,519.0,4.96875,2.0,1.0,0.7727272727272727,1.0,26.2,29.0,1.0,87.4,1
2022,17,Singapore Grand Prix,2022-10-02,VER,Max Verstappen,Red Bull,marina_bay,Marina Bay Street Circuit,8.0,8.0,0.125,0.125,319.0,16.0,11.0,0.0,3.75,1.0,0.0,2.5,2.0,0.0,544.0,4.848484848484849,2.0,1.0,0.7727272727272727,1.0,26.2,29.0,1.0,87.4,0
2022,18,Japanese Grand Prix,2022-10-09,PER,Sergio Pérez,Red Bull,suzuka,Suzuka Circuit,4.0,4.0,0.25,0.25,225.0,17.0,2.0,2.0,5.882352941176471,3.8,0.0,7.5,2.0,0.0,550.0,4.911764705882353,2.0,1.0,0.8181818181818182,1.0,16.7,19.9,1.0,86.2,0
2022,18,Japanese Grand Prix,2022-10-09,VER,Max Verstappen,Red Bull,suzuka,Suzuka Circuit,1.0,1.0,1.0,1.0,325.0,17.0,11.0,0.0,3.9411764705882355,2.2,0.0,10.5,2.0,1.0,568.0,4.828571428571428,2.0,1.0,0.8181818181818182,1.0,16.7,19.9,1.0,86.2,1
2022,19,United States Grand Prix,2022-10-23,PER,Sergio Pérez,Red Bull,americas,Circuit of the Americas,4.0,9.0,0.25,0.1111111111111111,243.0,18.0,2.0,2.0,5.666666666666667,3.2,0.0,7.0,3.0,0.0,593.0,4.722222222222222,2.0,1.0,0.8636363636363636,0.0,29.3,35.5,0.0,49.6,0
2022,19,United States Grand Prix,2022-10-23,VER,Max Verstappen,Red Bull,americas,Circuit of the Americas,3.0,2.0,0.3333333333333333,0.5,350.0,18.0,12.0,0.0,3.7777777777777777,2.2,0.0,2.0,3.0,0.0,605.0,4.702702702702703,2.0,1.0,0.8636363636363636,0.0,29.3,35.5,0.0,49.6,1
2022,20,Mexico City Grand Prix,2022-10-30,PER,Sergio Pérez,Red Bull,rodriguez,Autódromo Hermanos Rodríguez,4.0,4.0,0.25,0.25,255.0,19.0,2.0,2.0,5.578947368421052,3.6,0.0,9.333333333333334,3.0,1.0,630.0,4.605263157894737,2.0,1.0,0.9090909090909091,0.0,24.3,41.7,0.0,34.4,0
2022,20,Mexico City Grand Prix,2022-10-30,VER,Max Verstappen,Red Bull,rodriguez,Autódromo Hermanos Rodríguez,1.0,1.0,1.0,1.0,375.0,19.0,13.0,0.0,3.6315789473684212,2.2,0.0,2.6666666666666665,3.0,0.0,645.0,4.564102564102564,2.0,1.0,0.9090909090909091,0.0,24.3,41.7,0.0,34.4,1
2022,21,São Paulo Grand Prix,2022-11-13,PER,Sergio Pérez,Red Bull,interlagos,Autódromo José Carlos Pace,9.0,4.0,0.1111111111111111,0.25,270.0,20.0,2.0,2.0,5.45,3.2,0.0,7.666666666666667,3.0,0.0,670.0,4.475,2.0,1.0,0.9545454545454546,0.0,23.0,46.0,0.0,76.1,0
2022,21,São Paulo Grand Prix,2022-11-13,VER,Max Verstappen,Red Bull,interlagos,Autódromo José Carlos Pace,2.0,3.0,0.5,0.3333333333333333,400.0,20.0,14.0,0.0,3.5,2.2,0.0,1.6666666666666667,3.0,0.0,676.0,4.536585365853658,2.0,1.0,0.9545454545454546,0.0,23.0,46.0,0.0,76.1,0
2022,22,Abu Dhabi Grand Prix,2022-11-20,PER,Sergio Pérez,Red Bull,yas_marina,Yas Marina Circuit,2.0,2.0,0.5,0.5,276.0,21.0,2.0,2.0,5.523809523809524,3.4,0.0,12.5,4.0,2.0,684.0,4.571428571428571,2.0,1.0,1.0,0.0,28.6,34.3,0.0,61.7,0
2022,22,Abu Dhabi Grand Prix,2022-11-20,VER,Max Verstappen,Red Bull,yas_marina,Yas Marina Circuit,1.0,1.0,1.0,1.0,408.0,21.0,14.0,0.0,3.619047619047619,3.2,0.0,1.75,4.0,0.0,699.0,4.534883720930233,2.0,1.0,1.0,0.0,28.6,34.3,0.0,61.7,1
2023,1,Bahrain Grand Prix,2023-03-05,PER,Sergio Pérez,Red Bull,bahrain,Bahrain International Circuit,2.0,2.0,0.5,0.5,0.0,0.0,0.0,0.0,11.375,3.8,0.0,11.333333333333334,6.0,1.0,0.0,11.416666666666666,0.0,1.0,0.045454545454545456,0.0,27.4,31.0,0.0,21.5,0
2023,1,Bahrain Grand Prix,2023-03-05,VER,Max Verstappen,Red Bull,bahrain,Bahrain International Circuit,1.0,1.0,1.0,1.0,0.0,0.0,0.0,0.0,11.375,2.0,0.0,10.833333333333334,6.0,1.0,18.0,2.0,0.0,1.0,0.045454545454545456,0.0,27.4,31.0,0.0,21.5,1
2023,2,Saudi Arabian Grand Prix,2023-03-19,PER,Sergio Pérez,Red Bull,jeddah,Jeddah Corniche Circuit,1.0,1.0,1.0,1.0,18.0,1.0,0.0,0.0,2.0,3.8,0.0,10.5,2.0,1.0,43.0,1.5,0.0,1.0,0.09090909090909091,0.0,26.1,31.8,0.0,57.8,1
2023,2,Saudi Arabian Grand Prix,2023-03-19,VER,Max Verstappen,Red Bull,jeddah,Jeddah Corniche Circuit,15.0,15.0,0.06666666666666667,0.06666666666666667,25.0,1.0,1.0,0.0,1.0,2.0,0.0,1.5,2.0,0.0,68.0,1.3333333333333333,0.0,1.0,0.09090909090909091,0.0,26.1,31.8,0.0,57.8,0
2023,3,Australian Grand Prix,2023-04-02,PER,Sergio Pérez,Red Bull,albert_park,Albert Park Grand Prix Circuit,20.0,20.0,0.05,0.05,43.0,2.0,1.0,0.0,1.5,3.2,0.0,8.666666666666666,3.0,0.0,87.0,1.5,0.0,1.0,0.13636363636363635,0.0,17.4,30.1,0.0,54.2,0
2023,3,Australian Grand Prix,2023-04-02,VER,Max Verstappen,Red Bull,albert_park,Albert Park Grand Prix Circuit,1.0,1.0,1.0,1.0,44.0,2.0,1.0,0.0,1.5,2.2,0.0,9.0,3.0,0.0,98.0,2.2,0.0,1.0,0.13636363636363635,0.0,17.4,30.1,0.0,54.2,1
2023,4,Azerbaijan Grand Prix,2023-04-30,PER,Sergio Pérez,Red Bull,baku,Baku City Circuit,3.0,3.0,0.3333333333333333,0.3333333333333333,54.0,3.0,1.0,0.0,2.6666666666666665,3.6,0.0,3.0,4.0,0.0,123.0,2.0,0.0,1.0,0.18181818181818182,0.0,24.9,41.2,0.0,49.2,1
2023,4,Azerbaijan Grand Prix,2023-04-30,VER,Max Verstappen,Red Bull,baku,Baku City Circuit,2.0,2.0,0.5,0.5,69.0,3.0,2.0,0.0,1.3333333333333333,2.2,0.0,9.75,4.0,2.0,148.0,1.8571428571428572,0.0,1.0,0.18181818181818182,0.0,24.9,41.2,0.0,49.2,0
2023,5,Miami Grand Prix,2023-05-07,PER,Sergio Pérez,Red Bull,miami,Miami International Autodrome,1.0,1.0,1.0,1.0,79.0,4.0,2.0,0.0,2.25,2.4,0.0,4.0,1.0,0.0,166.0,1.875,0.0,1.0,0.22727272727272727,0.0,27.1,36.7,0.0,59.4,0
2023,5,Miami Grand Prix,2023-05-07,VER,Max Verstappen,Red Bull,miami,Miami International Autodrome,9.0,9.0,0.1111111111111111,0.1111111111111111,87.0,4.0,2.0,0.0,1.5,1.4,0.0,1.0,1.0,0.0,184.0,1.8888888888888888,0.0,1.0,0.22727272727272727,0.0,27.1,36.7,0.0,59.4,1
2023,6,Monaco Grand Prix,2023-05-28,PER,Sergio Pérez,Red Bull,monaco,Circuit de Monaco,20.0,20.0,0.05,0.05,97.0,5.0,2.0,0.0,2.2,2.2,0.0,7.25,4.0,0.0,210.0,1.8,0.0,1.0,0.2727272727272727,1.0,25.1,39.3,1.0,45.9,0
2023,6,Monaco Grand Prix,2023-05-28,VER,Max Verstappen,Red Bull,monaco,Circuit de Monaco,1.0,1.0,1.0,1.0,113.0,5.0,3.0,0.0,1.4,1.4,0.0,4.25,4.0,0.0,210.0,3.090909090909091,0.0,1.0,0.2727272727272727,1.0,25.1,39.3,1.0,45.9,1
2023,7,Spanish Grand Prix,2023-06-04,PER,Sergio Pérez,Red Bull,catalunya,Circuit de Barcelona-Catalunya,11.0,11.0,0.09090909090909091,0.09090909090909091,97.0,6.0,2.0,0.0,4.5,5.0,0.0,7.2,5.0,0.0,235.0,2.9166666666666665,0.0,1.0,0.3181818181818182,0.0,22.7,33.8,0.0,63.1,0
2023,7,Spanish Grand Prix,2023-06-04,VER,Max Verstappen,Red Bull,catalunya,Circuit de Barcelona-Catalunya,1.0,1.0,1.0,1.0,138.0,6.0,4.0,0.0,1.3333333333333333,1.4,0.0,2.2,5.0,0.0,247.0,3.0,0.0,1.0,0.3181818181818182,0.0,22.7,33.8,0.0,63.1,1
2023,8,Canadian Grand Prix,2023-06-18,PER,Sergio Pérez,Red Bull,villeneuve,Circuit Gilles Villeneuve,12.0,12.0,0.08333333333333333,0.08333333333333333,109.0,7.0,2.0,0.0,4.428571428571429,5.6,0.0,15.333333333333334,3.0,1.0,273.0,2.857142857142857,0.0,1.0,0.36363636363636365,0.0,18.5,30.6,0.0,63.9,0
2023,8,Canadian Grand Prix,2023-06-18,VER,Max Verstappen,Red Bull,villeneuve,Circuit Gilles Villeneuve,1.0,1.0,1.0,1.0,164.0,7.0,5.0,0.0,1.2857142857142858,1.2,0.0,3.0,3.0,0.0,282.0,3.066666666666667,0.0,1.0,0.36363636363636365,0.0,18.5,30.6,0.0,63.9,1
2023,9,Austrian Grand Prix,2023-07-02,PER,Sergio Pérez,Red Bull,red_bull_ring,Red Bull Ring,15.0,15.0,0.06666666666666667,0.06666666666666667,118.0,8.0,2.0,0.0,4.625,5.8,0.0,8.571428571428571,7.0,1.0,307.0,2.9375,0.0,1.0,0.4090909090909091,1.0,22.4,32.1,1.0,52.0,0
2023,9,Austrian Grand Prix,2023-07-02,VER,Max Verstappen,Red Bull,red_bull_ring,Red Bull Ring,1.0,1.0,1.0,1.0,189.0,8.0,6.0,0.0,1.25,1.2,0.0,4.142857142857143,7.0,0.0,322.0,2.9411764705882355,0.0,1.0,0.4090909090909091,1.0,22.4,32.1,1.0,52.0,1
2023,10,British Grand Prix,2023-07-09,PER,Sergio Pérez,Red Bull,silverstone,Silverstone Circuit,15.0,15.0,0.06666666666666667,0.06666666666666667,133.0,9.0,2.0,0.0,4.444444444444445,6.2,0.0,11.25,4.0,0.0,348.0,2.8333333333333335,0.0,1.0,0.45454545454545453,0.0,21.5,30.9,0.0,56.2,0
2023,10,British Grand Prix,2023-07-09,VER,Max Verstappen,Red Bull,silverstone,Silverstone Circuit,1.0,1.0,1.0,1.0,215.0,9.0,7.0,0.0,1.2222222222222223,1.0,0.0,8.333333333333334,6.0,2.0,356.0,3.0,0.0,1.0,0.45454545454545453,0.0,21.5,30.9,0.0,56.2,1
2023,11,Hungarian Grand Prix,2023-07-23,PER,Sergio Pérez,Red Bull,hungaroring,Hungaroring,9.0,9.0,0.1111111111111111,0.1111111111111111,141.0,10.0,2.0,0.0,4.6,7.0,0.0,10.8,5.0,1.0,382.0,2.9,0.0,1.0,0.5,0.0,28.8,48.6,0.0,32.8,0
2023,11,Hungarian Grand Prix,2023-07-23,VER,Max Verstappen,Red Bull,hungaroring,Hungaroring,2.0,2.0,0.5,0.5,241.0,10.0,8.0,0.0,1.2,1.0,0.0,6.6,5.0,0.0,397.0,2.9047619047619047,0.0,1.0,0.5,0.0,28.8,48.6,0.0,32.8,1
2023,12,Belgian Grand Prix,2023-07-30,PER,Sergio Pérez,Red Bull,spa,Circuit de Spa-Francorchamps,3.0,2.0,0.3333333333333333,0.5,156.0,11.0,2.0,0.0,4.454545454545454,4.4,0.0,8.4,5.0,0.0,423.0,2.8181818181818183,0.0,1.0,0.5454545454545454,1.0,17.9,28.2,1.0,61.9,0
2023,12,Belgian Grand Prix,2023-07-30,VER,Max Verstappen,Red Bull,spa,Circuit de Spa-Francorchamps,1.0,6.0,1.0,0.16666666666666666,267.0,11.0,9.0,0.0,1.1818181818181819,1.0,0.0,5.6,5.0,1.0,441.0,2.782608695652174,0.0,1.0,0.5454545454545454,1.0,17.9,28.2,1.0,61.9,1
2023,13,Dutch Grand Prix,2023-08-27,PER,Sergio Pérez,Red Bull,zandvoort,Circuit Park Zandvoort,7.0,7.0,0.14285714285714285,0.14285714285714285,174.0,12.0,2.0,0.0,4.25,4.0,0.0,6.5,2.0,0.0,466.0,2.7083333333333335,0.0,1.0,0.5909090909090909,1.0,16.8,24.9,1.0,70.8,0
2023,13,Dutch Grand Prix,2023-08-27,VER,Max Verstappen,Red Bull,zandvoort,Circuit Park Zandvoort,1.0,1.0,1.0,1.0,292.0,12.0,10.0,0.0,1.1666666666666667,1.0,0.0,1.0,2.0,0.0,478.0,2.76,0.0,1.0,0.5909090909090909,1.0,16.8,24.9,1.0,70.8,1
2023,14,Italian Grand Prix,2023-09-03,PER,Sergio Pérez,Red Bull,monza,Autodromo Nazionale di Monza,5.0,5.0,0.2,0.2,186.0,13.0,2.0,0.0,4.230769230769231,3.6,0.0,7.0,5.0,0.0,503.0,2.6923076923076925,0.0,1.0,0.6363636363636364,0.0,29.3,42.9,0.0,42.3,0
2023,14,Italian Grand Prix,2023-09-03,VER,Max Verstappen,Red Bull,monza,Autodromo Nazionale di Monza,2.0,2.0,0.5,0.5,317.0,13.0,11.0,0.0,1.1538461538461537,1.0,0.0,9.8,5.0,1.0,521.0,2.6666666666666665,0.0,1.0,0.6363636363636364,0.0,29.3,42.9,0.0,42.3,1
2023,15,Singapore Grand Prix,2023-09-17,PER,Sergio Pérez,Red Bull,marina_bay,Marina Bay Street Circuit,13.0,13.0,0.07692307692307693,0.07692307692307693,204.0,14.0,2.0,0.0,4.071428571428571,3.4,0.0,12.0,3.0,1.0,546.0,2.607142857142857,0.0,1.0,0.6818181818181818,0.0,29.8,36.4,0.0,72.0,0
2023,15,Singapore Grand Prix,2023-09-17,VER,Max Verstappen,Red Bull,marina_bay,Marina Bay Street Circuit,11.0,11.0,0.09090909090909091,0.09090909090909091,342.0,14.0,12.0,0.0,1.1428571428571428,1.0,0.0,4.0,3.0,0.0,550.0,2.793103448275862,0.0,1.0,0.6818181818181818,0.0,29.8,36.4,0.0,72.0,0
2023,16,Japanese Grand Prix,2023-09-24,PER,Sergio Pérez,Red Bull,suzuka,Suzuka Circuit,5.0,5.0,0.2,0.2,208.0,15.0,2.0,0.0,4.333333333333333,3.8,0.0,5.666666666666667,3.0,0.0,560.0,2.8666666666666667,0.0,1.0,0.7272727272727273,0.0,27.3,42.1,0.0,42.3,0
2023,16,Japanese Grand Prix,2023-09-24,VER,Max Verstappen,Red Bull,suzuka,Suzuka Circuit,1.0,1.0,1.0,1.0,352.0,15.0,12.0,0.0,1.4,1.8,0.0,7.333333333333333,3.0,1.0,560.0,3.3870967741935485,1.0,1.0,0.7272727272727273,0.0,27.3,42.1,0.0,42.3,1
2023,17,Qatar Grand Prix,2023-10-08,PER,Sergio Pérez,Red Bull,losail,Losail International Circuit,13.0,20.0,0.07692307692307693,0.05,208.0,16.0,2.0,1.0,5.25,7.0,1.0,4.0,1.0,0.0,586.0,3.3125,1.0,1.0,0.7727272727272727,0.0,31.5,36.9,0.0,73.2,0
2023,17,Qatar Grand Prix,2023-10-08,VER,Max Verstappen,Red Bull,losail,Losail International Circuit,1.0,1.0,1.0,1.0,378.0,16.0,13.0,0.0,1.375,1.8,0.0,2.0,1.0,0.0,587.0,3.515151515151515,1.0,1.0,0.7727272727272727,0.0,31.5,36.9,0.0,73.2,1
2023,18,United States Grand Prix,2023-10-22,PER,Sergio Pérez,Red Bull,americas,Circuit of the Americas,9.0,9.0,0.1111111111111111,0.1111111111111111,209.0,17.0,2.0,1.0,5.529411764705882,8.6,1.0,6.25,4.0,0.0,613.0,3.4411764705882355,1.0,1.0,0.8181818181818182,0.0,30.0,40.6,0.0,41.9,0
2023,18,United States Grand Prix,2023-10-22,VER,Max Verstappen,Red Bull,americas,Circuit of the Americas,6.0,6.0,0.16666666666666666,0.16666666666666666,404.0,17.0,14.0,0.0,1.3529411764705883,1.8,0.0,1.75,4.0,0.0,625.0,3.4571428571428573,1.0,1.0,0.8181818181818182,0.0,30.0,40.6,0.0,41.9,1
2023,19,Mexico City Grand Prix,2023-10-29,PER,Sergio Pérez,Red Bull,rodriguez,Autódromo Hermanos Rodríguez,5.0,5.0,0.2,0.2,221.0,18.0,2.0,1.0,5.444444444444445,8.6,1.0,7.75,4.0,1.0,650.0,3.388888888888889,1.0,1.0,0.8636363636363636,0.0,25.5,45.6,0.0,23.6,0
2023,19,Mexico City Grand Prix,2023-10-29,VER,Max Verstappen,Red Bull,rodriguez,Autódromo Hermanos Rodríguez,3.0,3.0,0.3333333333333333,0.3333333333333333,429.0,18.0,15.0,0.0,1.3333333333333333,1.8,0.0,2.25,4.0,0.0,650.0,3.8378378378378377,2.0,1.0,0.8636363636363636,0.0,25.5,45.6,0.0,23.6,1
2023,20,São Paulo Grand Prix,2023-11-05,PER,Sergio Pérez,Red Bull,interlagos,Autódromo José Carlos Pace,9.0,9.0,0.1111111111111111,0.1111111111111111,221.0,19.0,2.0,2.0,6.2105263157894735,12.2,2.0,7.5,4.0,0.0,675.0,3.763157894736842,2.0,1.0,0.9090909090909091,1.0,20.5,46.8,1.0,58.2,0
2023,20,São Paulo Grand Prix,2023-11-05,VER,Max Verstappen,Red Bull,interlagos,Autódromo José Carlos Pace,1.0,1.0,1.0,1.0,454.0,19.0,16.0,0.0,1.3157894736842106,1.8,0.0,2.75,4.0,0.0,687.0,3.769230769230769,2.0,1.0,0.9090909090909091,1.0,20.5,46.8,1.0,58.2,1
2023,21,Las Vegas Grand Prix,2023-11-19,PER,Sergio Pérez,Red Bull,vegas,Las Vegas Strip Street Circuit,12.0,11.0,0.08333333333333333,0.09090909090909091,233.0,20.0,2.0,2.0,6.1,11.4,2.0,10.0,0.0,0.0,712.0,3.7,2.0,1.0,0.9545454545454546,0.0,18.1,18.0,0.0,47.4,0
2023,21,Las Vegas Grand Prix,2023-11-19,VER,Max Verstappen,Red Bull,vegas,Las Vegas Strip Street Circuit,3.0,2.0,0.3333333333333333,0.5,479.0,20.0,17.0,0.0,1.3,1.0,0.0,10.0,0.0,0.0,727.0,3.682926829268293,2.0,1.0,0.9545454545454546,0.0,18.1,18.0,0.0,47.4,1
2023,22,Abu Dhabi Grand Prix,2023-11-26,PER,Sergio Pérez,Red Bull,yas_marina,Yas Marina Circuit,9.0,9.0,0.1111111111111111,0.1111111111111111,248.0,21.0,2.0,2.0,5.9523809523809526,8.2,1.0,10.6,5.0,2.0,752.0,3.619047619047619,2.0,1.0,1.0,0.0,27.0,33.5,0.0,51.0,0
2023,22,Abu Dhabi Grand Prix,2023-11-26,VER,Max Verstappen,Red Bull,yas_marina,Yas Marina Circuit,1.0,1.0,1.0,1.0,504.0,21.0,18.0,0.0,1.2857142857142858,1.0,0.0,1.6,5.0,0.0,764.0,3.627906976744186,2.0,1.0,1.0,0.0,27.0,33.5,0.0,51.0,1
2024,1,Bahrain Grand Prix,2024-03-02,PER,Sergio Pérez,Red Bull,bahrain,Bahrain International Circuit,5.0,5.0,0.2,0.2,0.0,0.0,0.0,0.0,11.375,7.0,1.0,10.0,7.0,1.0,0.0,11.416666666666666,0.0,1.0,0.041666666666666664,0.0,18.2,23.7,0.0,48.8,0
2024,1,Bahrain Grand Prix,2024-03-02,VER,Max Verstappen,Red Bull,bahrain,Bahrain International Circuit,1.0,1.0,1.0,1.0,0.0,0.0,0.0,0.0,11.375,1.0,0.0,9.428571428571429,7.0,1.0,18.0,2.0,0.0,1.0,0.041666666666666664,0.0,18.2,23.7,0.0,48.8,1
2024,2,Saudi Arabian Grand Prix,2024-03-09,PER,Sergio Pérez,Red Bull,jeddah,Jeddah Corniche Circuit,3.0,3.0,0.3333333333333333,0.3333333333333333,18.0,1.0,0.0,0.0,2.0,6.6,1.0,7.333333333333333,3.0,1.0,44.0,1.5,0.0,1.0,0.08333333333333333,0.0,25.5,31.6,0.0,62.3,0
2024,2,Saudi Arabian Grand Prix,2024-03-09,VER,Max Verstappen,Red Bull,jeddah,Jeddah Corniche Circuit,1.0,1.0,1.0,1.0,26.0,1.0,1.0,0.0,1.0,1.0,0.0,1.6666666666666667,3.0,0.0,62.0,1.6666666666666667,0.0,1.0,0.08333333333333333,0.0,25.5,31.6,0.0,62.3,1
2024,3,Australian Grand Prix,2024-03-24,PER,Sergio Pérez,Red Bull,albert_park,Albert Park Grand Prix Circuit,3.0,6.0,0.3333333333333333,0.16666666666666666,36.0,2.0,0.0,0.0,2.0,3.0,0.0,7.75,4.0,0.0,87.0,1.5,0.0,1.0,0.125,0.0,20.6,38.4,0.0,44.5,0
2024,3,Australian Grand Prix,2024-03-24,VER,Max Verstappen,Red Bull,albert_park,Albert Park Grand Prix Circuit,1.0,1.0,1.0,1.0,51.0,2.0,2.0,0.0,1.0,1.0,0.0,7.0,4.0,0.0,97.0,2.2,0.0,1.0,0.125,0.0,20.6,38.4,0.0,44.5,0
2024,4,Japanese Grand Prix,2024-04-07,PER,Sergio Pérez,Red Bull,suzuka,Suzuka Circuit,2.0,2.0,0.5,0.5,46.0,3.0,0.0,0.0,3.0,3.2,0.0,9.0,4.0,1.0,97.0,5.0,1.0,1.0,0.16666666666666666,0.0,21.7,37.5,0.0,43.4,0
2024,4,Japanese Grand Prix,2024-04-07,VER,Max Verstappen,Red Bull,suzuka,Suzuka Circuit,1.0,1.0,1.0,1.0,51.0,3.0,2.0,1.0,7.0,4.6,1.0,5.75,4.0,1.0,115.0,4.571428571428571,1.0,1.0,0.16666666666666666,0.0,21.7,37.5,0.0,43.4,1
2024,5,Chinese Grand Prix,2024-04-21,PER,Sergio Pérez,Red Bull,shanghai,Shanghai International Circuit,2.0,2.0,0.5,0.5,64.0,4.0,0.0,0.0,2.75,3.0,0.0,10.0,2.0,0.0,141.0,4.125,1.0,1.0,0.20833333333333334,0.0,18.6,29.8,0.0,66.1,0
2024,5,Chinese Grand Prix,2024-04-21,VER,Max Verstappen,Red Bull,shanghai,Shanghai International Circuit,1.0,1.0,1.0,1.0,77.0,4.0,3.0,1.0,5.5,4.6,1.0,4.5,2.0,0.0,156.0,4.0,1.0,1.0,0.20833333333333334,0.0,18.6,29.8,0.0,66.1,1
2024,6,Miami Grand Prix,2024-05-05,PER,Sergio Pérez,Red Bull,miami,Miami International Autodrome,4.0,4.0,0.25,0.25,79.0,5.0,0.0,0.0,2.8,2.8,0.0,3.0,2.0,0.0,181.0,3.7,1.0,1.0,0.25,0.0,28.5,44.7,0.0,59.0,0
2024,6,Miami Grand Prix,2024-05-05,VER,Max Verstappen,Red Bull,miami,Miami International Autodrome,1.0,1.0,1.0,1.0,102.0,5.0,4.0,1.0,4.6,4.6,1.0,1.0,2.0,0.0,193.0,3.727272727272727,1.0,1.0,0.25,0.0,28.5,44.7,0.0,59.0,0
2024,7,Emilia Romagna Grand Prix,2024-05-19,PER,Sergio Pérez,Red Bull,imola,Autodromo Enzo e Dino Ferrari,11.0,11.0,0.09090909090909091,0.09090909090909091,91.0,6.0,0.0,0.0,3.0,3.2,0.0,6.333333333333333,3.0,0.0,211.0,3.5833333333333335,1.0,1.0,0.2916666666666667,0.0,25.1,42.0,0.0,48.4,0
2024,7,Emilia Romagna Grand Prix,2024-05-19,VER,Max Verstappen,Red Bull,imola,Autodromo Enzo e Dino Ferrari,1.0,1.0,1.0,1.0,120.0,6.0,4.0,1.0,4.166666666666667,4.8,1.0,6.333333333333333,3.0,0.0,215.0,3.923076923076923,1.0,1.0,0.2916666666666667,0.0,25.1,42.0,0.0,48.4,1
2024,8,Monaco Grand Prix,2024-05-26,PER,Sergio Pérez,Red Bull,monaco,Circuit de Monaco,16.0,16.0,0.0625,0.0625,95.0,7.0,0.0,0.0,3.7142857142857144,4.4,0.0,9.0,5.0,0.0,240.0,3.7142857142857144,1.0,1.0,0.3333333333333333,0.0,21.6,46.3,0.0,64.0,0
2024,8,Monaco Grand Prix,2024-05-26,VER,Max Verstappen,Red Bull,monaco,Circuit de Monaco,6.0,6.0,0.16666666666666666,0.16666666666666666,145.0,7.0,5.0,1.0,3.7142857142857144,4.8,1.0,3.6,5.0,0.0,240.0,4.666666666666667,2.0,1.0,0.3333333333333333,0.0,21.6,46.3,0.0,64.0,0
2024,9,Canadian Grand Prix,2024-06-09,PER,Sergio Pérez,Red Bull,villeneuve,Circuit Gilles Villeneuve,16.0,16.0,0.0625,0.0625,95.0,8.0,0.0,1.0,5.5,7.0,1.0,13.0,4.0,1.0,248.0,4.75,2.0,1.0,0.375,1.0,17.8,24.6,1.0,73.4,0
2024,9,Canadian Grand Prix,2024-06-09,VER,Max Verstappen,Red Bull,villeneuve,Circuit Gilles Villeneuve,2.0,2.0,0.5,0.5,153.0,8.0,5.0,1.0,4.0,2.2,0.0,2.5,4.0,0.0,248.0,5.529411764705882,3.0,1.0,0.375,1.0,17.8,24.6,1.0,73.4,1
2024,10,Spanish Grand Prix,2024-06-23,PER,Sergio Pérez,Red Bull,catalunya,Circuit de Barcelona-Catalunya,8.0,11.0,0.125,0.09090909090909091,95.0,9.0,0.0,2.0,6.888888888888889,10.2,2.0,6.666666666666667,6.0,0.0,273.0,5.277777777777778,3.0,1.0,0.4166666666666667,1.0,24.1,41.1,1.0,63.4,0
2024,10,Spanish Grand Prix,2024-06-23,VER,Max Verstappen,Red Bull,catalunya,Circuit de Barcelona-Catalunya,2.0,2.0,0.5,0.5,178.0,9.0,6.0,1.0,3.6666666666666665,2.2,0.0,2.0,6.0,0.0,277.0,5.421052631578948,3.0,1.0,0.4166666666666667,1.0,24.1,41.1,1.0,63.4,1
2024,11,Austrian Grand Prix,2024-06-30,PER,Sergio Pérez,Red Bull,red_bull_ring,Red Bull Ring,8.0,8.0,0.125,0.125,99.0,10.0,0.0,2.0,7.0,11.2,2.0,7.875,8.0,1.0,302.0,5.2,3.0,1.0,0.4583333333333333,1.0,29.4,46.4,1.0,35.0,0
2024,11,Austrian Grand Prix,2024-06-30,VER,Max Verstappen,Red Bull,red_bull_ring,Red Bull Ring,1.0,1.0,1.0,1.0,203.0,10.0,7.0,1.0,3.4,2.2,0.0,3.75,8.0,0.0,308.0,5.285714285714286,3.0,1.0,0.4583333333333333,1.0,29.4,46.4,1.0,35.0,0
2024,12,British Grand Prix,2024-07-07,PER,Sergio Pérez,Red Bull,silverstone,Silverstone Circuit,19.0,20.0,0.05263157894736842,0.05,105.0,11.0,0.0,2.0,7.0,11.8,2.0,10.2,5.0,0.0,318.0,5.2727272727272725,3.0,1.0,0.5,1.0,15.8,27.7,1.0,67.3,0
2024,12,British Grand Prix,2024-07-07,VER,Max Verstappen,Red Bull,silverstone,Silverstone Circuit,4.0,4.0,0.25,0.25,213.0,11.0,7.0,1.0,3.5454545454545454,2.8,0.0,7.285714285714286,7.0,2.0,318.0,5.782608695652174,3.0,1.0,0.5,1.0,15.8,27.7,1.0,67.3,0
2024,13,Hungarian Grand Prix,2024-07-21,PER,Sergio Pérez,Red Bull,hungaroring,Hungaroring,16.0,16.0,0.0625,0.0625,105.0,12.0,0.0,2.0,7.833333333333333,13.6,2.0,9.5,6.0,1.0,336.0,5.625,3.0,1.0,0.5416666666666666,0.0,28.8,44.9,0.0,46.9,0
2024,13,Hungarian Grand Prix,2024-07-21,VER,Max Verstappen,Red Bull,hungaroring,Hungaroring,3.0,3.0,0.3333333333333333,0.3333333333333333,231.0,12.0,7.0,1.0,3.4166666666666665,3.0,0.0,5.666666666666667,6.0,0.0,342.0,5.68,3.0,1.0,0.5416666666666666,0.0,28.8,44.9,0.0,46.9,0
2024,14,Belgian Grand Prix,2024-07-28,PER,Sergio Pérez,Red Bull,spa,Circuit de Spa-Francorchamps,3.0,2.0,0.3333333333333333,0.5,111.0,13.0,0.0,2.0,7.769230769230769,11.4,1.0,7.333333333333333,6.0,0.0,352.0,5.653846153846154,3.0,1.0,0.5833333333333334,0.0,21.3,42.3,0.0,49.6,0
2024,14,Belgian Grand Prix,2024-07-28,VER,Max Verstappen,Red Bull,spa,Circuit de Spa-Francorchamps,1.0,11.0,1.0,0.09090909090909091,241.0,13.0,7.0,1.0,3.5384615384615383,2.8,0.0,4.833333333333333,6.0,1.0,359.0,5.703703703703703,3.0,1.0,0.5833333333333334,0.0,21.3,42.3,0.0,49.6,0
2024,15,Dutch Grand Prix,2024-08-25,PER,Sergio Pérez,Red Bull,zandvoort,Circuit Park Zandvoort,5.0,5.0,0.2,0.2,118.0,14.0,0.0,2.0,7.714285714285714,9.2,0.0,5.666666666666667,3.0,0.0,371.0,5.642857142857143,3.0,1.0,0.625,0.0,19.0,30.8,0.0,61.0,0
2024,15,Dutch Grand Prix,2024-08-25,VER,Max Verstappen,Red Bull,zandvoort,Circuit Park Zandvoort,2.0,2.0,0.5,0.5,253.0,14.0,7.0,1.0,3.5714285714285716,3.4,0.0,1.0,3.0,0.0,379.0,5.655172413793103,3.0,1.0,0.625,0.0,19.0,30.8,0.0,61.0,0
2024,16,Italian Grand Prix,2024-09-01,PER,Sergio Pérez,Red Bull,monza,Autodromo Nazionale di Monza,8.0,8.0,0.125,0.125,126.0,15.0,0.0,2.0,7.6,8.8,0.0,6.166666666666667,6.0,0.0,397.0,5.533333333333333,3.0,1.0,0.6666666666666666,0.0,33.1,49.3,0.0,32.3,0
2024,16,Italian Grand Prix,2024-09-01,VER,Max Verstappen,Red Bull,monza,Autodromo Nazionale di Monza,7.0,7.0,0.14285714285714285,0.14285714285714285,271.0,15.0,7.0,1.0,3.466666666666667,3.6,0.0,8.333333333333334,6.0,1.0,401.0,5.612903225806452,3.0,1.0,0.6666666666666666,0.0,33.1,49.3,0.0,32.3,0
2024,17,Azerbaijan Grand Prix,2024-09-15,PER,Sergio Pérez,Red Bull,baku,Baku City Circuit,4.0,4.0,0.25,0.25,130.0,16.0,0.0,2.0,7.625,9.0,0.0,2.6,5.0,0.0,409.0,5.625,3.0,1.0,0.7083333333333334,0.0,26.7,44.3,0.0,38.0,0
2024,17,Azerbaijan Grand Prix,2024-09-15,VER,Max Verstappen,Red Bull,baku,Baku City Circuit,6.0,6.0,0.16666666666666666,0.16666666666666666,279.0,16.0,7.0,1.0,3.625,3.8,0.0,8.2,5.0,2.0,409.0,5.96969696969697,4.0,1.0,0.7083333333333334,0.0,26.7,44.3,0.0,38.0,0
2024,18,Singapore Grand Prix,2024-09-22,PER,Sergio Pérez,Red Bull,marina_bay,Marina Bay Street Circuit,13.0,13.0,0.07692307692307693,0.07692307692307693,130.0,17.0,0.0,3.0,8.176470588235293,9.0,1.0,11.0,4.0,1.0,419.0,5.9411764705882355,4.0,1.0,0.75,0.0,30.8,36.4,0.0,74.7,0
2024,18,Singapore Grand Prix,2024-09-22,VER,Max Verstappen,Red Bull,marina_bay,Marina Bay Street Circuit,2.0,2.0,0.5,0.5,289.0,17.0,7.0,1.0,3.7058823529411766,4.4,0.0,4.25,4.0,0.0,420.0,6.057142857142857,4.0,1.0,0.75,0.0,30.8,36.4,0.0,74.7,0
2024,19,United States Grand Prix,2024-10-20,PER,Sergio Pérez,Red Bull,americas,Circuit of the Americas,10.0,9.0,0.1,0.1111111111111111,131.0,18.0,0.0,3.0,8.277777777777779,9.6,1.0,5.8,5.0,0.0,438.0,5.944444444444445,4.0,1.0,0.7916666666666666,0.0,28.1,46.6,0.0,35.5,0
2024,19,United States Grand Prix,2024-10-20,VER,Max Verstappen,Red Bull,americas,Circuit of the Americas,2.0,2.0,0.5,0.5,307.0,18.0,7.0,1.0,3.611111111111111,3.8,0.0,1.6,5.0,0.0,444.0,5.972972972972973,4.0,1.0,0.7916666666666666,0.0,28.1,46.6,0.0,35.5,0
2024,20,Mexico City Grand Prix,2024-10-27,PER,Sergio Pérez,Red Bull,rodriguez,Autódromo Hermanos Rodríguez,18.0,18.0,0.05555555555555555,0.05555555555555555,137.0,19.0,0.0,3.0,8.210526315789474,9.6,1.0,10.2,5.0,2.0,459.0,5.894736842105263,4.0,1.0,0.8333333333333334,0.0,19.9,35.6,0.0,51.1,0
2024,20,Mexico City Grand Prix,2024-10-27,VER,Max Verstappen,Red Bull,rodriguez,Autódromo Hermanos Rodríguez,2.0,2.0,0.5,0.5,322.0,19.0,7.0,1.0,3.5789473684210527,3.6,0.0,2.0,5.0,0.0,459.0,6.17948717948718,4.0,1.0,0.8333333333333334,0.0,19.9,35.6,0.0,51.1,0
2024,21,São Paulo Grand Prix,2024-11-03,PER,Sergio Pérez,Red Bull,interlagos,Autódromo José Carlos Pace,13.0,12.0,0.07692307692307693,0.08333333333333333,137.0,20.0,0.0,3.0,8.65,11.8,1.0,6.8,5.0,0.0,467.0,6.175,4.0,1.0,0.875,1.0,21.7,25.8,1.0,85.3,0
2024,21,São Paulo Grand Prix,2024-11-03,VER,Max Verstappen,Red Bull,interlagos,Autódromo José Carlos Pace,12.0,17.0,0.08333333333333333,0.058823529411764705,330.0,20.0,7.0,1.0,3.7,4.4,0.0,2.4,5.0,0.0,467.0,6.2926829268292686,4.0,1.0,0.875,1.0,21.7,25.8,1.0,85.3,1
2024,22,Las Vegas Grand Prix,2024-11-23,PER,Sergio Pérez,Red Bull,vegas,Las Vegas Strip Street Circuit,16.0,15.0,0.0625,0.06666666666666667,137.0,21.0,0.0,3.0,8.761904761904763,12.4,1.0,3.0,1.0,0.0,493.0,6.166666666666667,4.0,1.0,0.9166666666666666,0.0,17.8,17.7,0.0,47.9,0
2024,22,Las Vegas Grand Prix,2024-11-23,VER,Max Verstappen,Red Bull,vegas,Las Vegas Strip Street Circuit,5.0,5.0,0.2,0.2,356.0,21.0,8.0,1.0,3.5714285714285716,3.4,0.0,1.0,1.0,0.0,494.0,6.255813953488372,4.0,1.0,0.9166666666666666,0.0,17.8,17.7,0.0,47.9,0
2024,23,Qatar Grand Prix,2024-12-01,PER,Sergio Pérez,Red Bull,losail,Losail International Circuit,9.0,9.0,0.1111111111111111,0.1111111111111111,138.0,22.0,0.0,3.0,8.818181818181818,11.0,0.0,7.0,2.0,0.0,504.0,6.2272727272727275,4.0,1.0,0.9583333333333334,0.0,18.9,22.8,0.0,57.3,0
2024,23,Qatar Grand Prix,2024-12-01,VER,Max Verstappen,Red Bull,losail,Losail International Circuit,1.0,2.0,1.0,0.5,366.0,22.0,8.0,1.0,3.6363636363636362,3.4,0.0,1.5,2.0,0.0,504.0,6.466666666666667,5.0,1.0,0.9583333333333334,0.0,18.9,22.8,0.0,57.3,1
2024,24,Abu Dhabi Grand Prix,2024-12-08,PER,Sergio Pérez,Red Bull,yas_marina,Yas Marina Circuit,10.0,10.0,0.1,0.1,138.0,23.0,0.0,4.0,9.173913043478262,12.4,1.0,9.5,6.0,2.0,529.0,6.3478260869565215,5.0,1.0,1.0,0.0,26.8,31.8,0.0,51.4,0
2024,24,Abu Dhabi Grand Prix,2024-12-08,VER,Max Verstappen,Red Bull,yas_marina,Yas Marina Circuit,5.0,4.0,0.2,0.25,391.0,23.0,9.0,1.0,3.5217391304347827,3.2,0.0,1.5,6.0,0.0,529.0,6.638297872340425,6.0,1.0,1.0,0.0,26.8,31.8,0.0,51.4,0
2025,1,Australian Grand Prix,2025-03-16,LAW,Liam Lawson,Red Bull,albert_park,Albert Park Grand Prix Circuit,18.0,18.0,0.05555555555555555,0.05555555555555555,0.0,0.0,0.0,0.0,11.375,14.4,1.0,10.0,0.0,0.0,0.0,11.416666666666666,0.0,1.0,0.041666666666666664,1.0,15.7,18.9,1.0,78.4,0
2025,1,Australian Grand Prix,2025-03-16,VER,Max Verstappen,Red Bull,albert_park,Albert Park Grand Prix Circuit,3.0,3.0,0.3333333333333333,0.3333333333333333,0.0,0.0,0.0,0.0,11.375,3.8,0.0,9.4,5.0,1.0,0.0,15.0,1.0,1.0,0.041666666666666664,1.0,15.7,18.9,1.0,78.4,0
2025,2,Chinese Grand Prix,2025-03-23,LAW,Liam Lawson,Red Bull,shanghai,Shanghai International Circuit,20.0,20.0,0.05,0.05,0.0,1.0,0.0,1.0,15.0,14.2,2.0,10.0,0.0,0.0,18.0,8.5,1.0,1.0,0.08333333333333333,0.0,27.2,35.8,0.0,18.2,0
2025,2,Chinese Grand Prix,2025-03-23,VER,Max Verstappen,Red Bull,shanghai,Shanghai International Circuit,4.0,4.0,0.25,0.25,18.0,1.0,0.0,0.0,2.0,3.0,0.0,3.3333333333333335,3.0,0.0,18.0,9.666666666666666,1.0,1.0,0.08333333333333333,0.0,27.2,35.8,0.0,18.2,0
2025,3,Japanese Grand Prix,2025-04-06,TSU,Yuki Tsunoda,Red Bull,suzuka,Suzuka Circuit,15.0,14.0,0.06666666666666667,0.07142857142857142,0.0,2.0,0.0,0.0,14.0,12.4,0.0,11.666666666666666,3.0,0.0,30.0,8.25,1.0,1.0,0.125,0.0,14.4,20.5,0.0,76.4,0
2025,3,Japanese Grand Prix,2025-04-06,VER,Max Verstappen,Red Bull,suzuka,Suzuka Circuit,1.0,1.0,1.0,1.0,30.0,2.0,0.0,0.0,3.0,3.6,0.0,4.8,5.0,1.0,30.0,9.0,1.0,1.0,0.125,0.0,14.4,20.5,0.0,76.4,1
2025,4,Bahrain Grand Prix,2025-04-13,TSU,Yuki Tsunoda,Red Bull,bahrain,Bahrain International Circuit,10.0,10.0,0.1,0.1,0.0,3.0,0.0,0.0,13.333333333333334,13.0,0.0,10.5,4.0,0.0,55.0,7.666666666666667,1.0,1.0,0.16666666666666666,0.0,27.1,31.9,0.0,45.3,0
2025,4,Bahrain Grand Prix,2025-04-13,VER,Max Verstappen,Red Bull,bahrain,Bahrain International Circuit,7.0,7.0,0.14285714285714285,0.14285714285714285,55.0,3.0,1.0,0.0,2.3333333333333335,2.8,0.0,8.375,8.0,1.0,57.0,7.857142857142857,1.0,1.0,0.16666666666666666,0.0,27.1,31.9,0.0,45.3,0
2025,5,Saudi Arabian Grand Prix,2025-04-20,TSU,Yuki Tsunoda,Red Bull,jeddah,Jeddah Corniche Circuit,8.0,8.0,0.125,0.125,2.0,4.0,0.0,0.0,12.25,12.2,0.0,14.75,4.0,0.0,65.0,7.625,1.0,1.0,0.20833333333333334,0.0,29.5,37.8,0.0,62.7,0
2025,5,Saudi Arabian Grand Prix,2025-04-20,VER,Max Verstappen,Red Bull,jeddah,Jeddah Corniche Circuit,1.0,1.0,1.0,1.0,63.0,4.0,1.0,0.0,3.25,3.8,0.0,1.5,4.0,0.0,65.0,8.88888888888889,2.0,1.0,0.20833333333333334,0.0,29.5,37.8,0.0,62.7,0
2025,6,Miami Grand Prix,2025-05-04,TSU,Yuki Tsunoda,Red Bull,miami,Miami International Autodrome,10.0,10.0,0.1,0.1,2.0,5.0,0.0,1.0,13.6,13.6,1.0,10.0,3.0,0.0,83.0,8.2,2.0,1.0,0.25,1.0,26.6,38.7,1.0,63.0,0
2025,6,Miami Grand Prix,2025-05-04,VER,Max Verstappen,Red Bull,miami,Miami International Autodrome,1.0,1.0,1.0,1.0,81.0,5.0,1.0,0.0,3.0,3.0,0.0,1.3333333333333333,3.0,0.0,84.0,8.363636363636363,2.0,1.0,0.25,1.0,26.6,38.7,1.0,63.0,0
2025,7,Emilia Romagna Grand Prix,2025-05-18,TSU,Yuki Tsunoda,Red Bull,imola,Autodromo Enzo e Dino Ferrari,20.0,20.0,0.05,0.05,3.0,6.0,0.0,1.0,13.0,13.2,1.0,9.666666666666666,3.0,0.0,96.0,8.0,2.0,1.0,0.2916666666666667,0.0,24.0,42.7,0.0,38.3,0
2025,7,Emilia Romagna Grand Prix,2025-05-18,VER,Max Verstappen,Red Bull,imola,Autodromo Enzo e Dino Ferrari,2.0,2.0,0.5,0.5,93.0,6.0,1.0,0.0,3.1666666666666665,3.4,0.0,5.0,4.0,0.0,97.0,8.153846153846153,2.0,1.0,0.2916666666666667,0.0,24.0,42.7,0.0,38.3,1
2025,8,Monaco Grand Prix,2025-05-25,TSU,Yuki Tsunoda,Red Bull,monaco,Circuit de Monaco,12.0,12.0,0.08333333333333333,0.08333333333333333,4.0,7.0,0.0,1.0,12.571428571428571,12.0,1.0,14.0,4.0,0.0,122.0,7.642857142857143,2.0,1.0,0.3333333333333333,0.0,22.2,43.3,0.0,52.5,0
2025,8,Monaco Grand Prix,2025-05-25,VER,Max Verstappen,Red Bull,monaco,Circuit de Monaco,5.0,4.0,0.2,0.25,118.0,7.0,2.0,0.0,2.857142857142857,2.8,0.0,4.0,6.0,0.0,122.0,8.266666666666667,2.0,1.0,0.3333333333333333,0.0,22.2,43.3,0.0,52.5,0
2025,9,Spanish Grand Prix,2025-06-01,TSU,Yuki Tsunoda,Red Bull,catalunya,Circuit de Barcelona-Catalunya,20.0,19.0,0.05,0.05263157894736842,4.0,8.0,0.0,1.0,13.125,13.0,1.0,15.25,4.0,1.0,134.0,8.0,2.0,1.0,0.375,0.0,29.1,48.5,0.0,54.6,0
2025,9,Spanish Grand Prix,2025-06-01,VER,Max Verstappen,Red Bull,catalunya,Circuit de Barcelona-Catalunya,3.0,3.0,0.3333333333333333,0.3333333333333333,130.0,8.0,2.0,0.0,3.0,3.4,0.0,1.8571428571428572,7.0,0.0,134.0,8.294117647058824,2.0,1.0,0.375,0.0,29.1,48.5,0.0,54.6,0
2025,10,Canadian Grand Prix,2025-06-15,TSU,Yuki Tsunoda,Red Bull,villeneuve,Circuit Gilles Villeneuve,11.0,18.0,0.09090909090909091,0.05555555555555555,4.0,9.0,0.0,1.0,13.11111111111111,13.8,1.0,15.333333333333334,3.0,1.0,135.0,8.38888888888889,2.0,1.0,0.4166666666666667,1.0,24.0,49.3,1.0,28.0,0
2025,10,Canadian Grand Prix,2025-06-15,VER,Max Verstappen,Red Bull,villeneuve,Circuit Gilles Villeneuve,2.0,2.0,0.5,0.5,131.0,9.0,2.0,0.0,3.7777777777777777,4.2,0.0,2.2,5.0,0.0,135.0,8.578947368421053,2.0,1.0,0.4166666666666667,1.0,24.0,49.3,1.0,28.0,0
2025,11,Austrian Grand Prix,2025-06-29,TSU,Yuki Tsunoda,Red Bull,red_bull_ring,Red Bull Ring,18.0,18.0,0.05555555555555555,0.05555555555555555,4.0,10.0,0.0,1.0,13.0,12.4,0.0,14.2,5.0,0.0,153.0,8.25,2.0,1.0,0.4583333333333333,0.0,30.3,49.2,0.0,32.0,0
2025,11,Austrian Grand Prix,2025-06-29,VER,Max Verstappen,Red Bull,red_bull_ring,Red Bull Ring,7.0,7.0,0.14285714285714285,0.14285714285714285,149.0,10.0,2.0,0.0,3.6,4.2,0.0,3.888888888888889,9.0,0.0,153.0,8.619047619047619,2.0,1.0,0.4583333333333333,0.0,30.3,49.2,0.0,32.0,0
2025,12,British Grand Prix,2025-07-06,TSU,Yuki Tsunoda,Red Bull,silverstone,Silverstone Circuit,12.0,11.0,0.08333333333333333,0.09090909090909091,4.0,11.0,0.0,1.0,13.272727272727273,13.6,0.0,12.5,4.0,0.0,153.0,9.045454545454545,3.0,1.0,0.5,1.0,17.9,23.6,1.0,78.4,0
2025,12,British Grand Prix,2025-07-06,VER,Max Verstappen,Red Bull,silverstone,Silverstone Circuit,1.0,1.0,1.0,1.0,149.0,11.0,2.0,1.0,4.909090909090909,7.0,1.0,6.625,8.0,2.0,153.0,9.304347826086957,3.0,1.0,0.5,1.0,17.9,23.6,1.0,78.4,0
2025,13,Belgian Grand Prix,2025-07-27,TSU,Yuki Tsunoda,Red Bull,spa,Circuit de Spa-Francorchamps,7.0,7.0,0.14285714285714285,0.14285714285714285,4.0,12.0,0.0,1.0,13.416666666666666,14.6,0.0,13.5,4.0,0.0,163.0,9.125,3.0,1.0,0.5416666666666666,1.0,17.0,24.1,1.0,84.4,0
2025,13,Belgian Grand Prix,2025-07-27,VER,Max Verstappen,Red Bull,spa,Circuit de Spa-Francorchamps,4.0,4.0,0.25,0.25,159.0,12.0,2.0,1.0,4.916666666666667,7.8,1.0,4.714285714285714,7.0,1.0,163.0,9.28,3.0,1.0,0.5416666666666666,1.0,17.0,24.1,1.0,84.4,0
2025,14,Hungarian Grand Prix,2025-08-03,TSU,Yuki Tsunoda,Red Bull,hungaroring,Hungaroring,16.0,20.0,0.0625,0.05,4.0,13.0,0.0,1.0,13.384615384615385,13.8,0.0,12.25,4.0,0.0,175.0,9.076923076923077,3.0,1.0,0.5833333333333334,0.0,22.1,32.7,0.0,57.2,0
2025,14,Hungarian Grand Prix,2025-08-03,VER,Max Verstappen,Red Bull,hungaroring,Hungaroring,8.0,8.0,0.125,0.125,171.0,13.0,2.0,1.0,4.846153846153846,7.8,1.0,5.571428571428571,7.0,0.0,175.0,9.37037037037037,3.0,1.0,0.5833333333333334,0.0,22.1,32.7,0.0,57.2,0
2025,15,Dutch Grand Prix,2025-08-31,TSU,Yuki Tsunoda,Red Bull,zandvoort,Circuit Park Zandvoort,12.0,12.0,0.08333333333333333,0.08333333333333333,4.0,14.0,0.0,1.0,13.642857142857142,14.6,0.0,17.75,4.0,0.0,177.0,9.357142857142858,3.0,1.0,0.625,0.0,20.1,28.0,0.0,71.2,0
2025,15,Dutch Grand Prix,2025-08-31,VER,Max Verstappen,Red Bull,zandvoort,Circuit Park Zandvoort,3.0,3.0,0.3333333333333333,0.3333333333333333,173.0,14.0,2.0,1.0,5.142857142857143,7.6,1.0,1.25,4.0,0.0,179.0,9.344827586206897,3.0,1.0,0.625,0.0,20.1,28.0,0.0,71.2,0
2025,16,Italian Grand Prix,2025-09-07,TSU,Yuki Tsunoda,Red Bull,monza,Autodromo Nazionale di Monza,10.0,9.0,0.1,0.1111111111111111,6.0,15.0,0.0,1.0,13.333333333333334,14.0,0.0,18.5,4.0,2.0,197.0,9.1,3.0,1.0,0.6666666666666666,0.0,26.8,43.3,0.0,42.6,0
2025,16,Italian Grand Prix,2025-09-07,VER,Max Verstappen,Red Bull,monza,Autodromo Nazionale di Monza,1.0,1.0,1.0,1.0,191.0,15.0,2.0,1.0,4.933333333333334,7.6,1.0,8.0,7.0,1.0,197.0,9.225806451612904,3.0,1.0,0.6666666666666666,0.0,26.8,43.3,0.0,42.6,1
2025,17,Azerbaijan Grand Prix,2025-09-21,TSU,Yuki Tsunoda,Red Bull,baku,Baku City Circuit,6.0,6.0,0.16666666666666666,0.16666666666666666,6.0,16.0,0.0,1.0,13.3125,13.4,0.0,12.5,4.0,1.0,222.0,8.96875,3.0,1.0,0.7083333333333334,0.0,20.6,26.1,0.0,59.8,0
2025,17,Azerbaijan Grand Prix,2025-09-21,VER,Max Verstappen,Red Bull,baku,Baku City Circuit,1.0,1.0,1.0,1.0,216.0,16.0,3.0,1.0,4.6875,4.2,0.0,7.666666666666667,6.0,2.0,230.0,8.878787878787879,3.0,1.0,0.7083333333333334,0.0,20.6,26.1,0.0,59.8,1
2025,18,Singapore Grand Prix,2025-10-05,TSU,Yuki Tsunoda,Red Bull,marina_bay,Marina Bay Street Circuit,13.0,13.0,0.07692307692307693,0.07692307692307693,14.0,17.0,0.0,1.0,12.882352941176471,11.6,0.0,15.333333333333334,3.0,2.0,255.0,8.647058823529411,3.0,1.0,0.75,1.0,29.1,33.9,1.0,74.4,0
2025,18,Singapore Grand Prix,2025-10-05,VER,Max Verstappen,Red Bull,marina_bay,Marina Bay Street Circuit,2.0,2.0,0.5,0.5,241.0,17.0,4.0,1.0,4.470588235294118,3.4,0.0,3.8,5.0,0.0,255.0,8.742857142857142,3.0,1.0,0.75,1.0,29.1,33.9,1.0,74.4,0
2025,19,United States Grand Prix,2025-10-19,TSU,Yuki Tsunoda,Red Bull,americas,Circuit of the Americas,13.0,13.0,0.07692307692307693,0.07692307692307693,14.0,18.0,0.0,1.0,12.833333333333334,11.4,0.0,10.25,4.0,0.0,273.0,8.555555555555555,3.0,1.0,0.7916666666666666,0.0,28.3,45.0,0.0,22.5,0
2025,19,United States Grand Prix,2025-10-19,VER,Max Verstappen,Red Bull,americas,Circuit of the Americas,1.0,1.0,1.0,1.0,259.0,18.0,4.0,1.0,4.333333333333333,3.0,0.0,1.8333333333333333,6.0,0.0,279.0,8.513513513513514,3.0,1.0,0.7916666666666666,0.0,28.3,45.0,0.0,22.5,1
2025,20,Mexico City Grand Prix,2025-10-26,TSU,Yuki Tsunoda,Red Bull,rodriguez,Autódromo Hermanos Rodríguez,11.0,10.0,0.09090909090909091,0.1,20.0,19.0,0.0,1.0,12.526315789473685,9.4,0.0,18.0,4.0,3.0,304.0,8.31578947368421,3.0,1.0,0.8333333333333334,0.0,26.4,50.6,0.0,23.2,0
2025,20,Mexico City Grand Prix,2025-10-26,VER,Max Verstappen,Red Bull,rodriguez,Autódromo Hermanos Rodríguez,5.0,5.0,0.2,0.2,284.0,19.0,5.0,1.0,4.157894736842105,1.4,0.0,2.6666666666666665,6.0,0.0,304.0,8.384615384615385,3.0,1.0,0.8333333333333334,0.0,26.4,50.6,0.0,23.2,0
2025,21,São Paulo Grand Prix,2025-11-09,TSU,Yuki Tsunoda,Red Bull,interlagos,Autódromo José Carlos Pace,19.0,17.0,0.05263157894736842,0.058823529411764705,20.0,20.0,0.0,1.0,12.45,9.8,0.0,12.0,4.0,0.0,319.0,8.25,3.0,1.0,0.875,0.0,17.3,30.7,0.0,70.6,0
2025,21,São Paulo Grand Prix,2025-11-09,VER,Max Verstappen,Red Bull,interlagos,Autódromo José Carlos Pace,16.0,19.0,0.0625,0.05263157894736842,299.0,20.0,5.0,1.0,4.1,1.6,0.0,2.1666666666666665,6.0,0.0,319.0,8.463414634146341,3.0,1.0,0.875,0.0,17.3,30.7,0.0,70.6,0
2025,22,Las Vegas Grand Prix,2025-11-23,TSU,Yuki Tsunoda,Red Bull,vegas,Las Vegas Strip Street Circuit,19.0,20.0,0.05263157894736842,0.05,20.0,21.0,0.0,1.0,12.666666666666666,10.6,0.0,13.5,2.0,1.0,334.0,8.333333333333334,3.0,1.0,0.9166666666666666,0.0,16.7,19.5,0.0,37.8,0
2025,22,Las Vegas Grand Prix,2025-11-23,VER,Max Verstappen,Red Bull,vegas,Las Vegas Strip Street Circuit,2.0,2.0,0.5,0.5,314.0,21.0,5.0,1.0,4.0476190476190474,2.0,0.0,3.0,2.0,0.0,334.0,8.418604651162791,3.0,1.0,0.9166666666666666,0.0,16.7,19.5,0.0,37.8,1
2025,23,Qatar Grand Prix,2025-11-30,TSU,Yuki Tsunoda,Red Bull,losail,Losail International Circuit,16.0,15.0,0.0625,0.06666666666666667,20.0,22.0,0.0,1.0,12.636363636363637,11.8,0.0,13.666666666666666,3.0,0.0,359.0,8.25,3.0,1.0,0.9583333333333334,0.0,22.6,28.2,0.0,69.0,0
2025,23,Qatar Grand Prix,2025-11-30,VER,Max Verstappen,Red Bull,losail,Losail International Circuit,3.0,3.0,0.3333333333333333,0.3333333333333333,339.0,22.0,6.0,1.0,3.909090909090909,2.0,0.0,1.3333333333333333,3.0,0.0,360.0,8.28888888888889,3.0,1.0,0.9583333333333334,0.0,22.6,28.2,0.0,69.0,1
2025,24,Abu Dhabi Grand Prix,2025-12-07,TSU,Yuki Tsunoda,Red Bull,yas_marina,Yas Marina Circuit,10.0,10.0,0.1,0.1,21.0,23.0,0.0,1.0,12.521739130434783,11.4,0.0,8.75,4.0,0.0,385.0,8.130434782608695,3.0,1.0,1.0,0.0,26.7,31.1,0.0,60.4,0
2025,24,Abu Dhabi Grand Prix,2025-12-07,VER,Max Verstappen,Red Bull,yas_marina,Yas Marina Circuit,1.0,1.0,1.0,1.0,364.0,23.0,7.0,1.0,3.782608695652174,1.8,0.0,2.142857142857143,7.0,0.0,385.0,8.25531914893617,3.0,1.0,1.0,0.0,26.7,31.1,0.0,60.4,1
2018,1,Australian Grand Prix,2018-03-25,HUL,Nico Hülkenberg,Renault,albert_park,Albert Park Grand Prix Circuit,8.0,7.0,0.125,0.14285714285714285,0.0,0.0,0.0,0.0,11.375,11.0,0.0,10.0,0.0,0.0,0.0,11.416666666666666,0.0,0.0,0.047619047619047616,1.0,24.1,36.3,1.0,30.9,0
2018,1,Australian Grand Prix,2018-03-25,SAI,Carlos Sainz,Renault,albert_park,Albert Park Grand Prix Circuit,9.0,9.0,0.1111111111111111,0.1111111111111111,0.0,0.0,0.0,0.0,11.375,11.0,0.0,10.0,0.0,0.0,6.0,7.0,0.0,0.0,0.047619047619047616,1.0,24.1,36.3,1.0,30.9,0
2018,2,Bahrain Grand Prix,2018-04-08,HUL,Nico Hülkenberg,Renault,bahrain,Bahrain International Circuit,8.0,7.0,0.125,0.14285714285714285,6.0,1.0,0.0,0.0,7.0,7.0,0.0,10.0,0.0,0.0,7.0,8.5,0.0,0.0,0.09523809523809523,0.0,28.0,32.2,0.0,47.4,0
2018,2,Bahrain Grand Prix,2018-04-08,SAI,Carlos Sainz,Renault,bahrain,Bahrain International Circuit,10.0,10.0,0.1,0.1,1.0,1.0,0.0,0.0,10.0,10.0,0.0,10.0,0.0,0.0,15.0,7.666666666666667,0.0,0.0,0.09523809523809523,0.0,28.0,32.2,0.0,47.4,0
2018,3,Chinese Grand Prix,2018-04-15,HUL,Nico Hülkenberg,Renault,shanghai,Shanghai International Circuit,7.0,7.0,0.14285714285714285,0.14285714285714285,14.0,2.0,0.0,0.0,6.5,6.5,0.0,10.0,0.0,0.0,15.0,8.5,0.0,0.0,0.14285714285714285,1.0,19.4,37.0,1.0,24.1,0
2018,3,Chinese Grand Prix,2018-04-15,SAI,Carlos Sainz,Renault,shanghai,Shanghai International Circuit,9.0,9.0,0.1111111111111111,0.1111111111111111,1.0,2.0,0.0,0.0,10.5,10.5,0.0,10.0,0.0,0.0,23.0,8.0,0.0,0.0,0.14285714285714285,1.0,19.4,37.0,1.0,24.1,0
2018,4,Azerbaijan Grand Prix,2018-04-29,HUL,Nico Hülkenberg,Renault,baku,Baku City Circuit,9.0,14.0,0.1111111111111111,0.07142857142857142,22.0,3.0,0.0,0.0,6.333333333333333,6.333333333333333,0.0,10.0,0.0,0.0,25.0,8.166666666666666,0.0,0.0,0.19047619047619047,0.0,16.7,25.3,0.0,45.7,0
2018,4,Azerbaijan Grand Prix,2018-04-29,SAI,Carlos Sainz,Renault,baku,Baku City Circuit,10.0,9.0,0.1,0.1111111111111111,3.0,3.0,0.0,0.0,10.0,10.0,0.0,10.0,0.0,0.0,25.0,9.571428571428571,1.0,0.0,0.19047619047619047,0.0,16.7,25.3,0.0,45.7,0
2018,5,Spanish Grand Prix,2018-05-13,HUL,Nico Hülkenberg,Renault,catalunya,Circuit de Barcelona-Catalunya,16.0,16.0,0.0625,0.0625,22.0,4.0,0.0,1.0,9.25,9.25,1.0,10.0,0.0,0.0,35.0,9.0,1.0,0.0,0.23809523809523808,1.0,16.1,32.3,1.0,52.3,0
2018,5,Spanish Grand Prix,2018-05-13,SAI,Carlos Sainz,Renault,catalunya,Circuit de Barcelona-Catalunya,9.0,9.0,0.1111111111111111,0.1111111111111111,13.0,4.0,0.0,0.0,8.75,8.75,0.0,10.0,0.0,0.0,35.0,10.222222222222221,2.0,0.0,0.23809523809523808,1.0,16.1,32.3,1.0,52.3,0
2018,6,Monaco Grand Prix,2018-05-27,HUL,Nico Hülkenberg,Renault,monaco,Circuit de Monaco,11.0,11.0,0.09090909090909091,0.09090909090909091,22.0,5.0,0.0,2.0,11.4,11.4,2.0,10.0,0.0,0.0,41.0,9.9,2.0,0.0,0.2857142857142857,1.0,26.6,34.6,1.0,50.9,0
2018,6,Monaco Grand Prix,2018-05-27,SAI,Carlos Sainz,Renault,monaco,Circuit de Monaco,8.0,8.0,0.125,0.125,19.0,5.0,0.0,0.0,8.4,8.4,0.0,10.0,0.0,0.0,45.0,9.727272727272727,2.0,0.0,0.2857142857142857,1.0,26.6,34.6,1.0,50.9,0
2018,7,Canadian Grand Prix,2018-06-10,HUL,Nico Hülkenberg,Renault,villeneuve,Circuit Gilles Villeneuve,7.0,7.0,0.14285714285714285,0.14285714285714285,26.0,6.0,0.0,2.0,10.833333333333334,11.6,2.0,10.0,0.0,0.0,46.0,9.75,2.0,0.0,0.3333333333333333,0.0,20.5,36.9,0.0,27.8,0
2018,7,Canadian Grand Prix,2018-06-10,SAI,Carlos Sainz,Renault,villeneuve,Circuit Gilles Villeneuve,9.0,9.0,0.1111111111111111,0.1111111111111111,20.0,6.0,0.0,0.0,8.666666666666666,8.4,0.0,10.0,0.0,0.0,52.0,9.538461538461538,2.0,0.0,0.3333333333333333,0.0,20.5,36.9,0.0,27.8,0
2018,8,French Grand Prix,2018-06-24,HUL,Nico Hülkenberg,Renault,ricard,Circuit Paul Ricard,12.0,12.0,0.08333333333333333,0.08333333333333333,32.0,7.0,0.0,2.0,10.285714285714286,11.8,2.0,10.0,0.0,0.0,56.0,9.428571428571429,2.0,0.0,0.38095238095238093,1.0,24.5,42.0,1.0,49.0,0
2018,8,French Grand Prix,2018-06-24,SAI,Carlos Sainz,Renault,ricard,Circuit Paul Ricard,7.0,7.0,0.14285714285714285,0.14285714285714285,24.0,7.0,0.0,0.0,8.571428571428571,7.8,0.0,10.0,0.0,0.0,58.0,9.4,2.0,0.0,0.38095238095238093,1.0,24.5,42.0,1.0,49.0,0
2018,9,Austrian Grand Prix,2018-07-01,HUL,Nico Hülkenberg,Renault,red_bull_ring,Red Bull Ring,10.0,10.0,0.1,0.1,34.0,8.0,0.0,2.0,10.125,12.4,2.0,10.0,0.0,0.0,62.0,9.3125,2.0,0.0,0.42857142857142855,0.0,23.2,45.9,0.0,37.1,0
2018,9,Austrian Grand Prix,2018-07-01,SAI,Carlos Sainz,Renault,red_bull_ring,Red Bull Ring,9.0,9.0,0.1111111111111111,0.1111111111111111,28.0,8.0,0.0,0.0,8.5,7.6,0.0,10.0,0.0,0.0,62.0,9.941176470588236,3.0,0.0,0.42857142857142855,0.0,23.2,45.9,0.0,37.1,0
2018,10,British Grand Prix,2018-07-08,HUL,Nico Hülkenberg,Renault,silverstone,Silverstone Circuit,11.0,11.0,0.09090909090909091,0.09090909090909091,34.0,9.0,0.0,3.0,11.222222222222221,12.8,2.0,10.0,0.0,0.0,62.0,10.055555555555555,3.0,0.0,0.47619047619047616,0.0,27.4,52.2,0.0,38.7,0
2018,10,British Grand Prix,2018-07-08,SAI,Carlos Sainz,Renault,silverstone,Silverstone Circuit,16.0,16.0,0.0625,0.0625,28.0,9.0,0.0,0.0,8.88888888888889,9.0,0.0,10.0,0.0,0.0,70.0,9.842105263157896,3.0,0.0,0.47619047619047616,0.0,27.4,52.2,0.0,38.7,0
2018,11,German Grand Prix,2018-07-22,HUL,Nico Hülkenberg,Renault,hockenheimring,Hockenheimring,7.0,7.0,0.14285714285714285,0.14285714285714285,42.0,10.0,0.0,3.0,10.7,10.0,1.0,10.0,0.0,0.0,70.0,10.2,4.0,0.0,0.5238095238095238,1.0,26.4,40.7,1.0,54.8,0
2018,11,German Grand Prix,2018-07-22,SAI,Carlos Sainz,Renault,hockenheimring,Hockenheimring,8.0,8.0,0.125,0.125,28.0,10.0,0.0,1.0,9.7,11.0,1.0,10.0,0.0,0.0,80.0,9.952380952380953,4.0,0.0,0.5238095238095238,1.0,26.4,40.7,1.0,54.8,0
2018,12,Hungarian Grand Prix,2018-07-29,HUL,Nico Hülkenberg,Renault,hungaroring,Hungaroring,13.0,13.0,0.07692307692307693,0.07692307692307693,52.0,11.0,0.0,3.0,10.181818181818182,9.4,1.0,10.0,0.0,0.0,80.0,10.045454545454545,4.0,0.0,0.5714285714285714,0.0,33.8,51.1,0.0,33.0,0
2018,12,Hungarian Grand Prix,2018-07-29,SAI,Carlos Sainz,Renault,hungaroring,Hungaroring,5.0,5.0,0.2,0.2,28.0,11.0,0.0,1.0,9.909090909090908,11.4,1.0,10.0,0.0,0.0,80.0,10.130434782608695,4.0,0.0,0.5714285714285714,0.0,33.8,51.1,0.0,33.0,0
2018,13,Belgian Grand Prix,2018-08-26,HUL,Nico Hülkenberg,Renault,spa,Circuit de Spa-Francorchamps,15.0,20.0,0.06666666666666667,0.05,52.0,12.0,0.0,3.0,10.333333333333334,10.4,1.0,10.0,0.0,0.0,82.0,10.083333333333334,4.0,0.0,0.6190476190476191,0.0,17.3,27.9,0.0,37.7,0
2018,13,Belgian Grand Prix,2018-08-26,SAI,Carlos Sainz,Renault,spa,Circuit de Spa-Francorchamps,16.0,14.0,0.0625,0.07142857142857142,30.0,12.0,0.0,1.0,9.833333333333334,11.6,1.0,10.0,0.0,0.0,82.0,10.48,5.0,0.0,0.6190476190476191,0.0,17.3,27.9,0.0,37.7,0
2018,14,Italian Grand Prix,2018-09-02,HUL,Nico Hülkenberg,Renault,monza,Autodromo Nazionale di Monza,14.0,20.0,0.07142857142857142,0.05,52.0,13.0,0.0,4.0,11.076923076923077,12.6,2.0,10.0,0.0,0.0,82.0,10.5,5.0,0.0,0.6666666666666666,1.0,22.2,30.8,1.0,63.8,0
2018,14,Italian Grand Prix,2018-09-02,SAI,Carlos Sainz,Renault,monza,Autodromo Nazionale di Monza,7.0,7.0,0.14285714285714285,0.14285714285714285,30.0,13.0,0.0,1.0,9.923076923076923,12.2,1.0,10.0,0.0,0.0,82.0,10.592592592592593,5.0,0.0,0.6666666666666666,1.0,22.2,30.8,1.0,63.8,0
2018,15,Singapore Grand Prix,2018-09-16,HUL,Nico Hülkenberg,Renault,marina_bay,Marina Bay Street Circuit,10.0,10.0,0.1,0.1,52.0,14.0,0.0,4.0,11.214285714285714,11.2,1.0,10.0,0.0,0.0,86.0,10.5,5.0,0.0,0.7142857142857143,0.0,29.9,33.1,0.0,66.0,0
2018,15,Singapore Grand Prix,2018-09-16,SAI,Carlos Sainz,Renault,marina_bay,Marina Bay Street Circuit,12.0,12.0,0.08333333333333333,0.08333333333333333,34.0,14.0,0.0,1.0,9.785714285714286,11.4,1.0,10.0,0.0,0.0,87.0,10.482758620689655,5.0,0.0,0.7142857142857143,0.0,29.9,33.1,0.0,66.0,0
2018,16,Russian Grand Prix,2018-09-30,HUL,Nico Hülkenberg,Renault,sochi,Sochi Autodrom,15.0,12.0,0.06666666666666667,0.08333333333333333,53.0,15.0,0.0,4.0,11.133333333333333,12.0,1.0,10.0,0.0,0.0,91.0,10.4,5.0,0.0,0.7619047619047619,1.0,24.8,29.9,1.0,61.3,0
2018,16,Russian Grand Prix,2018-09-30,SAI,Carlos Sainz,Renault,sochi,Sochi Autodrom,14.0,11.0,0.07142857142857142,0.09090909090909091,38.0,15.0,0.0,1.0,9.666666666666666,9.6,0.0,10.0,0.0,0.0,91.0,10.451612903225806,5.0,0.0,0.7619047619047619,1.0,24.8,29.9,1.0,61.3,0
2018,17,Japanese Grand Prix,2018-10-07,HUL,Nico Hülkenberg,Renault,suzuka,Suzuka Circuit,16.0,16.0,0.0625,0.0625,53.0,16.0,0.0,4.0,11.1875,13.4,1.0,10.0,0.0,0.0,91.0,10.65625,5.0,0.0,0.8095238095238095,0.0,28.3,37.2,0.0,50.5,0
2018,17,Japanese Grand Prix,2018-10-07,SAI,Carlos Sainz,Renault,suzuka,Suzuka Circuit,13.0,13.0,0.07692307692307693,0.07692307692307693,38.0,16.0,0.0,1.0,10.125,10.6,0.0,10.0,0.0,0.0,91.0,10.909090909090908,6.0,0.0,0.8095238095238095,0.0,28.3,37.2,0.0,50.5,0
2018,18,United States Grand Prix,2018-10-21,HUL,Nico Hülkenberg,Renault,americas,Circuit of the Americas,7.0,7.0,0.14285714285714285,0.14285714285714285,53.0,17.0,0.0,5.0,11.647058823529411,14.8,2.0,10.0,0.0,0.0,92.0,10.882352941176471,6.0,0.0,0.8571428571428571,0.0,21.9,30.5,0.0,37.6,0
2018,18,United States Grand Prix,2018-10-21,SAI,Carlos Sainz,Renault,americas,Circuit of the Americas,11.0,11.0,0.09090909090909091,0.09090909090909091,39.0,17.0,0.0,1.0,10.117647058823529,10.8,0.0,10.0,0.0,0.0,100.0,10.742857142857142,6.0,0.0,0.8571428571428571,0.0,21.9,30.5,0.0,37.6,0
2018,19,Mexican Grand Prix,2018-10-28,HUL,Nico Hülkenberg,Renault,rodriguez,Autódromo Hermanos Rodríguez,7.0,7.0,0.14285714285714285,0.14285714285714285,61.0,18.0,0.0,5.0,11.333333333333334,12.0,1.0,10.0,0.0,0.0,106.0,10.63888888888889,6.0,0.0,0.9047619047619048,0.0,20.1,34.5,0.0,50.7,0
2018,19,Mexican Grand Prix,2018-10-28,SAI,Carlos Sainz,Renault,rodriguez,Autódromo Hermanos Rodríguez,8.0,8.0,0.125,0.125,45.0,18.0,0.0,1.0,9.944444444444445,10.0,0.0,10.0,0.0,0.0,114.0,10.513513513513514,6.0,0.0,0.9047619047619048,0.0,20.1,34.5,0.0,50.7,0
2018,20,Brazilian Grand Prix,2018-11-11,HUL,Nico Hülkenberg,Renault,interlagos,Autódromo José Carlos Pace,14.0,13.0,0.07142857142857142,0.07692307692307693,69.0,19.0,0.0,5.0,11.052631578947368,10.6,1.0,10.0,0.0,0.0,114.0,10.736842105263158,6.0,0.0,0.9523809523809523,0.0,23.8,40.1,0.0,75.4,0
2018,20,Brazilian Grand Prix,2018-11-11,SAI,Carlos Sainz,Renault,interlagos,Autódromo José Carlos Pace,16.0,15.0,0.0625,0.06666666666666667,45.0,19.0,0.0,1.0,10.421052631578947,12.2,0.0,10.0,0.0,0.0,114.0,10.948717948717949,6.0,0.0,0.9523809523809523,0.0,23.8,40.1,0.0,75.4,0
2018,21,Abu Dhabi Grand Prix,2018-11-25,HUL,Nico Hülkenberg,Renault,yas_marina,Yas Marina Circuit,10.0,10.0,0.1,0.1,69.0,20.0,0.0,5.0,11.45,12.4,1.0,10.0,0.0,0.0,114.0,10.975,6.0,0.0,1.0,1.0,31.3,33.3,1.0,45.4,0
2018,21,Abu Dhabi Grand Prix,2018-11-25,SAI,Carlos Sainz,Renault,yas_marina,Yas Marina Circuit,11.0,11.0,0.09090909090909091,0.09090909090909091,45.0,20.0,0.0,1.0,10.5,13.0,0.0,10.0,0.0,0.0,114.0,11.195121951219512,7.0,0.0,1.0,1.0,31.3,33.3,1.0,45.4,0
2019,1,Australian Grand Prix,2019-03-17,HUL,Nico Hülkenberg,Renault,albert_park,Albert Park Grand Prix Circuit,11.0,11.0,0.09090909090909091,0.09090909090909091,0.0,0.0,0.0,0.0,11.375,14.0,2.0,7.0,1.0,0.0,0.0,11.416666666666666,0.0,0.0,0.047619047619047616,0.0,23.5,41.3,0.0,70.5,0
2019,1,Australian Grand Prix,2019-03-17,RIC,Daniel Ricciardo,Renault,albert_park,Albert Park Grand Prix Circuit,12.0,12.0,0.08333333333333333,0.08333333333333333,0.0,0.0,0.0,0.0,11.375,9.0,1.0,4.0,1.0,0.0,6.0,7.0,0.0,0.0,0.047619047619047616,0.0,23.5,41.3,0.0,70.5,0
2019,2,Bahrain Grand Prix,2019-03-31,HUL,Nico Hülkenberg,Renault,bahrain,Bahrain International Circuit,17.0,17.0,0.058823529411764705,0.058823529411764705,6.0,1.0,0.0,0.0,7.0,11.6,1.0,6.0,1.0,0.0,6.0,13.0,0.0,0.0,0.09523809523809523,0.0,26.2,28.6,0.0,53.4,0
2019,2,Bahrain Grand Prix,2019-03-31,RIC,Daniel Ricciardo,Renault,bahrain,Bahrain International Circuit,11.0,10.0,0.09090909090909091,0.1,0.0,1.0,0.0,0.0,19.0,12.0,1.0,20.0,1.0,1.0,6.0,14.333333333333334,1.0,0.0,0.09523809523809523,0.0,26.2,28.6,0.0,53.4,0
2019,3,Chinese Grand Prix,2019-04-14,HUL,Nico Hülkenberg,Renault,shanghai,Shanghai International Circuit,8.0,8.0,0.125,0.125,6.0,2.0,0.0,1.0,12.0,13.8,2.0,6.0,1.0,0.0,6.0,15.25,1.0,0.0,0.14285714285714285,0.0,19.3,27.3,0.0,46.0,0
2019,3,Chinese Grand Prix,2019-04-14,RIC,Daniel Ricciardo,Renault,shanghai,Shanghai International Circuit,7.0,7.0,0.14285714285714285,0.14285714285714285,0.0,2.0,0.0,0.0,18.5,12.4,1.0,1.0,1.0,0.0,6.0,16.2,1.0,0.0,0.14285714285714285,0.0,19.3,27.3,0.0,46.0,0
2019,4,Azerbaijan Grand Prix,2019-04-28,HUL,Nico Hülkenberg,Renault,baku,Baku City Circuit,16.0,15.0,0.0625,0.06666666666666667,6.0,3.0,0.0,1.0,14.666666666666666,16.6,2.0,18.0,1.0,1.0,12.0,14.666666666666666,1.0,0.0,0.19047619047619047,0.0,19.8,39.7,0.0,51.4,0
2019,4,Azerbaijan Grand Prix,2019-04-28,RIC,Daniel Ricciardo,Renault,baku,Baku City Circuit,11.0,10.0,0.09090909090909091,0.1,6.0,3.0,0.0,0.0,14.666666666666666,10.4,0.0,17.0,1.0,1.0,12.0,14.571428571428571,1.0,0.0,0.19047619047619047,0.0,19.8,39.7,0.0,51.4,0
2019,5,Spanish Grand Prix,2019-05-12,HUL,Nico Hülkenberg,Renault,catalunya,Circuit de Barcelona-Catalunya,16.0,0.0,0.0625,1.0,6.0,4.0,0.0,1.0,14.5,15.6,2.0,20.0,1.0,1.0,12.0,15.25,2.0,0.0,0.23809523809523808,0.0,20.1,40.7,0.0,54.7,0
2019,5,Spanish Grand Prix,2019-05-12,RIC,Daniel Ricciardo,Renault,catalunya,Circuit de Barcelona-Catalunya,10.0,13.0,0.1,0.07692307692307693,6.0,4.0,0.0,1.0,16.0,13.6,1.0,5.0,1.0,0.0,12.0,15.0,2.0,0.0,0.23809523809523808,0.0,20.1,40.7,0.0,54.7,0
2019,6,Monaco Grand Prix,2019-05-26,HUL,Nico Hülkenberg,Renault,monaco,Circuit de Monaco,11.0,11.0,0.09090909090909091,0.09090909090909091,6.0,5.0,0.0,1.0,14.2,14.2,1.0,8.0,1.0,0.0,12.0,14.7,2.0,0.0,0.2857142857142857,1.0,22.8,32.7,1.0,52.7,0
2019,6,Monaco Grand Prix,2019-05-26,RIC,Daniel Ricciardo,Renault,monaco,Circuit de Monaco,7.0,6.0,0.14285714285714285,0.16666666666666666,6.0,5.0,0.0,1.0,15.2,15.2,1.0,1.0,1.0,0.0,12.0,14.545454545454545,2.0,0.0,0.2857142857142857,1.0,22.8,32.7,1.0,52.7,0
2019,7,Canadian Grand Prix,2019-06-09,HUL,Nico Hülkenberg,Renault,villeneuve,Circuit Gilles Villeneuve,7.0,7.0,0.14285714285714285,0.14285714285714285,6.0,6.0,0.0,1.0,14.0,15.4,1.0,7.0,1.0,0.0,14.0,14.083333333333334,2.0,0.0,0.3333333333333333,0.0,29.4,51.1,0.0,16.1,0
2019,7,Canadian Grand Prix,2019-06-09,RIC,Daniel Ricciardo,Renault,villeneuve,Circuit Gilles Villeneuve,4.0,4.0,0.25,0.25,8.0,6.0,0.0,1.0,14.166666666666666,13.2,1.0,4.0,1.0,0.0,20.0,13.538461538461538,2.0,0.0,0.3333333333333333,0.0,29.4,51.1,0.0,16.1,0
2019,8,French Grand Prix,2019-06-23,HUL,Nico Hülkenberg,Renault,ricard,Circuit Paul Ricard,13.0,13.0,0.07692307692307693,0.07692307692307693,12.0,7.0,0.0,1.0,13.0,13.4,0.0,9.0,1.0,0.0,28.0,13.0,2.0,0.0,0.38095238095238093,0.0,26.9,54.5,0.0,39.1,0
2019,8,French Grand Prix,2019-06-23,RIC,Daniel Ricciardo,Renault,ricard,Circuit Paul Ricard,8.0,8.0,0.125,0.125,16.0,7.0,0.0,1.0,13.0,10.8,1.0,4.0,1.0,0.0,32.0,12.666666666666666,2.0,0.0,0.38095238095238093,0.0,26.9,54.5,0.0,39.1,0
2019,9,Austrian Grand Prix,2019-06-30,HUL,Nico Hülkenberg,Renault,red_bull_ring,Red Bull Ring,12.0,15.0,0.08333333333333333,0.06666666666666667,16.0,8.0,0.0,1.0,12.375,11.0,0.0,20.0,1.0,1.0,32.0,12.5625,2.0,0.0,0.42857142857142855,0.0,34.4,50.7,0.0,18.0,0
2019,9,Austrian Grand Prix,2019-06-30,RIC,Daniel Ricciardo,Renault,red_bull_ring,Red Bull Ring,14.0,12.0,0.07142857142857142,0.08333333333333333,16.0,8.0,0.0,1.0,12.75,11.6,1.0,18.0,1.0,0.0,32.0,12.588235294117647,2.0,0.0,0.42857142857142855,0.0,34.4,50.7,0.0,18.0,0
2019,10,British Grand Prix,2019-07-14,HUL,Nico Hülkenberg,Renault,silverstone,Silverstone Circuit,10.0,10.0,0.1,0.1,16.0,9.0,0.0,1.0,12.444444444444445,10.8,0.0,6.0,1.0,0.0,32.0,12.555555555555555,2.0,0.0,0.47619047619047616,0.0,18.9,30.3,0.0,62.1,0
2019,10,British Grand Prix,2019-07-14,RIC,Daniel Ricciardo,Renault,silverstone,Silverstone Circuit,7.0,7.0,0.14285714285714285,0.14285714285714285,16.0,9.0,0.0,1.0,12.666666666666666,10.0,0.0,5.0,1.0,0.0,33.0,12.421052631578947,2.0,0.0,0.47619047619047616,0.0,18.9,30.3,0.0,62.1,0
2019,11,German Grand Prix,2019-07-28,HUL,Nico Hülkenberg,Renault,hockenheimring,Hockenheimring,9.0,9.0,0.1111111111111111,0.1111111111111111,17.0,10.0,0.0,1.0,12.2,10.2,0.0,5.0,1.0,0.0,39.0,12.15,2.0,0.0,0.5238095238095238,1.0,21.5,26.4,1.0,87.8,0
2019,11,German Grand Prix,2019-07-28,RIC,Daniel Ricciardo,Renault,hockenheimring,Hockenheimring,13.0,13.0,0.07692307692307693,0.07692307692307693,22.0,10.0,0.0,1.0,12.1,9.0,0.0,20.0,1.0,1.0,39.0,12.333333333333334,3.0,0.0,0.5238095238095238,1.0,21.5,26.4,1.0,87.8,0
2019,12,Hungarian Grand Prix,2019-08-04,HUL,Nico Hülkenberg,Renault,hungaroring,Hungaroring,11.0,11.0,0.09090909090909091,0.09090909090909091,17.0,11.0,0.0,2.0,12.545454545454545,10.8,1.0,12.0,1.0,0.0,39.0,12.636363636363637,3.0,0.0,0.5714285714285714,0.0,25.7,44.1,0.0,33.9,0
2019,12,Hungarian Grand Prix,2019-08-04,RIC,Daniel Ricciardo,Renault,hungaroring,Hungaroring,18.0,20.0,0.05555555555555555,0.05,22.0,11.0,0.0,1.0,12.727272727272727,11.0,0.0,4.0,1.0,0.0,39.0,12.608695652173912,3.0,0.0,0.5714285714285714,0.0,25.7,44.1,0.0,33.9,0
2019,13,Belgian Grand Prix,2019-09-01,HUL,Nico Hülkenberg,Renault,spa,Circuit de Spa-Francorchamps,7.0,12.0,0.14285714285714285,0.08333333333333333,17.0,12.0,0.0,2.0,12.5,11.8,1.0,20.0,1.0,1.0,39.0,12.666666666666666,3.0,0.0,0.6190476190476191,0.0,17.4,28.1,0.0,57.0,0
2019,13,Belgian Grand Prix,2019-09-01,RIC,Daniel Ricciardo,Renault,spa,Circuit de Spa-Francorchamps,6.0,10.0,0.16666666666666666,0.1,22.0,12.0,0.0,1.0,12.833333333333334,12.6,0.0,16.0,1.0,1.0,43.0,12.48,3.0,0.0,0.6190476190476191,0.0,17.4,28.1,0.0,57.0,0
2019,14,Italian Grand Prix,2019-09-08,HUL,Nico Hülkenberg,Renault,monza,Autodromo Nazionale di Monza,6.0,6.0,0.16666666666666666,0.16666666666666666,21.0,13.0,0.0,2.0,12.153846153846153,11.8,1.0,13.0,1.0,0.0,43.0,12.538461538461538,3.0,0.0,0.6666666666666666,0.0,21.1,33.0,0.0,51.6,0
2019,14,Italian Grand Prix,2019-09-08,RIC,Daniel Ricciardo,Renault,monza,Autodromo Nazionale di Monza,5.0,5.0,0.2,0.2,22.0,13.0,0.0,1.0,12.923076923076923,13.2,0.0,17.0,1.0,1.0,53.0,12.25925925925926,3.0,0.0,0.6666666666666666,0.0,21.1,33.0,0.0,51.6,0
2019,15,Singapore Grand Prix,2019-09-22,HUL,Nico Hülkenberg,Renault,marina_bay,Marina Bay Street Circuit,8.0,8.0,0.125,0.125,31.0,14.0,0.0,2.0,11.642857142857142,10.2,1.0,10.0,1.0,0.0,65.0,11.964285714285714,3.0,0.0,0.7142857142857143,0.0,30.0,35.8,0.0,66.5,0
2019,15,Singapore Grand Prix,2019-09-22,RIC,Daniel Ricciardo,Renault,marina_bay,Marina Bay Street Circuit,20.0,20.0,0.05,0.05,34.0,14.0,0.0,1.0,12.285714285714286,11.6,0.0,6.0,1.0,0.0,67.0,11.862068965517242,3.0,0.0,0.7142857142857143,0.0,30.0,35.8,0.0,66.5,0
2019,16,Russian Grand Prix,2019-09-29,HUL,Nico Hülkenberg,Renault,sochi,Sochi Autodrom,7.0,6.0,0.14285714285714285,0.16666666666666666,33.0,15.0,0.0,2.0,11.466666666666667,10.0,1.0,12.0,1.0,0.0,67.0,11.933333333333334,3.0,0.0,0.7619047619047619,1.0,22.0,34.3,1.0,67.4,0
2019,16,Russian Grand Prix,2019-09-29,RIC,Daniel Ricciardo,Renault,sochi,Sochi Autodrom,10.0,10.0,0.1,0.1,34.0,15.0,0.0,1.0,12.4,13.0,0.0,6.0,1.0,0.0,68.0,11.870967741935484,3.0,0.0,0.7619047619047619,1.0,22.0,34.3,1.0,67.4,0
2019,17,Japanese Grand Prix,2019-10-13,HUL,Nico Hülkenberg,Renault,suzuka,Suzuka Circuit,15.0,15.0,0.06666666666666667,0.06666666666666667,34.0,16.0,0.0,2.0,11.375,8.8,0.0,19.0,1.0,1.0,68.0,12.09375,4.0,0.0,0.8095238095238095,0.0,21.6,32.2,0.0,57.5,0
2019,17,Japanese Grand Prix,2019-10-13,RIC,Daniel Ricciardo,Renault,suzuka,Suzuka Circuit,16.0,16.0,0.0625,0.0625,34.0,16.0,0.0,2.0,12.8125,13.0,1.0,4.0,1.0,0.0,68.0,12.333333333333334,4.0,0.0,0.8095238095238095,0.0,21.6,32.2,0.0,57.5,0
2019,18,Mexican Grand Prix,2019-10-27,HUL,Nico Hülkenberg,Renault,rodriguez,Autódromo Hermanos Rodríguez,12.0,12.0,0.08333333333333333,0.08333333333333333,34.0,17.0,0.0,2.0,11.882352941176471,10.4,0.0,6.0,1.0,0.0,68.0,12.529411764705882,4.0,0.0,0.8571428571428571,0.0,23.2,41.6,0.0,46.3,0
2019,18,Mexican Grand Prix,2019-10-27,RIC,Daniel Ricciardo,Renault,rodriguez,Autódromo Hermanos Rodríguez,13.0,13.0,0.07692307692307693,0.07692307692307693,34.0,17.0,0.0,2.0,13.176470588235293,14.0,1.0,17.0,1.0,1.0,69.0,12.457142857142857,4.0,0.0,0.8571428571428571,0.0,23.2,41.6,0.0,46.3,0
2019,19,United States Grand Prix,2019-11-03,HUL,Nico Hülkenberg,Renault,americas,Circuit of the Americas,11.0,11.0,0.09090909090909091,0.09090909090909091,35.0,18.0,0.0,2.0,11.777777777777779,10.8,0.0,6.0,1.0,0.0,73.0,12.333333333333334,4.0,0.0,0.9047619047619048,0.0,21.5,29.1,0.0,29.2,0
2019,19,United States Grand Prix,2019-11-03,RIC,Daniel Ricciardo,Renault,americas,Circuit of the Americas,9.0,9.0,0.1111111111111111,0.1111111111111111,38.0,18.0,0.0,2.0,12.88888888888889,12.8,1.0,16.0,1.0,0.0,75.0,12.243243243243244,4.0,0.0,0.9047619047619048,0.0,21.5,29.1,0.0,29.2,0
2019,20,Brazilian Grand Prix,2019-11-17,HUL,Nico Hülkenberg,Renault,interlagos,Autódromo José Carlos Pace,14.0,13.0,0.07142857142857142,0.07692307692307693,37.0,19.0,0.0,2.0,11.631578947368421,11.6,0.0,19.0,1.0,0.0,83.0,12.078947368421053,4.0,0.0,0.9523809523809523,0.0,21.0,46.5,0.0,60.3,0
2019,20,Brazilian Grand Prix,2019-11-17,RIC,Daniel Ricciardo,Renault,interlagos,Autódromo José Carlos Pace,12.0,11.0,0.08333333333333333,0.09090909090909091,46.0,19.0,0.0,2.0,12.526315789473685,13.2,1.0,4.0,1.0,0.0,83.0,12.153846153846153,4.0,0.0,0.9523809523809523,0.0,21.0,46.5,0.0,60.3,0
2019,21,Abu Dhabi Grand Prix,2019-12-01,HUL,Nico Hülkenberg,Renault,yas_marina,Yas Marina Circuit,10.0,9.0,0.1,0.1111111111111111,37.0,20.0,0.0,2.0,11.8,12.8,0.0,20.0,1.0,1.0,91.0,12.0,4.0,0.0,1.0,0.0,26.0,29.6,0.0,64.5,0
2019,21,Abu Dhabi Grand Prix,2019-12-01,RIC,Daniel Ricciardo,Renault,yas_marina,Yas Marina Circuit,8.0,7.0,0.125,0.14285714285714285,54.0,20.0,0.0,2.0,12.2,11.6,1.0,4.0,1.0,0.0,91.0,12.0,4.0,0.0,1.0,0.0,26.0,29.6,0.0,64.5,0
2020,1,Austrian Grand Prix,2020-07-05,OCO,Esteban Ocon,Renault,red_bull_ring,Red Bull Ring,14.0,14.0,0.07142857142857142,0.07142857142857142,0.0,0.0,0.0,0.0,11.375,14.2,1.0,6.0,1.0,0.0,0.0,11.416666666666666,0.0,0.0,0.058823529411764705,0.0,28.7,52.0,0.0,33.8,0
2020,1,Austrian Grand Prix,2020-07-05,RIC,Daniel Ricciardo,Renault,red_bull_ring,Red Bull Ring,10.0,10.0,0.1,0.1,0.0,0.0,0.0,0.0,11.375,10.0,0.0,15.0,2.0,0.0,4.0,8.0,0.0,0.0,0.058823529411764705,0.0,28.7,52.0,0.0,33.8,0
2020,2,Styrian Grand Prix,2020-07-12,OCO,Esteban Ocon,Renault,red_bull_ring,Red Bull Ring,5.0,5.0,0.2,0.2,4.0,1.0,0.0,0.0,8.0,14.0,1.0,7.0,2.0,0.0,4.0,13.5,0.0,0.0,0.11764705882352941,1.0,20.8,39.9,1.0,34.0,0
2020,2,Styrian Grand Prix,2020-07-12,RIC,Daniel Ricciardo,Renault,red_bull_ring,Red Bull Ring,9.0,8.0,0.1111111111111111,0.125,0.0,1.0,0.0,0.0,19.0,10.0,0.0,16.333333333333332,3.0,0.0,4.0,15.0,0.0,0.0,0.11764705882352941,1.0,20.8,39.9,1.0,34.0,0
2020,3,Hungarian Grand Prix,2020-07-19,OCO,Esteban Ocon,Renault,hungaroring,Hungaroring,14.0,14.0,0.07142857142857142,0.07142857142857142,4.0,2.0,0.0,0.0,13.0,13.8,1.0,13.0,1.0,0.0,8.0,13.25,0.0,0.0,0.17647058823529413,1.0,20.7,27.1,1.0,77.2,0
2020,3,Hungarian Grand Prix,2020-07-19,RIC,Daniel Ricciardo,Renault,hungaroring,Hungaroring,11.0,11.0,0.09090909090909091,0.09090909090909091,4.0,2.0,0.0,0.0,13.5,10.0,0.0,9.0,2.0,0.0,8.0,13.4,0.0,0.0,0.17647058823529413,1.0,20.7,27.1,1.0,77.2,0
2020,4,British Grand Prix,2020-08-02,OCO,Esteban Ocon,Renault,silverstone,Silverstone Circuit,9.0,9.0,0.1111111111111111,0.1111111111111111,4.0,3.0,0.0,0.0,13.333333333333334,14.4,1.0,7.0,1.0,0.0,12.0,12.5,0.0,0.0,0.23529411764705882,0.0,21.3,40.6,0.0,44.2,0
2020,4,British Grand Prix,2020-08-02,RIC,Daniel Ricciardo,Renault,silverstone,Silverstone Circuit,8.0,8.0,0.125,0.125,8.0,3.0,0.0,0.0,11.666666666666666,10.4,0.0,6.0,2.0,0.0,20.0,11.571428571428571,0.0,0.0,0.23529411764705882,0.0,21.3,40.6,0.0,44.2,0
2020,5,70th Anniversary Grand Prix,2020-08-09,OCO,Esteban Ocon,Renault,silverstone,Silverstone Circuit,11.0,14.0,0.09090909090909091,0.07142857142857142,12.0,4.0,0.0,0.0,11.5,12.6,1.0,6.5,2.0,0.0,32.0,10.625,0.0,0.0,0.29411764705882354,0.0,25.3,43.2,0.0,58.6,0
2020,5,70th Anniversary Grand Prix,2020-08-09,RIC,Daniel Ricciardo,Renault,silverstone,Silverstone Circuit,5.0,5.0,0.2,0.2,20.0,4.0,0.0,0.0,9.75,10.0,0.0,5.333333333333333,3.0,0.0,36.0,10.333333333333334,0.0,0.0,0.29411764705882354,0.0,25.3,43.2,0.0,58.6,0
2020,6,Spanish Grand Prix,2020-08-16,OCO,Esteban Ocon,Renault,catalunya,Circuit de Barcelona-Catalunya,15.0,15.0,0.06666666666666667,0.06666666666666667,16.0,5.0,0.0,0.0,10.8,10.8,0.0,16.0,1.0,0.0,36.0,10.7,0.0,0.0,0.35294117647058826,0.0,29.8,47.6,0.0,56.4,0
2020,6,Spanish Grand Prix,2020-08-16,RIC,Daniel Ricciardo,Renault,catalunya,Circuit de Barcelona-Catalunya,13.0,13.0,0.07692307692307693,0.07692307692307693,20.0,5.0,0.0,0.0,10.6,10.6,0.0,8.5,2.0,0.0,36.0,10.909090909090908,0.0,0.0,0.35294117647058826,0.0,29.8,47.6,0.0,56.4,0
2020,7,Belgian Grand Prix,2020-08-30,OCO,Esteban Ocon,Renault,spa,Circuit de Spa-Francorchamps,6.0,6.0,0.16666666666666666,0.16666666666666666,16.0,6.0,0.0,0.0,11.166666666666666,11.8,0.0,6.0,1.0,0.0,36.0,10.916666666666666,0.0,0.0,0.4117647058823529,0.0,18.6,29.8,0.0,54.9,0
2020,7,Belgian Grand Prix,2020-08-30,RIC,Daniel Ricciardo,Renault,spa,Circuit de Spa-Francorchamps,4.0,4.0,0.25,0.25,20.0,6.0,0.0,0.0,10.666666666666666,9.0,0.0,15.0,2.0,1.0,46.0,10.461538461538462,0.0,0.0,0.4117647058823529,0.0,18.6,29.8,0.0,54.9,0
2020,8,Italian Grand Prix,2020-09-06,OCO,Esteban Ocon,Renault,monza,Autodromo Nazionale di Monza,12.0,12.0,0.08333333333333333,0.08333333333333333,26.0,7.0,0.0,0.0,10.285714285714286,9.2,0.0,6.0,1.0,0.0,59.0,10.0,0.0,0.0,0.47058823529411764,0.0,28.1,41.2,0.0,40.1,0
2020,8,Italian Grand Prix,2020-09-06,RIC,Daniel Ricciardo,Renault,monza,Autodromo Nazionale di Monza,7.0,7.0,0.14285714285714285,0.14285714285714285,33.0,7.0,0.0,0.0,9.714285714285714,8.2,0.0,10.5,2.0,1.0,63.0,9.866666666666667,0.0,0.0,0.47058823529411764,0.0,28.1,41.2,0.0,40.1,0
2020,9,Tuscan Grand Prix,2020-09-13,OCO,Esteban Ocon,Renault,mugello,Autodromo Internazionale del Mugello,10.0,10.0,0.1,0.1,30.0,8.0,0.0,0.0,10.0,8.0,0.0,10.0,0.0,0.0,71.0,9.625,0.0,0.0,0.5294117647058824,0.0,30.2,43.1,0.0,39.9,0
2020,9,Tuscan Grand Prix,2020-09-13,RIC,Daniel Ricciardo,Renault,mugello,Autodromo Internazionale del Mugello,8.0,8.0,0.125,0.125,41.0,8.0,0.0,0.0,9.25,7.8,0.0,10.0,0.0,0.0,71.0,9.882352941176471,1.0,0.0,0.5294117647058824,0.0,30.2,43.1,0.0,39.9,0
2020,10,Russian Grand Prix,2020-09-27,OCO,Esteban Ocon,Renault,sochi,Sochi Autodrom,7.0,7.0,0.14285714285714285,0.14285714285714285,30.0,9.0,0.0,1.0,10.444444444444445,9.6,1.0,9.0,1.0,0.0,83.0,9.555555555555555,1.0,0.0,0.5882352941176471,0.0,28.8,40.3,0.0,51.4,0
2020,10,Russian Grand Prix,2020-09-27,RIC,Daniel Ricciardo,Renault,sochi,Sochi Autodrom,5.0,5.0,0.2,0.2,53.0,9.0,0.0,0.0,8.666666666666666,7.8,0.0,12.5,2.0,1.0,89.0,9.421052631578947,1.0,0.0,0.5882352941176471,0.0,28.8,40.3,0.0,51.4,0
2020,11,Eifel Grand Prix,2020-10-11,OCO,Esteban Ocon,Renault,nurburgring,Nürburgring,7.0,7.0,0.14285714285714285,0.14285714285714285,36.0,10.0,0.0,1.0,10.1,9.4,1.0,10.0,0.0,0.0,99.0,9.2,1.0,0.0,0.6470588235294118,1.0,9.5,16.4,1.0,59.4,0
2020,11,Eifel Grand Prix,2020-10-11,RIC,Daniel Ricciardo,Renault,nurburgring,Nürburgring,6.0,6.0,0.16666666666666666,0.16666666666666666,63.0,10.0,0.0,0.0,8.3,6.0,0.0,10.0,0.0,0.0,99.0,9.619047619047619,2.0,0.0,0.6470588235294118,1.0,9.5,16.4,1.0,59.4,0
2020,12,Portuguese Grand Prix,2020-10-25,OCO,Esteban Ocon,Renault,portimao,Autódromo Internacional do Algarve,11.0,11.0,0.09090909090909091,0.09090909090909091,36.0,11.0,0.0,2.0,10.818181818181818,10.4,2.0,10.0,0.0,0.0,114.0,9.318181818181818,2.0,0.0,0.7058823529411765,0.0,20.5,25.7,0.0,67.5,0
2020,12,Portuguese Grand Prix,2020-10-25,RIC,Daniel Ricciardo,Renault,portimao,Autódromo Internacional do Algarve,10.0,10.0,0.1,0.1,78.0,11.0,0.0,0.0,7.818181818181818,4.4,0.0,10.0,0.0,0.0,118.0,9.26086956521739,2.0,0.0,0.7058823529411765,0.0,20.5,25.7,0.0,67.5,0
2020,13,Emilia Romagna Grand Prix,2020-11-01,OCO,Esteban Ocon,Renault,imola,Autodromo Enzo e Dino Ferrari,12.0,12.0,0.08333333333333333,0.08333333333333333,40.0,12.0,0.0,2.0,10.583333333333334,11.0,2.0,10.0,0.0,0.0,120.0,9.25,2.0,0.0,0.7647058823529411,0.0,18.0,23.3,0.0,71.1,0
2020,13,Emilia Romagna Grand Prix,2020-11-01,RIC,Daniel Ricciardo,Renault,imola,Autodromo Enzo e Dino Ferrari,5.0,5.0,0.2,0.2,80.0,12.0,0.0,0.0,7.916666666666667,5.4,0.0,10.0,0.0,0.0,120.0,9.64,3.0,0.0,0.7647058823529411,0.0,18.0,23.3,0.0,71.1,0
2020,14,Turkish Grand Prix,2020-11-15,OCO,Esteban Ocon,Renault,istanbul,Istanbul Park,7.0,7.0,0.14285714285714285,0.14285714285714285,40.0,13.0,0.0,3.0,11.23076923076923,13.2,3.0,10.0,0.0,0.0,135.0,9.384615384615385,3.0,0.0,0.8235294117647058,1.0,13.1,15.2,1.0,80.2,0
2020,14,Turkish Grand Prix,2020-11-15,RIC,Daniel Ricciardo,Renault,istanbul,Istanbul Park,5.0,5.0,0.2,0.2,95.0,13.0,0.0,0.0,7.538461538461538,4.8,0.0,10.0,0.0,0.0,135.0,9.444444444444445,3.0,0.0,0.8235294117647058,1.0,13.1,15.2,1.0,80.2,0
2020,15,Bahrain Grand Prix,2020-11-29,OCO,Esteban Ocon,Renault,bahrain,Bahrain International Circuit,7.0,7.0,0.14285714285714285,0.14285714285714285,40.0,14.0,0.0,3.0,11.214285714285714,12.6,2.0,10.0,1.0,0.0,136.0,9.464285714285714,3.0,0.0,0.8823529411764706,0.0,25.1,27.5,0.0,67.8,0
2020,15,Bahrain Grand Prix,2020-11-29,RIC,Daniel Ricciardo,Renault,bahrain,Bahrain International Circuit,6.0,6.0,0.16666666666666666,0.16666666666666666,96.0,14.0,0.0,0.0,7.714285714285714,6.0,0.0,19.0,2.0,1.0,138.0,9.448275862068966,3.0,0.0,0.8823529411764706,0.0,25.1,27.5,0.0,67.8,0
2020,16,Sakhir Grand Prix,2020-12-06,OCO,Esteban Ocon,Renault,bahrain,Bahrain International Circuit,11.0,11.0,0.09090909090909091,0.09090909090909091,42.0,15.0,0.0,3.0,11.066666666666666,13.0,2.0,9.5,2.0,0.0,144.0,9.366666666666667,3.0,0.0,0.9411764705882353,0.0,20.9,23.5,0.0,58.2,0
2020,16,Sakhir Grand Prix,2020-12-06,RIC,Daniel Ricciardo,Renault,bahrain,Bahrain International Circuit,7.0,7.0,0.14285714285714285,0.14285714285714285,102.0,15.0,0.0,0.0,7.666666666666667,6.4,0.0,15.0,3.0,1.0,162.0,9.129032258064516,3.0,0.0,0.9411764705882353,0.0,20.9,23.5,0.0,58.2,0
2020,17,Abu Dhabi Grand Prix,2020-12-13,OCO,Esteban Ocon,Renault,yas_marina,Yas Marina Circuit,11.0,10.0,0.09090909090909091,0.1,60.0,16.0,0.0,3.0,10.5,9.8,1.0,17.0,1.0,1.0,172.0,9.0,3.0,0.0,1.0,0.0,23.1,28.0,0.0,55.4,0
2020,17,Abu Dhabi Grand Prix,2020-12-13,RIC,Daniel Ricciardo,Renault,yas_marina,Yas Marina Circuit,12.0,11.0,0.08333333333333333,0.09090909090909091,112.0,16.0,0.0,0.0,7.5,6.8,0.0,7.5,2.0,0.0,174.0,9.0,3.0,0.0,1.0,0.0,23.1,28.0,0.0,55.4,0
2018,1,Australian Grand Prix,2018-03-25,ERI,Marcus Ericsson,Sauber,albert_park,Albert Park Grand Prix Circuit,17.0,17.0,0.058823529411764705,0.058823529411764705,0.0,0.0,0.0,0.0,11.375,11.0,0.0,10.0,0.0,0.0,0.0,11.416666666666666,0.0,0.0,0.047619047619047616,1.0,24.1,36.3,1.0,30.9,0
2018,1,Australian Grand Prix,2018-03-25,LEC,Charles Leclerc,Sauber,albert_park,Albert Park Grand Prix Circuit,18.0,18.0,0.05555555555555555,0.05555555555555555,0.0,0.0,0.0,0.0,11.375,11.0,0.0,10.0,0.0,0.0,0.0,19.0,0.0,0.0,0.047619047619047616,1.0,24.1,36.3,1.0,30.9,0
2018,2,Bahrain Grand Prix,2018-04-08,ERI,Marcus Ericsson,Sauber,bahrain,Bahrain International Circuit,17.0,17.0,0.058823529411764705,0.058823529411764705,0.0,1.0,0.0,0.0,19.0,19.0,0.0,10.0,0.0,0.0,0.0,16.0,0.0,0.0,0.09523809523809523,0.0,28.0,32.2,0.0,47.4,0
2018,2,Bahrain Grand Prix,2018-04-08,LEC,Charles Leclerc,Sauber,bahrain,Bahrain International Circuit,19.0,19.0,0.05263157894736842,0.05263157894736842,0.0,1.0,0.0,0.0,13.0,13.0,0.0,10.0,0.0,0.0,2.0,13.666666666666666,0.0,0.0,0.09523809523809523,0.0,28.0,32.2,0.0,47.4,0
2018,3,Chinese Grand Prix,2018-04-15,ERI,Marcus Ericsson,Sauber,shanghai,Shanghai International Circuit,20.0,20.0,0.05,0.05,2.0,2.0,0.0,0.0,14.0,14.0,0.0,10.0,0.0,0.0,2.0,13.25,0.0,0.0,0.14285714285714285,1.0,19.4,37.0,1.0,24.1,0
2018,3,Chinese Grand Prix,2018-04-15,LEC,Charles Leclerc,Sauber,shanghai,Shanghai International Circuit,19.0,19.0,0.05263157894736842,0.05263157894736842,0.0,2.0,0.0,0.0,12.5,12.5,0.0,10.0,0.0,0.0,2.0,13.8,0.0,0.0,0.14285714285714285,1.0,19.4,37.0,1.0,24.1,0
2018,4,Azerbaijan Grand Prix,2018-04-29,ERI,Marcus Ericsson,Sauber,baku,Baku City Circuit,18.0,18.0,0.05555555555555555,0.05555555555555555,2.0,3.0,0.0,0.0,14.666666666666666,14.666666666666666,0.0,10.0,0.0,0.0,2.0,14.666666666666666,0.0,0.0,0.19047619047619047,0.0,16.7,25.3,0.0,45.7,0
2018,4,Azerbaijan Grand Prix,2018-04-29,LEC,Charles Leclerc,Sauber,baku,Baku City Circuit,14.0,13.0,0.07142857142857142,0.07692307692307693,0.0,3.0,0.0,0.0,14.666666666666666,14.666666666666666,0.0,10.0,0.0,0.0,2.0,14.142857142857142,0.0,0.0,0.19047619047619047,0.0,16.7,25.3,0.0,45.7,0
2018,5,Spanish Grand Prix,2018-05-13,ERI,Marcus Ericsson,Sauber,catalunya,Circuit de Barcelona-Catalunya,17.0,17.0,0.058823529411764705,0.058823529411764705,2.0,4.0,0.0,0.0,13.75,13.75,0.0,10.0,0.0,0.0,10.0,13.125,0.0,0.0,0.23809523809523808,1.0,16.1,32.3,1.0,52.3,0
2018,5,Spanish Grand Prix,2018-05-13,LEC,Charles Leclerc,Sauber,catalunya,Circuit de Barcelona-Catalunya,14.0,14.0,0.07142857142857142,0.07142857142857142,8.0,4.0,0.0,0.0,12.5,12.5,0.0,10.0,0.0,0.0,10.0,13.11111111111111,0.0,0.0,0.23809523809523808,1.0,16.1,32.3,1.0,52.3,0
2018,6,Monaco Grand Prix,2018-05-27,ERI,Marcus Ericsson,Sauber,monaco,Circuit de Monaco,17.0,16.0,0.058823529411764705,0.0625,2.0,5.0,0.0,0.0,13.6,13.6,0.0,10.0,0.0,0.0,11.0,12.8,0.0,0.0,0.2857142857142857,1.0,26.6,34.6,1.0,50.9,0
2018,6,Monaco Grand Prix,2018-05-27,LEC,Charles Leclerc,Sauber,monaco,Circuit de Monaco,14.0,14.0,0.07142857142857142,0.07142857142857142,9.0,5.0,0.0,0.0,12.0,12.0,0.0,10.0,0.0,0.0,11.0,12.636363636363637,0.0,0.0,0.2857142857142857,1.0,26.6,34.6,1.0,50.9,0
2018,7,Canadian Grand Prix,2018-06-10,ERI,Marcus Ericsson,Sauber,villeneuve,Circuit Gilles Villeneuve,19.0,19.0,0.05263157894736842,0.05263157894736842,2.0,6.0,0.0,0.0,13.166666666666666,12.0,0.0,10.0,0.0,0.0,11.0,13.083333333333334,1.0,0.0,0.3333333333333333,0.0,20.5,36.9,0.0,27.8,0
2018,7,Canadian Grand Prix,2018-06-10,LEC,Charles Leclerc,Sauber,villeneuve,Circuit Gilles Villeneuve,13.0,13.0,0.07692307692307693,0.07692307692307693,9.0,6.0,0.0,1.0,13.0,13.0,1.0,10.0,0.0,0.0,11.0,13.23076923076923,1.0,0.0,0.3333333333333333,0.0,20.5,36.9,0.0,27.8,0
2018,8,French Grand Prix,2018-06-24,ERI,Marcus Ericsson,Sauber,ricard,Circuit Paul Ricard,15.0,15.0,0.06666666666666667,0.06666666666666667,2.0,7.0,0.0,0.0,13.428571428571429,13.2,0.0,10.0,0.0,0.0,12.0,13.0,1.0,0.0,0.38095238095238093,1.0,24.5,42.0,1.0,49.0,0
2018,8,French Grand Prix,2018-06-24,LEC,Charles Leclerc,Sauber,ricard,Circuit Paul Ricard,8.0,8.0,0.125,0.125,10.0,7.0,0.0,1.0,12.571428571428571,12.6,1.0,10.0,0.0,0.0,12.0,13.0,1.0,0.0,0.38095238095238093,1.0,24.5,42.0,1.0,49.0,0
2018,9,Austrian Grand Prix,2018-07-01,ERI,Marcus Ericsson,Sauber,red_bull_ring,Red Bull Ring,20.0,20.0,0.05,0.05,2.0,8.0,0.0,0.0,13.375,12.6,0.0,10.0,0.0,0.0,13.0,12.8125,1.0,0.0,0.42857142857142855,0.0,23.2,45.9,0.0,37.1,0
2018,9,Austrian Grand Prix,2018-07-01,LEC,Charles Leclerc,Sauber,red_bull_ring,Red Bull Ring,13.0,18.0,0.07692307692307693,0.05555555555555555,11.0,8.0,0.0,1.0,12.25,10.8,1.0,10.0,0.0,0.0,14.0,12.647058823529411,1.0,0.0,0.42857142857142855,0.0,23.2,45.9,0.0,37.1,0
2018,10,British Grand Prix,2018-07-08,ERI,Marcus Ericsson,Sauber,silverstone,Silverstone Circuit,15.0,15.0,0.06666666666666667,0.06666666666666667,3.0,9.0,0.0,0.0,13.0,12.4,0.0,10.0,0.0,0.0,16.0,12.444444444444445,1.0,0.0,0.47619047619047616,0.0,27.4,52.2,0.0,38.7,0
2018,10,British Grand Prix,2018-07-08,LEC,Charles Leclerc,Sauber,silverstone,Silverstone Circuit,9.0,9.0,0.1111111111111111,0.1111111111111111,13.0,9.0,0.0,1.0,11.88888888888889,11.4,1.0,10.0,0.0,0.0,16.0,12.736842105263158,2.0,0.0,0.47619047619047616,0.0,27.4,52.2,0.0,38.7,0
2018,11,German Grand Prix,2018-07-22,ERI,Marcus Ericsson,Sauber,hockenheimring,Hockenheimring,13.0,13.0,0.07692307692307693,0.07692307692307693,3.0,10.0,0.0,1.0,13.5,13.4,1.0,10.0,0.0,0.0,16.0,13.05,2.0,0.0,0.5238095238095238,1.0,26.4,40.7,1.0,54.8,0
2018,11,German Grand Prix,2018-07-22,LEC,Charles Leclerc,Sauber,hockenheimring,Hockenheimring,9.0,9.0,0.1111111111111111,0.1111111111111111,13.0,10.0,0.0,1.0,12.6,13.2,1.0,10.0,0.0,0.0,18.0,12.857142857142858,2.0,0.0,0.5238095238095238,1.0,26.4,40.7,1.0,54.8,0
2018,12,Hungarian Grand Prix,2018-07-29,ERI,Marcus Ericsson,Sauber,hungaroring,Hungaroring,14.0,14.0,0.07142857142857142,0.07142857142857142,5.0,11.0,0.0,1.0,13.090909090909092,13.0,1.0,10.0,0.0,0.0,18.0,12.954545454545455,2.0,0.0,0.5714285714285714,0.0,33.8,51.1,0.0,33.0,0
2018,12,Hungarian Grand Prix,2018-07-29,LEC,Charles Leclerc,Sauber,hungaroring,Hungaroring,17.0,17.0,0.058823529411764705,0.058823529411764705,13.0,11.0,0.0,1.0,12.818181818181818,12.6,0.0,10.0,0.0,0.0,18.0,13.043478260869565,2.0,0.0,0.5714285714285714,0.0,33.8,51.1,0.0,33.0,0
2018,13,Belgian Grand Prix,2018-08-26,ERI,Marcus Ericsson,Sauber,spa,Circuit de Spa-Francorchamps,14.0,13.0,0.07142857142857142,0.07692307692307693,5.0,12.0,0.0,1.0,13.25,13.0,1.0,10.0,0.0,0.0,18.0,13.333333333333334,2.0,0.0,0.6190476190476191,0.0,17.3,27.9,0.0,37.7,0
2018,13,Belgian Grand Prix,2018-08-26,LEC,Charles Leclerc,Sauber,spa,Circuit de Spa-Francorchamps,13.0,12.0,0.07692307692307693,0.08333333333333333,13.0,12.0,0.0,1.0,13.416666666666666,14.6,0.0,10.0,0.0,0.0,19.0,13.2,2.0,0.0,0.6190476190476191,0.0,17.3,27.9,0.0,37.7,0
2018,14,Italian Grand Prix,2018-09-02,ERI,Marcus Ericsson,Sauber,monza,Autodromo Nazionale di Monza,19.0,18.0,0.05263157894736842,0.05555555555555555,6.0,13.0,0.0,1.0,13.0,12.4,1.0,10.0,0.0,0.0,19.0,13.384615384615385,3.0,0.0,0.6666666666666666,1.0,22.2,30.8,1.0,63.8,0
2018,14,Italian Grand Prix,2018-09-02,LEC,Charles Leclerc,Sauber,monza,Autodromo Nazionale di Monza,17.0,15.0,0.058823529411764705,0.06666666666666667,13.0,13.0,0.0,2.0,13.76923076923077,16.2,1.0,10.0,0.0,0.0,19.0,13.444444444444445,3.0,0.0,0.6666666666666666,1.0,22.2,30.8,1.0,63.8,0
2018,15,Singapore Grand Prix,2018-09-16,ERI,Marcus Ericsson,Sauber,marina_bay,Marina Bay Street Circuit,14.0,14.0,0.07142857142857142,0.07142857142857142,6.0,14.0,0.0,1.0,13.142857142857142,13.4,1.0,10.0,0.0,0.0,19.0,13.357142857142858,3.0,0.0,0.7142857142857143,0.0,29.9,33.1,0.0,66.0,0
2018,15,Singapore Grand Prix,2018-09-16,LEC,Charles Leclerc,Sauber,marina_bay,Marina Bay Street Circuit,13.0,13.0,0.07692307692307693,0.07692307692307693,13.0,14.0,0.0,2.0,13.571428571428571,16.6,1.0,10.0,0.0,0.0,19.0,13.275862068965518,3.0,0.0,0.7142857142857143,0.0,29.9,33.1,0.0,66.0,0
2018,16,Russian Grand Prix,2018-09-30,ERI,Marcus Ericsson,Sauber,sochi,Sochi Autodrom,10.0,10.0,0.1,0.1,6.0,15.0,0.0,1.0,13.0,12.0,0.0,10.0,0.0,0.0,21.0,13.133333333333333,3.0,0.0,0.7619047619047619,1.0,24.8,29.9,1.0,61.3,0
2018,16,Russian Grand Prix,2018-09-30,LEC,Charles Leclerc,Sauber,sochi,Sochi Autodrom,7.0,7.0,0.14285714285714285,0.14285714285714285,15.0,15.0,0.0,2.0,13.266666666666667,14.6,1.0,10.0,0.0,0.0,21.0,13.129032258064516,3.0,0.0,0.7619047619047619,1.0,24.8,29.9,1.0,61.3,0
2018,17,Japanese Grand Prix,2018-10-07,ERI,Marcus Ericsson,Sauber,suzuka,Suzuka Circuit,20.0,20.0,0.05,0.05,6.0,16.0,0.0,1.0,13.0,12.8,0.0,10.0,0.0,0.0,27.0,12.9375,3.0,0.0,0.8095238095238095,0.0,28.3,37.2,0.0,50.5,0
2018,17,Japanese Grand Prix,2018-10-07,LEC,Charles Leclerc,Sauber,suzuka,Suzuka Circuit,11.0,10.0,0.09090909090909091,0.1,21.0,16.0,0.0,2.0,12.875,13.0,1.0,10.0,0.0,0.0,27.0,12.909090909090908,3.0,0.0,0.8095238095238095,0.0,28.3,37.2,0.0,50.5,0
2018,18,United States Grand Prix,2018-10-21,ERI,Marcus Ericsson,Sauber,americas,Circuit of the Americas,19.0,16.0,0.05263157894736842,0.0625,6.0,17.0,0.0,1.0,12.941176470588236,12.2,0.0,10.0,0.0,0.0,27.0,13.058823529411764,3.0,0.0,0.8571428571428571,0.0,21.9,30.5,0.0,37.6,0
2018,18,United States Grand Prix,2018-10-21,LEC,Charles Leclerc,Sauber,americas,Circuit of the Americas,9.0,9.0,0.1111111111111111,0.1111111111111111,21.0,17.0,0.0,2.0,13.176470588235293,12.6,1.0,10.0,0.0,0.0,28.0,12.971428571428572,3.0,0.0,0.8571428571428571,0.0,21.9,30.5,0.0,37.6,0
2018,19,Mexican Grand Prix,2018-10-28,ERI,Marcus Ericsson,Sauber,rodriguez,Autódromo Hermanos Rodríguez,10.0,10.0,0.1,0.1,7.0,18.0,0.0,1.0,12.777777777777779,12.2,0.0,10.0,0.0,0.0,28.0,13.027777777777779,4.0,0.0,0.9047619047619048,0.0,20.1,34.5,0.0,50.7,0
2018,19,Mexican Grand Prix,2018-10-28,LEC,Charles Leclerc,Sauber,rodriguez,Autódromo Hermanos Rodríguez,9.0,9.0,0.1111111111111111,0.1111111111111111,21.0,18.0,0.0,3.0,13.277777777777779,12.0,1.0,10.0,0.0,0.0,30.0,12.91891891891892,4.0,0.0,0.9047619047619048,0.0,20.1,34.5,0.0,50.7,0
2018,20,Brazilian Grand Prix,2018-11-11,ERI,Marcus Ericsson,Sauber,interlagos,Autódromo José Carlos Pace,7.0,6.0,0.14285714285714285,0.16666666666666666,9.0,19.0,0.0,1.0,12.578947368421053,11.0,0.0,10.0,0.0,0.0,36.0,12.763157894736842,4.0,0.0,0.9523809523809523,0.0,23.8,40.1,0.0,75.4,0
2018,20,Brazilian Grand Prix,2018-11-11,LEC,Charles Leclerc,Sauber,interlagos,Autódromo José Carlos Pace,8.0,7.0,0.125,0.14285714285714285,27.0,19.0,0.0,3.0,12.947368421052632,11.2,1.0,10.0,0.0,0.0,36.0,12.948717948717949,5.0,0.0,0.9523809523809523,0.0,23.8,40.1,0.0,75.4,0
2018,21,Abu Dhabi Grand Prix,2018-11-25,ERI,Marcus Ericsson,Sauber,yas_marina,Yas Marina Circuit,12.0,12.0,0.08333333333333333,0.08333333333333333,9.0,20.0,0.0,2.0,12.95,12.8,1.0,10.0,0.0,0.0,42.0,12.8,5.0,0.0,1.0,1.0,31.3,33.3,1.0,45.4,0
2018,21,Abu Dhabi Grand Prix,2018-11-25,LEC,Charles Leclerc,Sauber,yas_marina,Yas Marina Circuit,8.0,8.0,0.125,0.125,33.0,20.0,0.0,3.0,12.65,10.8,1.0,10.0,0.0,0.0,42.0,12.926829268292684,5.0,0.0,1.0,1.0,31.3,33.3,1.0,45.4,0
2024,1,Bahrain Grand Prix,2024-03-02,BOT,Valtteri Bottas,Sauber,bahrain,Bahrain International Circuit,16.0,16.0,0.0625,0.0625,0.0,0.0,0.0,0.0,11.375,15.8,1.0,5.285714285714286,7.0,0.0,0.0,11.416666666666666,0.0,1.0,0.041666666666666664,0.0,18.2,23.7,0.0,48.8,0
2024,1,Bahrain Grand Prix,2024-03-02,ZHO,Guanyu Zhou,Sauber,bahrain,Bahrain International Circuit,17.0,17.0,0.058823529411764705,0.058823529411764705,0.0,0.0,0.0,0.0,11.375,15.2,1.0,13.0,2.0,0.0,0.0,19.0,0.0,1.0,0.041666666666666664,0.0,18.2,23.7,0.0,48.8,0
2024,2,Saudi Arabian Grand Prix,2024-03-09,BOT,Valtteri Bottas,Sauber,jeddah,Jeddah Corniche Circuit,16.0,16.0,0.0625,0.0625,0.0,1.0,0.0,0.0,19.0,17.2,1.0,12.0,3.0,0.0,0.0,15.0,0.0,1.0,0.08333333333333333,0.0,25.5,31.6,0.0,62.3,0
2024,2,Saudi Arabian Grand Prix,2024-03-09,ZHO,Guanyu Zhou,Sauber,jeddah,Jeddah Corniche Circuit,20.0,20.0,0.05,0.05,0.0,1.0,0.0,0.0,11.0,14.8,1.0,12.0,2.0,0.0,0.0,15.666666666666666,0.0,1.0,0.08333333333333333,0.0,25.5,31.6,0.0,62.3,0
2024,3,Australian Grand Prix,2024-03-24,BOT,Valtteri Bottas,Sauber,albert_park,Albert Park Grand Prix Circuit,13.0,13.0,0.07692307692307693,0.07692307692307693,0.0,2.0,0.0,0.0,18.0,17.6,1.0,7.0,4.0,0.0,0.0,16.25,0.0,1.0,0.125,0.0,20.6,38.4,0.0,44.5,0
2024,3,Australian Grand Prix,2024-03-24,ZHO,Guanyu Zhou,Sauber,albert_park,Albert Park Grand Prix Circuit,19.0,19.0,0.05263157894736842,0.05263157894736842,0.0,2.0,0.0,0.0,14.5,15.6,1.0,10.0,2.0,0.0,0.0,15.8,0.0,1.0,0.125,0.0,20.6,38.4,0.0,44.5,0
2024,4,Japanese Grand Prix,2024-04-07,BOT,Valtteri Bottas,Sauber,suzuka,Suzuka Circuit,13.0,13.0,0.07692307692307693,0.07692307692307693,0.0,3.0,0.0,0.0,16.666666666666668,17.2,0.0,9.5,4.0,1.0,0.0,15.666666666666666,0.0,1.0,0.16666666666666666,0.0,21.7,37.5,0.0,43.4,0
2024,4,Japanese Grand Prix,2024-04-07,ZHO,Guanyu Zhou,Sauber,suzuka,Suzuka Circuit,20.0,20.0,0.05,0.05,0.0,3.0,0.0,0.0,14.666666666666666,15.2,0.0,14.5,2.0,0.0,0.0,15.428571428571429,0.0,1.0,0.16666666666666666,0.0,21.7,37.5,0.0,43.4,0
2024,5,Chinese Grand Prix,2024-04-21,BOT,Valtteri Bottas,Sauber,shanghai,Shanghai International Circuit,10.0,10.0,0.1,0.1,0.0,4.0,0.0,0.0,16.0,16.6,0.0,2.0,2.0,0.0,0.0,15.75,1.0,1.0,0.20833333333333334,0.0,18.6,29.8,0.0,66.1,0
2024,5,Chinese Grand Prix,2024-04-21,ZHO,Guanyu Zhou,Sauber,shanghai,Shanghai International Circuit,16.0,16.0,0.0625,0.0625,0.0,4.0,0.0,1.0,15.5,15.8,1.0,10.0,0.0,0.0,0.0,16.22222222222222,2.0,1.0,0.20833333333333334,0.0,18.6,29.8,0.0,66.1,0
2024,6,Miami Grand Prix,2024-05-05,BOT,Valtteri Bottas,Sauber,miami,Miami International Autodrome,16.0,16.0,0.0625,0.0625,0.0,5.0,0.0,1.0,16.8,16.8,1.0,10.0,2.0,0.0,0.0,16.0,2.0,1.0,0.25,0.0,28.5,44.7,0.0,59.0,0
2024,6,Miami Grand Prix,2024-05-05,ZHO,Guanyu Zhou,Sauber,miami,Miami International Autodrome,20.0,19.0,0.05,0.05263157894736842,0.0,5.0,0.0,1.0,15.2,15.2,1.0,18.0,2.0,0.0,0.0,16.0,2.0,1.0,0.25,0.0,28.5,44.7,0.0,59.0,0
2024,7,Emilia Romagna Grand Prix,2024-05-19,BOT,Valtteri Bottas,Sauber,imola,Autodromo Enzo e Dino Ferrari,16.0,16.0,0.0625,0.0625,0.0,6.0,0.0,1.0,16.666666666666668,16.2,1.0,8.333333333333334,3.0,1.0,0.0,15.833333333333334,2.0,1.0,0.2916666666666667,0.0,25.1,42.0,0.0,48.4,0
2024,7,Emilia Romagna Grand Prix,2024-05-19,ZHO,Guanyu Zhou,Sauber,imola,Autodromo Enzo e Dino Ferrari,17.0,17.0,0.058823529411764705,0.058823529411764705,0.0,6.0,0.0,1.0,15.0,15.8,1.0,15.0,1.0,0.0,0.0,16.0,2.0,1.0,0.2916666666666667,0.0,25.1,42.0,0.0,48.4,0
2024,8,Monaco Grand Prix,2024-05-26,BOT,Valtteri Bottas,Sauber,monaco,Circuit de Monaco,17.0,17.0,0.058823529411764705,0.058823529411764705,0.0,7.0,0.0,1.0,16.857142857142858,16.4,1.0,9.4,5.0,0.0,0.0,15.928571428571429,2.0,1.0,0.3333333333333333,0.0,21.6,46.3,0.0,64.0,0
2024,8,Monaco Grand Prix,2024-05-26,ZHO,Guanyu Zhou,Sauber,monaco,Circuit de Monaco,18.0,18.0,0.05555555555555555,0.05555555555555555,0.0,7.0,0.0,1.0,15.0,15.2,1.0,14.5,2.0,0.0,0.0,15.733333333333333,2.0,1.0,0.3333333333333333,0.0,21.6,46.3,0.0,64.0,0
2024,9,Canadian Grand Prix,2024-06-09,BOT,Valtteri Bottas,Sauber,villeneuve,Circuit Gilles Villeneuve,17.0,19.0,0.058823529411764705,0.05263157894736842,0.0,8.0,0.0,1.0,16.375,16.2,1.0,5.75,4.0,0.0,0.0,15.75,2.0,1.0,0.375,1.0,17.8,24.6,1.0,73.4,0
2024,9,Canadian Grand Prix,2024-06-09,ZHO,Guanyu Zhou,Sauber,villeneuve,Circuit Gilles Villeneuve,20.0,20.0,0.05,0.05,0.0,8.0,0.0,1.0,15.125,15.4,1.0,12.0,2.0,0.0,0.0,15.588235294117647,2.0,1.0,0.375,1.0,17.8,24.6,1.0,73.4,0
2024,10,Spanish Grand Prix,2024-06-23,BOT,Valtteri Bottas,Sauber,catalunya,Circuit de Barcelona-Catalunya,12.0,12.0,0.08333333333333333,0.08333333333333333,0.0,9.0,0.0,1.0,16.0,16.0,1.0,5.833333333333333,6.0,0.0,0.0,15.555555555555555,2.0,1.0,0.4166666666666667,1.0,24.1,41.1,1.0,63.4,0
2024,10,Spanish Grand Prix,2024-06-23,ZHO,Guanyu Zhou,Sauber,catalunya,Circuit de Barcelona-Catalunya,15.0,15.0,0.06666666666666667,0.06666666666666667,0.0,9.0,0.0,1.0,15.11111111111111,14.8,0.0,14.0,2.0,0.0,0.0,15.578947368421053,2.0,1.0,0.4166666666666667,1.0,24.1,41.1,1.0,63.4,0
2024,11,Austrian Grand Prix,2024-06-30,BOT,Valtteri Bottas,Sauber,red_bull_ring,Red Bull Ring,18.0,18.0,0.05555555555555555,0.05555555555555555,0.0,10.0,0.0,1.0,16.0,15.2,0.0,7.0,8.0,1.0,0.0,15.45,2.0,1.0,0.4583333333333333,1.0,29.4,46.4,1.0,35.0,0
2024,11,Austrian Grand Prix,2024-06-30,ZHO,Guanyu Zhou,Sauber,red_bull_ring,Red Bull Ring,20.0,20.0,0.05,0.05,0.0,10.0,0.0,1.0,14.9,14.6,0.0,13.0,2.0,0.0,0.0,15.476190476190476,2.0,1.0,0.4583333333333333,1.0,29.4,46.4,1.0,35.0,0
2024,12,British Grand Prix,2024-07-07,BOT,Valtteri Bottas,Sauber,silverstone,Silverstone Circuit,16.0,16.0,0.0625,0.0625,0.0,11.0,0.0,1.0,16.0,15.2,0.0,7.428571428571429,7.0,1.0,0.0,15.545454545454545,2.0,1.0,0.5,1.0,15.8,27.7,1.0,67.3,0
2024,12,British Grand Prix,2024-07-07,ZHO,Guanyu Zhou,Sauber,silverstone,Silverstone Circuit,14.0,14.0,0.07142857142857142,0.07142857142857142,0.0,11.0,0.0,1.0,15.090909090909092,15.2,0.0,17.0,2.0,1.0,0.0,15.521739130434783,2.0,1.0,0.5,1.0,15.8,27.7,1.0,67.3,0
2024,13,Hungarian Grand Prix,2024-07-21,BOT,Valtteri Bottas,Sauber,hungaroring,Hungaroring,12.0,12.0,0.08333333333333333,0.08333333333333333,0.0,12.0,0.0,1.0,15.916666666666666,14.6,0.0,10.666666666666666,6.0,1.0,0.0,15.625,2.0,1.0,0.5416666666666666,0.0,28.8,44.9,0.0,46.9,0
2024,13,Hungarian Grand Prix,2024-07-21,ZHO,Guanyu Zhou,Sauber,hungaroring,Hungaroring,18.0,18.0,0.05555555555555555,0.05555555555555555,0.0,12.0,0.0,1.0,15.333333333333334,15.8,0.0,14.5,2.0,0.0,0.0,15.64,2.0,1.0,0.5416666666666666,0.0,28.8,44.9,0.0,46.9,0
2024,14,Belgian Grand Prix,2024-07-28,BOT,Valtteri Bottas,Sauber,spa,Circuit de Spa-Francorchamps,14.0,14.0,0.07142857142857142,0.07142857142857142,0.0,13.0,0.0,1.0,15.923076923076923,15.2,0.0,8.666666666666666,6.0,1.0,0.0,15.76923076923077,2.0,1.0,0.5833333333333334,0.0,21.3,42.3,0.0,49.6,0
2024,14,Belgian Grand Prix,2024-07-28,ZHO,Guanyu Zhou,Sauber,spa,Circuit de Spa-Francorchamps,20.0,19.0,0.05,0.05263157894736842,0.0,13.0,0.0,1.0,15.615384615384615,16.4,0.0,13.5,2.0,0.0,0.0,15.74074074074074,2.0,1.0,0.5833333333333334,0.0,21.3,42.3,0.0,49.6,0
2024,15,Dutch Grand Prix,2024-08-25,BOT,Valtteri Bottas,Sauber,zandvoort,Circuit Park Zandvoort,17.0,16.0,0.058823529411764705,0.0625,0.0,14.0,0.0,1.0,15.857142857142858,15.6,0.0,12.0,3.0,1.0,0.0,15.857142857142858,3.0,1.0,0.625,0.0,19.0,30.8,0.0,61.0,0
2024,15,Dutch Grand Prix,2024-08-25,ZHO,Guanyu Zhou,Sauber,zandvoort,Circuit Park Zandvoort,18.0,17.0,0.05555555555555555,0.058823529411764705,0.0,14.0,0.0,2.0,15.857142857142858,17.2,1.0,17.0,2.0,1.0,0.0,15.96551724137931,3.0,1.0,0.625,0.0,19.0,30.8,0.0,61.0,0
2024,16,Italian Grand Prix,2024-09-01,BOT,Valtteri Bottas,Sauber,monza,Autodromo Nazionale di Monza,19.0,19.0,0.05263157894736842,0.05263157894736842,0.0,15.0,0.0,1.0,16.066666666666666,16.2,0.0,6.0,6.0,0.0,0.0,16.1,3.0,1.0,0.6666666666666666,0.0,33.1,49.3,0.0,32.3,0
2024,16,Italian Grand Prix,2024-09-01,ZHO,Guanyu Zhou,Sauber,monza,Autodromo Nazionale di Monza,20.0,20.0,0.05,0.05,0.0,15.0,0.0,2.0,16.133333333333333,18.6,1.0,12.0,2.0,0.0,0.0,16.096774193548388,3.0,1.0,0.6666666666666666,0.0,33.1,49.3,0.0,32.3,0
2024,17,Azerbaijan Grand Prix,2024-09-15,BOT,Valtteri Bottas,Sauber,baku,Baku City Circuit,17.0,16.0,0.058823529411764705,0.0625,0.0,16.0,0.0,1.0,16.0625,16.2,0.0,11.2,5.0,0.0,0.0,16.15625,3.0,1.0,0.7083333333333334,0.0,26.7,44.3,0.0,38.0,0
2024,17,Azerbaijan Grand Prix,2024-09-15,ZHO,Guanyu Zhou,Sauber,baku,Baku City Circuit,18.0,17.0,0.05555555555555555,0.058823529411764705,0.0,16.0,0.0,2.0,16.25,18.8,1.0,18.5,2.0,2.0,0.0,16.151515151515152,3.0,1.0,0.7083333333333334,0.0,26.7,44.3,0.0,38.0,0
2024,18,Singapore Grand Prix,2024-09-22,BOT,Valtteri Bottas,Sauber,marina_bay,Marina Bay Street Circuit,19.0,19.0,0.05263157894736842,0.05263157894736842,0.0,17.0,0.0,1.0,16.058823529411764,16.4,0.0,9.25,4.0,1.0,0.0,16.08823529411765,3.0,1.0,0.75,0.0,30.8,36.4,0.0,74.7,0
2024,18,Singapore Grand Prix,2024-09-22,ZHO,Guanyu Zhou,Sauber,marina_bay,Marina Bay Street Circuit,20.0,20.0,0.05,0.05,0.0,17.0,0.0,2.0,16.11764705882353,18.0,1.0,16.0,2.0,1.0,0.0,16.085714285714285,3.0,1.0,0.75,0.0,30.8,36.4,0.0,74.7,0
2024,19,United States Grand Prix,2024-10-20,BOT,Valtteri Bottas,Sauber,americas,Circuit of the Americas,18.0,16.0,0.05555555555555555,0.0625,0.0,18.0,0.0,1.0,16.055555555555557,16.4,0.0,8.6,5.0,0.0,0.0,16.055555555555557,3.0,1.0,0.7916666666666666,0.0,28.1,46.6,0.0,35.5,0
2024,19,United States Grand Prix,2024-10-20,ZHO,Guanyu Zhou,Sauber,americas,Circuit of the Americas,20.0,18.0,0.05,0.05555555555555555,0.0,18.0,0.0,2.0,16.055555555555557,17.2,1.0,12.5,2.0,0.0,0.0,16.08108108108108,3.0,1.0,0.7916666666666666,0.0,28.1,46.6,0.0,35.5,0
2024,20,Mexico City Grand Prix,2024-10-27,BOT,Valtteri Bottas,Sauber,rodriguez,Autódromo Hermanos Rodríguez,15.0,15.0,0.06666666666666667,0.06666666666666667,0.0,19.0,0.0,1.0,16.105263157894736,16.8,0.0,9.6,5.0,0.0,0.0,16.157894736842106,3.0,1.0,0.8333333333333334,0.0,19.9,35.6,0.0,51.1,0
2024,20,Mexico City Grand Prix,2024-10-27,ZHO,Guanyu Zhou,Sauber,rodriguez,Autódromo Hermanos Rodríguez,20.0,19.0,0.05,0.05263157894736842,0.0,19.0,0.0,2.0,16.210526315789473,17.2,0.0,13.5,2.0,0.0,0.0,16.102564102564102,3.0,1.0,0.8333333333333334,0.0,19.9,35.6,0.0,51.1,0
2024,21,São Paulo Grand Prix,2024-11-03,BOT,Valtteri Bottas,Sauber,interlagos,Autódromo José Carlos Pace,11.0,11.0,0.09090909090909091,0.09090909090909091,0.0,20.0,0.0,1.0,16.0,15.8,0.0,10.6,5.0,1.0,0.0,16.075,3.0,1.0,0.875,1.0,21.7,25.8,1.0,85.3,0
2024,21,São Paulo Grand Prix,2024-11-03,ZHO,Guanyu Zhou,Sauber,interlagos,Autódromo José Carlos Pace,20.0,19.0,0.05,0.05263157894736842,0.0,20.0,0.0,2.0,16.15,16.2,0.0,14.5,2.0,1.0,0.0,16.0,3.0,1.0,0.875,1.0,21.7,25.8,1.0,85.3,0
2024,22,Las Vegas Grand Prix,2024-11-23,BOT,Valtteri Bottas,Sauber,vegas,Las Vegas Strip Street Circuit,19.0,19.0,0.05263157894736842,0.05263157894736842,0.0,21.0,0.0,1.0,15.857142857142858,15.2,0.0,17.0,1.0,0.0,0.0,15.976190476190476,3.0,1.0,0.9166666666666666,0.0,17.8,17.7,0.0,47.9,0
2024,22,Las Vegas Grand Prix,2024-11-23,ZHO,Guanyu Zhou,Sauber,vegas,Las Vegas Strip Street Circuit,13.0,13.0,0.07692307692307693,0.07692307692307693,0.0,21.0,0.0,2.0,16.095238095238095,15.6,0.0,15.0,1.0,0.0,0.0,16.023255813953487,3.0,1.0,0.9166666666666666,0.0,17.8,17.7,0.0,47.9,0
2024,23,Qatar Grand Prix,2024-12-01,BOT,Valtteri Bottas,Sauber,losail,Losail International Circuit,13.0,13.0,0.07692307692307693,0.07692307692307693,0.0,22.0,0.0,1.0,15.954545454545455,15.6,0.0,14.0,2.0,0.0,0.0,15.954545454545455,3.0,1.0,0.9583333333333334,0.0,18.9,22.8,0.0,57.3,0
2024,23,Qatar Grand Prix,2024-12-01,ZHO,Guanyu Zhou,Sauber,losail,Losail International Circuit,12.0,12.0,0.08333333333333333,0.08333333333333333,0.0,22.0,0.0,2.0,15.954545454545455,15.4,0.0,9.0,1.0,0.0,0.0,15.844444444444445,3.0,1.0,0.9583333333333334,0.0,18.9,22.8,0.0,57.3,0
2024,24,Abu Dhabi Grand Prix,2024-12-08,BOT,Valtteri Bottas,Sauber,yas_marina,Yas Marina Circuit,9.0,9.0,0.1111111111111111,0.1111111111111111,0.0,23.0,0.0,1.0,15.73913043478261,14.6,0.0,8.5,6.0,0.0,4.0,15.673913043478262,3.0,1.0,1.0,0.0,26.8,31.8,0.0,51.4,0
2024,24,Abu Dhabi Grand Prix,2024-12-08,ZHO,Guanyu Zhou,Sauber,yas_marina,Yas Marina Circuit,17.0,15.0,0.058823529411764705,0.06666666666666667,4.0,23.0,0.0,2.0,15.608695652173912,14.0,0.0,14.5,2.0,0.0,4.0,15.72340425531915,4.0,1.0,1.0,0.0,26.8,31.8,0.0,51.4,0
2025,1,Australian Grand Prix,2025-03-16,BOR,Gabriel Bortoleto,Sauber,albert_park,Albert Park Grand Prix Circuit,15.0,15.0,0.06666666666666667,0.06666666666666667,0.0,0.0,0.0,0.0,11.375,11.0,0.0,10.0,0.0,0.0,0.0,11.416666666666666,0.0,1.0,0.041666666666666664,1.0,15.7,18.9,1.0,78.4,0
2025,1,Australian Grand Prix,2025-03-16,HUL,Nico Hülkenberg,Sauber,albert_park,Albert Park Grand Prix Circuit,17.0,17.0,0.058823529411764705,0.058823529411764705,0.0,0.0,0.0,0.0,11.375,12.2,1.0,7.5,4.0,0.0,0.0,16.0,1.0,1.0,0.041666666666666664,1.0,15.7,18.9,1.0,78.4,0
2025,2,Chinese Grand Prix,2025-03-23,BOR,Gabriel Bortoleto,Sauber,shanghai,Shanghai International Circuit,19.0,19.0,0.05263157894736842,0.05263157894736842,0.0,1.0,0.0,1.0,16.0,16.0,1.0,10.0,0.0,0.0,6.0,11.5,1.0,1.0,0.08333333333333333,0.0,27.2,35.8,0.0,18.2,0
2025,2,Chinese Grand Prix,2025-03-23,HUL,Nico Hülkenberg,Sauber,shanghai,Shanghai International Circuit,12.0,12.0,0.08333333333333333,0.08333333333333333,6.0,1.0,0.0,0.0,7.0,11.8,1.0,12.0,3.0,0.0,6.0,12.333333333333334,1.0,1.0,0.08333333333333333,0.0,27.2,35.8,0.0,18.2,0
2025,3,Japanese Grand Prix,2025-04-06,BOR,Gabriel Bortoleto,Sauber,suzuka,Suzuka Circuit,17.0,17.0,0.058823529411764705,0.058823529411764705,0.0,2.0,0.0,1.0,15.0,15.0,1.0,10.0,0.0,0.0,6.0,13.0,1.0,1.0,0.125,0.0,14.4,20.5,0.0,76.4,0
2025,3,Japanese Grand Prix,2025-04-06,HUL,Nico Hülkenberg,Sauber,suzuka,Suzuka Circuit,16.0,16.0,0.0625,0.0625,6.0,2.0,0.0,0.0,11.0,10.8,1.0,16.0,4.0,1.0,6.0,14.2,1.0,1.0,0.125,0.0,14.4,20.5,0.0,76.4,0
2025,4,Bahrain Grand Prix,2025-04-13,BOR,Gabriel Bortoleto,Sauber,bahrain,Bahrain International Circuit,18.0,18.0,0.05555555555555555,0.05555555555555555,0.0,3.0,0.0,1.0,16.333333333333332,16.333333333333332,1.0,10.0,0.0,0.0,6.0,14.5,1.0,1.0,0.16666666666666666,0.0,27.1,31.9,0.0,45.3,0
2025,4,Bahrain Grand Prix,2025-04-13,HUL,Nico Hülkenberg,Sauber,bahrain,Bahrain International Circuit,16.0,16.0,0.0625,0.0625,6.0,3.0,0.0,0.0,12.666666666666666,12.4,1.0,14.2,5.0,1.0,6.0,15.0,1.0,1.0,0.16666666666666666,0.0,27.1,31.9,0.0,45.3,0
2025,5,Saudi Arabian Grand Prix,2025-04-20,BOR,Gabriel Bortoleto,Sauber,jeddah,Jeddah Corniche Circuit,20.0,20.0,0.05,0.05,0.0,4.0,0.0,1.0,16.75,16.75,1.0,10.0,0.0,0.0,6.0,15.625,1.0,1.0,0.20833333333333334,0.0,29.5,37.8,0.0,62.7,0
2025,5,Saudi Arabian Grand Prix,2025-04-20,HUL,Nico Hülkenberg,Sauber,jeddah,Jeddah Corniche Circuit,18.0,18.0,0.05555555555555555,0.05555555555555555,6.0,4.0,0.0,0.0,14.5,13.2,0.0,11.333333333333334,3.0,0.0,6.0,15.88888888888889,1.0,1.0,0.20833333333333334,0.0,29.5,37.8,0.0,62.7,0
2025,6,Miami Grand Prix,2025-05-04,BOR,Gabriel Bortoleto,Sauber,miami,Miami International Autodrome,13.0,13.0,0.07692307692307693,0.07692307692307693,0.0,5.0,0.0,1.0,17.0,17.0,1.0,10.0,0.0,0.0,6.0,15.8,1.0,1.0,0.25,1.0,26.6,38.7,1.0,63.0,0
2025,6,Miami Grand Prix,2025-05-04,HUL,Nico Hülkenberg,Sauber,miami,Miami International Autodrome,16.0,16.0,0.0625,0.0625,6.0,5.0,0.0,0.0,14.6,14.6,0.0,13.0,2.0,0.0,6.0,16.0,2.0,1.0,0.25,1.0,26.6,38.7,1.0,63.0,0
2025,7,Emilia Romagna Grand Prix,2025-05-18,BOR,Gabriel Bortoleto,Sauber,imola,Autodromo Enzo e Dino Ferrari,14.0,14.0,0.07142857142857142,0.07142857142857142,0.0,6.0,0.0,2.0,17.166666666666668,17.4,1.0,10.0,0.0,0.0,6.0,15.833333333333334,2.0,1.0,0.2916666666666667,0.0,24.0,42.7,0.0,38.3,0
2025,7,Emilia Romagna Grand Prix,2025-05-18,HUL,Nico Hülkenberg,Sauber,imola,Autodromo Enzo e Dino Ferrari,17.0,17.0,0.058823529411764705,0.058823529411764705,6.0,6.0,0.0,0.0,14.5,16.0,0.0,11.0,1.0,0.0,6.0,16.0,2.0,1.0,0.2916666666666667,0.0,24.0,42.7,0.0,38.3,0
2025,8,Monaco Grand Prix,2025-05-25,BOR,Gabriel Bortoleto,Sauber,monaco,Circuit de Monaco,16.0,16.0,0.0625,0.0625,0.0,7.0,0.0,2.0,17.285714285714285,18.2,1.0,10.0,0.0,0.0,6.0,15.714285714285714,2.0,1.0,0.3333333333333333,0.0,22.2,43.3,0.0,52.5,0
2025,8,Monaco Grand Prix,2025-05-25,HUL,Nico Hülkenberg,Sauber,monaco,Circuit de Monaco,13.0,13.0,0.07692307692307693,0.07692307692307693,6.0,7.0,0.0,0.0,14.142857142857142,15.4,0.0,14.25,4.0,1.0,6.0,15.6,2.0,1.0,0.3333333333333333,0.0,22.2,43.3,0.0,52.5,0
2025,9,Spanish Grand Prix,2025-06-01,BOR,Gabriel Bortoleto,Sauber,catalunya,Circuit de Barcelona-Catalunya,12.0,12.0,0.08333333333333333,0.08333333333333333,0.0,8.0,0.0,2.0,16.875,17.2,1.0,10.0,0.0,0.0,6.0,15.625,2.0,1.0,0.375,0.0,29.1,48.5,0.0,54.6,0
2025,9,Spanish Grand Prix,2025-06-01,HUL,Nico Hülkenberg,Sauber,catalunya,Circuit de Barcelona-Catalunya,16.0,15.0,0.0625,0.06666666666666667,6.0,8.0,0.0,0.0,14.375,15.4,0.0,14.75,4.0,1.0,6.0,15.411764705882353,2.0,1.0,0.375,0.0,29.1,48.5,0.0,54.6,0
2025,10,Canadian Grand Prix,2025-06-15,BOR,Gabriel Bortoleto,Sauber,villeneuve,Circuit Gilles Villeneuve,16.0,15.0,0.0625,0.06666666666666667,0.0,9.0,0.0,2.0,16.333333333333332,16.0,1.0,10.0,0.0,0.0,16.0,14.833333333333334,2.0,1.0,0.4166666666666667,1.0,24.0,49.3,1.0,28.0,0
2025,10,Canadian Grand Prix,2025-06-15,HUL,Nico Hülkenberg,Sauber,villeneuve,Circuit Gilles Villeneuve,13.0,11.0,0.07692307692307693,0.09090909090909091,16.0,9.0,0.0,0.0,13.333333333333334,12.4,0.0,10.0,4.0,0.0,16.0,14.789473684210526,2.0,1.0,0.4166666666666667,1.0,24.0,49.3,1.0,28.0,0
2025,11,Austrian Grand Prix,2025-06-29,BOR,Gabriel Bortoleto,Sauber,red_bull_ring,Red Bull Ring,8.0,8.0,0.125,0.125,0.0,10.0,0.0,2.0,16.1,15.2,1.0,10.0,0.0,0.0,20.0,14.45,2.0,1.0,0.4583333333333333,0.0,30.3,49.2,0.0,32.0,0
2025,11,Austrian Grand Prix,2025-06-29,HUL,Nico Hülkenberg,Sauber,red_bull_ring,Red Bull Ring,20.0,20.0,0.05,0.05,20.0,10.0,0.0,0.0,12.8,11.0,0.0,14.75,4.0,2.0,24.0,14.142857142857142,2.0,1.0,0.4583333333333333,0.0,30.3,49.2,0.0,32.0,0
2025,12,British Grand Prix,2025-07-06,BOR,Gabriel Bortoleto,Sauber,silverstone,Silverstone Circuit,17.0,16.0,0.058823529411764705,0.0625,4.0,11.0,0.0,2.0,15.363636363636363,13.2,0.0,10.0,0.0,0.0,26.0,13.909090909090908,2.0,1.0,0.5,1.0,17.9,23.6,1.0,78.4,0
2025,12,British Grand Prix,2025-07-06,HUL,Nico Hülkenberg,Sauber,silverstone,Silverstone Circuit,19.0,19.0,0.05263157894736842,0.05263157894736842,22.0,11.0,0.0,0.0,12.454545454545455,10.0,0.0,10.333333333333334,6.0,0.0,26.0,14.08695652173913,3.0,1.0,0.5,1.0,17.9,23.6,1.0,78.4,0
2025,13,Belgian Grand Prix,2025-07-27,BOR,Gabriel Bortoleto,Sauber,spa,Circuit de Spa-Francorchamps,10.0,10.0,0.1,0.1,4.0,12.0,0.0,3.0,15.583333333333334,13.2,1.0,10.0,0.0,0.0,41.0,13.625,3.0,1.0,0.5416666666666666,1.0,17.0,24.1,1.0,84.4,0
2025,13,Belgian Grand Prix,2025-07-27,HUL,Nico Hülkenberg,Sauber,spa,Circuit de Spa-Francorchamps,14.0,14.0,0.07142857142857142,0.07142857142857142,37.0,12.0,0.0,0.0,11.666666666666666,8.2,0.0,16.0,4.0,1.0,43.0,13.44,3.0,1.0,0.5416666666666666,1.0,17.0,24.1,1.0,84.4,0
2025,14,Hungarian Grand Prix,2025-08-03,BOR,Gabriel Bortoleto,Sauber,hungaroring,Hungaroring,7.0,7.0,0.14285714285714285,0.14285714285714285,6.0,13.0,0.0,3.0,15.076923076923077,12.2,1.0,10.0,0.0,0.0,43.0,13.384615384615385,3.0,1.0,0.5833333333333334,0.0,22.1,32.7,0.0,57.2,0
2025,14,Hungarian Grand Prix,2025-08-03,HUL,Nico Hülkenberg,Sauber,hungaroring,Hungaroring,19.0,18.0,0.05263157894736842,0.05555555555555555,37.0,13.0,0.0,0.0,11.692307692307692,7.4,0.0,12.75,4.0,0.0,51.0,13.11111111111111,3.0,1.0,0.5833333333333334,0.0,22.1,32.7,0.0,57.2,0
2025,15,Dutch Grand Prix,2025-08-31,BOR,Gabriel Bortoleto,Sauber,zandvoort,Circuit Park Zandvoort,13.0,13.0,0.07692307692307693,0.07692307692307693,14.0,14.0,0.0,3.0,14.428571428571429,11.0,1.0,10.0,0.0,0.0,51.0,13.107142857142858,3.0,1.0,0.625,0.0,20.1,28.0,0.0,71.2,0
2025,15,Dutch Grand Prix,2025-08-31,HUL,Nico Hülkenberg,Sauber,zandvoort,Circuit Park Zandvoort,17.0,17.0,0.058823529411764705,0.058823529411764705,37.0,14.0,0.0,0.0,11.785714285714286,9.0,0.0,11.5,2.0,0.0,51.0,13.172413793103448,3.0,1.0,0.625,0.0,20.1,28.0,0.0,71.2,0
2025,16,Italian Grand Prix,2025-09-07,BOR,Gabriel Bortoleto,Sauber,monza,Autodromo Nazionale di Monza,8.0,7.0,0.125,0.14285714285714285,14.0,15.0,0.0,3.0,14.466666666666667,11.2,1.0,10.0,0.0,0.0,51.0,13.2,3.0,1.0,0.6666666666666666,0.0,26.8,43.3,0.0,42.6,0
2025,16,Italian Grand Prix,2025-09-07,HUL,Nico Hülkenberg,Sauber,monza,Autodromo Nazionale di Monza,12.0,12.0,0.08333333333333333,0.08333333333333333,37.0,15.0,0.0,0.0,11.933333333333334,10.2,0.0,13.0,4.0,0.0,55.0,13.03225806451613,3.0,1.0,0.6666666666666666,0.0,26.8,43.3,0.0,42.6,0
2025,17,Azerbaijan Grand Prix,2025-09-21,BOR,Gabriel Bortoleto,Sauber,baku,Baku City Circuit,13.0,13.0,0.07692307692307693,0.07692307692307693,18.0,16.0,0.0,3.0,14.0625,11.2,1.0,10.0,0.0,0.0,55.0,13.25,3.0,1.0,0.7083333333333334,0.0,20.6,26.1,0.0,59.8,0
2025,17,Azerbaijan Grand Prix,2025-09-21,HUL,Nico Hülkenberg,Sauber,baku,Baku City Circuit,17.0,17.0,0.058823529411764705,0.058823529411764705,37.0,16.0,0.0,0.0,12.4375,12.4,0.0,15.0,4.0,1.0,55.0,13.181818181818182,3.0,1.0,0.7083333333333334,0.0,20.6,26.1,0.0,59.8,0
2025,18,Singapore Grand Prix,2025-10-05,BOR,Gabriel Bortoleto,Sauber,marina_bay,Marina Bay Street Circuit,14.0,14.0,0.07142857142857142,0.07142857142857142,18.0,17.0,0.0,3.0,13.882352941176471,9.8,0.0,10.0,0.0,0.0,55.0,13.264705882352942,3.0,1.0,0.75,1.0,29.1,33.9,1.0,74.4,0
2025,18,Singapore Grand Prix,2025-10-05,HUL,Nico Hülkenberg,Sauber,marina_bay,Marina Bay Street Circuit,11.0,11.0,0.09090909090909091,0.09090909090909091,37.0,17.0,0.0,0.0,12.647058823529411,15.0,0.0,10.25,4.0,0.0,55.0,13.371428571428572,3.0,1.0,0.75,1.0,29.1,33.9,1.0,74.4,0
2025,19,United States Grand Prix,2025-10-19,BOR,Gabriel Bortoleto,Sauber,americas,Circuit of the Americas,16.0,16.0,0.0625,0.0625,18.0,18.0,0.0,3.0,14.055555555555555,11.4,0.0,10.0,0.0,0.0,55.0,13.555555555555555,3.0,1.0,0.7916666666666666,0.0,28.3,45.0,0.0,22.5,0
2025,19,United States Grand Prix,2025-10-19,HUL,Nico Hülkenberg,Sauber,americas,Circuit of the Americas,11.0,11.0,0.09090909090909091,0.09090909090909091,37.0,18.0,0.0,0.0,13.055555555555555,16.6,0.0,8.5,4.0,0.0,55.0,13.675675675675675,3.0,1.0,0.7916666666666666,0.0,28.3,45.0,0.0,22.5,0
2025,20,Mexico City Grand Prix,2025-10-26,BOR,Gabriel Bortoleto,Sauber,rodriguez,Autódromo Hermanos Rodríguez,16.0,16.0,0.0625,0.0625,18.0,19.0,0.0,3.0,14.263157894736842,13.8,0.0,10.0,0.0,0.0,59.0,13.526315789473685,3.0,1.0,0.8333333333333334,0.0,26.4,50.6,0.0,23.2,0
2025,20,Mexico City Grand Prix,2025-10-26,HUL,Nico Hülkenberg,Sauber,rodriguez,Autódromo Hermanos Rodríguez,13.0,13.0,0.07692307692307693,0.07692307692307693,41.0,19.0,0.0,0.0,12.789473684210526,15.6,0.0,9.5,4.0,0.0,60.0,13.435897435897436,3.0,1.0,0.8333333333333334,0.0,26.4,50.6,0.0,23.2,0
2025,21,São Paulo Grand Prix,2025-11-09,BOR,Gabriel Bortoleto,Sauber,interlagos,Autódromo José Carlos Pace,18.0,18.0,0.05555555555555555,0.05555555555555555,19.0,20.0,0.0,3.0,14.05,12.8,0.0,10.0,0.0,0.0,60.0,13.575,4.0,1.0,0.875,0.0,17.3,30.7,0.0,70.6,0
2025,21,São Paulo Grand Prix,2025-11-09,HUL,Nico Hülkenberg,Sauber,interlagos,Autódromo José Carlos Pace,10.0,10.0,0.1,0.1,41.0,20.0,0.0,1.0,13.1,16.6,1.0,16.5,4.0,0.0,60.0,13.731707317073171,5.0,1.0,0.875,0.0,17.3,30.7,0.0,70.6,0
2025,22,Las Vegas Grand Prix,2025-11-23,BOR,Gabriel Bortoleto,Sauber,vegas,Las Vegas Strip Street Circuit,18.0,18.0,0.05555555555555555,0.05555555555555555,19.0,21.0,0.0,4.0,14.333333333333334,15.2,1.0,10.0,0.0,0.0,62.0,13.619047619047619,5.0,1.0,0.9166666666666666,0.0,16.7,19.5,0.0,37.8,0
2025,22,Las Vegas Grand Prix,2025-11-23,HUL,Nico Hülkenberg,Sauber,vegas,Las Vegas Strip Street Circuit,11.0,11.0,0.09090909090909091,0.09090909090909091,43.0,21.0,0.0,1.0,12.904761904761905,14.4,1.0,13.5,2.0,1.0,62.0,13.69767441860465,6.0,1.0,0.9166666666666666,0.0,16.7,19.5,0.0,37.8,0
2025,23,Qatar Grand Prix,2025-11-30,BOR,Gabriel Bortoleto,Sauber,losail,Losail International Circuit,14.0,19.0,0.07142857142857142,0.05263157894736842,19.0,22.0,0.0,5.0,14.454545454545455,16.4,2.0,10.0,0.0,0.0,68.0,13.545454545454545,6.0,1.0,0.9583333333333334,0.0,22.6,28.2,0.0,69.0,0
2025,23,Qatar Grand Prix,2025-11-30,HUL,Nico Hülkenberg,Sauber,losail,Losail International Circuit,11.0,11.0,0.09090909090909091,0.09090909090909091,49.0,22.0,0.0,1.0,12.636363636363637,12.6,1.0,16.0,2.0,1.0,68.0,13.533333333333333,6.0,1.0,0.9583333333333334,0.0,22.6,28.2,0.0,69.0,0
2025,24,Abu Dhabi Grand Prix,2025-12-07,BOR,Gabriel Bortoleto,Sauber,yas_marina,Yas Marina Circuit,7.0,7.0,0.14285714285714285,0.14285714285714285,19.0,23.0,0.0,5.0,14.391304347826088,15.6,2.0,10.0,0.0,0.0,68.0,13.673913043478262,7.0,1.0,1.0,0.0,26.7,31.1,0.0,60.4,0
2025,24,Abu Dhabi Grand Prix,2025-12-07,HUL,Nico Hülkenberg,Sauber,yas_marina,Yas Marina Circuit,18.0,18.0,0.05555555555555555,0.05555555555555555,49.0,23.0,0.0,2.0,12.956521739130435,12.6,2.0,13.75,4.0,1.0,68.0,13.617021276595745,7.0,1.0,1.0,0.0,26.7,31.1,0.0,60.4,0
2018,1,Australian Grand Prix,2018-03-25,GAS,Pierre Gasly,Toro Rosso,albert_park,Albert Park Grand Prix Circuit,20.0,20.0,0.05,0.05,0.0,0.0,0.0,0.0,11.375,11.0,0.0,10.0,0.0,0.0,0.0,11.416666666666666,0.0,0.0,0.047619047619047616,1.0,24.1,36.3,1.0,30.9,0
2018,1,Australian Grand Prix,2018-03-25,HAR,Brendon Hartley,Toro Rosso,albert_park,Albert Park Grand Prix Circuit,16.0,16.0,0.0625,0.0625,0.0,0.0,0.0,0.0,11.375,11.0,0.0,10.0,0.0,0.0,0.0,18.0,1.0,0.0,0.047619047619047616,1.0,24.1,36.3,1.0,30.9,0
2018,2,Bahrain Grand Prix,2018-04-08,GAS,Pierre Gasly,Toro Rosso,bahrain,Bahrain International Circuit,6.0,5.0,0.16666666666666666,0.2,0.0,1.0,0.0,1.0,18.0,18.0,1.0,10.0,0.0,0.0,0.0,16.5,1.0,0.0,0.09523809523809523,0.0,28.0,32.2,0.0,47.4,0
2018,2,Bahrain Grand Prix,2018-04-08,HAR,Brendon Hartley,Toro Rosso,bahrain,Bahrain International Circuit,11.0,11.0,0.09090909090909091,0.09090909090909091,0.0,1.0,0.0,0.0,15.0,15.0,0.0,10.0,0.0,0.0,12.0,12.333333333333334,1.0,0.0,0.09523809523809523,0.0,28.0,32.2,0.0,47.4,0
2018,3,Chinese Grand Prix,2018-04-15,GAS,Pierre Gasly,Toro Rosso,shanghai,Shanghai International Circuit,17.0,17.0,0.058823529411764705,0.058823529411764705,12.0,2.0,0.0,1.0,11.0,11.0,1.0,10.0,0.0,0.0,12.0,13.5,1.0,0.0,0.14285714285714285,1.0,19.4,37.0,1.0,24.1,0
2018,3,Chinese Grand Prix,2018-04-15,HAR,Brendon Hartley,Toro Rosso,shanghai,Shanghai International Circuit,15.0,15.0,0.06666666666666667,0.06666666666666667,0.0,2.0,0.0,0.0,16.0,16.0,0.0,10.0,0.0,0.0,12.0,14.4,1.0,0.0,0.14285714285714285,1.0,19.4,37.0,1.0,24.1,0
2018,4,Azerbaijan Grand Prix,2018-04-29,GAS,Pierre Gasly,Toro Rosso,baku,Baku City Circuit,17.0,17.0,0.058823529411764705,0.058823529411764705,12.0,3.0,0.0,1.0,13.333333333333334,13.333333333333334,1.0,10.0,0.0,0.0,12.0,15.333333333333334,2.0,0.0,0.19047619047619047,0.0,16.7,25.3,0.0,45.7,0
2018,4,Azerbaijan Grand Prix,2018-04-29,HAR,Brendon Hartley,Toro Rosso,baku,Baku City Circuit,19.0,19.0,0.05263157894736842,0.05263157894736842,0.0,3.0,0.0,1.0,17.333333333333332,17.333333333333332,1.0,10.0,0.0,0.0,12.0,14.857142857142858,2.0,0.0,0.19047619047619047,0.0,16.7,25.3,0.0,45.7,0
2018,5,Spanish Grand Prix,2018-05-13,GAS,Pierre Gasly,Toro Rosso,catalunya,Circuit de Barcelona-Catalunya,12.0,12.0,0.08333333333333333,0.08333333333333333,12.0,4.0,0.0,1.0,13.0,13.0,1.0,10.0,0.0,0.0,13.0,14.25,2.0,0.0,0.23809523809523808,1.0,16.1,32.3,1.0,52.3,0
2018,5,Spanish Grand Prix,2018-05-13,HAR,Brendon Hartley,Toro Rosso,catalunya,Circuit de Barcelona-Catalunya,20.0,20.0,0.05,0.05,1.0,4.0,0.0,1.0,15.5,15.5,1.0,10.0,0.0,0.0,13.0,14.777777777777779,3.0,0.0,0.23809523809523808,1.0,16.1,32.3,1.0,52.3,0
2018,6,Monaco Grand Prix,2018-05-27,GAS,Pierre Gasly,Toro Rosso,monaco,Circuit de Monaco,10.0,10.0,0.1,0.1,12.0,5.0,0.0,2.0,14.2,14.2,2.0,10.0,0.0,0.0,13.0,14.5,3.0,0.0,0.2857142857142857,1.0,26.6,34.6,1.0,50.9,0
2018,6,Monaco Grand Prix,2018-05-27,HAR,Brendon Hartley,Toro Rosso,monaco,Circuit de Monaco,16.0,15.0,0.0625,0.06666666666666667,1.0,5.0,0.0,1.0,14.8,14.8,1.0,10.0,0.0,0.0,19.0,13.818181818181818,3.0,0.0,0.2857142857142857,1.0,26.6,34.6,1.0,50.9,0
2018,7,Canadian Grand Prix,2018-06-10,GAS,Pierre Gasly,Toro Rosso,villeneuve,Circuit Gilles Villeneuve,16.0,16.0,0.0625,0.0625,18.0,6.0,0.0,2.0,13.0,12.0,1.0,10.0,0.0,0.0,19.0,14.25,4.0,0.0,0.3333333333333333,0.0,20.5,36.9,0.0,27.8,0
2018,7,Canadian Grand Prix,2018-06-10,HAR,Brendon Hartley,Toro Rosso,villeneuve,Circuit Gilles Villeneuve,12.0,12.0,0.08333333333333333,0.08333333333333333,1.0,6.0,0.0,2.0,15.5,15.6,2.0,10.0,0.0,0.0,19.0,14.0,4.0,0.0,0.3333333333333333,0.0,20.5,36.9,0.0,27.8,0
2018,8,French Grand Prix,2018-06-24,GAS,Pierre Gasly,Toro Rosso,ricard,Circuit Paul Ricard,14.0,14.0,0.07142857142857142,0.07142857142857142,18.0,7.0,0.0,2.0,12.714285714285714,13.4,1.0,10.0,0.0,0.0,19.0,14.357142857142858,5.0,0.0,0.38095238095238093,1.0,24.5,42.0,1.0,49.0,0
2018,8,French Grand Prix,2018-06-24,HAR,Brendon Hartley,Toro Rosso,ricard,Circuit Paul Ricard,17.0,20.0,0.058823529411764705,0.05,1.0,7.0,0.0,3.0,16.0,16.0,3.0,10.0,0.0,0.0,19.0,14.733333333333333,6.0,0.0,0.38095238095238093,1.0,24.5,42.0,1.0,49.0,0
2018,9,Austrian Grand Prix,2018-07-01,GAS,Pierre Gasly,Toro Rosso,red_bull_ring,Red Bull Ring,12.0,12.0,0.08333333333333333,0.08333333333333333,18.0,8.0,0.0,3.0,13.625,13.8,2.0,10.0,0.0,0.0,19.0,14.6875,6.0,0.0,0.42857142857142855,0.0,23.2,45.9,0.0,37.1,0
2018,9,Austrian Grand Prix,2018-07-01,HAR,Brendon Hartley,Toro Rosso,red_bull_ring,Red Bull Ring,19.0,19.0,0.05263157894736842,0.05263157894736842,1.0,8.0,0.0,3.0,15.75,14.8,2.0,10.0,0.0,0.0,19.0,14.470588235294118,6.0,0.0,0.42857142857142855,0.0,23.2,45.9,0.0,37.1,0
2018,10,British Grand Prix,2018-07-08,GAS,Pierre Gasly,Toro Rosso,silverstone,Silverstone Circuit,14.0,14.0,0.07142857142857142,0.07142857142857142,18.0,9.0,0.0,3.0,13.333333333333334,13.6,2.0,10.0,0.0,0.0,19.0,14.61111111111111,7.0,0.0,0.47619047619047616,0.0,27.4,52.2,0.0,38.7,0
2018,10,British Grand Prix,2018-07-08,HAR,Brendon Hartley,Toro Rosso,silverstone,Silverstone Circuit,20.0,0.0,0.05,1.0,1.0,9.0,0.0,4.0,15.88888888888889,16.2,3.0,10.0,0.0,0.0,19.0,14.526315789473685,7.0,0.0,0.47619047619047616,0.0,27.4,52.2,0.0,38.7,0
2018,11,German Grand Prix,2018-07-22,GAS,Pierre Gasly,Toro Rosso,hockenheimring,Hockenheimring,17.0,16.0,0.058823529411764705,0.0625,18.0,10.0,0.0,3.0,13.3,12.4,1.0,10.0,0.0,0.0,19.0,14.8,7.0,0.0,0.5238095238095238,1.0,26.4,40.7,1.0,54.8,0
2018,11,German Grand Prix,2018-07-22,HAR,Brendon Hartley,Toro Rosso,hockenheimring,Hockenheimring,18.0,17.0,0.05555555555555555,0.058823529411764705,1.0,10.0,0.0,4.0,16.3,17.8,3.0,10.0,0.0,0.0,19.0,14.761904761904763,7.0,0.0,0.5238095238095238,1.0,26.4,40.7,1.0,54.8,0
2018,12,Hungarian Grand Prix,2018-07-29,GAS,Pierre Gasly,Toro Rosso,hungaroring,Hungaroring,6.0,6.0,0.16666666666666666,0.16666666666666666,18.0,11.0,0.0,3.0,13.363636363636363,13.8,1.0,10.0,0.0,0.0,20.0,14.545454545454545,7.0,0.0,0.5714285714285714,0.0,33.8,51.1,0.0,33.0,0
2018,12,Hungarian Grand Prix,2018-07-29,HAR,Brendon Hartley,Toro Rosso,hungaroring,Hungaroring,8.0,8.0,0.125,0.125,2.0,11.0,0.0,4.0,15.727272727272727,16.0,2.0,10.0,0.0,0.0,28.0,14.173913043478262,7.0,0.0,0.5714285714285714,0.0,33.8,51.1,0.0,33.0,0
2018,13,Belgian Grand Prix,2018-08-26,GAS,Pierre Gasly,Toro Rosso,spa,Circuit de Spa-Francorchamps,11.0,10.0,0.09090909090909091,0.1,26.0,12.0,0.0,3.0,12.75,12.8,1.0,10.0,0.0,0.0,28.0,14.041666666666666,7.0,0.0,0.6190476190476191,0.0,17.3,27.9,0.0,37.7,0
2018,13,Belgian Grand Prix,2018-08-26,HAR,Brendon Hartley,Toro Rosso,spa,Circuit de Spa-Francorchamps,12.0,11.0,0.08333333333333333,0.09090909090909091,2.0,12.0,0.0,4.0,15.333333333333334,14.4,1.0,10.0,0.0,0.0,30.0,13.84,7.0,0.0,0.6190476190476191,0.0,17.3,27.9,0.0,37.7,0
2018,14,Italian Grand Prix,2018-09-02,GAS,Pierre Gasly,Toro Rosso,monza,Autodromo Nazionale di Monza,9.0,9.0,0.1111111111111111,0.1111111111111111,28.0,13.0,0.0,3.0,12.461538461538462,10.6,0.0,10.0,0.0,0.0,30.0,13.846153846153847,7.0,0.0,0.6666666666666666,1.0,22.2,30.8,1.0,63.8,0
2018,14,Italian Grand Prix,2018-09-02,HAR,Brendon Hartley,Toro Rosso,monza,Autodromo Nazionale di Monza,18.0,16.0,0.05555555555555555,0.0625,2.0,13.0,0.0,4.0,15.23076923076923,14.4,1.0,10.0,0.0,0.0,30.0,13.851851851851851,7.0,0.0,0.6666666666666666,1.0,22.2,30.8,1.0,63.8,0
2018,15,Singapore Grand Prix,2018-09-16,GAS,Pierre Gasly,Toro Rosso,marina_bay,Marina Bay Street Circuit,15.0,15.0,0.06666666666666667,0.06666666666666667,28.0,14.0,0.0,3.0,12.571428571428571,11.2,0.0,10.0,0.0,0.0,30.0,14.035714285714286,8.0,0.0,0.7142857142857143,0.0,29.9,33.1,0.0,66.0,0
2018,15,Singapore Grand Prix,2018-09-16,HAR,Brendon Hartley,Toro Rosso,marina_bay,Marina Bay Street Circuit,17.0,17.0,0.058823529411764705,0.058823529411764705,2.0,14.0,0.0,5.0,15.5,14.8,1.0,10.0,0.0,0.0,30.0,14.0,8.0,0.0,0.7142857142857143,0.0,29.9,33.1,0.0,66.0,0
2018,16,Russian Grand Prix,2018-09-30,GAS,Pierre Gasly,Toro Rosso,sochi,Sochi Autodrom,13.0,17.0,0.07692307692307693,0.058823529411764705,28.0,15.0,0.0,3.0,12.6,11.2,0.0,10.0,0.0,0.0,30.0,14.1,8.0,0.0,0.7619047619047619,1.0,24.8,29.9,1.0,61.3,0
2018,16,Russian Grand Prix,2018-09-30,HAR,Brendon Hartley,Toro Rosso,sochi,Sochi Autodrom,16.0,20.0,0.0625,0.05,2.0,15.0,0.0,5.0,15.6,14.2,1.0,10.0,0.0,0.0,30.0,14.258064516129032,9.0,0.0,0.7619047619047619,1.0,24.8,29.9,1.0,61.3,0
2018,17,Japanese Grand Prix,2018-10-07,GAS,Pierre Gasly,Toro Rosso,suzuka,Suzuka Circuit,7.0,7.0,0.14285714285714285,0.14285714285714285,28.0,16.0,0.0,4.0,13.0,12.2,1.0,10.0,0.0,0.0,30.0,14.4375,10.0,0.0,0.8095238095238095,0.0,28.3,37.2,0.0,50.5,0
2018,17,Japanese Grand Prix,2018-10-07,HAR,Brendon Hartley,Toro Rosso,suzuka,Suzuka Circuit,6.0,6.0,0.16666666666666666,0.16666666666666666,2.0,16.0,0.0,6.0,15.875,16.2,2.0,10.0,0.0,0.0,30.0,14.333333333333334,10.0,0.0,0.8095238095238095,0.0,28.3,37.2,0.0,50.5,0
2018,18,United States Grand Prix,2018-10-21,GAS,Pierre Gasly,Toro Rosso,americas,Circuit of the Americas,13.0,19.0,0.07692307692307693,0.05263157894736842,28.0,17.0,0.0,4.0,12.882352941176471,13.2,1.0,10.0,0.0,0.0,30.0,14.294117647058824,10.0,0.0,0.8571428571428571,0.0,21.9,30.5,0.0,37.6,0
2018,18,United States Grand Prix,2018-10-21,HAR,Brendon Hartley,Toro Rosso,americas,Circuit of the Americas,14.0,20.0,0.07142857142857142,0.05,2.0,17.0,0.0,6.0,15.705882352941176,16.6,2.0,10.0,0.0,0.0,30.0,14.228571428571428,10.0,0.0,0.8571428571428571,0.0,21.9,30.5,0.0,37.6,0
2018,19,Mexican Grand Prix,2018-10-28,GAS,Pierre Gasly,Toro Rosso,rodriguez,Autódromo Hermanos Rodríguez,15.0,20.0,0.06666666666666667,0.05,28.0,18.0,0.0,4.0,12.833333333333334,13.8,1.0,10.0,0.0,0.0,32.0,14.083333333333334,10.0,0.0,0.9047619047619048,0.0,20.1,34.5,0.0,50.7,0
2018,19,Mexican Grand Prix,2018-10-28,HAR,Brendon Hartley,Toro Rosso,rodriguez,Autódromo Hermanos Rodríguez,14.0,14.0,0.07142857142857142,0.07142857142857142,4.0,18.0,0.0,6.0,15.333333333333334,15.6,2.0,10.0,0.0,0.0,33.0,13.972972972972974,10.0,0.0,0.9047619047619048,0.0,20.1,34.5,0.0,50.7,0
2018,20,Brazilian Grand Prix,2018-11-11,GAS,Pierre Gasly,Toro Rosso,interlagos,Autódromo José Carlos Pace,10.0,9.0,0.1,0.1111111111111111,29.0,19.0,0.0,4.0,12.68421052631579,13.0,1.0,10.0,0.0,0.0,33.0,13.973684210526315,10.0,0.0,0.9523809523809523,0.0,23.8,40.1,0.0,75.4,0
2018,20,Brazilian Grand Prix,2018-11-11,HAR,Brendon Hartley,Toro Rosso,interlagos,Autódromo José Carlos Pace,17.0,16.0,0.058823529411764705,0.0625,4.0,19.0,0.0,6.0,15.263157894736842,14.6,1.0,10.0,0.0,0.0,33.0,13.948717948717949,10.0,0.0,0.9523809523809523,0.0,23.8,40.1,0.0,75.4,0
2018,21,Abu Dhabi Grand Prix,2018-11-25,GAS,Pierre Gasly,Toro Rosso,yas_marina,Yas Marina Circuit,17.0,17.0,0.058823529411764705,0.058823529411764705,29.0,20.0,0.0,4.0,12.7,13.0,1.0,10.0,0.0,0.0,33.0,13.875,10.0,0.0,1.0,1.0,31.3,33.3,1.0,45.4,0
2018,21,Abu Dhabi Grand Prix,2018-11-25,HAR,Brendon Hartley,Toro Rosso,yas_marina,Yas Marina Circuit,16.0,16.0,0.0625,0.0625,4.0,20.0,0.0,6.0,15.05,13.4,1.0,10.0,0.0,0.0,33.0,13.926829268292684,11.0,0.0,1.0,1.0,31.3,33.3,1.0,45.4,0
2019,1,Australian Grand Prix,2019-03-17,ALB,Alexander Albon,Toro Rosso,albert_park,Albert Park Grand Prix Circuit,13.0,13.0,0.07692307692307693,0.07692307692307693,0.0,0.0,0.0,0.0,11.375,11.0,0.0,10.0,0.0,0.0,0.0,11.416666666666666,0.0,0.0,0.047619047619047616,0.0,23.5,41.3,0.0,70.5,0
2019,1,Australian Grand Prix,2019-03-17,KVY,Daniil Kvyat,Toro Rosso,albert_park,Albert Park Grand Prix Circuit,15.0,15.0,0.06666666666666667,0.06666666666666667,0.0,0.0,0.0,0.0,11.375,11.0,0.0,10.0,0.0,0.0,0.0,14.0,0.0,0.0,0.047619047619047616,0.0,23.5,41.3,0.0,70.5,0
2019,2,Bahrain Grand Prix,2019-03-31,ALB,Alexander Albon,Toro Rosso,bahrain,Bahrain International Circuit,12.0,12.0,0.08333333333333333,0.08333333333333333,0.0,1.0,0.0,0.0,14.0,14.0,0.0,10.0,0.0,0.0,1.0,12.0,0.0,0.0,0.09523809523809523,0.0,26.2,28.6,0.0,53.4,0
2019,2,Bahrain Grand Prix,2019-03-31,KVY,Daniil Kvyat,Toro Rosso,bahrain,Bahrain International Circuit,15.0,15.0,0.06666666666666667,0.06666666666666667,1.0,1.0,0.0,0.0,10.0,10.0,0.0,10.0,0.0,0.0,3.0,11.0,0.0,0.0,0.09523809523809523,0.0,26.2,28.6,0.0,53.4,0
2019,3,Chinese Grand Prix,2019-04-14,ALB,Alexander Albon,Toro Rosso,shanghai,Shanghai International Circuit,0.0,0.0,1.0,1.0,2.0,2.0,0.0,0.0,11.5,11.5,0.0,10.0,0.0,0.0,3.0,11.25,0.0,0.0,0.14285714285714285,0.0,19.3,27.3,0.0,46.0,0
2019,3,Chinese Grand Prix,2019-04-14,KVY,Daniil Kvyat,Toro Rosso,shanghai,Shanghai International Circuit,11.0,11.0,0.09090909090909091,0.09090909090909091,1.0,2.0,0.0,0.0,11.0,11.0,0.0,10.0,0.0,0.0,4.0,11.0,0.0,0.0,0.14285714285714285,0.0,19.3,27.3,0.0,46.0,0
2019,4,Azerbaijan Grand Prix,2019-04-28,ALB,Alexander Albon,Toro Rosso,baku,Baku City Circuit,12.0,11.0,0.08333333333333333,0.09090909090909091,3.0,3.0,0.0,0.0,11.0,11.0,0.0,10.0,0.0,0.0,4.0,12.333333333333334,1.0,0.0,0.19047619047619047,0.0,19.8,39.7,0.0,51.4,0
2019,4,Azerbaijan Grand Prix,2019-04-28,KVY,Daniil Kvyat,Toro Rosso,baku,Baku City Circuit,6.0,6.0,0.16666666666666666,0.16666666666666666,1.0,3.0,0.0,1.0,13.666666666666666,13.666666666666666,1.0,10.0,0.0,0.0,4.0,12.142857142857142,1.0,0.0,0.19047619047619047,0.0,19.8,39.7,0.0,51.4,0
2019,5,Spanish Grand Prix,2019-05-12,ALB,Alexander Albon,Toro Rosso,catalunya,Circuit de Barcelona-Catalunya,12.0,11.0,0.08333333333333333,0.09090909090909091,3.0,4.0,0.0,0.0,11.0,11.0,0.0,10.0,0.0,0.0,4.0,13.0,2.0,0.0,0.23809523809523808,0.0,20.1,40.7,0.0,54.7,0
2019,5,Spanish Grand Prix,2019-05-12,KVY,Daniil Kvyat,Toro Rosso,catalunya,Circuit de Barcelona-Catalunya,9.0,9.0,0.1111111111111111,0.1111111111111111,1.0,4.0,0.0,2.0,15.0,15.0,2.0,10.0,0.0,0.0,4.0,12.777777777777779,2.0,0.0,0.23809523809523808,0.0,20.1,40.7,0.0,54.7,0
2019,6,Monaco Grand Prix,2019-05-26,ALB,Alexander Albon,Toro Rosso,monaco,Circuit de Monaco,10.0,10.0,0.1,0.1,3.0,5.0,0.0,0.0,11.0,11.0,0.0,10.0,0.0,0.0,6.0,12.4,2.0,0.0,0.2857142857142857,1.0,22.8,32.7,1.0,52.7,0
2019,6,Monaco Grand Prix,2019-05-26,KVY,Daniil Kvyat,Toro Rosso,monaco,Circuit de Monaco,8.0,7.0,0.125,0.14285714285714285,3.0,5.0,0.0,2.0,13.8,13.8,2.0,10.0,0.0,0.0,10.0,12.0,2.0,0.0,0.2857142857142857,1.0,22.8,32.7,1.0,52.7,0
2019,7,Canadian Grand Prix,2019-06-09,ALB,Alexander Albon,Toro Rosso,villeneuve,Circuit Gilles Villeneuve,14.0,13.0,0.07142857142857142,0.07692307692307693,7.0,6.0,0.0,0.0,10.5,9.8,0.0,10.0,0.0,0.0,16.0,11.583333333333334,2.0,0.0,0.3333333333333333,0.0,29.4,51.1,0.0,16.1,0
2019,7,Canadian Grand Prix,2019-06-09,KVY,Daniil Kvyat,Toro Rosso,villeneuve,Circuit Gilles Villeneuve,12.0,10.0,0.08333333333333333,0.1,9.0,6.0,0.0,2.0,12.666666666666666,13.2,2.0,10.0,0.0,0.0,16.0,12.153846153846153,3.0,0.0,0.3333333333333333,0.0,29.4,51.1,0.0,16.1,0
2019,8,French Grand Prix,2019-06-23,ALB,Alexander Albon,Toro Rosso,ricard,Circuit Paul Ricard,11.0,11.0,0.09090909090909091,0.09090909090909091,7.0,7.0,0.0,1.0,11.714285714285714,11.8,1.0,10.0,0.0,0.0,17.0,12.0,3.0,0.0,0.38095238095238093,0.0,26.9,54.5,0.0,39.1,0
2019,8,French Grand Prix,2019-06-23,KVY,Daniil Kvyat,Toro Rosso,ricard,Circuit Paul Ricard,16.0,19.0,0.0625,0.05263157894736842,10.0,7.0,0.0,2.0,12.285714285714286,12.8,2.0,10.0,0.0,0.0,17.0,12.2,3.0,0.0,0.38095238095238093,0.0,26.9,54.5,0.0,39.1,0
2019,9,Austrian Grand Prix,2019-06-30,ALB,Alexander Albon,Toro Rosso,red_bull_ring,Red Bull Ring,13.0,18.0,0.07692307692307693,0.05555555555555555,7.0,8.0,0.0,1.0,12.125,12.8,1.0,10.0,0.0,0.0,17.0,12.3125,3.0,0.0,0.42857142857142855,0.0,34.4,50.7,0.0,18.0,0
2019,9,Austrian Grand Prix,2019-06-30,KVY,Daniil Kvyat,Toro Rosso,red_bull_ring,Red Bull Ring,18.0,16.0,0.05555555555555555,0.0625,10.0,8.0,0.0,2.0,12.5,11.8,1.0,10.0,0.0,0.0,17.0,12.470588235294118,3.0,0.0,0.42857142857142855,0.0,34.4,50.7,0.0,18.0,0
2019,10,British Grand Prix,2019-07-14,ALB,Alexander Albon,Toro Rosso,silverstone,Silverstone Circuit,9.0,9.0,0.1111111111111111,0.1111111111111111,7.0,9.0,0.0,1.0,12.444444444444445,13.6,1.0,10.0,0.0,0.0,17.0,12.722222222222221,3.0,0.0,0.47619047619047616,0.0,18.9,30.3,0.0,62.1,0
2019,10,British Grand Prix,2019-07-14,KVY,Daniil Kvyat,Toro Rosso,silverstone,Silverstone Circuit,17.0,17.0,0.058823529411764705,0.058823529411764705,10.0,9.0,0.0,2.0,13.0,11.4,0.0,10.0,0.0,0.0,17.0,12.68421052631579,3.0,0.0,0.47619047619047616,0.0,18.9,30.3,0.0,62.1,0
2019,11,German Grand Prix,2019-07-28,ALB,Alexander Albon,Toro Rosso,hockenheimring,Hockenheimring,17.0,16.0,0.058823529411764705,0.0625,7.0,10.0,0.0,1.0,12.4,13.8,1.0,10.0,0.0,0.0,19.0,12.5,3.0,0.0,0.5238095238095238,1.0,21.5,26.4,1.0,87.8,0
2019,11,German Grand Prix,2019-07-28,KVY,Daniil Kvyat,Toro Rosso,hockenheimring,Hockenheimring,14.0,14.0,0.07142857142857142,0.07142857142857142,12.0,10.0,0.0,2.0,12.6,11.4,0.0,10.0,0.0,0.0,27.0,12.19047619047619,3.0,0.0,0.5238095238095238,1.0,21.5,26.4,1.0,87.8,0
2019,12,Hungarian Grand Prix,2019-08-04,ALB,Alexander Albon,Toro Rosso,hungaroring,Hungaroring,12.0,12.0,0.08333333333333333,0.08333333333333333,15.0,11.0,0.0,1.0,11.818181818181818,13.4,1.0,10.0,0.0,0.0,42.0,11.772727272727273,3.0,0.0,0.5714285714285714,0.0,25.7,44.1,0.0,33.9,0
2019,12,Hungarian Grand Prix,2019-08-04,KVY,Daniil Kvyat,Toro Rosso,hungaroring,Hungaroring,13.0,13.0,0.07692307692307693,0.07692307692307693,27.0,11.0,0.0,2.0,11.727272727272727,10.6,0.0,10.0,0.0,0.0,43.0,11.695652173913043,3.0,0.0,0.5714285714285714,0.0,25.7,44.1,0.0,33.9,0
2019,13,Belgian Grand Prix,2019-09-01,GAS,Pierre Gasly,Toro Rosso,spa,Circuit de Spa-Francorchamps,16.0,13.0,0.0625,0.07692307692307693,63.0,12.0,0.0,2.0,8.5,8.2,1.0,9.0,1.0,0.0,43.0,11.833333333333334,3.0,0.0,0.6190476190476191,0.0,17.4,28.1,0.0,57.0,0
2019,13,Belgian Grand Prix,2019-09-01,KVY,Daniil Kvyat,Toro Rosso,spa,Circuit de Spa-Francorchamps,18.0,19.0,0.05555555555555555,0.05263157894736842,27.0,12.0,0.0,2.0,12.0,11.6,0.0,10.0,0.0,0.0,45.0,11.72,3.0,0.0,0.6190476190476191,0.0,17.4,28.1,0.0,57.0,0
2019,14,Italian Grand Prix,2019-09-08,GAS,Pierre Gasly,Toro Rosso,monza,Autodromo Nazionale di Monza,15.0,17.0,0.06666666666666667,0.058823529411764705,65.0,13.0,0.0,2.0,8.538461538461538,8.0,1.0,14.0,1.0,0.0,51.0,11.538461538461538,3.0,0.0,0.6666666666666666,0.0,21.1,33.0,0.0,51.6,0
2019,14,Italian Grand Prix,2019-09-08,KVY,Daniil Kvyat,Toro Rosso,monza,Autodromo Nazionale di Monza,13.0,12.0,0.07692307692307693,0.08333333333333333,33.0,13.0,0.0,2.0,11.615384615384615,10.2,0.0,10.0,0.0,0.0,51.0,11.518518518518519,3.0,0.0,0.6666666666666666,0.0,21.1,33.0,0.0,51.6,0
2019,15,Singapore Grand Prix,2019-09-22,GAS,Pierre Gasly,Toro Rosso,marina_bay,Marina Bay Street Circuit,12.0,11.0,0.08333333333333333,0.09090909090909091,65.0,14.0,0.0,2.0,8.714285714285714,8.8,1.0,13.0,1.0,0.0,51.0,11.785714285714286,4.0,0.0,0.7142857142857143,0.0,30.0,35.8,0.0,66.5,0
2019,15,Singapore Grand Prix,2019-09-22,KVY,Daniil Kvyat,Toro Rosso,marina_bay,Marina Bay Street Circuit,15.0,14.0,0.06666666666666667,0.07142857142857142,33.0,14.0,0.0,3.0,12.142857142857142,10.6,1.0,10.0,0.0,0.0,55.0,11.655172413793103,4.0,0.0,0.7142857142857143,0.0,30.0,35.8,0.0,66.5,0
2019,16,Russian Grand Prix,2019-09-29,GAS,Pierre Gasly,Toro Rosso,sochi,Sochi Autodrom,11.0,16.0,0.09090909090909091,0.0625,69.0,15.0,0.0,2.0,8.666666666666666,9.6,1.0,19.0,1.0,1.0,55.0,11.766666666666667,4.0,0.0,0.7619047619047619,1.0,22.0,34.3,1.0,67.4,0
2019,16,Russian Grand Prix,2019-09-29,KVY,Daniil Kvyat,Toro Rosso,sochi,Sochi Autodrom,20.0,19.0,0.05,0.05263157894736842,33.0,15.0,0.0,3.0,12.333333333333334,11.8,1.0,10.0,0.0,0.0,55.0,11.838709677419354,4.0,0.0,0.7619047619047619,1.0,22.0,34.3,1.0,67.4,0
2019,17,Japanese Grand Prix,2019-10-13,GAS,Pierre Gasly,Toro Rosso,suzuka,Suzuka Circuit,9.0,9.0,0.1111111111111111,0.1111111111111111,69.0,16.0,0.0,2.0,9.0,9.6,0.0,11.0,1.0,0.0,55.0,11.84375,4.0,0.0,0.8095238095238095,0.0,21.6,32.2,0.0,57.5,0
2019,17,Japanese Grand Prix,2019-10-13,KVY,Daniil Kvyat,Toro Rosso,suzuka,Suzuka Circuit,14.0,14.0,0.07142857142857142,0.07142857142857142,33.0,16.0,0.0,3.0,12.3125,13.6,1.0,10.0,0.0,0.0,61.0,11.696969696969697,4.0,0.0,0.8095238095238095,0.0,21.6,32.2,0.0,57.5,0
2019,18,Mexican Grand Prix,2019-10-27,GAS,Pierre Gasly,Toro Rosso,rodriguez,Autódromo Hermanos Rodríguez,10.0,10.0,0.1,0.1,75.0,17.0,0.0,2.0,8.882352941176471,9.8,0.0,10.0,1.0,0.0,62.0,11.647058823529411,4.0,0.0,0.8571428571428571,0.0,23.2,41.6,0.0,46.3,0
2019,18,Mexican Grand Prix,2019-10-27,KVY,Daniil Kvyat,Toro Rosso,rodriguez,Autódromo Hermanos Rodríguez,9.0,9.0,0.1111111111111111,0.1111111111111111,34.0,17.0,0.0,3.0,12.176470588235293,12.6,1.0,10.0,0.0,0.0,64.0,11.571428571428571,4.0,0.0,0.8571428571428571,0.0,23.2,41.6,0.0,46.3,0
2019,19,United States Grand Prix,2019-11-03,GAS,Pierre Gasly,Toro Rosso,americas,Circuit of the Americas,10.0,10.0,0.1,0.1,77.0,18.0,0.0,2.0,8.88888888888889,9.8,0.0,12.0,1.0,0.0,64.0,11.555555555555555,4.0,0.0,0.9047619047619048,0.0,21.5,29.1,0.0,29.2,0
2019,19,United States Grand Prix,2019-11-03,KVY,Daniil Kvyat,Toro Rosso,americas,Circuit of the Americas,13.0,13.0,0.07692307692307693,0.07692307692307693,34.0,18.0,0.0,3.0,12.11111111111111,13.4,1.0,10.0,0.0,0.0,64.0,11.675675675675675,4.0,0.0,0.9047619047619048,0.0,21.5,29.1,0.0,29.2,0
2019,20,Brazilian Grand Prix,2019-11-17,GAS,Pierre Gasly,Toro Rosso,interlagos,Autódromo José Carlos Pace,7.0,6.0,0.14285714285714285,0.16666666666666666,77.0,19.0,0.0,2.0,9.263157894736842,10.8,0.0,13.0,1.0,0.0,64.0,11.68421052631579,4.0,0.0,0.9523809523809523,0.0,21.0,46.5,0.0,60.3,0
2019,20,Brazilian Grand Prix,2019-11-17,KVY,Daniil Kvyat,Toro Rosso,interlagos,Autódromo José Carlos Pace,16.0,16.0,0.0625,0.0625,34.0,19.0,0.0,3.0,12.105263157894736,12.0,0.0,10.0,0.0,0.0,82.0,11.435897435897436,4.0,0.0,0.9523809523809523,0.0,21.0,46.5,0.0,60.3,0
2019,21,Abu Dhabi Grand Prix,2019-12-01,GAS,Pierre Gasly,Toro Rosso,yas_marina,Yas Marina Circuit,12.0,11.0,0.08333333333333333,0.09090909090909091,95.0,20.0,0.0,2.0,8.9,9.6,0.0,16.0,1.0,1.0,83.0,11.4,4.0,0.0,1.0,0.0,26.0,29.6,0.0,64.5,0
2019,21,Abu Dhabi Grand Prix,2019-12-01,KVY,Daniil Kvyat,Toro Rosso,yas_marina,Yas Marina Circuit,14.0,13.0,0.07142857142857142,0.07692307692307693,35.0,20.0,0.0,3.0,12.0,11.0,0.0,10.0,0.0,0.0,83.0,11.560975609756097,4.0,0.0,1.0,0.0,26.0,29.6,0.0,64.5,0
2018,1,Australian Grand Prix,2018-03-25,SIR,Sergey Sirotkin,Williams,albert_park,Albert Park Grand Prix Circuit,19.0,19.0,0.05263157894736842,0.05263157894736842,0.0,0.0,0.0,0.0,11.375,11.0,0.0,10.0,0.0,0.0,0.0,11.416666666666666,0.0,0.0,0.047619047619047616,1.0,24.1,36.3,1.0,30.9,0
2018,1,Australian Grand Prix,2018-03-25,STR,Lance Stroll,Williams,albert_park,Albert Park Grand Prix Circuit,14.0,13.0,0.07142857142857142,0.07692307692307693,0.0,0.0,0.0,0.0,11.375,11.0,0.0,10.0,0.0,0.0,0.0,20.0,1.0,0.0,0.047619047619047616,1.0,24.1,36.3,1.0,30.9,0
2018,2,Bahrain Grand Prix,2018-04-08,SIR,Sergey Sirotkin,Williams,bahrain,Bahrain International Circuit,18.0,18.0,0.05555555555555555,0.05555555555555555,0.0,1.0,0.0,1.0,20.0,20.0,1.0,10.0,0.0,0.0,0.0,17.0,1.0,0.0,0.09523809523809523,0.0,28.0,32.2,0.0,47.4,0
2018,2,Bahrain Grand Prix,2018-04-08,STR,Lance Stroll,Williams,bahrain,Bahrain International Circuit,20.0,20.0,0.05,0.05,0.0,1.0,0.0,0.0,14.0,14.0,0.0,10.0,0.0,0.0,0.0,16.333333333333332,1.0,0.0,0.09523809523809523,0.0,28.0,32.2,0.0,47.4,0
2018,3,Chinese Grand Prix,2018-04-15,SIR,Sergey Sirotkin,Williams,shanghai,Shanghai International Circuit,16.0,16.0,0.0625,0.0625,0.0,2.0,0.0,1.0,17.5,17.5,1.0,10.0,0.0,0.0,0.0,15.75,1.0,0.0,0.14285714285714285,1.0,19.4,37.0,1.0,24.1,0
2018,3,Chinese Grand Prix,2018-04-15,STR,Lance Stroll,Williams,shanghai,Shanghai International Circuit,18.0,18.0,0.05555555555555555,0.05555555555555555,0.0,2.0,0.0,0.0,14.0,14.0,0.0,10.0,0.0,0.0,0.0,15.6,1.0,0.0,0.14285714285714285,1.0,19.4,37.0,1.0,24.1,0
2018,4,Azerbaijan Grand Prix,2018-04-29,SIR,Sergey Sirotkin,Williams,baku,Baku City Circuit,12.0,11.0,0.08333333333333333,0.09090909090909091,0.0,3.0,0.0,1.0,16.666666666666668,16.666666666666668,1.0,10.0,0.0,0.0,0.0,15.333333333333334,1.0,0.0,0.19047619047619047,0.0,16.7,25.3,0.0,45.7,0
2018,4,Azerbaijan Grand Prix,2018-04-29,STR,Lance Stroll,Williams,baku,Baku City Circuit,11.0,10.0,0.09090909090909091,0.1,0.0,3.0,0.0,0.0,14.0,14.0,0.0,10.0,0.0,0.0,0.0,16.0,2.0,0.0,0.19047619047619047,0.0,16.7,25.3,0.0,45.7,0
2018,5,Spanish Grand Prix,2018-05-13,SIR,Sergey Sirotkin,Williams,catalunya,Circuit de Barcelona-Catalunya,18.0,19.0,0.05555555555555555,0.05263157894736842,0.0,4.0,0.0,2.0,17.5,17.5,2.0,10.0,0.0,0.0,4.0,15.0,2.0,0.0,0.23809523809523808,1.0,16.1,32.3,1.0,52.3,0
2018,5,Spanish Grand Prix,2018-05-13,STR,Lance Stroll,Williams,catalunya,Circuit de Barcelona-Catalunya,19.0,18.0,0.05263157894736842,0.05555555555555555,4.0,4.0,0.0,0.0,12.5,12.5,0.0,10.0,0.0,0.0,4.0,14.88888888888889,2.0,0.0,0.23809523809523808,1.0,16.1,32.3,1.0,52.3,0
2018,6,Monaco Grand Prix,2018-05-27,SIR,Sergey Sirotkin,Williams,monaco,Circuit de Monaco,13.0,13.0,0.07692307692307693,0.07692307692307693,0.0,5.0,0.0,2.0,16.8,16.8,2.0,10.0,0.0,0.0,4.0,14.5,2.0,0.0,0.2857142857142857,1.0,26.6,34.6,1.0,50.9,0
2018,6,Monaco Grand Prix,2018-05-27,STR,Lance Stroll,Williams,monaco,Circuit de Monaco,18.0,17.0,0.05555555555555555,0.058823529411764705,4.0,5.0,0.0,0.0,12.2,12.2,0.0,10.0,0.0,0.0,4.0,14.636363636363637,2.0,0.0,0.2857142857142857,1.0,26.6,34.6,1.0,50.9,0
2018,7,Canadian Grand Prix,2018-06-10,SIR,Sergey Sirotkin,Williams,villeneuve,Circuit Gilles Villeneuve,18.0,18.0,0.05555555555555555,0.05555555555555555,0.0,6.0,0.0,2.0,16.666666666666668,16.0,1.0,10.0,0.0,0.0,4.0,14.833333333333334,2.0,0.0,0.3333333333333333,0.0,20.5,36.9,0.0,27.8,0
2018,7,Canadian Grand Prix,2018-06-10,STR,Lance Stroll,Williams,villeneuve,Circuit Gilles Villeneuve,17.0,17.0,0.058823529411764705,0.058823529411764705,4.0,6.0,0.0,0.0,13.0,12.8,0.0,10.0,0.0,0.0,4.0,15.0,2.0,0.0,0.3333333333333333,0.0,20.5,36.9,0.0,27.8,0
2018,8,French Grand Prix,2018-06-24,SIR,Sergey Sirotkin,Williams,ricard,Circuit Paul Ricard,19.0,18.0,0.05263157894736842,0.05555555555555555,0.0,7.0,0.0,2.0,16.714285714285715,16.4,1.0,10.0,0.0,0.0,4.0,15.357142857142858,3.0,0.0,0.38095238095238093,1.0,24.5,42.0,1.0,49.0,0
2018,8,French Grand Prix,2018-06-24,STR,Lance Stroll,Williams,ricard,Circuit Paul Ricard,20.0,19.0,0.05,0.05263157894736842,4.0,7.0,0.0,1.0,14.0,14.0,1.0,10.0,0.0,0.0,4.0,15.333333333333334,3.0,0.0,0.38095238095238093,1.0,24.5,42.0,1.0,49.0,0
2018,9,Austrian Grand Prix,2018-07-01,SIR,Sergey Sirotkin,Williams,red_bull_ring,Red Bull Ring,18.0,17.0,0.05555555555555555,0.058823529411764705,0.0,8.0,0.0,2.0,16.5,16.4,1.0,10.0,0.0,0.0,4.0,15.4375,3.0,0.0,0.42857142857142855,0.0,23.2,45.9,0.0,37.1,0
2018,9,Austrian Grand Prix,2018-07-01,STR,Lance Stroll,Williams,red_bull_ring,Red Bull Ring,15.0,14.0,0.06666666666666667,0.07142857142857142,4.0,8.0,0.0,1.0,14.375,14.6,1.0,10.0,0.0,0.0,4.0,15.294117647058824,3.0,0.0,0.42857142857142855,0.0,23.2,45.9,0.0,37.1,0
2018,10,British Grand Prix,2018-07-08,SIR,Sergey Sirotkin,Williams,silverstone,Silverstone Circuit,18.0,18.0,0.05555555555555555,0.05555555555555555,0.0,9.0,0.0,2.0,16.11111111111111,15.0,0.0,10.0,0.0,0.0,4.0,15.222222222222221,3.0,0.0,0.47619047619047616,0.0,27.4,52.2,0.0,38.7,0
2018,10,British Grand Prix,2018-07-08,STR,Lance Stroll,Williams,silverstone,Silverstone Circuit,19.0,19.0,0.05263157894736842,0.05263157894736842,4.0,9.0,0.0,1.0,14.333333333333334,15.8,1.0,10.0,0.0,0.0,4.0,15.157894736842104,3.0,0.0,0.47619047619047616,0.0,27.4,52.2,0.0,38.7,0
2018,11,German Grand Prix,2018-07-22,SIR,Sergey Sirotkin,Williams,hockenheimring,Hockenheimring,12.0,12.0,0.08333333333333333,0.08333333333333333,0.0,10.0,0.0,2.0,15.9,15.0,0.0,10.0,0.0,0.0,4.0,15.0,3.0,0.0,0.5238095238095238,1.0,26.4,40.7,1.0,54.8,0
2018,11,German Grand Prix,2018-07-22,STR,Lance Stroll,Williams,hockenheimring,Hockenheimring,19.0,18.0,0.05263157894736842,0.05555555555555555,4.0,10.0,0.0,1.0,14.1,16.0,1.0,10.0,0.0,0.0,4.0,15.19047619047619,4.0,0.0,0.5238095238095238,1.0,26.4,40.7,1.0,54.8,0
2018,12,Hungarian Grand Prix,2018-07-29,SIR,Sergey Sirotkin,Williams,hungaroring,Hungaroring,20.0,20.0,0.05,0.05,0.0,11.0,0.0,3.0,16.181818181818183,15.6,1.0,10.0,0.0,0.0,4.0,15.272727272727273,5.0,0.0,0.5714285714285714,0.0,33.8,51.1,0.0,33.0,0
2018,12,Hungarian Grand Prix,2018-07-29,STR,Lance Stroll,Williams,hungaroring,Hungaroring,15.0,15.0,0.06666666666666667,0.06666666666666667,4.0,11.0,0.0,2.0,14.363636363636363,16.0,2.0,10.0,0.0,0.0,4.0,15.304347826086957,5.0,0.0,0.5714285714285714,0.0,33.8,51.1,0.0,33.0,0
2018,13,Belgian Grand Prix,2018-08-26,SIR,Sergey Sirotkin,Williams,spa,Circuit de Spa-Francorchamps,18.0,16.0,0.05555555555555555,0.0625,0.0,12.0,0.0,3.0,16.166666666666668,15.4,1.0,10.0,0.0,0.0,4.0,15.375,5.0,0.0,0.6190476190476191,0.0,17.3,27.9,0.0,37.7,0
2018,13,Belgian Grand Prix,2018-08-26,STR,Lance Stroll,Williams,spa,Circuit de Spa-Francorchamps,19.0,17.0,0.05263157894736842,0.058823529411764705,4.0,12.0,0.0,2.0,14.583333333333334,15.4,1.0,10.0,0.0,0.0,4.0,15.24,5.0,0.0,0.6190476190476191,0.0,17.3,27.9,0.0,37.7,0
2018,14,Italian Grand Prix,2018-09-02,SIR,Sergey Sirotkin,Williams,monza,Autodromo Nazionale di Monza,12.0,12.0,0.08333333333333333,0.08333333333333333,0.0,13.0,0.0,3.0,15.846153846153847,14.8,1.0,10.0,0.0,0.0,4.0,15.153846153846153,5.0,0.0,0.6666666666666666,1.0,22.2,30.8,1.0,63.8,0
2018,14,Italian Grand Prix,2018-09-02,STR,Lance Stroll,Williams,monza,Autodromo Nazionale di Monza,10.0,10.0,0.1,0.1,4.0,13.0,0.0,2.0,14.461538461538462,14.6,1.0,10.0,0.0,0.0,5.0,14.962962962962964,5.0,0.0,0.6666666666666666,1.0,22.2,30.8,1.0,63.8,0
2018,15,Singapore Grand Prix,2018-09-16,SIR,Sergey Sirotkin,Williams,marina_bay,Marina Bay Street Circuit,19.0,19.0,0.05263157894736842,0.05263157894736842,1.0,14.0,0.0,3.0,15.428571428571429,14.2,1.0,10.0,0.0,0.0,7.0,14.75,5.0,0.0,0.7142857142857143,0.0,29.9,33.1,0.0,66.0,0
2018,15,Singapore Grand Prix,2018-09-16,STR,Lance Stroll,Williams,marina_bay,Marina Bay Street Circuit,20.0,20.0,0.05,0.05,6.0,14.0,0.0,2.0,14.071428571428571,13.6,1.0,10.0,0.0,0.0,7.0,14.89655172413793,5.0,0.0,0.7142857142857143,0.0,29.9,33.1,0.0,66.0,0
2018,16,Russian Grand Prix,2018-09-30,SIR,Sergey Sirotkin,Williams,sochi,Sochi Autodrom,18.0,13.0,0.05555555555555555,0.07692307692307693,1.0,15.0,0.0,3.0,15.666666666666666,15.2,1.0,10.0,0.0,0.0,7.0,14.866666666666667,5.0,0.0,0.7619047619047619,1.0,24.8,29.9,1.0,61.3,0
2018,16,Russian Grand Prix,2018-09-30,STR,Lance Stroll,Williams,sochi,Sochi Autodrom,20.0,14.0,0.05,0.07142857142857142,6.0,15.0,0.0,2.0,14.066666666666666,14.0,1.0,10.0,0.0,0.0,7.0,14.96774193548387,5.0,0.0,0.7619047619047619,1.0,24.8,29.9,1.0,61.3,0
2018,17,Japanese Grand Prix,2018-10-07,SIR,Sergey Sirotkin,Williams,suzuka,Suzuka Circuit,17.0,17.0,0.058823529411764705,0.058823529411764705,1.0,16.0,0.0,3.0,15.8125,15.0,0.0,10.0,0.0,0.0,7.0,14.96875,5.0,0.0,0.8095238095238095,0.0,28.3,37.2,0.0,50.5,0
2018,17,Japanese Grand Prix,2018-10-07,STR,Lance Stroll,Williams,suzuka,Suzuka Circuit,14.0,14.0,0.07142857142857142,0.07142857142857142,6.0,16.0,0.0,2.0,14.125,13.6,0.0,10.0,0.0,0.0,7.0,15.0,5.0,0.0,0.8095238095238095,0.0,28.3,37.2,0.0,50.5,0
2018,18,United States Grand Prix,2018-10-21,SIR,Sergey Sirotkin,Williams,americas,Circuit of the Americas,17.0,14.0,0.058823529411764705,0.07142857142857142,1.0,17.0,0.0,3.0,15.823529411764707,15.0,0.0,10.0,0.0,0.0,7.0,15.058823529411764,5.0,0.0,0.8571428571428571,0.0,21.9,30.5,0.0,37.6,0
2018,18,United States Grand Prix,2018-10-21,STR,Lance Stroll,Williams,americas,Circuit of the Americas,18.0,15.0,0.05555555555555555,0.06666666666666667,6.0,17.0,0.0,2.0,14.294117647058824,13.6,0.0,10.0,0.0,0.0,7.0,15.0,5.0,0.0,0.8571428571428571,0.0,21.9,30.5,0.0,37.6,0
2018,19,Mexican Grand Prix,2018-10-28,SIR,Sergey Sirotkin,Williams,rodriguez,Autódromo Hermanos Rodríguez,20.0,19.0,0.05,0.05263157894736842,1.0,18.0,0.0,3.0,15.666666666666666,15.2,0.0,10.0,0.0,0.0,7.0,14.972222222222221,5.0,0.0,0.9047619047619048,0.0,20.1,34.5,0.0,50.7,0
2018,19,Mexican Grand Prix,2018-10-28,STR,Lance Stroll,Williams,rodriguez,Autódromo Hermanos Rodríguez,19.0,17.0,0.05263157894736842,0.058823529411764705,6.0,18.0,0.0,2.0,14.277777777777779,13.8,0.0,10.0,0.0,0.0,7.0,14.91891891891892,5.0,0.0,0.9047619047619048,0.0,20.1,34.5,0.0,50.7,0
2018,20,Brazilian Grand Prix,2018-11-11,SIR,Sergey Sirotkin,Williams,interlagos,Autódromo José Carlos Pace,15.0,14.0,0.06666666666666667,0.07142857142857142,1.0,19.0,0.0,3.0,15.526315789473685,15.8,0.0,10.0,0.0,0.0,7.0,14.842105263157896,5.0,0.0,0.9523809523809523,0.0,23.8,40.1,0.0,75.4,0
2018,20,Brazilian Grand Prix,2018-11-11,STR,Lance Stroll,Williams,interlagos,Autódromo José Carlos Pace,19.0,19.0,0.05263157894736842,0.05263157894736842,6.0,19.0,0.0,2.0,14.157894736842104,14.4,0.0,10.0,0.0,0.0,7.0,14.871794871794872,5.0,0.0,0.9523809523809523,0.0,23.8,40.1,0.0,75.4,0
2018,21,Abu Dhabi Grand Prix,2018-11-25,SIR,Sergey Sirotkin,Williams,yas_marina,Yas Marina Circuit,19.0,19.0,0.05263157894736842,0.05263157894736842,1.0,20.0,0.0,3.0,15.55,15.2,0.0,10.0,0.0,0.0,7.0,14.95,5.0,0.0,1.0,1.0,31.3,33.3,1.0,45.4,0
2018,21,Abu Dhabi Grand Prix,2018-11-25,STR,Lance Stroll,Williams,yas_marina,Yas Marina Circuit,20.0,20.0,0.05,0.05,6.0,20.0,0.0,2.0,14.35,15.2,0.0,10.0,0.0,0.0,7.0,14.951219512195122,5.0,0.0,1.0,1.0,31.3,33.3,1.0,45.4,0
2019,1,Australian Grand Prix,2019-03-17,KUB,Robert Kubica,Williams,albert_park,Albert Park Grand Prix Circuit,20.0,20.0,0.05,0.05,0.0,0.0,0.0,0.0,11.375,11.0,0.0,10.0,0.0,0.0,0.0,11.416666666666666,0.0,0.0,0.047619047619047616,0.0,23.5,41.3,0.0,70.5,0
2019,1,Australian Grand Prix,2019-03-17,RUS,George Russell,Williams,albert_park,Albert Park Grand Prix Circuit,19.0,19.0,0.05263157894736842,0.05263157894736842,0.0,0.0,0.0,0.0,11.375,11.0,0.0,10.0,0.0,0.0,0.0,17.0,0.0,0.0,0.047619047619047616,0.0,23.5,41.3,0.0,70.5,0
2019,2,Bahrain Grand Prix,2019-03-31,KUB,Robert Kubica,Williams,bahrain,Bahrain International Circuit,20.0,20.0,0.05,0.05,0.0,1.0,0.0,0.0,17.0,17.0,0.0,10.0,0.0,0.0,0.0,16.5,0.0,0.0,0.09523809523809523,0.0,26.2,28.6,0.0,53.4,0
2019,2,Bahrain Grand Prix,2019-03-31,RUS,George Russell,Williams,bahrain,Bahrain International Circuit,19.0,19.0,0.05263157894736842,0.05263157894736842,0.0,1.0,0.0,0.0,16.0,16.0,0.0,10.0,0.0,0.0,0.0,16.333333333333332,0.0,0.0,0.09523809523809523,0.0,26.2,28.6,0.0,53.4,0
2019,3,Chinese Grand Prix,2019-04-14,KUB,Robert Kubica,Williams,shanghai,Shanghai International Circuit,18.0,18.0,0.05555555555555555,0.05555555555555555,0.0,2.0,0.0,0.0,16.5,16.5,0.0,10.0,0.0,0.0,0.0,16.0,0.0,0.0,0.14285714285714285,0.0,19.3,27.3,0.0,46.0,0
2019,3,Chinese Grand Prix,2019-04-14,RUS,George Russell,Williams,shanghai,Shanghai International Circuit,17.0,17.0,0.058823529411764705,0.058823529411764705,0.0,2.0,0.0,0.0,15.5,15.5,0.0,10.0,0.0,0.0,0.0,16.2,0.0,0.0,0.14285714285714285,0.0,19.3,27.3,0.0,46.0,0
2019,4,Azerbaijan Grand Prix,2019-04-28,KUB,Robert Kubica,Williams,baku,Baku City Circuit,18.0,0.0,0.05555555555555555,1.0,0.0,3.0,0.0,0.0,16.666666666666668,16.666666666666668,0.0,10.0,0.0,0.0,0.0,16.166666666666668,0.0,0.0,0.19047619047619047,0.0,19.8,39.7,0.0,51.4,0
2019,4,Azerbaijan Grand Prix,2019-04-28,RUS,George Russell,Williams,baku,Baku City Circuit,17.0,16.0,0.058823529411764705,0.0625,0.0,3.0,0.0,0.0,15.666666666666666,15.666666666666666,0.0,10.0,0.0,0.0,0.0,16.142857142857142,0.0,0.0,0.19047619047619047,0.0,19.8,39.7,0.0,51.4,0
2019,5,Spanish Grand Prix,2019-05-12,KUB,Robert Kubica,Williams,catalunya,Circuit de Barcelona-Catalunya,20.0,17.0,0.05,0.058823529411764705,0.0,4.0,0.0,0.0,16.5,16.5,0.0,10.0,0.0,0.0,0.0,16.0,0.0,0.0,0.23809523809523808,0.0,20.1,40.7,0.0,54.7,0
2019,5,Spanish Grand Prix,2019-05-12,RUS,George Russell,Williams,catalunya,Circuit de Barcelona-Catalunya,19.0,19.0,0.05263157894736842,0.05263157894736842,0.0,4.0,0.0,0.0,15.5,15.5,0.0,10.0,0.0,0.0,0.0,16.22222222222222,0.0,0.0,0.23809523809523808,0.0,20.1,40.7,0.0,54.7,0
2019,6,Monaco Grand Prix,2019-05-26,KUB,Robert Kubica,Williams,monaco,Circuit de Monaco,20.0,20.0,0.05,0.05,0.0,5.0,0.0,0.0,16.8,16.8,0.0,10.0,0.0,0.0,0.0,16.3,0.0,0.0,0.2857142857142857,1.0,22.8,32.7,1.0,52.7,0
2019,6,Monaco Grand Prix,2019-05-26,RUS,George Russell,Williams,monaco,Circuit de Monaco,19.0,19.0,0.05263157894736842,0.05263157894736842,0.0,5.0,0.0,0.0,15.8,15.8,0.0,10.0,0.0,0.0,0.0,16.454545454545453,0.0,0.0,0.2857142857142857,1.0,22.8,32.7,1.0,52.7,0
2019,7,Canadian Grand Prix,2019-06-09,KUB,Robert Kubica,Williams,villeneuve,Circuit Gilles Villeneuve,20.0,19.0,0.05,0.05263157894736842,0.0,6.0,0.0,0.0,17.0,17.0,0.0,10.0,0.0,0.0,0.0,16.333333333333332,0.0,0.0,0.3333333333333333,0.0,29.4,51.1,0.0,16.1,0
2019,7,Canadian Grand Prix,2019-06-09,RUS,George Russell,Williams,villeneuve,Circuit Gilles Villeneuve,19.0,18.0,0.05263157894736842,0.05555555555555555,0.0,6.0,0.0,0.0,15.666666666666666,15.6,0.0,10.0,0.0,0.0,0.0,16.46153846153846,0.0,0.0,0.3333333333333333,0.0,29.4,51.1,0.0,16.1,0
2019,8,French Grand Prix,2019-06-23,KUB,Robert Kubica,Williams,ricard,Circuit Paul Ricard,20.0,18.0,0.05,0.05555555555555555,0.0,7.0,0.0,0.0,17.142857142857142,17.4,0.0,10.0,0.0,0.0,0.0,16.428571428571427,0.0,0.0,0.38095238095238093,0.0,26.9,54.5,0.0,39.1,0
2019,8,French Grand Prix,2019-06-23,RUS,George Russell,Williams,ricard,Circuit Paul Ricard,19.0,20.0,0.05263157894736842,0.05,0.0,7.0,0.0,0.0,15.714285714285714,15.8,0.0,10.0,0.0,0.0,0.0,16.533333333333335,0.0,0.0,0.38095238095238093,0.0,26.9,54.5,0.0,39.1,0
2019,9,Austrian Grand Prix,2019-06-30,KUB,Robert Kubica,Williams,red_bull_ring,Red Bull Ring,20.0,17.0,0.05,0.058823529411764705,0.0,8.0,0.0,0.0,17.25,17.6,0.0,10.0,0.0,0.0,0.0,16.6875,0.0,0.0,0.42857142857142855,0.0,34.4,50.7,0.0,18.0,0
2019,9,Austrian Grand Prix,2019-06-30,RUS,George Russell,Williams,red_bull_ring,Red Bull Ring,19.0,0.0,0.05263157894736842,1.0,0.0,8.0,0.0,0.0,16.125,16.4,0.0,10.0,0.0,0.0,0.0,16.88235294117647,0.0,0.0,0.42857142857142855,0.0,34.4,50.7,0.0,18.0,0
2019,10,British Grand Prix,2019-07-14,KUB,Robert Kubica,Williams,silverstone,Silverstone Circuit,20.0,20.0,0.05,0.05,0.0,9.0,0.0,0.0,17.555555555555557,18.4,0.0,10.0,0.0,0.0,0.0,16.944444444444443,0.0,0.0,0.47619047619047616,0.0,18.9,30.3,0.0,62.1,0
2019,10,British Grand Prix,2019-07-14,RUS,George Russell,Williams,silverstone,Silverstone Circuit,19.0,19.0,0.05263157894736842,0.05263157894736842,0.0,9.0,0.0,0.0,16.333333333333332,17.0,0.0,10.0,0.0,0.0,0.0,16.842105263157894,0.0,0.0,0.47619047619047616,0.0,18.9,30.3,0.0,62.1,0
2019,11,German Grand Prix,2019-07-28,KUB,Robert Kubica,Williams,hockenheimring,Hockenheimring,19.0,18.0,0.05263157894736842,0.05555555555555555,0.0,10.0,0.0,0.0,17.3,17.8,0.0,10.0,0.0,0.0,0.0,16.7,0.0,0.0,0.5238095238095238,1.0,21.5,26.4,1.0,87.8,0
2019,11,German Grand Prix,2019-07-28,RUS,George Russell,Williams,hockenheimring,Hockenheimring,18.0,17.0,0.05555555555555555,0.058823529411764705,0.0,10.0,0.0,0.0,16.1,16.4,0.0,10.0,0.0,0.0,1.0,16.38095238095238,0.0,0.0,0.5238095238095238,1.0,21.5,26.4,1.0,87.8,0
2019,12,Hungarian Grand Prix,2019-08-04,KUB,Robert Kubica,Williams,hungaroring,Hungaroring,20.0,19.0,0.05,0.05263157894736842,1.0,11.0,0.0,0.0,16.636363636363637,16.2,0.0,10.0,0.0,0.0,1.0,16.136363636363637,0.0,0.0,0.5714285714285714,0.0,25.7,44.1,0.0,33.9,0
2019,12,Hungarian Grand Prix,2019-08-04,RUS,George Russell,Williams,hungaroring,Hungaroring,16.0,15.0,0.0625,0.06666666666666667,0.0,11.0,0.0,0.0,15.636363636363637,15.6,0.0,10.0,0.0,0.0,1.0,16.26086956521739,0.0,0.0,0.5714285714285714,0.0,25.7,44.1,0.0,33.9,0
2019,13,Belgian Grand Prix,2019-09-01,KUB,Robert Kubica,Williams,spa,Circuit de Spa-Francorchamps,20.0,0.0,0.05,1.0,1.0,12.0,0.0,0.0,16.833333333333332,16.4,0.0,10.0,0.0,0.0,1.0,16.25,0.0,0.0,0.6190476190476191,0.0,17.4,28.1,0.0,57.0,0
2019,13,Belgian Grand Prix,2019-09-01,RUS,George Russell,Williams,spa,Circuit de Spa-Francorchamps,19.0,14.0,0.05263157894736842,0.07142857142857142,0.0,12.0,0.0,0.0,15.666666666666666,15.6,0.0,10.0,0.0,0.0,1.0,16.28,0.0,0.0,0.6190476190476191,0.0,17.4,28.1,0.0,57.0,0
2019,14,Italian Grand Prix,2019-09-08,KUB,Robert Kubica,Williams,monza,Autodromo Nazionale di Monza,19.0,15.0,0.05263157894736842,0.06666666666666667,1.0,13.0,0.0,0.0,16.846153846153847,16.2,0.0,10.0,0.0,0.0,1.0,16.23076923076923,0.0,0.0,0.6666666666666666,0.0,21.1,33.0,0.0,51.6,0
2019,14,Italian Grand Prix,2019-09-08,RUS,George Russell,Williams,monza,Autodromo Nazionale di Monza,18.0,14.0,0.05555555555555555,0.07142857142857142,0.0,13.0,0.0,0.0,15.615384615384615,14.8,0.0,10.0,0.0,0.0,1.0,16.25925925925926,0.0,0.0,0.6666666666666666,0.0,21.1,33.0,0.0,51.6,0
2019,15,Singapore Grand Prix,2019-09-22,KUB,Robert Kubica,Williams,marina_bay,Marina Bay Street Circuit,19.0,19.0,0.05263157894736842,0.05263157894736842,1.0,14.0,0.0,0.0,16.857142857142858,15.6,0.0,10.0,0.0,0.0,1.0,16.178571428571427,0.0,0.0,0.7142857142857143,0.0,30.0,35.8,0.0,66.5,0
2019,15,Singapore Grand Prix,2019-09-22,RUS,George Russell,Williams,marina_bay,Marina Bay Street Circuit,18.0,18.0,0.05555555555555555,0.05555555555555555,0.0,14.0,0.0,0.0,15.5,14.0,0.0,10.0,0.0,0.0,1.0,16.17241379310345,0.0,0.0,0.7142857142857143,0.0,30.0,35.8,0.0,66.5,0
2019,16,Russian Grand Prix,2019-09-29,KUB,Robert Kubica,Williams,sochi,Sochi Autodrom,18.0,18.0,0.05555555555555555,0.05555555555555555,1.0,15.0,0.0,0.0,16.8,15.8,0.0,10.0,0.0,0.0,1.0,16.3,1.0,0.0,0.7619047619047619,1.0,22.0,34.3,1.0,67.4,0
2019,16,Russian Grand Prix,2019-09-29,RUS,George Russell,Williams,sochi,Sochi Autodrom,17.0,17.0,0.058823529411764705,0.058823529411764705,0.0,15.0,0.0,1.0,15.8,15.2,1.0,10.0,0.0,0.0,1.0,16.29032258064516,2.0,0.0,0.7619047619047619,1.0,22.0,34.3,1.0,67.4,0
2019,17,Japanese Grand Prix,2019-10-13,KUB,Robert Kubica,Williams,suzuka,Suzuka Circuit,20.0,0.0,0.05,1.0,1.0,16.0,0.0,1.0,16.75,17.0,1.0,10.0,0.0,0.0,1.0,16.3125,3.0,0.0,0.8095238095238095,0.0,21.6,32.2,0.0,57.5,0
2019,17,Japanese Grand Prix,2019-10-13,RUS,George Russell,Williams,suzuka,Suzuka Circuit,18.0,18.0,0.05555555555555555,0.05555555555555555,0.0,16.0,0.0,2.0,15.875,16.4,2.0,10.0,0.0,0.0,1.0,16.333333333333332,3.0,0.0,0.8095238095238095,0.0,21.6,32.2,0.0,57.5,0
2019,18,Mexican Grand Prix,2019-10-27,KUB,Robert Kubica,Williams,rodriguez,Autódromo Hermanos Rodríguez,20.0,20.0,0.05,0.05,1.0,17.0,0.0,1.0,16.764705882352942,16.6,1.0,10.0,0.0,0.0,1.0,16.323529411764707,3.0,0.0,0.8571428571428571,0.0,23.2,41.6,0.0,46.3,0
2019,18,Mexican Grand Prix,2019-10-27,RUS,George Russell,Williams,rodriguez,Autódromo Hermanos Rodríguez,19.0,19.0,0.05263157894736842,0.05263157894736842,0.0,17.0,0.0,2.0,15.882352941176471,16.4,2.0,10.0,0.0,0.0,1.0,16.37142857142857,3.0,0.0,0.8571428571428571,0.0,23.2,41.6,0.0,46.3,0
2019,19,United States Grand Prix,2019-11-03,KUB,Robert Kubica,Williams,americas,Circuit of the Americas,20.0,19.0,0.05,0.05263157894736842,1.0,18.0,0.0,1.0,16.833333333333332,16.8,1.0,10.0,0.0,0.0,1.0,16.36111111111111,3.0,0.0,0.9047619047619048,0.0,21.5,29.1,0.0,29.2,0
2019,19,United States Grand Prix,2019-11-03,RUS,George Russell,Williams,americas,Circuit of the Americas,18.0,18.0,0.05555555555555555,0.05555555555555555,0.0,18.0,0.0,2.0,15.88888888888889,16.6,2.0,10.0,0.0,0.0,1.0,16.43243243243243,3.0,0.0,0.9047619047619048,0.0,21.5,29.1,0.0,29.2,0
2019,20,Brazilian Grand Prix,2019-11-17,KUB,Robert Kubica,Williams,interlagos,Autódromo José Carlos Pace,19.0,19.0,0.05263157894736842,0.05263157894736842,1.0,19.0,0.0,1.0,16.94736842105263,17.2,1.0,10.0,0.0,0.0,1.0,16.44736842105263,3.0,0.0,0.9523809523809523,0.0,21.0,46.5,0.0,60.3,0
2019,20,Brazilian Grand Prix,2019-11-17,RUS,George Russell,Williams,interlagos,Autódromo José Carlos Pace,18.0,18.0,0.05555555555555555,0.05555555555555555,0.0,19.0,0.0,2.0,15.947368421052632,17.2,2.0,10.0,0.0,0.0,1.0,16.435897435897434,3.0,0.0,0.9523809523809523,0.0,21.0,46.5,0.0,60.3,0
2019,21,Abu Dhabi Grand Prix,2019-12-01,KUB,Robert Kubica,Williams,yas_marina,Yas Marina Circuit,20.0,19.0,0.05,0.05263157894736842,1.0,20.0,0.0,1.0,16.9,17.2,1.0,10.0,0.0,0.0,1.0,16.325,3.0,0.0,1.0,0.0,26.0,29.6,0.0,64.5,0
2019,21,Abu Dhabi Grand Prix,2019-12-01,RUS,George Russell,Williams,yas_marina,Yas Marina Circuit,19.0,18.0,0.05263157894736842,0.05555555555555555,0.0,20.0,0.0,2.0,15.75,15.6,1.0,10.0,0.0,0.0,1.0,16.390243902439025,3.0,0.0,1.0,0.0,26.0,29.6,0.0,64.5,0
2020,1,Austrian Grand Prix,2020-07-05,LAT,Nicholas Latifi,Williams,red_bull_ring,Red Bull Ring,20.0,20.0,0.05,0.05,0.0,0.0,0.0,0.0,11.375,11.0,0.0,10.0,0.0,0.0,0.0,11.416666666666666,0.0,0.0,0.058823529411764705,0.0,28.7,52.0,0.0,33.8,0
2020,1,Austrian Grand Prix,2020-07-05,RUS,George Russell,Williams,red_bull_ring,Red Bull Ring,17.0,17.0,0.058823529411764705,0.058823529411764705,0.0,0.0,0.0,0.0,11.375,15.6,0.0,18.0,1.0,0.0,0.0,11.0,0.0,0.0,0.058823529411764705,0.0,28.7,52.0,0.0,33.8,0
2020,2,Styrian Grand Prix,2020-07-12,LAT,Nicholas Latifi,Williams,red_bull_ring,Red Bull Ring,18.0,18.0,0.05555555555555555,0.05555555555555555,0.0,1.0,0.0,0.0,11.0,11.0,0.0,11.0,1.0,0.0,0.0,13.0,0.0,0.0,0.11764705882352941,1.0,20.8,39.9,1.0,34.0,0
2020,2,Styrian Grand Prix,2020-07-12,RUS,George Russell,Williams,red_bull_ring,Red Bull Ring,12.0,11.0,0.08333333333333333,0.09090909090909091,0.0,1.0,0.0,0.0,15.0,15.4,0.0,16.5,2.0,0.0,0.0,14.333333333333334,0.0,0.0,0.11764705882352941,1.0,20.8,39.9,1.0,34.0,0
2020,3,Hungarian Grand Prix,2020-07-19,LAT,Nicholas Latifi,Williams,hungaroring,Hungaroring,15.0,15.0,0.06666666666666667,0.06666666666666667,0.0,2.0,0.0,0.0,14.0,14.0,0.0,10.0,0.0,0.0,0.0,14.75,0.0,0.0,0.17647058823529413,1.0,20.7,27.1,1.0,77.2,0
2020,3,Hungarian Grand Prix,2020-07-19,RUS,George Russell,Williams,hungaroring,Hungaroring,12.0,12.0,0.08333333333333333,0.08333333333333333,0.0,2.0,0.0,0.0,15.5,15.4,0.0,16.0,1.0,0.0,0.0,15.6,0.0,0.0,0.17647058823529413,1.0,20.7,27.1,1.0,77.2,0
2020,4,British Grand Prix,2020-08-02,LAT,Nicholas Latifi,Williams,silverstone,Silverstone Circuit,20.0,18.0,0.05,0.05555555555555555,0.0,3.0,0.0,0.0,15.666666666666666,15.666666666666666,0.0,10.0,0.0,0.0,0.0,16.0,0.0,0.0,0.23529411764705882,0.0,21.3,40.6,0.0,44.2,0
2020,4,British Grand Prix,2020-08-02,RUS,George Russell,Williams,silverstone,Silverstone Circuit,15.0,20.0,0.06666666666666667,0.05,0.0,3.0,0.0,0.0,16.333333333333332,15.6,0.0,14.0,1.0,0.0,0.0,15.857142857142858,0.0,0.0,0.23529411764705882,0.0,21.3,40.6,0.0,44.2,0
2020,5,70th Anniversary Grand Prix,2020-08-09,LAT,Nicholas Latifi,Williams,silverstone,Silverstone Circuit,18.0,18.0,0.05555555555555555,0.05555555555555555,0.0,4.0,0.0,0.0,15.5,15.5,0.0,15.0,1.0,0.0,0.0,15.375,0.0,0.0,0.29411764705882354,0.0,25.3,43.2,0.0,58.6,0
2020,5,70th Anniversary Grand Prix,2020-08-09,RUS,George Russell,Williams,silverstone,Silverstone Circuit,15.0,15.0,0.06666666666666667,0.06666666666666667,0.0,4.0,0.0,0.0,15.25,15.6,0.0,13.0,2.0,0.0,0.0,15.777777777777779,0.0,0.0,0.29411764705882354,0.0,25.3,43.2,0.0,58.6,0
2020,6,Spanish Grand Prix,2020-08-16,LAT,Nicholas Latifi,Williams,catalunya,Circuit de Barcelona-Catalunya,19.0,19.0,0.05263157894736842,0.05263157894736842,0.0,5.0,0.0,0.0,16.2,16.2,0.0,10.0,0.0,0.0,0.0,16.0,0.0,0.0,0.35294117647058826,0.0,29.8,47.6,0.0,56.4,0
2020,6,Spanish Grand Prix,2020-08-16,RUS,George Russell,Williams,catalunya,Circuit de Barcelona-Catalunya,18.0,18.0,0.05555555555555555,0.05555555555555555,0.0,5.0,0.0,0.0,15.8,15.8,0.0,17.0,1.0,0.0,0.0,16.181818181818183,0.0,0.0,0.35294117647058826,0.0,29.8,47.6,0.0,56.4,0
2020,7,Belgian Grand Prix,2020-08-30,LAT,Nicholas Latifi,Williams,spa,Circuit de Spa-Francorchamps,19.0,19.0,0.05263157894736842,0.05263157894736842,0.0,6.0,0.0,0.0,16.5,17.6,0.0,10.0,0.0,0.0,0.0,16.25,0.0,0.0,0.4117647058823529,0.0,18.6,29.8,0.0,54.9,0
2020,7,Belgian Grand Prix,2020-08-30,RUS,George Russell,Williams,spa,Circuit de Spa-Francorchamps,15.0,15.0,0.06666666666666667,0.06666666666666667,0.0,6.0,0.0,0.0,16.0,16.2,0.0,15.0,1.0,0.0,0.0,16.23076923076923,0.0,0.0,0.4117647058823529,0.0,18.6,29.8,0.0,54.9,0
2020,8,Italian Grand Prix,2020-09-06,LAT,Nicholas Latifi,Williams,monza,Autodromo Nazionale di Monza,20.0,20.0,0.05,0.05,0.0,7.0,0.0,0.0,16.428571428571427,17.4,0.0,10.0,0.0,0.0,0.0,16.428571428571427,0.0,0.0,0.47058823529411764,0.0,28.1,41.2,0.0,40.1,0
2020,8,Italian Grand Prix,2020-09-06,RUS,George Russell,Williams,monza,Autodromo Nazionale di Monza,19.0,19.0,0.05263157894736842,0.05263157894736842,0.0,7.0,0.0,0.0,16.428571428571427,16.8,0.0,14.0,1.0,0.0,0.0,16.066666666666666,0.0,0.0,0.47058823529411764,0.0,28.1,41.2,0.0,40.1,0
2020,9,Tuscan Grand Prix,2020-09-13,LAT,Nicholas Latifi,Williams,mugello,Autodromo Internazionale del Mugello,19.0,19.0,0.05263157894736842,0.05263157894736842,0.0,8.0,0.0,0.0,15.75,15.8,0.0,10.0,0.0,0.0,0.0,15.9375,0.0,0.0,0.5294117647058824,0.0,30.2,43.1,0.0,39.9,0
2020,9,Tuscan Grand Prix,2020-09-13,RUS,George Russell,Williams,mugello,Autodromo Internazionale del Mugello,18.0,18.0,0.05555555555555555,0.05555555555555555,0.0,8.0,0.0,0.0,16.125,16.0,0.0,10.0,0.0,0.0,0.0,15.882352941176471,1.0,0.0,0.5294117647058824,0.0,30.2,43.1,0.0,39.9,0
2020,10,Russian Grand Prix,2020-09-27,LAT,Nicholas Latifi,Williams,sochi,Sochi Autodrom,19.0,20.0,0.05263157894736842,0.05,0.0,9.0,0.0,1.0,15.666666666666666,15.8,1.0,10.0,0.0,0.0,0.0,15.61111111111111,1.0,0.0,0.5882352941176471,0.0,28.8,40.3,0.0,51.4,0
2020,10,Russian Grand Prix,2020-09-27,RUS,George Russell,Williams,sochi,Sochi Autodrom,14.0,13.0,0.07142857142857142,0.07692307692307693,0.0,9.0,0.0,0.0,15.555555555555555,15.8,0.0,17.0,1.0,1.0,0.0,15.631578947368421,1.0,0.0,0.5882352941176471,0.0,28.8,40.3,0.0,51.4,0
2020,11,Eifel Grand Prix,2020-10-11,LAT,Nicholas Latifi,Williams,nurburgring,Nürburgring,18.0,18.0,0.05555555555555555,0.05555555555555555,0.0,10.0,0.0,1.0,15.7,15.2,1.0,10.0,0.0,0.0,0.0,15.75,1.0,0.0,0.6470588235294118,1.0,9.5,16.4,1.0,59.4,0
2020,11,Eifel Grand Prix,2020-10-11,RUS,George Russell,Williams,nurburgring,Nürburgring,17.0,17.0,0.058823529411764705,0.058823529411764705,0.0,10.0,0.0,0.0,15.8,15.8,0.0,10.0,0.0,0.0,0.0,15.666666666666666,1.0,0.0,0.6470588235294118,1.0,9.5,16.4,1.0,59.4,0
2020,12,Portuguese Grand Prix,2020-10-25,LAT,Nicholas Latifi,Williams,portimao,Autódromo Internacional do Algarve,20.0,20.0,0.05,0.05,0.0,11.0,0.0,1.0,15.545454545454545,14.4,1.0,10.0,0.0,0.0,0.0,15.863636363636363,2.0,0.0,0.7058823529411765,0.0,20.5,25.7,0.0,67.5,0
2020,12,Portuguese Grand Prix,2020-10-25,RUS,George Russell,Williams,portimao,Autódromo Internacional do Algarve,14.0,14.0,0.07142857142857142,0.07142857142857142,0.0,11.0,0.0,1.0,16.181818181818183,16.4,1.0,10.0,0.0,0.0,0.0,15.956521739130435,2.0,0.0,0.7058823529411765,0.0,20.5,25.7,0.0,67.5,0
2020,13,Emilia Romagna Grand Prix,2020-11-01,LAT,Nicholas Latifi,Williams,imola,Autodromo Enzo e Dino Ferrari,19.0,19.0,0.05263157894736842,0.05263157894736842,0.0,12.0,0.0,1.0,15.75,14.8,1.0,10.0,0.0,0.0,0.0,15.875,2.0,0.0,0.7647058823529411,0.0,18.0,23.3,0.0,71.1,0
2020,13,Emilia Romagna Grand Prix,2020-11-01,RUS,George Russell,Williams,imola,Autodromo Enzo e Dino Ferrari,13.0,13.0,0.07692307692307693,0.07692307692307693,0.0,12.0,0.0,1.0,16.0,15.4,1.0,10.0,0.0,0.0,0.0,15.68,2.0,0.0,0.7647058823529411,0.0,18.0,23.3,0.0,71.1,0
2020,14,Turkish Grand Prix,2020-11-15,LAT,Nicholas Latifi,Williams,istanbul,Istanbul Park,20.0,0.0,0.05,1.0,0.0,13.0,0.0,1.0,15.384615384615385,14.8,1.0,10.0,0.0,0.0,0.0,15.692307692307692,3.0,0.0,0.8235294117647058,1.0,13.1,15.2,1.0,80.2,0
2020,14,Turkish Grand Prix,2020-11-15,RUS,George Russell,Williams,istanbul,Istanbul Park,18.0,0.0,0.05555555555555555,1.0,0.0,13.0,0.0,2.0,16.0,15.8,2.0,10.0,0.0,0.0,0.0,15.814814814814815,4.0,0.0,0.8235294117647058,1.0,13.1,15.2,1.0,80.2,0
2020,15,Bahrain Grand Prix,2020-11-29,LAT,Nicholas Latifi,Williams,bahrain,Bahrain International Circuit,20.0,20.0,0.05,0.05,0.0,14.0,0.0,2.0,15.642857142857142,15.6,1.0,10.0,0.0,0.0,0.0,15.821428571428571,4.0,0.0,0.8823529411764706,0.0,25.1,27.5,0.0,67.8,0
2020,15,Bahrain Grand Prix,2020-11-29,RUS,George Russell,Williams,bahrain,Bahrain International Circuit,14.0,14.0,0.07142857142857142,0.07142857142857142,0.0,14.0,0.0,2.0,16.0,16.8,2.0,15.0,1.0,0.0,0.0,15.758620689655173,4.0,0.0,0.8823529411764706,0.0,25.1,27.5,0.0,67.8,0
2020,16,Sakhir Grand Prix,2020-12-06,AIT,Jack Aitken,Williams,bahrain,Bahrain International Circuit,18.0,17.0,0.05555555555555555,0.058823529411764705,0.0,0.0,0.0,0.0,11.375,11.0,0.0,10.0,0.0,0.0,0.0,15.633333333333333,4.0,0.0,0.9411764705882353,0.0,20.9,23.5,0.0,58.2,0
2020,16,Sakhir Grand Prix,2020-12-06,LAT,Nicholas Latifi,Williams,bahrain,Bahrain International Circuit,17.0,16.0,0.058823529411764705,0.0625,0.0,15.0,0.0,2.0,15.533333333333333,15.2,1.0,14.0,1.0,0.0,0.0,15.64516129032258,4.0,0.0,0.9411764705882353,0.0,20.9,23.5,0.0,58.2,0
2020,17,Abu Dhabi Grand Prix,2020-12-13,LAT,Nicholas Latifi,Williams,yas_marina,Yas Marina Circuit,20.0,18.0,0.05,0.05555555555555555,0.0,16.0,0.0,3.0,15.6875,16.0,2.0,10.0,0.0,0.0,0.0,15.71875,5.0,0.0,1.0,0.0,23.1,28.0,0.0,55.4,0
2020,17,Abu Dhabi Grand Prix,2020-12-13,RUS,George Russell,Williams,yas_marina,Yas Marina Circuit,18.0,16.0,0.05555555555555555,0.0625,3.0,16.0,0.0,2.0,15.3125,13.4,1.0,17.0,1.0,0.0,0.0,15.757575757575758,5.0,0.0,1.0,0.0,23.1,28.0,0.0,55.4,0
2021,1,Bahrain Grand Prix,2021-03-28,LAT,Nicholas Latifi,Williams,bahrain,Bahrain International Circuit,17.0,17.0,0.058823529411764705,0.058823529411764705,0.0,0.0,0.0,0.0,11.375,15.8,2.0,16.0,2.0,1.0,0.0,11.416666666666666,0.0,0.0,0.045454545454545456,0.0,20.5,27.6,0.0,54.5,0
2021,1,Bahrain Grand Prix,2021-03-28,RUS,George Russell,Williams,bahrain,Bahrain International Circuit,15.0,15.0,0.06666666666666667,0.06666666666666667,0.0,0.0,0.0,0.0,11.375,13.6,1.0,12.0,3.0,0.0,0.0,18.0,1.0,0.0,0.045454545454545456,0.0,20.5,27.6,0.0,54.5,0
2021,2,Emilia Romagna Grand Prix,2021-04-18,LAT,Nicholas Latifi,Williams,imola,Autodromo Enzo e Dino Ferrari,14.0,14.0,0.07142857142857142,0.07142857142857142,0.0,1.0,0.0,1.0,18.0,17.2,3.0,11.0,1.0,0.0,0.0,16.0,1.0,0.0,0.09090909090909091,1.0,10.6,16.8,1.0,69.5,0
2021,2,Emilia Romagna Grand Prix,2021-04-18,RUS,George Russell,Williams,imola,Autodromo Enzo e Dino Ferrari,12.0,12.0,0.08333333333333333,0.08333333333333333,0.0,1.0,0.0,0.0,14.0,13.2,0.0,16.0,1.0,1.0,0.0,17.333333333333332,2.0,0.0,0.09090909090909091,1.0,10.6,16.8,1.0,69.5,0
2021,3,Portuguese Grand Prix,2021-05-02,LAT,Nicholas Latifi,Williams,portimao,Autódromo Internacional do Algarve,18.0,18.0,0.05555555555555555,0.05555555555555555,0.0,2.0,0.0,2.0,19.0,17.4,3.0,18.0,1.0,0.0,0.0,17.75,3.0,0.0,0.13636363636363635,0.0,19.4,39.0,0.0,39.4,0
2021,3,Portuguese Grand Prix,2021-05-02,RUS,George Russell,Williams,portimao,Autódromo Internacional do Algarve,11.0,11.0,0.09090909090909091,0.09090909090909091,0.0,2.0,0.0,1.0,16.5,13.8,1.0,14.0,1.0,0.0,0.0,17.8,3.0,0.0,0.13636363636363635,0.0,19.4,39.0,0.0,39.4,0
2021,4,Spanish Grand Prix,2021-05-09,LAT,Nicholas Latifi,Williams,catalunya,Circuit de Barcelona-Catalunya,19.0,19.0,0.05263157894736842,0.05263157894736842,0.0,3.0,0.0,2.0,18.666666666666668,18.2,3.0,18.0,1.0,0.0,0.0,17.5,3.0,0.0,0.18181818181818182,0.0,22.2,32.9,0.0,57.6,0
2021,4,Spanish Grand Prix,2021-05-09,RUS,George Russell,Williams,catalunya,Circuit de Barcelona-Catalunya,15.0,15.0,0.06666666666666667,0.06666666666666667,0.0,3.0,0.0,1.0,16.333333333333332,14.6,1.0,17.0,2.0,0.0,0.0,17.285714285714285,3.0,0.0,0.18181818181818182,0.0,22.2,32.9,0.0,57.6,0
2021,5,Monaco Grand Prix,2021-05-23,LAT,Nicholas Latifi,Williams,monaco,Circuit de Monaco,18.0,18.0,0.05555555555555555,0.05555555555555555,0.0,4.0,0.0,2.0,18.0,17.8,2.0,10.0,0.0,0.0,0.0,16.875,3.0,0.0,0.22727272727272727,0.0,20.8,37.6,0.0,61.4,0
2021,5,Monaco Grand Prix,2021-05-23,RUS,George Russell,Williams,monaco,Circuit de Monaco,15.0,15.0,0.06666666666666667,0.06666666666666667,0.0,4.0,0.0,1.0,15.75,15.6,1.0,15.0,1.0,0.0,0.0,16.666666666666668,3.0,0.0,0.22727272727272727,0.0,20.8,37.6,0.0,61.4,0
2021,6,Azerbaijan Grand Prix,2021-06-06,LAT,Nicholas Latifi,Williams,baku,Baku City Circuit,16.0,16.0,0.0625,0.0625,0.0,5.0,0.0,2.0,17.4,17.4,2.0,10.0,0.0,0.0,0.0,16.4,3.0,0.0,0.2727272727272727,0.0,24.2,38.3,0.0,55.8,0
2021,6,Azerbaijan Grand Prix,2021-06-06,RUS,George Russell,Williams,baku,Baku City Circuit,15.0,15.0,0.06666666666666667,0.06666666666666667,0.0,5.0,0.0,1.0,15.4,15.4,1.0,15.0,1.0,0.0,0.0,16.363636363636363,3.0,0.0,0.2727272727272727,0.0,24.2,38.3,0.0,55.8,0
2021,7,French Grand Prix,2021-06-20,LAT,Nicholas Latifi,Williams,ricard,Circuit Paul Ricard,16.0,16.0,0.0625,0.0625,0.0,6.0,0.0,2.0,17.166666666666668,17.0,1.0,10.0,0.0,0.0,0.0,16.416666666666668,4.0,0.0,0.3181818181818182,0.0,25.3,35.2,0.0,58.6,0
2021,7,French Grand Prix,2021-06-20,RUS,George Russell,Williams,ricard,Circuit Paul Ricard,14.0,14.0,0.07142857142857142,0.07142857142857142,0.0,6.0,0.0,2.0,15.666666666666666,16.0,2.0,19.0,1.0,0.0,0.0,16.53846153846154,4.0,0.0,0.3181818181818182,0.0,25.3,35.2,0.0,58.6,0
2021,8,Styrian Grand Prix,2021-06-27,LAT,Nicholas Latifi,Williams,red_bull_ring,Red Bull Ring,16.0,16.0,0.0625,0.0625,0.0,7.0,0.0,2.0,17.285714285714285,16.6,0.0,14.0,2.0,0.0,0.0,16.214285714285715,4.0,0.0,0.36363636363636365,0.0,26.7,52.4,0.0,33.2,0
2021,8,Styrian Grand Prix,2021-06-27,RUS,George Russell,Williams,red_bull_ring,Red Bull Ring,11.0,10.0,0.09090909090909091,0.1,0.0,7.0,0.0,2.0,15.142857142857142,14.6,1.0,16.333333333333332,3.0,0.0,0.0,16.266666666666666,4.0,0.0,0.36363636363636365,0.0,26.7,52.4,0.0,33.2,0
2021,9,Austrian Grand Prix,2021-07-04,LAT,Nicholas Latifi,Williams,red_bull_ring,Red Bull Ring,18.0,18.0,0.05555555555555555,0.05555555555555555,0.0,8.0,0.0,2.0,17.25,16.4,0.0,15.0,3.0,0.0,0.0,16.4375,5.0,0.0,0.4090909090909091,1.0,21.0,33.2,1.0,49.7,0
2021,9,Austrian Grand Prix,2021-07-04,RUS,George Russell,Williams,red_bull_ring,Red Bull Ring,9.0,8.0,0.1111111111111111,0.125,0.0,8.0,0.0,3.0,15.625,15.2,2.0,17.0,4.0,1.0,0.0,16.41176470588235,5.0,0.0,0.4090909090909091,1.0,21.0,33.2,1.0,49.7,0
2021,10,British Grand Prix,2021-07-18,LAT,Nicholas Latifi,Williams,silverstone,Silverstone Circuit,18.0,17.0,0.05555555555555555,0.058823529411764705,0.0,9.0,0.0,2.0,17.11111111111111,16.4,0.0,17.0,2.0,0.0,0.0,16.11111111111111,5.0,0.0,0.45454545454545453,0.0,29.4,50.9,0.0,37.2,0
2021,10,British Grand Prix,2021-07-18,RUS,George Russell,Williams,silverstone,Silverstone Circuit,8.0,12.0,0.125,0.08333333333333333,0.0,9.0,0.0,3.0,15.11111111111111,14.6,2.0,14.666666666666666,3.0,0.0,0.0,16.0,5.0,0.0,0.45454545454545453,0.0,29.4,50.9,0.0,37.2,0
2021,11,Hungarian Grand Prix,2021-08-01,LAT,Nicholas Latifi,Williams,hungaroring,Hungaroring,18.0,18.0,0.05555555555555555,0.05555555555555555,0.0,10.0,0.0,2.0,16.8,16.2,0.0,19.0,1.0,0.0,0.0,15.8,5.0,0.0,0.5,1.0,27.2,37.8,1.0,68.6,0
2021,11,Hungarian Grand Prix,2021-08-01,RUS,George Russell,Williams,hungaroring,Hungaroring,17.0,17.0,0.058823529411764705,0.058823529411764705,0.0,10.0,0.0,3.0,14.8,14.2,2.0,17.0,2.0,0.0,6.0,15.380952380952381,5.0,0.0,0.5,1.0,27.2,37.8,1.0,68.6,0
2021,12,Belgian Grand Prix,2021-08-29,LAT,Nicholas Latifi,Williams,spa,Circuit de Spa-Francorchamps,12.0,10.0,0.08333333333333333,0.1,6.0,11.0,0.0,2.0,15.909090909090908,14.4,0.0,16.0,1.0,0.0,10.0,15.045454545454545,5.0,0.0,0.5454545454545454,1.0,13.0,15.3,1.0,96.4,0
2021,12,Belgian Grand Prix,2021-08-29,RUS,George Russell,Williams,spa,Circuit de Spa-Francorchamps,2.0,2.0,0.5,0.5,4.0,11.0,0.0,3.0,14.181818181818182,12.4,1.0,17.0,2.0,0.0,11.0,14.782608695652174,5.0,0.0,0.5454545454545454,1.0,13.0,15.3,1.0,96.4,0
2021,13,Dutch Grand Prix,2021-09-05,LAT,Nicholas Latifi,Williams,zandvoort,Circuit Park Zandvoort,14.0,0.0,0.07142857142857142,1.0,7.0,12.0,0.0,2.0,15.333333333333334,12.6,0.0,10.0,0.0,0.0,20.0,14.25,5.0,0.0,0.5909090909090909,0.0,21.5,36.1,0.0,54.1,0
2021,13,Dutch Grand Prix,2021-09-05,RUS,George Russell,Williams,zandvoort,Circuit Park Zandvoort,11.0,11.0,0.09090909090909091,0.09090909090909091,13.0,12.0,0.0,3.0,13.166666666666666,10.4,1.0,10.0,0.0,0.0,20.0,14.32,5.0,0.0,0.5909090909090909,0.0,21.5,36.1,0.0,54.1,0
2021,14,Italian Grand Prix,2021-09-12,LAT,Nicholas Latifi,Williams,monza,Autodromo Nazionale di Monza,16.0,13.0,0.0625,0.07692307692307693,7.0,13.0,0.0,2.0,15.384615384615385,12.4,0.0,11.0,1.0,0.0,20.0,14.423076923076923,6.0,0.0,0.6363636363636364,0.0,28.9,43.5,0.0,33.3,0
2021,14,Italian Grand Prix,2021-09-12,RUS,George Russell,Williams,monza,Autodromo Nazionale di Monza,15.0,14.0,0.06666666666666667,0.07142857142857142,13.0,13.0,0.0,4.0,13.461538461538462,10.0,1.0,14.0,2.0,0.0,20.0,14.296296296296296,6.0,0.0,0.6363636363636364,0.0,28.9,43.5,0.0,33.3,0
2021,15,Russian Grand Prix,2021-09-26,LAT,Nicholas Latifi,Williams,sochi,Sochi Autodrom,14.0,18.0,0.07142857142857142,0.05555555555555555,7.0,14.0,0.0,2.0,15.071428571428571,11.4,0.0,16.0,1.0,0.0,22.0,14.107142857142858,6.0,0.0,0.6818181818181818,1.0,19.1,21.8,1.0,61.9,0
2021,15,Russian Grand Prix,2021-09-26,RUS,George Russell,Williams,sochi,Sochi Autodrom,3.0,3.0,0.3333333333333333,0.3333333333333333,15.0,14.0,0.0,4.0,13.142857142857142,9.6,1.0,17.5,2.0,1.0,22.0,14.275862068965518,7.0,0.0,0.6818181818181818,1.0,19.1,21.8,1.0,61.9,0
2021,16,Turkish Grand Prix,2021-10-10,LAT,Nicholas Latifi,Williams,istanbul,Istanbul Park,17.0,15.0,0.058823529411764705,0.06666666666666667,7.0,15.0,0.0,3.0,15.333333333333334,12.4,1.0,19.0,1.0,1.0,23.0,14.133333333333333,7.0,0.0,0.7272727272727273,0.0,15.8,18.2,0.0,93.5,0
2021,16,Turkish Grand Prix,2021-10-10,RUS,George Russell,Williams,istanbul,Istanbul Park,13.0,13.0,0.07692307692307693,0.07692307692307693,16.0,15.0,0.0,4.0,12.933333333333334,9.2,1.0,16.0,1.0,0.0,23.0,14.225806451612904,7.0,0.0,0.7272727272727273,0.0,15.8,18.2,0.0,93.5,0
2021,17,United States Grand Prix,2021-10-24,LAT,Nicholas Latifi,Williams,americas,Circuit of the Americas,17.0,14.0,0.058823529411764705,0.07142857142857142,7.0,16.0,0.0,3.0,15.4375,14.4,1.0,10.0,0.0,0.0,23.0,14.25,7.0,0.0,0.7727272727272727,0.0,28.1,37.5,0.0,61.2,0
2021,17,United States Grand Prix,2021-10-24,RUS,George Russell,Williams,americas,Circuit of the Americas,15.0,20.0,0.06666666666666667,0.05,16.0,16.0,0.0,4.0,13.0625,10.6,1.0,17.0,1.0,0.0,23.0,14.272727272727273,7.0,0.0,0.7727272727272727,0.0,28.1,37.5,0.0,61.2,0
2021,18,Mexico City Grand Prix,2021-11-07,LAT,Nicholas Latifi,Williams,rodriguez,Autódromo Hermanos Rodríguez,17.0,13.0,0.058823529411764705,0.07692307692307693,7.0,17.0,0.0,3.0,15.411764705882353,15.6,1.0,10.0,0.0,0.0,23.0,14.264705882352942,7.0,0.0,0.8181818181818182,0.0,21.2,47.6,0.0,31.2,0
2021,18,Mexico City Grand Prix,2021-11-07,RUS,George Russell,Williams,rodriguez,Autódromo Hermanos Rodríguez,13.0,16.0,0.07692307692307693,0.0625,16.0,17.0,0.0,4.0,13.117647058823529,13.0,1.0,16.0,1.0,0.0,23.0,14.342857142857143,7.0,0.0,0.8181818181818182,0.0,21.2,47.6,0.0,31.2,0
2021,19,São Paulo Grand Prix,2021-11-14,LAT,Nicholas Latifi,Williams,interlagos,Autódromo José Carlos Pace,17.0,16.0,0.058823529411764705,0.0625,7.0,18.0,0.0,3.0,15.5,15.8,1.0,10.0,0.0,0.0,23.0,14.38888888888889,7.0,0.0,0.8636363636363636,0.0,23.1,51.6,0.0,60.1,0
2021,19,São Paulo Grand Prix,2021-11-14,RUS,George Russell,Williams,interlagos,Autódromo José Carlos Pace,18.0,17.0,0.05555555555555555,0.058823529411764705,16.0,18.0,0.0,4.0,13.277777777777779,12.8,0.0,12.0,1.0,0.0,23.0,14.432432432432432,7.0,0.0,0.8636363636363636,0.0,23.1,51.6,0.0,60.1,0
2021,20,Qatar Grand Prix,2021-11-21,LAT,Nicholas Latifi,Williams,losail,Losail International Circuit,17.0,17.0,0.058823529411764705,0.058823529411764705,7.0,19.0,0.0,3.0,15.526315789473685,16.8,1.0,10.0,0.0,0.0,23.0,14.394736842105264,7.0,0.0,0.9090909090909091,1.0,26.4,30.6,1.0,75.5,0
2021,20,Qatar Grand Prix,2021-11-21,RUS,George Russell,Williams,losail,Losail International Circuit,15.0,15.0,0.06666666666666667,0.06666666666666667,16.0,19.0,0.0,4.0,13.263157894736842,13.6,0.0,10.0,0.0,0.0,23.0,14.512820512820513,7.0,0.0,0.9090909090909091,1.0,26.4,30.6,1.0,75.5,0
2021,21,Saudi Arabian Grand Prix,2021-12-05,LAT,Nicholas Latifi,Williams,jeddah,Jeddah Corniche Circuit,16.0,16.0,0.0625,0.0625,7.0,20.0,0.0,3.0,15.7,16.8,0.0,10.0,0.0,0.0,23.0,14.575,7.0,0.0,0.9545454545454546,0.0,28.8,31.7,0.0,76.2,0
2021,21,Saudi Arabian Grand Prix,2021-12-05,RUS,George Russell,Williams,jeddah,Jeddah Corniche Circuit,14.0,14.0,0.07142857142857142,0.07142857142857142,16.0,20.0,0.0,4.0,13.45,15.0,0.0,10.0,0.0,0.0,23.0,14.512195121951219,7.0,0.0,0.9545454545454546,0.0,28.8,31.7,0.0,76.2,0
2021,22,Abu Dhabi Grand Prix,2021-12-12,LAT,Nicholas Latifi,Williams,yas_marina,Yas Marina Circuit,16.0,16.0,0.0625,0.0625,7.0,21.0,0.0,3.0,15.523809523809524,15.8,0.0,17.0,1.0,0.0,23.0,14.619047619047619,8.0,0.0,1.0,0.0,24.5,28.5,0.0,59.1,0
2021,22,Abu Dhabi Grand Prix,2021-12-12,RUS,George Russell,Williams,yas_marina,Yas Marina Circuit,17.0,17.0,0.058823529411764705,0.058823529411764705,16.0,21.0,0.0,5.0,13.714285714285714,15.8,1.0,16.0,2.0,0.0,23.0,14.651162790697674,9.0,0.0,1.0,0.0,24.5,28.5,0.0,59.1,0
2022,1,Bahrain Grand Prix,2022-03-20,ALB,Alexander Albon,Williams,bahrain,Bahrain International Circuit,14.0,14.0,0.07142857142857142,0.07142857142857142,0.0,0.0,0.0,0.0,11.375,7.0,0.0,6.0,3.0,0.0,0.0,11.416666666666666,0.0,1.0,0.045454545454545456,0.0,23.6,28.6,0.0,29.5,0
2022,1,Bahrain Grand Prix,2022-03-20,LAT,Nicholas Latifi,Williams,bahrain,Bahrain International Circuit,20.0,20.0,0.05,0.05,0.0,0.0,0.0,0.0,11.375,16.0,1.0,16.666666666666668,3.0,2.0,0.0,13.0,0.0,1.0,0.045454545454545456,0.0,23.6,28.6,0.0,29.5,0
2022,2,Saudi Arabian Grand Prix,2022-03-27,ALB,Alexander Albon,Williams,jeddah,Jeddah Corniche Circuit,17.0,16.0,0.058823529411764705,0.0625,0.0,1.0,0.0,0.0,13.0,6.6,0.0,10.0,0.0,0.0,0.0,14.5,0.0,1.0,0.09090909090909091,0.0,25.4,28.4,0.0,59.7,0
2022,2,Saudi Arabian Grand Prix,2022-03-27,LAT,Nicholas Latifi,Williams,jeddah,Jeddah Corniche Circuit,19.0,18.0,0.05263157894736842,0.05555555555555555,0.0,1.0,0.0,0.0,16.0,15.8,1.0,12.0,1.0,0.0,0.0,14.333333333333334,1.0,1.0,0.09090909090909091,0.0,25.4,28.4,0.0,59.7,0
2022,3,Australian Grand Prix,2022-04-10,ALB,Alexander Albon,Williams,albert_park,Albert Park Grand Prix Circuit,16.0,20.0,0.0625,0.05,0.0,2.0,0.0,1.0,13.5,8.0,1.0,14.0,1.0,0.0,0.0,15.25,2.0,1.0,0.13636363636363635,0.0,26.7,37.4,0.0,43.7,0
2022,3,Australian Grand Prix,2022-04-10,LAT,Nicholas Latifi,Williams,albert_park,Albert Park Grand Prix Circuit,19.0,18.0,0.05263157894736842,0.05555555555555555,0.0,2.0,0.0,1.0,17.0,16.2,2.0,10.0,0.0,0.0,1.0,14.2,2.0,1.0,0.13636363636363635,0.0,26.7,37.4,0.0,43.7,0
2022,4,Emilia Romagna Grand Prix,2022-04-24,ALB,Alexander Albon,Williams,imola,Autodromo Enzo e Dino Ferrari,20.0,18.0,0.05,0.05555555555555555,1.0,3.0,0.0,1.0,12.333333333333334,9.4,1.0,15.0,1.0,0.0,1.0,14.5,2.0,1.0,0.18181818181818182,0.0,12.9,17.4,0.0,83.2,0
2022,4,Emilia Romagna Grand Prix,2022-04-24,LAT,Nicholas Latifi,Williams,imola,Autodromo Enzo e Dino Ferrari,18.0,19.0,0.05555555555555555,0.05263157894736842,0.0,3.0,0.0,1.0,16.666666666666668,15.6,2.0,15.5,2.0,1.0,1.0,14.0,2.0,1.0,0.18181818181818182,0.0,12.9,17.4,0.0,83.2,0
2022,5,Miami Grand Prix,2022-05-08,ALB,Alexander Albon,Williams,miami,Miami International Autodrome,18.0,18.0,0.05555555555555555,0.05555555555555555,1.0,4.0,0.0,1.0,12.0,10.4,1.0,10.0,0.0,0.0,1.0,14.25,2.0,1.0,0.22727272727272727,1.0,30.6,42.8,1.0,58.9,0
2022,5,Miami Grand Prix,2022-05-08,LAT,Nicholas Latifi,Williams,miami,Miami International Autodrome,19.0,19.0,0.05263157894736842,0.05263157894736842,0.0,4.0,0.0,1.0,16.5,16.4,2.0,10.0,0.0,0.0,3.0,13.666666666666666,2.0,1.0,0.22727272727272727,1.0,30.6,42.8,1.0,58.9,0
2022,6,Spanish Grand Prix,2022-05-22,ALB,Alexander Albon,Williams,catalunya,Circuit de Barcelona-Catalunya,19.0,18.0,0.05263157894736842,0.05555555555555555,3.0,5.0,0.0,1.0,11.4,11.4,1.0,9.5,2.0,0.0,3.0,13.7,2.0,1.0,0.2727272727272727,0.0,36.6,49.0,0.0,7.1,0
2022,6,Spanish Grand Prix,2022-05-22,LAT,Nicholas Latifi,Williams,catalunya,Circuit de Barcelona-Catalunya,20.0,19.0,0.05,0.05263157894736842,0.0,5.0,0.0,1.0,16.0,16.0,1.0,17.0,2.0,0.0,3.0,14.090909090909092,2.0,1.0,0.2727272727272727,0.0,36.6,49.0,0.0,7.1,0
2022,7,Monaco Grand Prix,2022-05-29,ALB,Alexander Albon,Williams,monaco,Circuit de Monaco,16.0,16.0,0.0625,0.0625,3.0,6.0,0.0,1.0,12.5,12.4,1.0,8.0,1.0,0.0,3.0,14.25,2.0,1.0,0.3181818181818182,1.0,22.3,31.0,1.0,75.7,0
2022,7,Monaco Grand Prix,2022-05-29,LAT,Nicholas Latifi,Williams,monaco,Circuit de Monaco,19.0,19.0,0.05263157894736842,0.05263157894736842,0.0,6.0,0.0,1.0,16.0,16.0,1.0,15.0,1.0,0.0,3.0,14.538461538461538,2.0,1.0,0.3181818181818182,1.0,22.3,31.0,1.0,75.7,0
2022,8,Azerbaijan Grand Prix,2022-06-12,ALB,Alexander Albon,Williams,baku,Baku City Circuit,17.0,17.0,0.058823529411764705,0.058823529411764705,3.0,7.0,0.0,1.0,13.285714285714286,13.2,0.0,11.0,1.0,0.0,3.0,14.571428571428571,2.0,1.0,0.36363636363636365,0.0,25.4,47.1,0.0,59.5,0
2022,8,Azerbaijan Grand Prix,2022-06-12,LAT,Nicholas Latifi,Williams,baku,Baku City Circuit,18.0,18.0,0.05555555555555555,0.05555555555555555,0.0,7.0,0.0,1.0,15.857142857142858,15.4,0.0,16.0,1.0,0.0,3.0,14.4,2.0,1.0,0.36363636363636365,0.0,25.4,47.1,0.0,59.5,0
2022,9,Canadian Grand Prix,2022-06-19,ALB,Alexander Albon,Williams,villeneuve,Circuit Gilles Villeneuve,12.0,12.0,0.08333333333333333,0.08333333333333333,3.0,8.0,0.0,1.0,13.125,13.6,0.0,19.0,1.0,1.0,3.0,14.4375,2.0,1.0,0.4090909090909091,0.0,20.8,41.3,0.0,28.9,0
2022,9,Canadian Grand Prix,2022-06-19,LAT,Nicholas Latifi,Williams,villeneuve,Circuit Gilles Villeneuve,19.0,18.0,0.05263157894736842,0.05555555555555555,0.0,8.0,0.0,1.0,15.75,15.2,0.0,10.0,0.0,0.0,3.0,14.352941176470589,2.0,1.0,0.4090909090909091,0.0,20.8,41.3,0.0,28.9,0
2022,10,British Grand Prix,2022-07-03,ALB,Alexander Albon,Williams,silverstone,Silverstone Circuit,16.0,16.0,0.0625,0.0625,3.0,9.0,0.0,1.0,13.11111111111111,14.0,0.0,8.333333333333334,3.0,0.0,3.0,14.444444444444445,2.0,1.0,0.45454545454545453,1.0,18.3,30.0,1.0,59.7,0
2022,10,British Grand Prix,2022-07-03,LAT,Nicholas Latifi,Williams,silverstone,Silverstone Circuit,10.0,10.0,0.1,0.1,0.0,9.0,0.0,1.0,15.777777777777779,15.2,0.0,16.0,3.0,0.0,3.0,14.736842105263158,3.0,1.0,0.45454545454545453,1.0,18.3,30.0,1.0,59.7,0
2022,11,Austrian Grand Prix,2022-07-10,ALB,Alexander Albon,Williams,red_bull_ring,Red Bull Ring,11.0,15.0,0.09090909090909091,0.06666666666666667,3.0,10.0,0.0,2.0,13.8,16.2,1.0,10.666666666666666,3.0,0.0,3.0,14.6,3.0,1.0,0.5,0.0,20.3,30.7,0.0,35.1,0
2022,11,Austrian Grand Prix,2022-07-10,LAT,Nicholas Latifi,Williams,red_bull_ring,Red Bull Ring,19.0,17.0,0.05263157894736842,0.058823529411764705,0.0,10.0,0.0,1.0,15.4,14.8,0.0,15.25,4.0,0.0,3.0,14.476190476190476,3.0,1.0,0.5,0.0,20.3,30.7,0.0,35.1,0
2022,12,French Grand Prix,2022-07-24,ALB,Alexander Albon,Williams,ricard,Circuit Paul Ricard,15.0,13.0,0.06666666666666667,0.07692307692307693,3.0,11.0,0.0,2.0,13.636363636363637,15.0,1.0,15.0,1.0,0.0,3.0,14.681818181818182,3.0,1.0,0.5454545454545454,0.0,30.2,54.5,0.0,47.7,0
2022,12,French Grand Prix,2022-07-24,LAT,Nicholas Latifi,Williams,ricard,Circuit Paul Ricard,20.0,18.0,0.05,0.05555555555555555,0.0,11.0,0.0,1.0,15.727272727272727,15.4,0.0,18.0,1.0,0.0,3.0,14.608695652173912,3.0,1.0,0.5454545454545454,0.0,30.2,54.5,0.0,47.7,0
2022,13,Hungarian Grand Prix,2022-07-31,ALB,Alexander Albon,Williams,hungaroring,Hungaroring,17.0,17.0,0.058823529411764705,0.058823529411764705,3.0,12.0,0.0,2.0,13.583333333333334,14.0,1.0,7.5,2.0,0.0,3.0,14.708333333333334,4.0,1.0,0.5909090909090909,1.0,18.6,26.7,1.0,69.3,0
2022,13,Hungarian Grand Prix,2022-07-31,LAT,Nicholas Latifi,Williams,hungaroring,Hungaroring,20.0,19.0,0.05,0.05263157894736842,0.0,12.0,0.0,2.0,15.833333333333334,15.8,1.0,13.0,2.0,0.0,3.0,14.8,4.0,1.0,0.5909090909090909,1.0,18.6,26.7,1.0,69.3,0
2022,14,Belgian Grand Prix,2022-08-28,ALB,Alexander Albon,Williams,spa,Circuit de Spa-Francorchamps,9.0,6.0,0.1111111111111111,0.16666666666666666,3.0,13.0,0.0,2.0,13.846153846153847,15.0,1.0,5.5,2.0,0.0,3.0,14.923076923076923,4.0,1.0,0.6363636363636364,0.0,21.8,36.1,0.0,40.5,0
2022,14,Belgian Grand Prix,2022-08-28,LAT,Nicholas Latifi,Williams,spa,Circuit de Spa-Francorchamps,17.0,11.0,0.058823529411764705,0.09090909090909091,0.0,13.0,0.0,2.0,16.0,16.4,1.0,12.5,2.0,0.0,4.0,14.74074074074074,4.0,1.0,0.6363636363636364,0.0,21.8,36.1,0.0,40.5,0
2022,15,Dutch Grand Prix,2022-09-04,ALB,Alexander Albon,Williams,zandvoort,Circuit Park Zandvoort,15.0,15.0,0.06666666666666667,0.06666666666666667,4.0,14.0,0.0,2.0,13.571428571428571,14.4,1.0,10.0,0.0,0.0,4.0,14.857142857142858,4.0,1.0,0.6818181818181818,0.0,22.7,33.4,0.0,75.4,0
2022,15,Dutch Grand Prix,2022-09-04,LAT,Nicholas Latifi,Williams,zandvoort,Circuit Park Zandvoort,20.0,20.0,0.05,0.05,0.0,14.0,0.0,2.0,16.142857142857142,16.8,1.0,16.0,1.0,0.0,4.0,14.758620689655173,4.0,1.0,0.6818181818181818,0.0,22.7,33.4,0.0,75.4,0
2022,16,Italian Grand Prix,2022-09-11,DEV,Nyck de Vries,Williams,monza,Autodromo Nazionale di Monza,13.0,8.0,0.07692307692307693,0.125,0.0,0.0,0.0,0.0,11.375,11.0,0.0,10.0,0.0,0.0,4.0,14.866666666666667,4.0,1.0,0.7272727272727273,0.0,27.7,43.1,0.0,33.1,0
2022,16,Italian Grand Prix,2022-09-11,LAT,Nicholas Latifi,Williams,monza,Autodromo Nazionale di Monza,16.0,10.0,0.0625,0.1,0.0,15.0,0.0,2.0,16.266666666666666,18.0,1.0,11.0,2.0,0.0,6.0,14.67741935483871,4.0,1.0,0.7272727272727273,0.0,27.7,43.1,0.0,33.1,0
2022,17,Singapore Grand Prix,2022-10-02,ALB,Alexander Albon,Williams,marina_bay,Marina Bay Street Circuit,19.0,18.0,0.05263157894736842,0.05555555555555555,4.0,15.0,0.0,2.0,13.466666666666667,12.8,0.0,6.0,1.0,0.0,6.0,14.6875,4.0,1.0,0.7727272727272727,1.0,26.2,29.0,1.0,87.4,0
2022,17,Singapore Grand Prix,2022-10-02,LAT,Nicholas Latifi,Williams,marina_bay,Marina Bay Street Circuit,20.0,19.0,0.05,0.05263157894736842,0.0,16.0,0.0,2.0,16.1875,17.2,1.0,10.0,0.0,0.0,6.0,14.757575757575758,5.0,1.0,0.7727272727272727,1.0,26.2,29.0,1.0,87.4,0
2022,18,Japanese Grand Prix,2022-10-09,ALB,Alexander Albon,Williams,suzuka,Suzuka Circuit,16.0,16.0,0.0625,0.0625,4.0,16.0,0.0,3.0,13.6875,13.8,1.0,4.0,1.0,0.0,6.0,14.882352941176471,6.0,1.0,0.8181818181818182,1.0,16.7,19.9,1.0,86.2,0
2022,18,Japanese Grand Prix,2022-10-09,LAT,Nicholas Latifi,Williams,suzuka,Suzuka Circuit,20.0,20.0,0.05,0.05,0.0,17.0,0.0,3.0,16.352941176470587,17.6,1.0,10.0,0.0,0.0,6.0,15.028571428571428,7.0,1.0,0.8181818181818182,1.0,16.7,19.9,1.0,86.2,0
2022,19,United States Grand Prix,2022-10-23,ALB,Alexander Albon,Williams,americas,Circuit of the Americas,11.0,8.0,0.09090909090909091,0.125,4.0,17.0,0.0,4.0,14.058823529411764,15.2,2.0,5.0,1.0,0.0,8.0,14.86111111111111,7.0,1.0,0.8636363636363636,0.0,29.3,35.5,0.0,49.6,0
2022,19,United States Grand Prix,2022-10-23,LAT,Nicholas Latifi,Williams,americas,Circuit of the Americas,20.0,17.0,0.05,0.058823529411764705,2.0,18.0,0.0,3.0,15.944444444444445,15.8,1.0,15.0,1.0,0.0,8.0,14.81081081081081,7.0,1.0,0.8636363636363636,0.0,29.3,35.5,0.0,49.6,0
2022,20,Mexico City Grand Prix,2022-10-30,ALB,Alexander Albon,Williams,rodriguez,Autódromo Hermanos Rodríguez,19.0,17.0,0.05263157894736842,0.058823529411764705,4.0,18.0,0.0,4.0,14.0,14.4,2.0,5.0,1.0,0.0,8.0,14.868421052631579,7.0,1.0,0.9090909090909091,0.0,24.3,41.7,0.0,34.4,0
2022,20,Mexico City Grand Prix,2022-10-30,LAT,Nicholas Latifi,Williams,rodriguez,Autódromo Hermanos Rodríguez,20.0,18.0,0.05,0.05555555555555555,2.0,19.0,0.0,3.0,16.0,15.6,1.0,17.0,1.0,0.0,8.0,14.794871794871796,7.0,1.0,0.9090909090909091,0.0,24.3,41.7,0.0,34.4,0
2022,21,São Paulo Grand Prix,2022-11-13,ALB,Alexander Albon,Williams,interlagos,Autódromo José Carlos Pace,11.0,19.0,0.09090909090909091,0.05263157894736842,4.0,19.0,0.0,4.0,13.894736842105264,14.8,2.0,14.0,1.0,0.0,8.0,14.875,7.0,1.0,0.9545454545454546,0.0,23.0,46.0,0.0,76.1,0
2022,21,São Paulo Grand Prix,2022-11-13,LAT,Nicholas Latifi,Williams,interlagos,Autódromo José Carlos Pace,16.0,18.0,0.0625,0.05555555555555555,2.0,20.0,0.0,3.0,16.1,15.6,1.0,16.0,1.0,0.0,8.0,14.878048780487806,7.0,1.0,0.9545454545454546,0.0,23.0,46.0,0.0,76.1,0
2022,22,Abu Dhabi Grand Prix,2022-11-20,ALB,Alexander Albon,Williams,yas_marina,Yas Marina Circuit,19.0,19.0,0.05263157894736842,0.05263157894736842,4.0,20.0,0.0,4.0,13.95,15.4,2.0,5.0,2.0,0.0,8.0,14.904761904761905,7.0,1.0,1.0,0.0,28.6,34.3,0.0,61.7,0
2022,22,Abu Dhabi Grand Prix,2022-11-20,LAT,Nicholas Latifi,Williams,yas_marina,Yas Marina Circuit,20.0,20.0,0.05,0.05,2.0,21.0,0.0,3.0,16.095238095238095,15.8,1.0,16.5,2.0,1.0,8.0,14.86046511627907,7.0,1.0,1.0,0.0,28.6,34.3,0.0,61.7,0
2023,1,Bahrain Grand Prix,2023-03-05,ALB,Alexander Albon,Williams,bahrain,Bahrain International Circuit,15.0,15.0,0.06666666666666667,0.06666666666666667,0.0,0.0,0.0,0.0,11.375,14.6,1.0,7.75,4.0,0.0,0.0,11.416666666666666,0.0,1.0,0.045454545454545456,0.0,27.4,31.0,0.0,21.5,0
2023,1,Bahrain Grand Prix,2023-03-05,SAR,Logan Sargeant,Williams,bahrain,Bahrain International Circuit,16.0,16.0,0.0625,0.0625,0.0,0.0,0.0,0.0,11.375,11.0,0.0,10.0,0.0,0.0,1.0,10.0,0.0,1.0,0.045454545454545456,0.0,27.4,31.0,0.0,21.5,0
2023,2,Saudi Arabian Grand Prix,2023-03-19,ALB,Alexander Albon,Williams,jeddah,Jeddah Corniche Circuit,17.0,17.0,0.058823529411764705,0.058823529411764705,1.0,1.0,0.0,0.0,10.0,12.6,0.0,14.0,1.0,1.0,1.0,11.0,0.0,1.0,0.09090909090909091,0.0,26.1,31.8,0.0,57.8,0
2023,2,Saudi Arabian Grand Prix,2023-03-19,SAR,Logan Sargeant,Williams,jeddah,Jeddah Corniche Circuit,20.0,20.0,0.05,0.05,0.0,1.0,0.0,0.0,12.0,12.0,0.0,10.0,0.0,0.0,1.0,13.666666666666666,1.0,1.0,0.09090909090909091,0.0,26.1,31.8,0.0,57.8,0
2023,3,Australian Grand Prix,2023-04-02,ALB,Alexander Albon,Williams,albert_park,Albert Park Grand Prix Circuit,8.0,8.0,0.125,0.125,1.0,2.0,0.0,1.0,14.5,13.8,1.0,12.0,2.0,0.0,1.0,14.25,1.0,1.0,0.13636363636363635,0.0,17.4,30.1,0.0,54.2,0
2023,3,Australian Grand Prix,2023-04-02,SAR,Logan Sargeant,Williams,albert_park,Albert Park Grand Prix Circuit,18.0,18.0,0.05555555555555555,0.05555555555555555,0.0,2.0,0.0,0.0,14.0,14.0,0.0,10.0,0.0,0.0,1.0,15.2,2.0,1.0,0.13636363636363635,0.0,17.4,30.1,0.0,54.2,0
2023,4,Azerbaijan Grand Prix,2023-04-30,ALB,Alexander Albon,Williams,baku,Baku City Circuit,13.0,12.0,0.07692307692307693,0.08333333333333333,1.0,3.0,0.0,2.0,16.0,15.2,2.0,11.5,2.0,0.0,1.0,15.333333333333334,3.0,1.0,0.18181818181818182,0.0,24.9,41.2,0.0,49.2,0
2023,4,Azerbaijan Grand Prix,2023-04-30,SAR,Logan Sargeant,Williams,baku,Baku City Circuit,15.0,14.0,0.06666666666666667,0.07142857142857142,0.0,3.0,0.0,1.0,14.666666666666666,14.666666666666666,1.0,10.0,0.0,0.0,1.0,14.857142857142858,3.0,1.0,0.18181818181818182,0.0,24.9,41.2,0.0,49.2,0
2023,5,Miami Grand Prix,2023-05-07,ALB,Alexander Albon,Williams,miami,Miami International Autodrome,11.0,11.0,0.09090909090909091,0.09090909090909091,1.0,4.0,0.0,2.0,15.0,14.6,2.0,9.0,1.0,0.0,1.0,15.0,3.0,1.0,0.22727272727272727,0.0,27.1,36.7,0.0,59.4,0
2023,5,Miami Grand Prix,2023-05-07,SAR,Logan Sargeant,Williams,miami,Miami International Autodrome,20.0,20.0,0.05,0.05,0.0,4.0,0.0,1.0,15.0,15.0,1.0,10.0,0.0,0.0,1.0,14.88888888888889,3.0,1.0,0.22727272727272727,0.0,27.1,36.7,0.0,59.4,0
2023,6,Monaco Grand Prix,2023-05-28,ALB,Alexander Albon,Williams,monaco,Circuit de Monaco,13.0,13.0,0.07692307692307693,0.07692307692307693,1.0,5.0,0.0,2.0,14.8,14.8,2.0,13.0,2.0,0.0,1.0,15.4,3.0,1.0,0.2727272727272727,1.0,25.1,39.3,1.0,45.9,0
2023,6,Monaco Grand Prix,2023-05-28,SAR,Logan Sargeant,Williams,monaco,Circuit de Monaco,16.0,16.0,0.0625,0.0625,0.0,5.0,0.0,1.0,16.0,16.0,1.0,10.0,0.0,0.0,1.0,15.272727272727273,3.0,1.0,0.2727272727272727,1.0,25.1,39.3,1.0,45.9,0
2023,7,Spanish Grand Prix,2023-06-04,ALB,Alexander Albon,Williams,catalunya,Circuit de Barcelona-Catalunya,18.0,18.0,0.05555555555555555,0.05555555555555555,1.0,6.0,0.0,2.0,14.666666666666666,15.6,2.0,12.333333333333334,3.0,0.0,1.0,15.5,3.0,1.0,0.3181818181818182,0.0,22.7,33.8,0.0,63.1,0
2023,7,Spanish Grand Prix,2023-06-04,SAR,Logan Sargeant,Williams,catalunya,Circuit de Barcelona-Catalunya,20.0,20.0,0.05,0.05,0.0,6.0,0.0,1.0,16.333333333333332,17.2,1.0,10.0,0.0,0.0,1.0,15.538461538461538,3.0,1.0,0.3181818181818182,0.0,22.7,33.8,0.0,63.1,0
2023,8,Canadian Grand Prix,2023-06-18,ALB,Alexander Albon,Williams,villeneuve,Circuit Gilles Villeneuve,10.0,9.0,0.1,0.1111111111111111,1.0,7.0,0.0,2.0,14.857142857142858,15.0,1.0,16.0,2.0,1.0,1.0,15.857142857142858,3.0,1.0,0.36363636363636365,0.0,18.5,30.6,0.0,63.9,0
2023,8,Canadian Grand Prix,2023-06-18,SAR,Logan Sargeant,Williams,villeneuve,Circuit Gilles Villeneuve,19.0,18.0,0.05263157894736842,0.05555555555555555,0.0,7.0,0.0,1.0,16.857142857142858,18.0,1.0,10.0,0.0,0.0,7.0,15.266666666666667,3.0,1.0,0.36363636363636365,0.0,18.5,30.6,0.0,63.9,0
2023,9,Austrian Grand Prix,2023-07-02,ALB,Alexander Albon,Williams,red_bull_ring,Red Bull Ring,10.0,10.0,0.1,0.1,7.0,8.0,0.0,2.0,13.875,12.6,0.0,11.0,4.0,0.0,7.0,15.5625,4.0,1.0,0.4090909090909091,1.0,22.4,32.1,1.0,52.0,0
2023,9,Austrian Grand Prix,2023-07-02,SAR,Logan Sargeant,Williams,red_bull_ring,Red Bull Ring,18.0,18.0,0.05555555555555555,0.05555555555555555,0.0,8.0,0.0,2.0,17.25,18.8,1.0,10.0,0.0,0.0,7.0,15.294117647058824,4.0,1.0,0.4090909090909091,1.0,22.4,32.1,1.0,52.0,0
2023,10,British Grand Prix,2023-07-09,ALB,Alexander Albon,Williams,silverstone,Silverstone Circuit,8.0,8.0,0.125,0.125,7.0,9.0,0.0,2.0,13.555555555555555,12.4,0.0,11.25,4.0,1.0,7.0,15.166666666666666,4.0,1.0,0.45454545454545453,0.0,21.5,30.9,0.0,56.2,0
2023,10,British Grand Prix,2023-07-09,SAR,Logan Sargeant,Williams,silverstone,Silverstone Circuit,14.0,14.0,0.07142857142857142,0.07142857142857142,0.0,9.0,0.0,2.0,16.77777777777778,18.2,1.0,10.0,0.0,0.0,11.0,14.789473684210526,4.0,1.0,0.45454545454545453,0.0,21.5,30.9,0.0,56.2,0
2023,11,Hungarian Grand Prix,2023-07-23,ALB,Alexander Albon,Williams,hungaroring,Hungaroring,16.0,16.0,0.0625,0.0625,11.0,10.0,0.0,2.0,13.0,11.2,0.0,10.666666666666666,3.0,0.0,11.0,14.6,4.0,1.0,0.5,0.0,28.8,48.6,0.0,32.8,0
2023,11,Hungarian Grand Prix,2023-07-23,SAR,Logan Sargeant,Williams,hungaroring,Hungaroring,20.0,20.0,0.05,0.05,0.0,10.0,0.0,2.0,16.2,16.4,1.0,10.0,0.0,0.0,11.0,14.428571428571429,4.0,1.0,0.5,0.0,28.8,48.6,0.0,32.8,0
2023,12,Belgian Grand Prix,2023-07-30,ALB,Alexander Albon,Williams,spa,Circuit de Spa-Francorchamps,16.0,15.0,0.0625,0.06666666666666667,11.0,11.0,0.0,2.0,12.818181818181818,10.6,0.0,7.0,3.0,0.0,11.0,14.590909090909092,5.0,1.0,0.5454545454545454,1.0,17.9,28.2,1.0,61.9,0
2023,12,Belgian Grand Prix,2023-07-30,SAR,Logan Sargeant,Williams,spa,Circuit de Spa-Francorchamps,18.0,18.0,0.05555555555555555,0.05555555555555555,0.0,11.0,0.0,3.0,16.363636363636363,16.4,2.0,10.0,0.0,0.0,11.0,14.565217391304348,5.0,1.0,0.5454545454545454,1.0,17.9,28.2,1.0,61.9,0
2023,13,Dutch Grand Prix,2023-08-27,ALB,Alexander Albon,Williams,zandvoort,Circuit Park Zandvoort,4.0,4.0,0.25,0.25,11.0,12.0,0.0,2.0,12.916666666666666,10.2,0.0,12.0,1.0,0.0,11.0,14.666666666666666,5.0,1.0,0.5909090909090909,1.0,16.8,24.9,1.0,70.8,0
2023,13,Dutch Grand Prix,2023-08-27,SAR,Logan Sargeant,Williams,zandvoort,Circuit Park Zandvoort,10.0,10.0,0.1,0.1,0.0,12.0,0.0,3.0,16.416666666666668,15.8,2.0,10.0,0.0,0.0,15.0,14.4,5.0,1.0,0.5909090909090909,1.0,16.8,24.9,1.0,70.8,0
2023,14,Italian Grand Prix,2023-09-03,ALB,Alexander Albon,Williams,monza,Autodromo Nazionale di Monza,6.0,6.0,0.16666666666666666,0.16666666666666666,15.0,13.0,0.0,2.0,12.538461538461538,10.4,0.0,10.5,2.0,0.0,15.0,14.615384615384615,6.0,1.0,0.6363636363636364,0.0,29.3,42.9,0.0,42.3,0
2023,14,Italian Grand Prix,2023-09-03,SAR,Logan Sargeant,Williams,monza,Autodromo Nazionale di Monza,15.0,15.0,0.06666666666666667,0.06666666666666667,0.0,13.0,0.0,4.0,16.692307692307693,15.8,2.0,10.0,0.0,0.0,21.0,14.333333333333334,6.0,1.0,0.6363636363636364,0.0,29.3,42.9,0.0,42.3,0
2023,15,Singapore Grand Prix,2023-09-17,ALB,Alexander Albon,Williams,marina_bay,Marina Bay Street Circuit,14.0,14.0,0.07142857142857142,0.07142857142857142,21.0,14.0,0.0,2.0,12.142857142857142,9.6,0.0,11.5,2.0,1.0,21.0,14.285714285714286,6.0,1.0,0.6818181818181818,0.0,29.8,36.4,0.0,72.0,0
2023,15,Singapore Grand Prix,2023-09-17,SAR,Logan Sargeant,Williams,marina_bay,Marina Bay Street Circuit,18.0,18.0,0.05555555555555555,0.05555555555555555,0.0,14.0,0.0,4.0,16.428571428571427,15.8,2.0,10.0,0.0,0.0,21.0,14.172413793103448,6.0,1.0,0.6818181818181818,0.0,29.8,36.4,0.0,72.0,0
2023,16,Japanese Grand Prix,2023-09-24,ALB,Alexander Albon,Williams,suzuka,Suzuka Circuit,13.0,13.0,0.07692307692307693,0.07692307692307693,21.0,15.0,0.0,2.0,12.066666666666666,10.2,0.0,12.0,2.0,1.0,21.0,14.166666666666666,6.0,1.0,0.7272727272727273,0.0,27.3,42.1,0.0,42.3,0
2023,16,Japanese Grand Prix,2023-09-24,SAR,Logan Sargeant,Williams,suzuka,Suzuka Circuit,20.0,20.0,0.05,0.05,0.0,15.0,0.0,4.0,16.266666666666666,16.4,2.0,10.0,0.0,0.0,21.0,14.225806451612904,7.0,1.0,0.7272727272727273,0.0,27.3,42.1,0.0,42.3,0
2023,17,Qatar Grand Prix,2023-10-08,ALB,Alexander Albon,Williams,losail,Losail International Circuit,14.0,13.0,0.07142857142857142,0.07692307692307693,21.0,16.0,0.0,3.0,12.3125,11.2,1.0,10.0,0.0,0.0,21.0,14.3125,8.0,1.0,0.7727272727272727,0.0,31.5,36.9,0.0,73.2,0
2023,17,Qatar Grand Prix,2023-10-08,SAR,Logan Sargeant,Williams,losail,Losail International Circuit,16.0,15.0,0.0625,0.06666666666666667,0.0,16.0,0.0,5.0,16.3125,16.2,2.0,10.0,0.0,0.0,21.0,14.272727272727273,8.0,1.0,0.7727272727272727,0.0,31.5,36.9,0.0,73.2,0
2023,18,United States Grand Prix,2023-10-22,ALB,Alexander Albon,Williams,americas,Circuit of the Americas,18.0,15.0,0.05555555555555555,0.06666666666666667,21.0,17.0,0.0,3.0,12.352941176470589,11.0,1.0,9.0,2.0,0.0,21.0,14.382352941176471,9.0,1.0,0.8181818181818182,0.0,30.0,40.6,0.0,41.9,0
2023,18,United States Grand Prix,2023-10-22,SAR,Logan Sargeant,Williams,americas,Circuit of the Americas,20.0,16.0,0.05,0.0625,0.0,17.0,0.0,6.0,16.41176470588235,16.4,3.0,10.0,0.0,0.0,23.0,14.228571428571428,9.0,1.0,0.8181818181818182,0.0,30.0,40.6,0.0,41.9,0
2023,19,Mexico City Grand Prix,2023-10-29,ALB,Alexander Albon,Williams,rodriguez,Autódromo Hermanos Rodríguez,14.0,14.0,0.07142857142857142,0.07142857142857142,23.0,18.0,0.0,3.0,12.166666666666666,11.2,1.0,8.5,2.0,0.0,24.0,14.11111111111111,9.0,1.0,0.8636363636363636,0.0,25.5,45.6,0.0,23.6,0
2023,19,Mexico City Grand Prix,2023-10-29,SAR,Logan Sargeant,Williams,rodriguez,Autódromo Hermanos Rodríguez,20.0,19.0,0.05,0.05263157894736842,1.0,18.0,0.0,6.0,16.055555555555557,14.4,2.0,10.0,0.0,0.0,26.0,13.972972972972974,9.0,1.0,0.8636363636363636,0.0,25.5,45.6,0.0,23.6,0
2023,20,São Paulo Grand Prix,2023-11-05,ALB,Alexander Albon,Williams,interlagos,Autódromo José Carlos Pace,15.0,13.0,0.06666666666666667,0.07692307692307693,25.0,19.0,0.0,3.0,12.0,11.6,1.0,14.5,2.0,0.0,26.0,14.026315789473685,10.0,1.0,0.9090909090909091,1.0,20.5,46.8,1.0,58.2,0
2023,20,São Paulo Grand Prix,2023-11-05,SAR,Logan Sargeant,Williams,interlagos,Autódromo José Carlos Pace,19.0,19.0,0.05263157894736842,0.05263157894736842,1.0,19.0,0.0,7.0,16.05263157894737,15.0,3.0,10.0,0.0,0.0,26.0,14.153846153846153,11.0,1.0,0.9090909090909091,1.0,20.5,46.8,1.0,58.2,0
2023,21,Las Vegas Grand Prix,2023-11-19,ALB,Alexander Albon,Williams,vegas,Las Vegas Strip Street Circuit,6.0,5.0,0.16666666666666666,0.2,25.0,20.0,0.0,4.0,12.35,13.2,2.0,10.0,0.0,0.0,26.0,14.075,11.0,1.0,0.9545454545454546,0.0,18.1,18.0,0.0,47.4,0
2023,21,Las Vegas Grand Prix,2023-11-19,SAR,Logan Sargeant,Williams,vegas,Las Vegas Strip Street Circuit,7.0,6.0,0.14285714285714285,0.16666666666666666,1.0,20.0,0.0,7.0,15.8,14.4,3.0,10.0,0.0,0.0,26.0,14.024390243902438,11.0,1.0,0.9545454545454546,0.0,18.1,18.0,0.0,47.4,0
2023,22,Abu Dhabi Grand Prix,2023-11-26,ALB,Alexander Albon,Williams,yas_marina,Yas Marina Circuit,14.0,14.0,0.07142857142857142,0.07142857142857142,25.0,21.0,0.0,4.0,12.333333333333334,12.4,1.0,7.666666666666667,3.0,0.0,26.0,14.071428571428571,11.0,1.0,1.0,0.0,27.0,33.5,0.0,51.0,0
2023,22,Abu Dhabi Grand Prix,2023-11-26,SAR,Logan Sargeant,Williams,yas_marina,Yas Marina Circuit,20.0,20.0,0.05,0.05,1.0,21.0,0.0,7.0,15.80952380952381,14.2,2.0,10.0,0.0,0.0,26.0,14.069767441860465,11.0,1.0,1.0,0.0,27.0,33.5,0.0,51.0,0
2024,1,Bahrain Grand Prix,2024-03-02,ALB,Alexander Albon,Williams,bahrain,Bahrain International Circuit,13.0,13.0,0.07692307692307693,0.07692307692307693,0.0,0.0,0.0,0.0,11.375,12.6,1.0,8.2,5.0,0.0,0.0,11.416666666666666,0.0,1.0,0.041666666666666664,0.0,18.2,23.7,0.0,48.8,0
2024,1,Bahrain Grand Prix,2024-03-02,SAR,Logan Sargeant,Williams,bahrain,Bahrain International Circuit,18.0,18.0,0.05555555555555555,0.05555555555555555,0.0,0.0,0.0,0.0,11.375,13.8,1.0,12.0,1.0,0.0,0.0,15.0,0.0,1.0,0.041666666666666664,0.0,18.2,23.7,0.0,48.8,0
2024,2,Saudi Arabian Grand Prix,2024-03-09,ALB,Alexander Albon,Williams,jeddah,Jeddah Corniche Circuit,12.0,12.0,0.08333333333333333,0.08333333333333333,0.0,1.0,0.0,0.0,15.0,13.8,1.0,16.5,2.0,2.0,0.0,17.5,0.0,1.0,0.08333333333333333,0.0,25.5,31.6,0.0,62.3,0
2024,2,Saudi Arabian Grand Prix,2024-03-09,SAR,Logan Sargeant,Williams,jeddah,Jeddah Corniche Circuit,19.0,19.0,0.05263157894736842,0.05263157894736842,0.0,1.0,0.0,0.0,20.0,15.8,1.0,16.0,1.0,0.0,0.0,15.333333333333334,0.0,1.0,0.08333333333333333,0.0,25.5,31.6,0.0,62.3,0
2024,3,Australian Grand Prix,2024-03-24,ALB,Alexander Albon,Williams,albert_park,Albert Park Grand Prix Circuit,12.0,12.0,0.08333333333333333,0.08333333333333333,0.0,2.0,0.0,0.0,13.0,14.2,1.0,14.333333333333334,3.0,1.0,0.0,15.0,0.0,1.0,0.125,0.0,20.6,38.4,0.0,44.5,0
2024,4,Japanese Grand Prix,2024-04-07,ALB,Alexander Albon,Williams,suzuka,Suzuka Circuit,14.0,14.0,0.07142857142857142,0.07142857142857142,0.0,3.0,0.0,0.0,12.333333333333334,12.6,0.0,13.333333333333334,3.0,2.0,0.0,14.2,0.0,1.0,0.16666666666666666,0.0,21.7,37.5,0.0,43.4,0
2024,4,Japanese Grand Prix,2024-04-07,SAR,Logan Sargeant,Williams,suzuka,Suzuka Circuit,19.0,19.0,0.05263157894736842,0.05263157894736842,0.0,2.0,0.0,0.0,17.0,15.4,0.0,17.0,1.0,1.0,0.0,15.166666666666666,1.0,1.0,0.16666666666666666,0.0,21.7,37.5,0.0,43.4,0
2024,5,Chinese Grand Prix,2024-04-21,ALB,Alexander Albon,Williams,shanghai,Shanghai International Circuit,14.0,14.0,0.07142857142857142,0.07142857142857142,0.0,4.0,0.0,1.0,14.25,14.2,1.0,10.0,1.0,0.0,0.0,15.428571428571429,1.0,1.0,0.20833333333333334,0.0,18.6,29.8,0.0,66.1,0
2024,5,Chinese Grand Prix,2024-04-21,SAR,Logan Sargeant,Williams,shanghai,Shanghai International Circuit,20.0,20.0,0.05,0.05,0.0,3.0,0.0,0.0,17.0,16.6,0.0,10.0,0.0,0.0,0.0,15.0,1.0,1.0,0.20833333333333334,0.0,18.6,29.8,0.0,66.1,0
2024,6,Miami Grand Prix,2024-05-05,ALB,Alexander Albon,Williams,miami,Miami International Autodrome,14.0,14.0,0.07142857142857142,0.07142857142857142,0.0,5.0,0.0,1.0,13.8,13.8,1.0,11.5,2.0,0.0,0.0,15.222222222222221,1.0,1.0,0.25,0.0,28.5,44.7,0.0,59.0,0
2024,6,Miami Grand Prix,2024-05-05,SAR,Logan Sargeant,Williams,miami,Miami International Autodrome,17.0,17.0,0.058823529411764705,0.058823529411764705,0.0,4.0,0.0,0.0,17.0,16.8,0.0,20.0,1.0,0.0,0.0,15.5,1.0,1.0,0.25,0.0,28.5,44.7,0.0,59.0,0
2024,7,Emilia Romagna Grand Prix,2024-05-19,ALB,Alexander Albon,Williams,imola,Autodromo Enzo e Dino Ferrari,14.0,14.0,0.07142857142857142,0.07142857142857142,0.0,6.0,0.0,1.0,14.5,14.4,1.0,13.0,2.0,0.0,0.0,15.909090909090908,2.0,1.0,0.2916666666666667,0.0,25.1,42.0,0.0,48.4,0
2024,7,Emilia Romagna Grand Prix,2024-05-19,SAR,Logan Sargeant,Williams,imola,Autodromo Enzo e Dino Ferrari,20.0,19.0,0.05,0.05263157894736842,0.0,5.0,0.0,1.0,17.6,17.6,1.0,10.0,0.0,0.0,0.0,16.25,3.0,1.0,0.2916666666666667,0.0,25.1,42.0,0.0,48.4,0
2024,8,Monaco Grand Prix,2024-05-26,ALB,Alexander Albon,Williams,monaco,Circuit de Monaco,9.0,9.0,0.1111111111111111,0.1111111111111111,0.0,7.0,0.0,2.0,15.285714285714286,16.2,2.0,13.333333333333334,3.0,0.0,0.0,16.307692307692307,3.0,1.0,0.3333333333333333,0.0,21.6,46.3,0.0,64.0,0
2024,8,Monaco Grand Prix,2024-05-26,SAR,Logan Sargeant,Williams,monaco,Circuit de Monaco,15.0,15.0,0.06666666666666667,0.06666666666666667,0.0,6.0,0.0,1.0,17.5,17.0,1.0,18.0,1.0,0.0,2.0,15.785714285714286,3.0,1.0,0.3333333333333333,0.0,21.6,46.3,0.0,64.0,0
2024,9,Canadian Grand Prix,2024-06-09,ALB,Alexander Albon,Williams,villeneuve,Circuit Gilles Villeneuve,10.0,10.0,0.1,0.1,2.0,8.0,0.0,2.0,14.5,15.8,2.0,13.0,3.0,1.0,2.0,15.733333333333333,3.0,1.0,0.375,1.0,17.8,24.6,1.0,73.4,0
2024,9,Canadian Grand Prix,2024-06-09,SAR,Logan Sargeant,Williams,villeneuve,Circuit Gilles Villeneuve,13.0,13.0,0.07692307692307693,0.07692307692307693,0.0,7.0,0.0,1.0,17.142857142857142,17.2,1.0,20.0,1.0,1.0,2.0,15.8125,4.0,1.0,0.375,1.0,17.8,24.6,1.0,73.4,0
2024,10,Spanish Grand Prix,2024-06-23,ALB,Alexander Albon,Williams,catalunya,Circuit de Barcelona-Catalunya,19.0,20.0,0.05263157894736842,0.05,2.0,9.0,0.0,3.0,14.777777777777779,15.2,2.0,13.25,4.0,0.0,2.0,16.058823529411764,5.0,1.0,0.4166666666666667,1.0,24.1,41.1,1.0,63.4,0
2024,10,Spanish Grand Prix,2024-06-23,SAR,Logan Sargeant,Williams,catalunya,Circuit de Barcelona-Catalunya,20.0,19.0,0.05,0.05263157894736842,0.0,8.0,0.0,2.0,17.5,17.8,2.0,20.0,1.0,0.0,2.0,16.166666666666668,5.0,1.0,0.4166666666666667,1.0,24.1,41.1,1.0,63.4,0
2024,11,Austrian Grand Prix,2024-06-30,ALB,Alexander Albon,Williams,red_bull_ring,Red Bull Ring,16.0,16.0,0.0625,0.0625,2.0,10.0,0.0,3.0,15.1,16.4,2.0,11.0,5.0,0.0,2.0,16.36842105263158,5.0,1.0,0.4583333333333333,1.0,29.4,46.4,1.0,35.0,0
2024,11,Austrian Grand Prix,2024-06-30,SAR,Logan Sargeant,Williams,red_bull_ring,Red Bull Ring,19.0,19.0,0.05263157894736842,0.05263157894736842,0.0,9.0,0.0,2.0,17.77777777777778,18.4,2.0,13.0,1.0,0.0,2.0,16.3,5.0,1.0,0.4583333333333333,1.0,29.4,46.4,1.0,35.0,0
2024,12,British Grand Prix,2024-07-07,ALB,Alexander Albon,Williams,silverstone,Silverstone Circuit,9.0,9.0,0.1111111111111111,0.1111111111111111,2.0,11.0,0.0,3.0,15.090909090909092,15.8,2.0,10.6,5.0,1.0,2.0,16.428571428571427,5.0,1.0,0.5,1.0,15.8,27.7,1.0,67.3,0
2024,12,British Grand Prix,2024-07-07,SAR,Logan Sargeant,Williams,silverstone,Silverstone Circuit,12.0,12.0,0.08333333333333333,0.08333333333333333,0.0,10.0,0.0,2.0,17.9,18.2,1.0,11.0,1.0,0.0,4.0,16.09090909090909,5.0,1.0,0.5,1.0,15.8,27.7,1.0,67.3,0
2024,13,Hungarian Grand Prix,2024-07-21,ALB,Alexander Albon,Williams,hungaroring,Hungaroring,13.0,13.0,0.07692307692307693,0.07692307692307693,4.0,12.0,0.0,3.0,14.583333333333334,13.6,1.0,10.75,4.0,0.0,4.0,15.869565217391305,5.0,1.0,0.5416666666666666,0.0,28.8,44.9,0.0,46.9,0
2024,13,Hungarian Grand Prix,2024-07-21,SAR,Logan Sargeant,Williams,hungaroring,Hungaroring,14.0,14.0,0.07142857142857142,0.07142857142857142,0.0,11.0,0.0,2.0,17.272727272727273,17.0,1.0,18.0,1.0,1.0,4.0,15.791666666666666,5.0,1.0,0.5416666666666666,0.0,28.8,44.9,0.0,46.9,0
2024,14,Belgian Grand Prix,2024-07-28,ALB,Alexander Albon,Williams,spa,Circuit de Spa-Francorchamps,11.0,10.0,0.09090909090909091,0.1,4.0,13.0,0.0,3.0,14.538461538461538,14.6,1.0,8.75,4.0,0.0,4.0,15.84,5.0,1.0,0.5833333333333334,0.0,21.3,42.3,0.0,49.6,0
2024,14,Belgian Grand Prix,2024-07-28,SAR,Logan Sargeant,Williams,spa,Circuit de Spa-Francorchamps,19.0,18.0,0.05263157894736842,0.05555555555555555,0.0,12.0,0.0,2.0,17.25,17.4,1.0,17.0,1.0,0.0,4.0,15.692307692307692,5.0,1.0,0.5833333333333334,0.0,21.3,42.3,0.0,49.6,0
2024,15,Dutch Grand Prix,2024-08-25,ALB,Alexander Albon,Williams,zandvoort,Circuit Park Zandvoort,10.0,19.0,0.1,0.05263157894736842,4.0,14.0,0.0,3.0,14.357142857142858,13.6,0.0,10.0,2.0,0.0,4.0,15.74074074074074,5.0,1.0,0.625,0.0,19.0,30.8,0.0,61.0,0
2024,15,Dutch Grand Prix,2024-08-25,SAR,Logan Sargeant,Williams,zandvoort,Circuit Park Zandvoort,20.0,18.0,0.05,0.05555555555555555,0.0,13.0,0.0,2.0,17.23076923076923,16.8,0.0,20.0,1.0,1.0,4.0,15.678571428571429,5.0,1.0,0.625,0.0,19.0,30.8,0.0,61.0,0
2024,16,Italian Grand Prix,2024-09-01,ALB,Alexander Albon,Williams,monza,Autodromo Nazionale di Monza,9.0,9.0,0.1111111111111111,0.1111111111111111,4.0,15.0,0.0,3.0,14.333333333333334,12.8,0.0,9.333333333333334,3.0,0.0,4.0,15.689655172413794,5.0,1.0,0.6666666666666666,0.0,33.1,49.3,0.0,32.3,0
2024,16,Italian Grand Prix,2024-09-01,COL,Franco Colapinto,Williams,monza,Autodromo Nazionale di Monza,18.0,18.0,0.05555555555555555,0.05555555555555555,0.0,0.0,0.0,0.0,11.375,11.0,0.0,10.0,0.0,0.0,6.0,15.466666666666667,5.0,1.0,0.6666666666666666,0.0,33.1,49.3,0.0,32.3,0
2024,17,Azerbaijan Grand Prix,2024-09-15,ALB,Alexander Albon,Williams,baku,Baku City Circuit,10.0,9.0,0.1,0.1111111111111111,6.0,16.0,0.0,3.0,14.0,11.6,0.0,11.666666666666666,3.0,0.0,6.0,15.35483870967742,5.0,1.0,0.7083333333333334,0.0,26.7,44.3,0.0,38.0,0
2024,17,Azerbaijan Grand Prix,2024-09-15,COL,Franco Colapinto,Williams,baku,Baku City Circuit,9.0,8.0,0.1111111111111111,0.125,0.0,1.0,0.0,0.0,12.0,12.0,0.0,10.0,0.0,0.0,12.0,15.09375,5.0,1.0,0.7083333333333334,0.0,26.7,44.3,0.0,38.0,0
2024,18,Singapore Grand Prix,2024-09-22,ALB,Alexander Albon,Williams,marina_bay,Marina Bay Street Circuit,11.0,11.0,0.09090909090909091,0.09090909090909091,12.0,17.0,0.0,3.0,13.588235294117647,11.2,0.0,11.333333333333334,3.0,1.0,16.0,14.878787878787879,5.0,1.0,0.75,0.0,30.8,36.4,0.0,74.7,0
2024,18,Singapore Grand Prix,2024-09-22,COL,Franco Colapinto,Williams,marina_bay,Marina Bay Street Circuit,12.0,12.0,0.08333333333333333,0.08333333333333333,4.0,2.0,0.0,0.0,10.0,10.0,0.0,10.0,0.0,0.0,16.0,15.029411764705882,6.0,1.0,0.75,0.0,30.8,36.4,0.0,74.7,0
2024,19,United States Grand Prix,2024-10-20,ALB,Alexander Albon,Williams,americas,Circuit of the Americas,16.0,14.0,0.0625,0.07142857142857142,12.0,18.0,0.0,4.0,13.944444444444445,12.4,1.0,9.0,3.0,0.0,16.0,14.914285714285715,6.0,1.0,0.7916666666666666,0.0,28.1,46.6,0.0,35.5,0
2024,19,United States Grand Prix,2024-10-20,COL,Franco Colapinto,Williams,americas,Circuit of the Americas,17.0,15.0,0.058823529411764705,0.06666666666666667,4.0,3.0,0.0,0.0,10.333333333333334,10.333333333333334,0.0,10.0,0.0,0.0,16.0,14.944444444444445,6.0,1.0,0.7916666666666666,0.0,28.1,46.6,0.0,35.5,0
2024,20,Mexico City Grand Prix,2024-10-27,ALB,Alexander Albon,Williams,rodriguez,Autódromo Hermanos Rodríguez,9.0,9.0,0.1111111111111111,0.1111111111111111,12.0,19.0,0.0,4.0,14.052631578947368,13.2,1.0,8.666666666666666,3.0,0.0,17.0,14.81081081081081,6.0,1.0,0.8333333333333334,0.0,19.9,35.6,0.0,51.1,0
2024,20,Mexico City Grand Prix,2024-10-27,COL,Franco Colapinto,Williams,rodriguez,Autódromo Hermanos Rodríguez,16.0,16.0,0.0625,0.0625,5.0,4.0,0.0,0.0,10.25,10.25,0.0,10.0,0.0,0.0,17.0,14.921052631578947,7.0,1.0,0.8333333333333334,0.0,19.9,35.6,0.0,51.1,0
2024,21,São Paulo Grand Prix,2024-11-03,ALB,Alexander Albon,Williams,interlagos,Autódromo José Carlos Pace,7.0,7.0,0.14285714285714285,0.14285714285714285,12.0,20.0,0.0,5.0,14.3,14.2,2.0,16.0,3.0,1.0,17.0,14.846153846153847,7.0,1.0,0.875,1.0,21.7,25.8,1.0,85.3,0
2024,21,São Paulo Grand Prix,2024-11-03,COL,Franco Colapinto,Williams,interlagos,Autódromo José Carlos Pace,18.0,16.0,0.05555555555555555,0.0625,5.0,5.0,0.0,0.0,10.6,10.6,0.0,10.0,0.0,0.0,17.0,14.925,7.0,1.0,0.875,1.0,21.7,25.8,1.0,85.3,0
2024,22,Las Vegas Grand Prix,2024-11-23,ALB,Alexander Albon,Williams,vegas,Las Vegas Strip Street Circuit,18.0,17.0,0.05555555555555555,0.058823529411764705,12.0,21.0,0.0,5.0,14.476190476190476,16.0,2.0,12.0,1.0,0.0,17.0,14.975609756097562,8.0,1.0,0.9166666666666666,0.0,17.8,17.7,0.0,47.9,0
2024,22,Las Vegas Grand Prix,2024-11-23,COL,Franco Colapinto,Williams,vegas,Las Vegas Strip Street Circuit,14.0,20.0,0.07142857142857142,0.05,5.0,6.0,0.0,1.0,11.666666666666666,11.6,1.0,10.0,0.0,0.0,17.0,15.071428571428571,9.0,1.0,0.9166666666666666,0.0,17.8,17.7,0.0,47.9,0
2024,23,Qatar Grand Prix,2024-12-01,ALB,Alexander Albon,Williams,losail,Losail International Circuit,16.0,16.0,0.0625,0.0625,12.0,22.0,0.0,6.0,14.681818181818182,18.4,3.0,13.0,1.0,0.0,17.0,15.046511627906977,9.0,1.0,0.9583333333333334,0.0,18.9,22.8,0.0,57.3,0
2024,23,Qatar Grand Prix,2024-12-01,COL,Franco Colapinto,Williams,losail,Losail International Circuit,19.0,19.0,0.05263157894736842,0.05263157894736842,5.0,7.0,0.0,1.0,12.0,12.8,1.0,10.0,0.0,0.0,17.0,15.045454545454545,9.0,1.0,0.9583333333333334,0.0,18.9,22.8,0.0,57.3,0
2024,24,Abu Dhabi Grand Prix,2024-12-08,ALB,Alexander Albon,Williams,yas_marina,Yas Marina Circuit,16.0,18.0,0.0625,0.05555555555555555,12.0,23.0,0.0,6.0,14.695652173913043,17.4,2.0,9.25,4.0,0.0,17.0,15.133333333333333,10.0,1.0,1.0,0.0,26.8,31.8,0.0,51.4,0
2024,24,Abu Dhabi Grand Prix,2024-12-08,COL,Franco Colapinto,Williams,yas_marina,Yas Marina Circuit,19.0,20.0,0.05263157894736842,0.05,5.0,8.0,0.0,2.0,12.875,14.4,2.0,10.0,0.0,0.0,17.0,15.043478260869565,10.0,1.0,1.0,0.0,26.8,31.8,0.0,51.4,0
2025,1,Australian Grand Prix,2025-03-16,ALB,Alexander Albon,Williams,albert_park,Albert Park Grand Prix Circuit,6.0,6.0,0.16666666666666666,0.16666666666666666,0.0,0.0,0.0,0.0,11.375,16.4,2.0,13.5,4.0,1.0,0.0,11.416666666666666,0.0,1.0,0.041666666666666664,1.0,15.7,18.9,1.0,78.4,0
2025,1,Australian Grand Prix,2025-03-16,SAI,Carlos Sainz,Williams,albert_park,Albert Park Grand Prix Circuit,10.0,10.0,0.1,0.1,0.0,0.0,0.0,0.0,11.375,5.6,1.0,12.6,5.0,1.0,10.0,5.0,0.0,1.0,0.041666666666666664,1.0,15.7,18.9,1.0,78.4,0
2025,2,Chinese Grand Prix,2025-03-23,ALB,Alexander Albon,Williams,shanghai,Shanghai International Circuit,10.0,10.0,0.1,0.1,10.0,1.0,0.0,0.0,5.0,13.6,1.0,11.0,2.0,0.0,10.0,11.5,1.0,1.0,0.08333333333333333,0.0,27.2,35.8,0.0,18.2,0
2025,2,Chinese Grand Prix,2025-03-23,SAI,Carlos Sainz,Williams,shanghai,Shanghai International Circuit,15.0,15.0,0.06666666666666667,0.06666666666666667,0.0,1.0,0.0,1.0,18.0,9.0,2.0,9.333333333333334,3.0,0.0,16.0,10.0,1.0,1.0,0.08333333333333333,0.0,27.2,35.8,0.0,18.2,0
2025,3,Japanese Grand Prix,2025-04-06,ALB,Alexander Albon,Williams,suzuka,Suzuka Circuit,9.0,9.0,0.1111111111111111,0.1111111111111111,16.0,2.0,0.0,0.0,6.0,11.4,1.0,15.0,4.0,3.0,17.0,10.0,1.0,1.0,0.125,0.0,14.4,20.5,0.0,76.4,0
2025,3,Japanese Grand Prix,2025-04-06,SAI,Carlos Sainz,Williams,suzuka,Suzuka Circuit,12.0,15.0,0.08333333333333333,0.06666666666666667,1.0,2.0,0.0,1.0,14.0,7.8,1.0,8.6,5.0,1.0,19.0,9.8,1.0,1.0,0.125,0.0,14.4,20.5,0.0,76.4,0
2025,4,Bahrain Grand Prix,2025-04-13,ALB,Alexander Albon,Williams,bahrain,Bahrain International Circuit,15.0,15.0,0.06666666666666667,0.06666666666666667,18.0,3.0,0.0,0.0,7.0,9.4,0.0,9.333333333333334,6.0,0.0,19.0,10.5,1.0,1.0,0.16666666666666666,0.0,27.1,31.9,0.0,45.3,0
2025,4,Bahrain Grand Prix,2025-04-13,SAI,Carlos Sainz,Williams,bahrain,Bahrain International Circuit,8.0,8.0,0.125,0.125,1.0,3.0,0.0,1.0,14.0,10.0,1.0,7.0,8.0,1.0,19.0,10.714285714285714,1.0,1.0,0.16666666666666666,0.0,27.1,31.9,0.0,45.3,0
2025,5,Saudi Arabian Grand Prix,2025-04-20,ALB,Alexander Albon,Williams,jeddah,Jeddah Corniche Circuit,11.0,11.0,0.09090909090909091,0.09090909090909091,18.0,4.0,0.0,0.0,8.25,8.8,0.0,14.666666666666666,3.0,2.0,19.0,11.75,2.0,1.0,0.20833333333333334,0.0,29.5,37.8,0.0,62.7,0
2025,5,Saudi Arabian Grand Prix,2025-04-20,SAI,Carlos Sainz,Williams,jeddah,Jeddah Corniche Circuit,6.0,6.0,0.16666666666666666,0.16666666666666666,1.0,4.0,0.0,2.0,15.25,12.6,2.0,5.666666666666667,3.0,0.0,21.0,11.444444444444445,2.0,1.0,0.20833333333333334,0.0,29.5,37.8,0.0,62.7,0
2025,6,Miami Grand Prix,2025-05-04,ALB,Alexander Albon,Williams,miami,Miami International Autodrome,7.0,7.0,0.14285714285714285,0.14285714285714285,20.0,5.0,0.0,0.0,8.4,8.4,0.0,13.666666666666666,3.0,0.0,25.0,11.1,2.0,1.0,0.25,1.0,26.6,38.7,1.0,63.0,0
2025,6,Miami Grand Prix,2025-05-04,SAI,Carlos Sainz,Williams,miami,Miami International Autodrome,6.0,6.0,0.16666666666666666,0.16666666666666666,5.0,5.0,0.0,2.0,13.8,13.8,2.0,4.333333333333333,3.0,0.0,35.0,10.545454545454545,2.0,1.0,0.25,1.0,26.6,38.7,1.0,63.0,0
2025,7,Emilia Romagna Grand Prix,2025-05-18,ALB,Alexander Albon,Williams,imola,Autodromo Enzo e Dino Ferrari,7.0,7.0,0.14285714285714285,0.14285714285714285,30.0,6.0,0.0,0.0,7.833333333333333,8.4,0.0,15.333333333333334,3.0,1.0,37.0,10.416666666666666,2.0,1.0,0.2916666666666667,0.0,24.0,42.7,0.0,38.3,0
2025,7,Emilia Romagna Grand Prix,2025-05-18,SAI,Carlos Sainz,Williams,imola,Autodromo Enzo e Dino Ferrari,6.0,6.0,0.16666666666666666,0.16666666666666666,7.0,6.0,0.0,2.0,13.0,12.0,1.0,9.25,4.0,1.0,47.0,10.0,2.0,1.0,0.2916666666666667,0.0,24.0,42.7,0.0,38.3,0
2025,8,Monaco Grand Prix,2025-05-25,ALB,Alexander Albon,Williams,monaco,Circuit de Monaco,10.0,10.0,0.1,0.1,40.0,7.0,0.0,0.0,7.428571428571429,8.0,0.0,12.25,4.0,0.0,51.0,9.857142857142858,2.0,1.0,0.3333333333333333,0.0,22.2,43.3,0.0,52.5,0
2025,8,Monaco Grand Prix,2025-05-25,SAI,Carlos Sainz,Williams,monaco,Circuit de Monaco,11.0,11.0,0.09090909090909091,0.09090909090909091,11.0,7.0,0.0,2.0,12.285714285714286,11.6,1.0,5.166666666666667,6.0,0.0,53.0,9.8,2.0,1.0,0.3333333333333333,0.0,22.2,43.3,0.0,52.5,0
2025,9,Spanish Grand Prix,2025-06-01,ALB,Alexander Albon,Williams,catalunya,Circuit de Barcelona-Catalunya,11.0,11.0,0.09090909090909091,0.09090909090909091,42.0,8.0,0.0,0.0,7.625,8.0,0.0,14.2,5.0,0.0,54.0,9.8125,2.0,1.0,0.375,0.0,29.1,48.5,0.0,54.6,0
2025,9,Spanish Grand Prix,2025-06-01,SAI,Carlos Sainz,Williams,catalunya,Circuit de Barcelona-Catalunya,18.0,17.0,0.05555555555555555,0.058823529411764705,12.0,8.0,0.0,2.0,12.0,10.8,1.0,6.142857142857143,7.0,0.0,54.0,10.352941176470589,3.0,1.0,0.375,0.0,29.1,48.5,0.0,54.6,0
2025,10,Canadian Grand Prix,2025-06-15,ALB,Alexander Albon,Williams,villeneuve,Circuit Gilles Villeneuve,10.0,9.0,0.1,0.1111111111111111,42.0,9.0,0.0,1.0,8.88888888888889,9.4,1.0,14.0,4.0,2.0,54.0,10.555555555555555,3.0,1.0,0.4166666666666667,1.0,24.0,49.3,1.0,28.0,0
2025,10,Canadian Grand Prix,2025-06-15,SAI,Carlos Sainz,Williams,villeneuve,Circuit Gilles Villeneuve,17.0,16.0,0.058823529411764705,0.0625,12.0,9.0,0.0,2.0,12.222222222222221,9.8,0.0,8.4,5.0,1.0,54.0,11.052631578947368,4.0,1.0,0.4166666666666667,1.0,24.0,49.3,1.0,28.0,0
2025,11,Austrian Grand Prix,2025-06-29,ALB,Alexander Albon,Williams,red_bull_ring,Red Bull Ring,12.0,12.0,0.08333333333333333,0.08333333333333333,42.0,10.0,0.0,2.0,10.0,11.6,2.0,11.666666666666666,6.0,0.0,55.0,11.0,4.0,1.0,0.4583333333333333,0.0,30.3,49.2,0.0,32.0,0
2025,11,Austrian Grand Prix,2025-06-29,SAI,Carlos Sainz,Williams,red_bull_ring,Red Bull Ring,19.0,19.0,0.05263157894736842,0.05263157894736842,13.0,10.0,0.0,2.0,12.0,10.2,0.0,8.0,9.0,0.0,55.0,11.285714285714286,5.0,1.0,0.4583333333333333,0.0,30.3,49.2,0.0,32.0,0
2025,12,British Grand Prix,2025-07-06,ALB,Alexander Albon,Williams,silverstone,Silverstone Circuit,14.0,13.0,0.07142857142857142,0.07692307692307693,42.0,11.0,0.0,3.0,10.636363636363637,14.0,3.0,10.333333333333334,6.0,1.0,55.0,11.681818181818182,5.0,1.0,0.5,1.0,17.9,23.6,1.0,78.4,0
2025,12,British Grand Prix,2025-07-06,SAI,Carlos Sainz,Williams,silverstone,Silverstone Circuit,11.0,9.0,0.09090909090909091,0.1111111111111111,13.0,11.0,0.0,2.0,12.727272727272727,12.4,0.0,8.875,8.0,1.0,59.0,11.521739130434783,5.0,1.0,0.5,1.0,17.9,23.6,1.0,78.4,0
2025,13,Belgian Grand Prix,2025-07-27,ALB,Alexander Albon,Williams,spa,Circuit de Spa-Francorchamps,5.0,5.0,0.2,0.2,46.0,12.0,0.0,3.0,10.416666666666666,14.6,3.0,9.4,5.0,0.0,59.0,11.541666666666666,5.0,1.0,0.5416666666666666,1.0,17.0,24.1,1.0,84.4,0
2025,13,Belgian Grand Prix,2025-07-27,SAI,Carlos Sainz,Williams,spa,Circuit de Spa-Francorchamps,15.0,17.0,0.06666666666666667,0.058823529411764705,13.0,12.0,0.0,2.0,12.666666666666666,13.2,0.0,12.571428571428571,7.0,1.0,67.0,11.32,5.0,1.0,0.5416666666666666,1.0,17.0,24.1,1.0,84.4,0
2025,14,Hungarian Grand Prix,2025-08-03,ALB,Alexander Albon,Williams,hungaroring,Hungaroring,20.0,19.0,0.05,0.05263157894736842,54.0,13.0,0.0,3.0,10.076923076923077,14.0,3.0,11.4,5.0,0.0,67.0,11.576923076923077,5.0,1.0,0.5833333333333334,0.0,22.1,32.7,0.0,57.2,0
2025,14,Hungarian Grand Prix,2025-08-03,SAI,Carlos Sainz,Williams,hungaroring,Hungaroring,13.0,13.0,0.07692307692307693,0.07692307692307693,13.0,13.0,0.0,2.0,13.076923076923077,14.8,0.0,6.285714285714286,7.0,0.0,67.0,11.703703703703704,5.0,1.0,0.5833333333333334,0.0,22.1,32.7,0.0,57.2,0
2025,15,Dutch Grand Prix,2025-08-31,ALB,Alexander Albon,Williams,zandvoort,Circuit Park Zandvoort,15.0,15.0,0.06666666666666667,0.06666666666666667,54.0,14.0,0.0,3.0,10.428571428571429,13.2,2.0,11.333333333333334,3.0,0.0,67.0,11.785714285714286,5.0,1.0,0.625,0.0,20.1,28.0,0.0,71.2,0
2025,15,Dutch Grand Prix,2025-08-31,SAI,Carlos Sainz,Williams,zandvoort,Circuit Park Zandvoort,9.0,9.0,0.1111111111111111,0.1111111111111111,13.0,14.0,0.0,2.0,13.142857142857142,14.8,0.0,6.25,4.0,0.0,77.0,11.551724137931034,5.0,1.0,0.625,0.0,20.1,28.0,0.0,71.2,0
2025,16,Italian Grand Prix,2025-09-07,ALB,Alexander Albon,Williams,monza,Autodromo Nazionale di Monza,14.0,14.0,0.07142857142857142,0.07142857142857142,64.0,15.0,0.0,3.0,10.066666666666666,10.2,1.0,9.25,4.0,0.0,77.0,11.6,5.0,1.0,0.6666666666666666,0.0,26.8,43.3,0.0,42.6,0
2025,16,Italian Grand Prix,2025-09-07,SAI,Carlos Sainz,Williams,monza,Autodromo Nazionale di Monza,13.0,13.0,0.07692307692307693,0.07692307692307693,13.0,15.0,0.0,2.0,13.133333333333333,15.4,0.0,6.714285714285714,7.0,0.0,83.0,11.451612903225806,5.0,1.0,0.6666666666666666,0.0,26.8,43.3,0.0,42.6,0
2025,17,Azerbaijan Grand Prix,2025-09-21,ALB,Alexander Albon,Williams,baku,Baku City Circuit,19.0,19.0,0.05263157894736842,0.05263157894736842,70.0,16.0,0.0,3.0,9.875,8.2,0.0,10.5,4.0,0.0,83.0,11.4375,5.0,1.0,0.7083333333333334,0.0,20.6,26.1,0.0,59.8,0
2025,17,Azerbaijan Grand Prix,2025-09-21,SAI,Carlos Sainz,Williams,baku,Baku City Circuit,2.0,2.0,0.5,0.5,13.0,16.0,0.0,2.0,13.0,13.6,0.0,10.5,6.0,2.0,83.0,11.484848484848484,5.0,1.0,0.7083333333333334,0.0,20.6,26.1,0.0,59.8,0
2025,18,Singapore Grand Prix,2025-10-05,ALB,Alexander Albon,Williams,marina_bay,Marina Bay Street Circuit,19.0,20.0,0.05263157894736842,0.05,70.0,17.0,0.0,3.0,10.058823529411764,9.2,0.0,13.5,4.0,2.0,98.0,11.235294117647058,5.0,1.0,0.75,1.0,29.1,33.9,1.0,74.4,0
2025,18,Singapore Grand Prix,2025-10-05,SAI,Carlos Sainz,Williams,marina_bay,Marina Bay Street Circuit,20.0,18.0,0.05,0.05555555555555555,28.0,17.0,0.0,2.0,12.411764705882353,11.8,0.0,6.2,5.0,0.0,98.0,11.314285714285715,5.0,1.0,0.75,1.0,29.1,33.9,1.0,74.4,0
2025,19,United States Grand Prix,2025-10-19,ALB,Alexander Albon,Williams,americas,Circuit of the Americas,19.0,18.0,0.05263157894736842,0.05555555555555555,70.0,18.0,0.0,3.0,10.277777777777779,10.8,0.0,10.75,4.0,0.0,99.0,11.277777777777779,5.0,1.0,0.7916666666666666,0.0,28.3,45.0,0.0,22.5,0
2025,19,United States Grand Prix,2025-10-19,SAI,Carlos Sainz,Williams,americas,Circuit of the Americas,9.0,9.0,0.1111111111111111,0.1111111111111111,29.0,18.0,0.0,2.0,12.277777777777779,10.2,0.0,7.833333333333333,6.0,1.0,99.0,11.35135135135135,5.0,1.0,0.7916666666666666,0.0,28.3,45.0,0.0,22.5,0
2025,20,Mexico City Grand Prix,2025-10-26,ALB,Alexander Albon,Williams,rodriguez,Autódromo Hermanos Rodríguez,17.0,17.0,0.058823529411764705,0.058823529411764705,70.0,19.0,0.0,3.0,10.473684210526315,10.6,0.0,11.25,4.0,1.0,99.0,11.578947368421053,6.0,1.0,0.8333333333333334,0.0,26.4,50.6,0.0,23.2,0
2025,20,Mexico City Grand Prix,2025-10-26,SAI,Carlos Sainz,Williams,rodriguez,Autódromo Hermanos Rodríguez,7.0,12.0,0.14285714285714285,0.08333333333333333,29.0,19.0,0.0,3.0,12.68421052631579,11.4,1.0,8.0,6.0,0.0,99.0,11.58974358974359,6.0,1.0,0.8333333333333334,0.0,26.4,50.6,0.0,23.2,0
2025,21,São Paulo Grand Prix,2025-11-09,ALB,Alexander Albon,Williams,interlagos,Autódromo José Carlos Pace,12.0,12.0,0.08333333333333333,0.08333333333333333,70.0,20.0,0.0,3.0,10.55,12.0,0.0,16.5,4.0,1.0,99.0,11.725,7.0,1.0,0.875,0.0,17.3,30.7,0.0,70.6,0
2025,21,São Paulo Grand Prix,2025-11-09,SAI,Carlos Sainz,Williams,interlagos,Autódromo José Carlos Pace,15.0,15.0,0.06666666666666667,0.06666666666666667,29.0,20.0,0.0,4.0,12.9,12.2,2.0,7.666666666666667,6.0,1.0,99.0,11.707317073170731,7.0,1.0,0.875,0.0,17.3,30.7,0.0,70.6,0
2025,22,Las Vegas Grand Prix,2025-11-23,ALB,Alexander Albon,Williams,vegas,Las Vegas Strip Street Circuit,16.0,16.0,0.0625,0.0625,70.0,21.0,0.0,3.0,10.571428571428571,12.8,0.0,15.5,2.0,1.0,99.0,11.738095238095237,7.0,1.0,0.9166666666666666,0.0,16.7,19.5,0.0,37.8,0
2025,22,Las Vegas Grand Prix,2025-11-23,SAI,Carlos Sainz,Williams,vegas,Las Vegas Strip Street Circuit,3.0,3.0,0.3333333333333333,0.3333333333333333,29.0,21.0,0.0,4.0,12.904761904761905,12.6,2.0,4.5,2.0,0.0,99.0,11.837209302325581,8.0,1.0,0.9166666666666666,0.0,16.7,19.5,0.0,37.8,0
2025,23,Qatar Grand Prix,2025-11-30,ALB,Alexander Albon,Williams,losail,Losail International Circuit,15.0,14.0,0.06666666666666667,0.07142857142857142,70.0,22.0,0.0,4.0,10.818181818181818,13.4,1.0,14.0,2.0,0.0,109.0,11.681818181818182,8.0,1.0,0.9583333333333334,0.0,22.6,28.2,0.0,69.0,0
2025,23,Qatar Grand Prix,2025-11-30,SAI,Carlos Sainz,Williams,losail,Losail International Circuit,7.0,7.0,0.14285714285714285,0.14285714285714285,39.0,22.0,0.0,4.0,12.545454545454545,13.0,2.0,11.0,3.0,0.0,109.0,11.666666666666666,8.0,1.0,0.9583333333333334,0.0,22.6,28.2,0.0,69.0,0
2025,24,Abu Dhabi Grand Prix,2025-12-07,ALB,Alexander Albon,Williams,yas_marina,Yas Marina Circuit,17.0,17.0,0.058823529411764705,0.058823529411764705,70.0,23.0,0.0,4.0,10.826086956521738,12.8,1.0,9.6,5.0,0.0,124.0,11.478260869565217,8.0,1.0,1.0,0.0,26.7,31.1,0.0,60.4,0
2025,24,Abu Dhabi Grand Prix,2025-12-07,SAI,Carlos Sainz,Williams,yas_marina,Yas Marina Circuit,12.0,12.0,0.08333333333333333,0.08333333333333333,54.0,23.0,0.0,4.0,12.130434782608695,11.6,2.0,7.0,7.0,1.0,124.0,11.574468085106384,8.0,1.0,1.0,0.0,26.7,31.1,0.0,60.4,0
