year,round,race_name,race_date,circuit_id,circuit_name,circuit_locality,circuit_country,circuit_lat,circuit_long,driver_id,driver_code,driver_name,driver_nationality,driver_number,driver_dob,constructor_id,constructor_name,constructor_nationality,qualifying_pos,grid,finishing_pos,points,laps,status,is_win,is_podium,is_points_finish,is_dnf
2018,1,Australian Grand Prix,2018-03-25,albert_park,Albert Park Grand Prix Circuit,Melbourne,Australia,-37.8497,144.968,vettel,VET,Sebastian Vettel,German,5,1987-07-03,ferrari,Ferrari,Italian,3,3,1,25.0,58,Finished,1,1,1,0
2018,1,Australian Grand Prix,2018-03-25,albert_park,Albert Park Grand Prix Circuit,Melbourne,Australia,-37.8497,144.968,hamilton,HAM,Lewis Hamilton,British,44,1985-01-07,mercedes,Mercedes,German,1,1,2,18.0,58,Finished,0,1,1,0
2018,1,Australian Grand Prix,2018-03-25,albert_park,Albert Park Grand Prix Circuit,Melbourne,Australia,-37.8497,144.968,raikkonen,RAI,Kimi Räikkönen,Finnish,7,1979-10-17,ferrari,Ferrari,Italian,2,2,3,15.0,58,Finished,0,1,1,0
2018,1,Australian Grand Prix,2018-03-25,albert_park,Albert Park Grand Prix Circuit,Melbourne,Australia,-37.8497,144.968,ricciardo,RIC,Daniel Ricciardo,Australian,3,1989-07-01,red_bull,Red Bull,Austrian,5,8,4,12.0,58,Finished,0,0,1,0
2018,1,Australian Grand Prix,2018-03-25,albert_park,Albert Park Grand Prix Circuit,Melbourne,Australia,-37.8497,144.968,alonso,ALO,Fernando Alonso,Spanish,14,1981-07-29,mclaren,McLaren,British,11,10,5,10.0,58,Finished,0,0,1,0
2018,1,Australian Grand Prix,2018-03-25,albert_park,Albert Park Grand Prix Circuit,Melbourne,Australia,-37.8497,144.968,max_verstappen,VER,Max Verstappen,Dutch,3,1997-09-30,red_bull,Red Bull,Austrian,4,4,6,8.0,58,Finished,0,0,1,0
2018,1,Australian Grand Prix,2018-03-25,albert_park,Albert Park Grand Prix Circuit,Melbourne,Australia,-37.8497,144.968,hulkenberg,HUL,Nico Hülkenberg,German,27,1987-08-19,renault,Renault,French,8,7,7,6.0,58,Finished,0,0,1,0
2018,1,Australian Grand Prix,2018-03-25,albert_park,Albert Park Grand Prix Circuit,Melbourne,Australia,-37.8497,144.968,bottas,BOT,Valtteri Bottas,Finnish,77,1989-08-28,mercedes,Mercedes,German,10,15,8,4.0,58,Finished,0,0,1,0
2018,1,Australian Grand Prix,2018-03-25,albert_park,Albert Park Grand Prix Circuit,Melbourne,Australia,-37.8497,144.968,vandoorne,VAN,Stoffel Vandoorne,Belgian,2,1992-03-26,mclaren,McLaren,British,12,11,9,2.0,58,Finished,0,0,1,0
2018,1,Australian Grand Prix,2018-03-25,albert_park,Albert Park Grand Prix Circuit,Melbourne,Australia,-37.8497,144.968,sainz,SAI,Carlos Sainz,Spanish,55,1994-09-01,renault,Renault,French,9,9,10,1.0,58,Finished,0,0,1,0
2018,1,Australian Grand Prix,2018-03-25,albert_park,Albert Park Grand Prix Circuit,Melbourne,Australia,-37.8497,144.968,perez,PER,Sergio Pérez,Mexican,11,1990-01-26,force_india,Force India,Indian,13,12,11,0.0,58,Finished,0,0,0,0
2018,1,Australian Grand Prix,2018-03-25,albert_park,Albert Park Grand Prix Circuit,Melbourne,Australia,-37.8497,144.968,ocon,OCO,Esteban Ocon,French,31,1996-09-17,force_india,Force India,Indian,15,14,12,0.0,58,Finished,0,0,0,0
2018,1,Australian Grand Prix,2018-03-25,albert_park,Albert Park Grand Prix Circuit,Melbourne,Australia,-37.8497,144.968,leclerc,LEC,Charles Leclerc,Monegasque,16,1997-10-16,sauber,Sauber,Swiss,18,18,13,0.0,58,Finished,0,0,0,0
2018,1,Australian Grand Prix,2018-03-25,albert_park,Albert Park Grand Prix Circuit,Melbourne,Australia,-37.8497,144.968,stroll,STR,Lance Stroll,Canadian,18,1998-10-29,williams,Williams,British,14,13,14,0.0,58,Finished,0,0,0,0
2018,1,Australian Grand Prix,2018-03-25,albert_park,Albert Park Grand Prix Circuit,Melbourne,Australia,-37.8497,144.968,brendon_hartley,HAR,Brendon Hartley,New Zealander,28,1989-11-10,toro_rosso,Toro Rosso,Italian,16,16,15,0.0,57,+1 Lap,0,0,0,0
2018,1,Australian Grand Prix,2018-03-25,albert_park,Albert Park Grand Prix Circuit,Melbourne,Australia,-37.8497,144.968,grosjean,GRO,Romain Grosjean,French,8,1986-04-17,haas,Haas F1 Team,American,7,6,16,0.0,24,Wheel,0,0,0,0
2018,1,Australian Grand Prix,2018-03-25,albert_park,Albert Park Grand Prix Circuit,Melbourne,Australia,-37.8497,144.968,kevin_magnussen,MAG,Kevin Magnussen,Danish,20,1992-10-05,haas,Haas F1 Team,American,6,5,17,0.0,22,Wheel,0,0,0,0
2018,1,Australian Grand Prix,2018-03-25,albert_park,Albert Park Grand Prix Circuit,Melbourne,Australia,-37.8497,144.968,gasly,GAS,Pierre Gasly,French,10,1996-02-07,toro_rosso,Toro Rosso,Italian,20,20,18,0.0,13,Engine,0,0,0,1
2018,1,Australian Grand Prix,2018-03-25,albert_park,Albert Park Grand Prix Circuit,Melbourne,Australia,-37.8497,144.968,ericsson,ERI,Marcus Ericsson,Swedish,9,1990-09-02,sauber,Sauber,Swiss,17,17,19,0.0,5,Steering,0,0,0,0
2018,1,Australian Grand Prix,2018-03-25,albert_park,Albert Park Grand Prix Circuit,Melbourne,Australia,-37.8497,144.968,sirotkin,SIR,Sergey Sirotkin,Russian,35,1995-08-27,williams,Williams,British,19,19,20,0.0,4,Brakes,0,0,0,1
2018,2,Bahrain Grand Prix,2018-04-08,bahrain,Bahrain International Circuit,Sakhir,Bahrain,26.0325,50.5106,vettel,VET,Sebastian Vettel,German,5,1987-07-03,ferrari,Ferrari,Italian,1,1,1,25.0,57,Finished,1,1,1,0
2018,2,Bahrain Grand Prix,2018-04-08,bahrain,Bahrain International Circuit,Sakhir,Bahrain,26.0325,50.5106,bottas,BOT,Valtteri Bottas,Finnish,77,1989-08-28,mercedes,Mercedes,German,3,3,2,18.0,57,Finished,0,1,1,0
2018,2,Bahrain Grand Prix,2018-04-08,bahrain,Bahrain International Circuit,Sakhir,Bahrain,26.0325,50.5106,hamilton,HAM,Lewis Hamilton,British,44,1985-01-07,mercedes,Mercedes,German,4,9,3,15.0,57,Finished,0,1,1,0
2018,2,Bahrain Grand Prix,2018-04-08,bahrain,Bahrain International Circuit,Sakhir,Bahrain,26.0325,50.5106,gasly,GAS,Pierre Gasly,French,10,1996-02-07,toro_rosso,Toro Rosso,Italian,6,5,4,12.0,57,Finished,0,0,1,0
2018,2,Bahrain Grand Prix,2018-04-08,bahrain,Bahrain International Circuit,Sakhir,Bahrain,26.0325,50.5106,kevin_magnussen,MAG,Kevin Magnussen,Danish,20,1992-10-05,haas,Haas F1 Team,American,7,6,5,10.0,57,Finished,0,0,1,0
2018,2,Bahrain Grand Prix,2018-04-08,bahrain,Bahrain International Circuit,Sakhir,Bahrain,26.0325,50.5106,hulkenberg,HUL,Nico Hülkenberg,German,27,1987-08-19,renault,Renault,French,8,7,6,8.0,57,Finished,0,0,1,0
2018,2,Bahrain Grand Prix,2018-04-08,bahrain,Bahrain International Circuit,Sakhir,Bahrain,26.0325,50.5106,alonso,ALO,Fernando Alonso,Spanish,14,1981-07-29,mclaren,McLaren,British,13,13,7,6.0,56,+1 Lap,0,0,1,0
2018,2,Bahrain Grand Prix,2018-04-08,bahrain,Bahrain International Circuit,Sakhir,Bahrain,26.0325,50.5106,vandoorne,VAN,Stoffel Vandoorne,Belgian,2,1992-03-26,mclaren,McLaren,British,14,14,8,4.0,56,+1 Lap,0,0,1,0
2018,2,Bahrain Grand Prix,2018-04-08,bahrain,Bahrain International Circuit,Sakhir,Bahrain,26.0325,50.5106,ericsson,ERI,Marcus Ericsson,Swedish,9,1990-09-02,sauber,Sauber,Swiss,17,17,9,2.0,56,+1 Lap,0,0,1,0
2018,2,Bahrain Grand Prix,2018-04-08,bahrain,Bahrain International Circuit,Sakhir,Bahrain,26.0325,50.5106,ocon,OCO,Esteban Ocon,French,31,1996-09-17,force_india,Force India,Indian,9,8,10,1.0,56,+1 Lap,0,0,1,0
2018,2,Bahrain Grand Prix,2018-04-08,bahrain,Bahrain International Circuit,Sakhir,Bahrain,26.0325,50.5106,sainz,SAI,Carlos Sainz,Spanish,55,1994-09-01,renault,Renault,French,10,10,11,0.0,56,+1 Lap,0,0,0,0
2018,2,Bahrain Grand Prix,2018-04-08,bahrain,Bahrain International Circuit,Sakhir,Bahrain,26.0325,50.5106,leclerc,LEC,Charles Leclerc,Monegasque,16,1997-10-16,sauber,Sauber,Swiss,19,19,12,0.0,56,+1 Lap,0,0,0,0
2018,2,Bahrain Grand Prix,2018-04-08,bahrain,Bahrain International Circuit,Sakhir,Bahrain,26.0325,50.5106,grosjean,GRO,Romain Grosjean,French,8,1986-04-17,haas,Haas F1 Team,American,16,16,13,0.0,56,+1 Lap,0,0,0,0
2018,2,Bahrain Grand Prix,2018-04-08,bahrain,Bahrain International Circuit,Sakhir,Bahrain,26.0325,50.5106,stroll,STR,Lance Stroll,Canadian,18,1998-10-29,williams,Williams,British,20,20,14,0.0,56,+1 Lap,0,0,0,0
2018,2,Bahrain Grand Prix,2018-04-08,bahrain,Bahrain International Circuit,Sakhir,Bahrain,26.0325,50.5106,sirotkin,SIR,Sergey Sirotkin,Russian,35,1995-08-27,williams,Williams,British,18,18,15,0.0,56,+1 Lap,0,0,0,0
2018,2,Bahrain Grand Prix,2018-04-08,bahrain,Bahrain International Circuit,Sakhir,Bahrain,26.0325,50.5106,perez,PER,Sergio Pérez,Mexican,11,1990-01-26,force_india,Force India,Indian,12,12,16,0.0,56,+1 Lap,0,0,0,0
2018,2,Bahrain Grand Prix,2018-04-08,bahrain,Bahrain International Circuit,Sakhir,Bahrain,26.0325,50.5106,brendon_hartley,HAR,Brendon Hartley,New Zealander,28,1989-11-10,toro_rosso,Toro Rosso,Italian,11,11,17,0.0,56,+1 Lap,0,0,0,0
2018,2,Bahrain Grand Prix,2018-04-08,bahrain,Bahrain International Circuit,Sakhir,Bahrain,26.0325,50.5106,raikkonen,RAI,Kimi Räikkönen,Finnish,7,1979-10-17,ferrari,Ferrari,Italian,2,2,18,0.0,35,Wheel,0,0,0,0
2018,2,Bahrain Grand Prix,2018-04-08,bahrain,Bahrain International Circuit,Sakhir,Bahrain,26.0325,50.5106,max_verstappen,VER,Max Verstappen,Dutch,3,1997-09-30,red_bull,Red Bull,Austrian,15,15,19,0.0,3,Puncture,0,0,0,0
2018,2,Bahrain Grand Prix,2018-04-08,bahrain,Bahrain International Circuit,Sakhir,Bahrain,26.0325,50.5106,ricciardo,RIC,Daniel Ricciardo,Australian,3,1989-07-01,red_bull,Red Bull,Austrian,5,4,20,0.0,1,Electrical,0,0,0,1
2018,3,Chinese Grand Prix,2018-04-15,shanghai,Shanghai International Circuit,Shanghai,China,31.3389,121.22,ricciardo,RIC,Daniel Ricciardo,Australian,3,1989-07-01,red_bull,Red Bull,Austrian,6,6,1,25.0,56,Finished,1,1,1,0
2018,3,Chinese Grand Prix,2018-04-15,shanghai,Shanghai International Circuit,Shanghai,China,31.3389,121.22,bottas,BOT,Valtteri Bottas,Finnish,77,1989-08-28,mercedes,Mercedes,German,3,3,2,18.0,56,Finished,0,1,1,0
2018,3,Chinese Grand Prix,2018-04-15,shanghai,Shanghai International Circuit,Shanghai,China,31.3389,121.22,raikkonen,RAI,Kimi Räikkönen,Finnish,7,1979-10-17,ferrari,Ferrari,Italian,2,2,3,15.0,56,Finished,0,1,1,0
2018,3,Chinese Grand Prix,2018-04-15,shanghai,Shanghai International Circuit,Shanghai,China,31.3389,121.22,hamilton,HAM,Lewis Hamilton,British,44,1985-01-07,mercedes,Mercedes,German,4,4,4,12.0,56,Finished,0,0,1,0
2018,3,Chinese Grand Prix,2018-04-15,shanghai,Shanghai International Circuit,Shanghai,China,31.3389,121.22,max_verstappen,VER,Max Verstappen,Dutch,3,1997-09-30,red_bull,Red Bull,Austrian,5,5,5,10.0,56,Finished,0,0,1,0
2018,3,Chinese Grand Prix,2018-04-15,shanghai,Shanghai International Circuit,Shanghai,China,31.3389,121.22,hulkenberg,HUL,Nico Hülkenberg,German,27,1987-08-19,renault,Renault,French,7,7,6,8.0,56,Finished,0,0,1,0
2018,3,Chinese Grand Prix,2018-04-15,shanghai,Shanghai International Circuit,Shanghai,China,31.3389,121.22,alonso,ALO,Fernando Alonso,Spanish,14,1981-07-29,mclaren,McLaren,British,13,13,7,6.0,56,Finished,0,0,1,0
2018,3,Chinese Grand Prix,2018-04-15,shanghai,Shanghai International Circuit,Shanghai,China,31.3389,121.22,vettel,VET,Sebastian Vettel,German,5,1987-07-03,ferrari,Ferrari,Italian,1,1,8,4.0,56,Finished,0,0,1,0
2018,3,Chinese Grand Prix,2018-04-15,shanghai,Shanghai International Circuit,Shanghai,China,31.3389,121.22,sainz,SAI,Carlos Sainz,Spanish,55,1994-09-01,renault,Renault,French,9,9,9,2.0,56,Finished,0,0,1,0
2018,3,Chinese Grand Prix,2018-04-15,shanghai,Shanghai International Circuit,Shanghai,China,31.3389,121.22,kevin_magnussen,MAG,Kevin Magnussen,Danish,20,1992-10-05,haas,Haas F1 Team,American,11,11,10,1.0,56,Finished,0,0,1,0
2018,3,Chinese Grand Prix,2018-04-15,shanghai,Shanghai International Circuit,Shanghai,China,31.3389,121.22,ocon,OCO,Esteban Ocon,French,31,1996-09-17,force_india,Force India,Indian,12,12,11,0.0,56,Finished,0,0,0,0
2018,3,Chinese Grand Prix,2018-04-15,shanghai,Shanghai International Circuit,Shanghai,China,31.3389,121.22,perez,PER,Sergio Pérez,Mexican,11,1990-01-26,force_india,Force India,Indian,8,8,12,0.0,56,Finished,0,0,0,0
2018,3,Chinese Grand Prix,2018-04-15,shanghai,Shanghai International Circuit,Shanghai,China,31.3389,121.22,vandoorne,VAN,Stoffel Vandoorne,Belgian,2,1992-03-26,mclaren,McLaren,British,14,14,13,0.0,56,Finished,0,0,0,0
2018,3,Chinese Grand Prix,2018-04-15,shanghai,Shanghai International Circuit,Shanghai,China,31.3389,121.22,stroll,STR,Lance Stroll,Canadian,18,1998-10-29,williams,Williams,British,18,18,14,0.0,56,Finished,0,0,0,0
2018,3,Chinese Grand Prix,2018-04-15,shanghai,Shanghai International Circuit,Shanghai,China,31.3389,121.22,sirotkin,SIR,Sergey Sirotkin,Russian,35,1995-08-27,williams,Williams,British,16,16,15,0.0,56,Finished,0,0,0,0
2018,3,Chinese Grand Prix,2018-04-15,shanghai,Shanghai International Circuit,Shanghai,China,31.3389,121.22,ericsson,ERI,Marcus Ericsson,Swedish,9,1990-09-02,sauber,Sauber,Swiss,20,20,16,0.0,56,Finished,0,0,0,0
2018,3,Chinese Grand Prix,2018-04-15,shanghai,Shanghai International Circuit,Shanghai,China,31.3389,121.22,grosjean,GRO,Romain Grosjean,French,8,1986-04-17,haas,Haas F1 Team,American,10,10,17,0.0,56,Finished,0,0,0,0
2018,3,Chinese Grand Prix,2018-04-15,shanghai,Shanghai International Circuit,Shanghai,China,31.3389,121.22,gasly,GAS,Pierre Gasly,French,10,1996-02-07,toro_rosso,Toro Rosso,Italian,17,17,18,0.0,56,Finished,0,0,0,0
2018,3,Chinese Grand Prix,2018-04-15,shanghai,Shanghai International Circuit,Shanghai,China,31.3389,121.22,leclerc,LEC,Charles Leclerc,Monegasque,16,1997-10-16,sauber,Sauber,Swiss,19,19,19,0.0,56,Finished,0,0,0,0
2018,3,Chinese Grand Prix,2018-04-15,shanghai,Shanghai International Circuit,Shanghai,China,31.3389,121.22,brendon_hartley,HAR,Brendon Hartley,New Zealander,28,1989-11-10,toro_rosso,Toro Rosso,Italian,15,15,20,0.0,51,Collision damage,0,0,0,1
2018,4,Azerbaijan Grand Prix,2018-04-29,baku,Baku City Circuit,Baku,Azerbaijan,40.3725,49.8533,hamilton,HAM,Lewis Hamilton,British,44,1985-01-07,mercedes,Mercedes,German,2,2,1,25.0,51,Finished,1,1,1,0
2018,4,Azerbaijan Grand Prix,2018-04-29,baku,Baku City Circuit,Baku,Azerbaijan,40.3725,49.8533,raikkonen,RAI,Kimi Räikkönen,Finnish,7,1979-10-17,ferrari,Ferrari,Italian,6,6,2,18.0,51,Finished,0,1,1,0
2018,4,Azerbaijan Grand Prix,2018-04-29,baku,Baku City Circuit,Baku,Azerbaijan,40.3725,49.8533,perez,PER,Sergio Pérez,Mexican,11,1990-01-26,force_india,Force India,Indian,8,8,3,15.0,51,Finished,0,1,1,0
2018,4,Azerbaijan Grand Prix,2018-04-29,baku,Baku City Circuit,Baku,Azerbaijan,40.3725,49.8533,vettel,VET,Sebastian Vettel,German,5,1987-07-03,ferrari,Ferrari,Italian,1,1,4,12.0,51,Finished,0,0,1,0
2018,4,Azerbaijan Grand Prix,2018-04-29,baku,Baku City Circuit,Baku,Azerbaijan,40.3725,49.8533,sainz,SAI,Carlos Sainz,Spanish,55,1994-09-01,renault,Renault,French,10,9,5,10.0,51,Finished,0,0,1,0
2018,4,Azerbaijan Grand Prix,2018-04-29,baku,Baku City Circuit,Baku,Azerbaijan,40.3725,49.8533,leclerc,LEC,Charles Leclerc,Monegasque,16,1997-10-16,sauber,Sauber,Swiss,14,13,6,8.0,51,Finished,0,0,1,0
2018,4,Azerbaijan Grand Prix,2018-04-29,baku,Baku City Circuit,Baku,Azerbaijan,40.3725,49.8533,alonso,ALO,Fernando Alonso,Spanish,14,1981-07-29,mclaren,McLaren,British,13,12,7,6.0,51,Finished,0,0,1,0
2018,4,Azerbaijan Grand Prix,2018-04-29,baku,Baku City Circuit,Baku,Azerbaijan,40.3725,49.8533,stroll,STR,Lance Stroll,Canadian,18,1998-10-29,williams,Williams,British,11,10,8,4.0,51,Finished,0,0,1,0
2018,4,Azerbaijan Grand Prix,2018-04-29,baku,Baku City Circuit,Baku,Azerbaijan,40.3725,49.8533,vandoorne,VAN,Stoffel Vandoorne,Belgian,2,1992-03-26,mclaren,McLaren,British,16,16,9,2.0,51,Finished,0,0,1,0
2018,4,Azerbaijan Grand Prix,2018-04-29,baku,Baku City Circuit,Baku,Azerbaijan,40.3725,49.8533,brendon_hartley,HAR,Brendon Hartley,New Zealander,28,1989-11-10,toro_rosso,Toro Rosso,Italian,19,19,10,1.0,51,Finished,0,0,1,0
2018,4,Azerbaijan Grand Prix,2018-04-29,baku,Baku City Circuit,Baku,Azerbaijan,40.3725,49.8533,ericsson,ERI,Marcus Ericsson,Swedish,9,1990-09-02,sauber,Sauber,Swiss,18,18,11,0.0,51,Finished,0,0,0,0
2018,4,Azerbaijan Grand Prix,2018-04-29,baku,Baku City Circuit,Baku,Azerbaijan,40.3725,49.8533,gasly,GAS,Pierre Gasly,French,10,1996-02-07,toro_rosso,Toro Rosso,Italian,17,17,12,0.0,51,Finished,0,0,0,0
2018,4,Azerbaijan Grand Prix,2018-04-29,baku,Baku City Circuit,Baku,Azerbaijan,40.3725,49.8533,kevin_magnussen,MAG,Kevin Magnussen,Danish,20,1992-10-05,haas,Haas F1 Team,American,15,15,13,0.0,51,Finished,0,0,0,0
2018,4,Azerbaijan Grand Prix,2018-04-29,baku,Baku City Circuit,Baku,Azerbaijan,40.3725,49.8533,bottas,BOT,Valtteri Bottas,Finnish,77,1989-08-28,mercedes,Mercedes,German,3,3,14,0.0,48,Puncture,0,0,0,0
2018,4,Azerbaijan Grand Prix,2018-04-29,baku,Baku City Circuit,Baku,Azerbaijan,40.3725,49.8533,grosjean,GRO,Romain Grosjean,French,8,1986-04-17,haas,Haas F1 Team,American,20,20,15,0.0,42,Accident,0,0,0,1
2018,4,Azerbaijan Grand Prix,2018-04-29,baku,Baku City Circuit,Baku,Azerbaijan,40.3725,49.8533,max_verstappen,VER,Max Verstappen,Dutch,3,1997-09-30,red_bull,Red Bull,Austrian,5,5,16,0.0,39,Collision,0,0,0,1
2018,4,Azerbaijan Grand Prix,2018-04-29,baku,Baku City Circuit,Baku,Azerbaijan,40.3725,49.8533,ricciardo,RIC,Daniel Ricciardo,Australian,3,1989-07-01,red_bull,Red Bull,Austrian,4,4,17,0.0,39,Collision,0,0,0,1
2018,4,Azerbaijan Grand Prix,2018-04-29,baku,Baku City Circuit,Baku,Azerbaijan,40.3725,49.8533,hulkenberg,HUL,Nico Hülkenberg,German,27,1987-08-19,renault,Renault,French,9,14,18,0.0,10,Accident,0,0,0,1
2018,4,Azerbaijan Grand Prix,2018-04-29,baku,Baku City Circuit,Baku,Azerbaijan,40.3725,49.8533,ocon,OCO,Esteban Ocon,French,31,1996-09-17,force_india,Force India,Indian,7,7,19,0.0,0,Collision,0,0,0,1
2018,4,Azerbaijan Grand Prix,2018-04-29,baku,Baku City Circuit,Baku,Azerbaijan,40.3725,49.8533,sirotkin,SIR,Sergey Sirotkin,Russian,35,1995-08-27,williams,Williams,British,12,11,20,0.0,0,Collision,0,0,0,1
2018,5,Spanish Grand Prix,2018-05-13,catalunya,Circuit de Barcelona-Catalunya,Barcelona,Spain,41.57,2.26111,hamilton,HAM,Lewis Hamilton,British,44,1985-01-07,mercedes,Mercedes,German,1,1,1,25.0,66,Finished,1,1,1,0
2018,5,Spanish Grand Prix,2018-05-13,catalunya,Circuit de Barcelona-Catalunya,Barcelona,Spain,41.57,2.26111,bottas,BOT,Valtteri Bottas,Finnish,77,1989-08-28,mercedes,Mercedes,German,2,2,2,18.0,66,Finished,0,1,1,0
2018,5,Spanish Grand Prix,2018-05-13,catalunya,Circuit de Barcelona-Catalunya,Barcelona,Spain,41.57,2.26111,max_verstappen,VER,Max Verstappen,Dutch,3,1997-09-30,red_bull,Red Bull,Austrian,5,5,3,15.0,66,Finished,0,1,1,0
2018,5,Spanish Grand Prix,2018-05-13,catalunya,Circuit de Barcelona-Catalunya,Barcelona,Spain,41.57,2.26111,vettel,VET,Sebastian Vettel,German,5,1987-07-03,ferrari,Ferrari,Italian,3,3,4,12.0,66,Finished,0,0,1,0
2018,5,Spanish Grand Prix,2018-05-13,catalunya,Circuit de Barcelona-Catalunya,Barcelona,Spain,41.57,2.26111,ricciardo,RIC,Daniel Ricciardo,Australian,3,1989-07-01,red_bull,Red Bull,Austrian,6,6,5,10.0,66,Finished,0,0,1,0
2018,5,Spanish Grand Prix,2018-05-13,catalunya,Circuit de Barcelona-Catalunya,Barcelona,Spain,41.57,2.26111,kevin_magnussen,MAG,Kevin Magnussen,Danish,20,1992-10-05,haas,Haas F1 Team,American,7,7,6,8.0,65,+1 Lap,0,0,1,0
2018,5,Spanish Grand Prix,2018-05-13,catalunya,Circuit de Barcelona-Catalunya,Barcelona,Spain,41.57,2.26111,sainz,SAI,Carlos Sainz,Spanish,55,1994-09-01,renault,Renault,French,9,9,7,6.0,65,+1 Lap,0,0,1,0
2018,5,Spanish Grand Prix,2018-05-13,catalunya,Circuit de Barcelona-Catalunya,Barcelona,Spain,41.57,2.26111,alonso,ALO,Fernando Alonso,Spanish,14,1981-07-29,mclaren,McLaren,British,8,8,8,4.0,65,+1 Lap,0,0,1,0
2018,5,Spanish Grand Prix,2018-05-13,catalunya,Circuit de Barcelona-Catalunya,Barcelona,Spain,41.57,2.26111,perez,PER,Sergio Pérez,Mexican,11,1990-01-26,force_india,Force India,Indian,15,15,9,2.0,64,+2 Laps,0,0,1,0
2018,5,Spanish Grand Prix,2018-05-13,catalunya,Circuit de Barcelona-Catalunya,Barcelona,Spain,41.57,2.26111,leclerc,LEC,Charles Leclerc,Monegasque,16,1997-10-16,sauber,Sauber,Swiss,14,14,10,1.0,64,+2 Laps,0,0,1,0
2018,5,Spanish Grand Prix,2018-05-13,catalunya,Circuit de Barcelona-Catalunya,Barcelona,Spain,41.57,2.26111,stroll,STR,Lance Stroll,Canadian,18,1998-10-29,williams,Williams,British,19,18,11,0.0,64,+2 Laps,0,0,0,0
2018,5,Spanish Grand Prix,2018-05-13,catalunya,Circuit de Barcelona-Catalunya,Barcelona,Spain,41.57,2.26111,brendon_hartley,HAR,Brendon Hartley,New Zealander,28,1989-11-10,toro_rosso,Toro Rosso,Italian,20,20,12,0.0,64,+2 Laps,0,0,0,0
2018,5,Spanish Grand Prix,2018-05-13,catalunya,Circuit de Barcelona-Catalunya,Barcelona,Spain,41.57,2.26111,ericsson,ERI,Marcus Ericsson,Swedish,9,1990-09-02,sauber,Sauber,Swiss,17,17,13,0.0,64,+2 Laps,0,0,0,0
2018,5,Spanish Grand Prix,2018-05-13,catalunya,Circuit de Barcelona-Catalunya,Barcelona,Spain,41.57,2.26111,sirotkin,SIR,Sergey Sirotkin,Russian,35,1995-08-27,williams,Williams,British,18,19,14,0.0,63,+3 Laps,0,0,0,0
2018,5,Spanish Grand Prix,2018-05-13,catalunya,Circuit de Barcelona-Catalunya,Barcelona,Spain,41.57,2.26111,vandoorne,VAN,Stoffel Vandoorne,Belgian,2,1992-03-26,mclaren,McLaren,British,11,11,15,0.0,45,Gearbox,0,0,0,1
2018,5,Spanish Grand Prix,2018-05-13,catalunya,Circuit de Barcelona-Catalunya,Barcelona,Spain,41.57,2.26111,ocon,OCO,Esteban Ocon,French,31,1996-09-17,force_india,Force India,Indian,13,13,16,0.0,38,Oil leak,0,0,0,0
2018,5,Spanish Grand Prix,2018-05-13,catalunya,Circuit de Barcelona-Catalunya,Barcelona,Spain,41.57,2.26111,raikkonen,RAI,Kimi Räikkönen,Finnish,7,1979-10-17,ferrari,Ferrari,Italian,4,4,17,0.0,25,Turbo,0,0,0,0
2018,5,Spanish Grand Prix,2018-05-13,catalunya,Circuit de Barcelona-Catalunya,Barcelona,Spain,41.57,2.26111,grosjean,GRO,Romain Grosjean,French,8,1986-04-17,haas,Haas F1 Team,American,10,10,18,0.0,0,Collision,0,0,0,1
2018,5,Spanish Grand Prix,2018-05-13,catalunya,Circuit de Barcelona-Catalunya,Barcelona,Spain,41.57,2.26111,gasly,GAS,Pierre Gasly,French,10,1996-02-07,toro_rosso,Toro Rosso,Italian,12,12,19,0.0,0,Collision,0,0,0,1
2018,5,Spanish Grand Prix,2018-05-13,catalunya,Circuit de Barcelona-Catalunya,Barcelona,Spain,41.57,2.26111,hulkenberg,HUL,Nico Hülkenberg,German,27,1987-08-19,renault,Renault,French,16,16,20,0.0,0,Collision,0,0,0,1
2018,6,Monaco Grand Prix,2018-05-27,monaco,Circuit de Monaco,Monte Carlo,Monaco,43.7347,7.42056,ricciardo,RIC,Daniel Ricciardo,Australian,3,1989-07-01,red_bull,Red Bull,Austrian,1,1,1,25.0,78,Finished,1,1,1,0
2018,6,Monaco Grand Prix,2018-05-27,monaco,Circuit de Monaco,Monte Carlo,Monaco,43.7347,7.42056,vettel,VET,Sebastian Vettel,German,5,1987-07-03,ferrari,Ferrari,Italian,2,2,2,18.0,78,Finished,0,1,1,0
2018,6,Monaco Grand Prix,2018-05-27,monaco,Circuit de Monaco,Monte Carlo,Monaco,43.7347,7.42056,hamilton,HAM,Lewis Hamilton,British,44,1985-01-07,mercedes,Mercedes,German,3,3,3,15.0,78,Finished,0,1,1,0
2018,6,Monaco Grand Prix,2018-05-27,monaco,Circuit de Monaco,Monte Carlo,Monaco,43.7347,7.42056,raikkonen,RAI,Kimi Räikkönen,Finnish,7,1979-10-17,ferrari,Ferrari,Italian,4,4,4,12.0,78,Finished,0,0,1,0
2018,6,Monaco Grand Prix,2018-05-27,monaco,Circuit de Monaco,Monte Carlo,Monaco,43.7347,7.42056,bottas,BOT,Valtteri Bottas,Finnish,77,1989-08-28,mercedes,Mercedes,German,5,5,5,10.0,78,Finished,0,0,1,0
2018,6,Monaco Grand Prix,2018-05-27,monaco,Circuit de Monaco,Monte Carlo,Monaco,43.7347,7.42056,ocon,OCO,Esteban Ocon,French,31,1996-09-17,force_india,Force India,Indian,6,6,6,8.0,78,Finished,0,0,1,0
2018,6,Monaco Grand Prix,2018-05-27,monaco,Circuit de Monaco,Monte Carlo,Monaco,43.7347,7.42056,gasly,GAS,Pierre Gasly,French,10,1996-02-07,toro_rosso,Toro Rosso,Italian,10,10,7,6.0,78,Finished,0,0,1,0
2018,6,Monaco Grand Prix,2018-05-27,monaco,Circuit de Monaco,Monte Carlo,Monaco,43.7347,7.42056,hulkenberg,HUL,Nico Hülkenberg,German,27,1987-08-19,renault,Renault,French,11,11,8,4.0,78,Finished,0,0,1,0
2018,6,Monaco Grand Prix,2018-05-27,monaco,Circuit de Monaco,Monte Carlo,Monaco,43.7347,7.42056,max_verstappen,VER,Max Verstappen,Dutch,3,1997-09-30,red_bull,Red Bull,Austrian,20,20,9,2.0,78,Finished,0,0,1,0
2018,6,Monaco Grand Prix,2018-05-27,monaco,Circuit de Monaco,Monte Carlo,Monaco,43.7347,7.42056,sainz,SAI,Carlos Sainz,Spanish,55,1994-09-01,renault,Renault,French,8,8,10,1.0,78,Finished,0,0,1,0
2018,6,Monaco Grand Prix,2018-05-27,monaco,Circuit de Monaco,Monte Carlo,Monaco,43.7347,7.42056,ericsson,ERI,Marcus Ericsson,Swedish,9,1990-09-02,sauber,Sauber,Swiss,17,16,11,0.0,78,Finished,0,0,0,0
2018,6,Monaco Grand Prix,2018-05-27,monaco,Circuit de Monaco,Monte Carlo,Monaco,43.7347,7.42056,perez,PER,Sergio Pérez,Mexican,11,1990-01-26,force_india,Force India,Indian,9,9,12,0.0,78,Finished,0,0,0,0
2018,6,Monaco Grand Prix,2018-05-27,monaco,Circuit de Monaco,Monte Carlo,Monaco,43.7347,7.42056,kevin_magnussen,MAG,Kevin Magnussen,Danish,20,1992-10-05,haas,Haas F1 Team,American,19,19,13,0.0,78,Finished,0,0,0,0
2018,6,Monaco Grand Prix,2018-05-27,monaco,Circuit de Monaco,Monte Carlo,Monaco,43.7347,7.42056,vandoorne,VAN,Stoffel Vandoorne,Belgian,2,1992-03-26,mclaren,McLaren,British,12,12,14,0.0,77,+1 Lap,0,0,0,0
2018,6,Monaco Grand Prix,2018-05-27,monaco,Circuit de Monaco,Monte Carlo,Monaco,43.7347,7.42056,grosjean,GRO,Romain Grosjean,French,8,1986-04-17,haas,Haas F1 Team,American,15,18,15,0.0,77,+1 Lap,0,0,0,0
2018,6,Monaco Grand Prix,2018-05-27,monaco,Circuit de Monaco,Monte Carlo,Monaco,43.7347,7.42056,sirotkin,SIR,Sergey Sirotkin,Russian,35,1995-08-27,williams,Williams,British,13,13,16,0.0,77,+1 Lap,0,0,0,0
2018,6,Monaco Grand Prix,2018-05-27,monaco,Circuit de Monaco,Monte Carlo,Monaco,43.7347,7.42056,stroll,STR,Lance Stroll,Canadian,18,1998-10-29,williams,Williams,British,18,17,17,0.0,76,+2 Laps,0,0,0,0
2018,6,Monaco Grand Prix,2018-05-27,monaco,Circuit de Monaco,Monte Carlo,Monaco,43.7347,7.42056,leclerc,LEC,Charles Leclerc,Monegasque,16,1997-10-16,sauber,Sauber,Swiss,14,14,18,0.0,70,Collision,0,0,0,1
2018,6,Monaco Grand Prix,2018-05-27,monaco,Circuit de Monaco,Monte Carlo,Monaco,43.7347,7.42056,brendon_hartley,HAR,Brendon Hartley,New Zealander,28,1989-11-10,toro_rosso,Toro Rosso,Italian,16,15,19,0.0,70,Collision,0,0,0,1
2018,6,Monaco Grand Prix,2018-05-27,monaco,Circuit de Monaco,Monte Carlo,Monaco,43.7347,7.42056,alonso,ALO,Fernando Alonso,Spanish,14,1981-07-29,mclaren,McLaren,British,7,7,20,0.0,52,Gearbox,0,0,0,1
2018,7,Canadian Grand Prix,2018-06-10,villeneuve,Circuit Gilles Villeneuve,Montreal,Canada,45.5,-73.5228,vettel,VET,Sebastian Vettel,German,5,1987-07-03,ferrari,Ferrari,Italian,1,1,1,25.0,68,Finished,1,1,1,0
2018,7,Canadian Grand Prix,2018-06-10,villeneuve,Circuit Gilles Villeneuve,Montreal,Canada,45.5,-73.5228,bottas,BOT,Valtteri Bottas,Finnish,77,1989-08-28,mercedes,Mercedes,German,2,2,2,18.0,68,Finished,0,1,1,0
2018,7,Canadian Grand Prix,2018-06-10,villeneuve,Circuit Gilles Villeneuve,Montreal,Canada,45.5,-73.5228,max_verstappen,VER,Max Verstappen,Dutch,3,1997-09-30,red_bull,Red Bull,Austrian,3,3,3,15.0,68,Finished,0,1,1,0
2018,7,Canadian Grand Prix,2018-06-10,villeneuve,Circuit Gilles Villeneuve,Montreal,Canada,45.5,-73.5228,ricciardo,RIC,Daniel Ricciardo,Australian,3,1989-07-01,red_bull,Red Bull,Austrian,6,6,4,12.0,68,Finished,0,0,1,0
2018,7,Canadian Grand Prix,2018-06-10,villeneuve,Circuit Gilles Villeneuve,Montreal,Canada,45.5,-73.5228,hamilton,HAM,Lewis Hamilton,British,44,1985-01-07,mercedes,Mercedes,German,4,4,5,10.0,68,Finished,0,0,1,0
2018,7,Canadian Grand Prix,2018-06-10,villeneuve,Circuit Gilles Villeneuve,Montreal,Canada,45.5,-73.5228,raikkonen,RAI,Kimi Räikkönen,Finnish,7,1979-10-17,ferrari,Ferrari,Italian,5,5,6,8.0,68,Finished,0,0,1,0
2018,7,Canadian Grand Prix,2018-06-10,villeneuve,Circuit Gilles Villeneuve,Montreal,Canada,45.5,-73.5228,hulkenberg,HUL,Nico Hülkenberg,German,27,1987-08-19,renault,Renault,French,7,7,7,6.0,67,+1 Lap,0,0,1,0
2018,7,Canadian Grand Prix,2018-06-10,villeneuve,Circuit Gilles Villeneuve,Montreal,Canada,45.5,-73.5228,sainz,SAI,Carlos Sainz,Spanish,55,1994-09-01,renault,Renault,French,9,9,8,4.0,67,+1 Lap,0,0,1,0
2018,7,Canadian Grand Prix,2018-06-10,villeneuve,Circuit Gilles Villeneuve,Montreal,Canada,45.5,-73.5228,ocon,OCO,Esteban Ocon,French,31,1996-09-17,force_india,Force India,Indian,8,8,9,2.0,67,+1 Lap,0,0,1,0
2018,7,Canadian Grand Prix,2018-06-10,villeneuve,Circuit Gilles Villeneuve,Montreal,Canada,45.5,-73.5228,leclerc,LEC,Charles Leclerc,Monegasque,16,1997-10-16,sauber,Sauber,Swiss,13,13,10,1.0,67,+1 Lap,0,0,1,0
2018,7,Canadian Grand Prix,2018-06-10,villeneuve,Circuit Gilles Villeneuve,Montreal,Canada,45.5,-73.5228,gasly,GAS,Pierre Gasly,French,10,1996-02-07,toro_rosso,Toro Rosso,Italian,16,16,11,0.0,67,+1 Lap,0,0,0,0
2018,7,Canadian Grand Prix,2018-06-10,villeneuve,Circuit Gilles Villeneuve,Montreal,Canada,45.5,-73.5228,grosjean,GRO,Romain Grosjean,French,8,1986-04-17,haas,Haas F1 Team,American,20,20,12,0.0,67,+1 Lap,0,0,0,0
2018,7,Canadian Grand Prix,2018-06-10,villeneuve,Circuit Gilles Villeneuve,Montreal,Canada,45.5,-73.5228,kevin_magnussen,MAG,Kevin Magnussen,Danish,20,1992-10-05,haas,Haas F1 Team,American,11,11,13,0.0,67,+1 Lap,0,0,0,0
2018,7,Canadian Grand Prix,2018-06-10,villeneuve,Circuit Gilles Villeneuve,Montreal,Canada,45.5,-73.5228,perez,PER,Sergio Pérez,Mexican,11,1990-01-26,force_india,Force India,Indian,10,10,14,0.0,67,+1 Lap,0,0,0,0
2018,7,Canadian Grand Prix,2018-06-10,villeneuve,Circuit Gilles Villeneuve,Montreal,Canada,45.5,-73.5228,ericsson,ERI,Marcus Ericsson,Swedish,9,1990-09-02,sauber,Sauber,Swiss,19,19,15,0.0,66,+2 Laps,0,0,0,0
2018,7,Canadian Grand Prix,2018-06-10,villeneuve,Circuit Gilles Villeneuve,Montreal,Canada,45.5,-73.5228,vandoorne,VAN,Stoffel Vandoorne,Belgian,2,1992-03-26,mclaren,McLaren,British,15,15,16,0.0,66,+2 Laps,0,0,0,0
2018,7,Canadian Grand Prix,2018-06-10,villeneuve,Circuit Gilles Villeneuve,Montreal,Canada,45.5,-73.5228,sirotkin,SIR,Sergey Sirotkin,Russian,35,1995-08-27,williams,Williams,British,18,18,17,0.0,66,+2 Laps,0,0,0,0
2018,7,Canadian Grand Prix,2018-06-10,villeneuve,Circuit Gilles Villeneuve,Montreal,Canada,45.5,-73.5228,alonso,ALO,Fernando Alonso,Spanish,14,1981-07-29,mclaren,McLaren,British,14,14,18,0.0,40,Exhaust,0,0,0,0
2018,7,Canadian Grand Prix,2018-06-10,villeneuve,Circuit Gilles Villeneuve,Montreal,Canada,45.5,-73.5228,brendon_hartley,HAR,Brendon Hartley,New Zealander,28,1989-11-10,toro_rosso,Toro Rosso,Italian,12,12,19,0.0,0,Collision,0,0,0,1
2018,7,Canadian Grand Prix,2018-06-10,villeneuve,Circuit Gilles Villeneuve,Montreal,Canada,45.5,-73.5228,stroll,STR,Lance Stroll,Canadian,18,1998-10-29,williams,Williams,British,17,17,20,0.0,0,Collision,0,0,0,1
2018,8,French Grand Prix,2018-06-24,ricard,Circuit Paul Ricard,Le Castellet,France,43.2506,5.79167,hamilton,HAM,Lewis Hamilton,British,44,1985-01-07,mercedes,Mercedes,German,1,1,1,25.0,53,Finished,1,1,1,0
2018,8,French Grand Prix,2018-06-24,ricard,Circuit Paul Ricard,Le Castellet,France,43.2506,5.79167,max_verstappen,VER,Max Verstappen,Dutch,3,1997-09-30,red_bull,Red Bull,Austrian,4,4,2,18.0,53,Finished,0,1,1,0
2018,8,French Grand Prix,2018-06-24,ricard,Circuit Paul Ricard,Le Castellet,France,43.2506,5.79167,raikkonen,RAI,Kimi Räikkönen,Finnish,7,1979-10-17,ferrari,Ferrari,Italian,6,6,3,15.0,53,Finished,0,1,1,0
2018,8,French Grand Prix,2018-06-24,ricard,Circuit Paul Ricard,Le Castellet,France,43.2506,5.79167,ricciardo,RIC,Daniel Ricciardo,Australian,3,1989-07-01,red_bull,Red Bull,Austrian,5,5,4,12.0,53,Finished,0,0,1,0
2018,8,French Grand Prix,2018-06-24,ricard,Circuit Paul Ricard,Le Castellet,France,43.2506,5.79167,vettel,VET,Sebastian Vettel,German,5,1987-07-03,ferrari,Ferrari,Italian,3,3,5,10.0,53,Finished,0,0,1,0
2018,8,French Grand Prix,2018-06-24,ricard,Circuit Paul Ricard,Le Castellet,France,43.2506,5.79167,kevin_magnussen,MAG,Kevin Magnussen,Danish,20,1992-10-05,haas,Haas F1 Team,American,9,9,6,8.0,53,Finished,0,0,1,0
2018,8,French Grand Prix,2018-06-24,ricard,Circuit Paul Ricard,Le Castellet,France,43.2506,5.79167,bottas,BOT,Valtteri Bottas,Finnish,77,1989-08-28,mercedes,Mercedes,German,2,2,7,6.0,53,Finished,0,0,1,0
2018,8,French Grand Prix,2018-06-24,ricard,Circuit Paul Ricard,Le Castellet,France,43.2506,5.79167,sainz,SAI,Carlos Sainz,Spanish,55,1994-09-01,renault,Renault,French,7,7,8,4.0,53,Finished,0,0,1,0
2018,8,French Grand Prix,2018-06-24,ricard,Circuit Paul Ricard,Le Castellet,France,43.2506,5.79167,hulkenberg,HUL,Nico Hülkenberg,German,27,1987-08-19,renault,Renault,French,12,12,9,2.0,53,Finished,0,0,1,0
2018,8,French Grand Prix,2018-06-24,ricard,Circuit Paul Ricard,Le Castellet,France,43.2506,5.79167,leclerc,LEC,Charles Leclerc,Monegasque,16,1997-10-16,sauber,Sauber,Swiss,8,8,10,1.0,53,Finished,0,0,1,0
2018,8,French Grand Prix,2018-06-24,ricard,Circuit Paul Ricard,Le Castellet,France,43.2506,5.79167,grosjean,GRO,Romain Grosjean,French,8,1986-04-17,haas,Haas F1 Team,American,10,10,11,0.0,52,+1 Lap,0,0,0,0
2018,8,French Grand Prix,2018-06-24,ricard,Circuit Paul Ricard,Le Castellet,France,43.2506,5.79167,vandoorne,VAN,Stoffel Vandoorne,Belgian,2,1992-03-26,mclaren,McLaren,British,18,17,12,0.0,52,+1 Lap,0,0,0,0
2018,8,French Grand Prix,2018-06-24,ricard,Circuit Paul Ricard,Le Castellet,France,43.2506,5.79167,ericsson,ERI,Marcus Ericsson,Swedish,9,1990-09-02,sauber,Sauber,Swiss,15,15,13,0.0,52,+1 Lap,0,0,0,0
2018,8,French Grand Prix,2018-06-24,ricard,Circuit Paul Ricard,Le Castellet,France,43.2506,5.79167,brendon_hartley,HAR,Brendon Hartley,New Zealander,28,1989-11-10,toro_rosso,Toro Rosso,Italian,17,20,14,0.0,52,+1 Lap,0,0,0,0
2018,8,French Grand Prix,2018-06-24,ricard,Circuit Paul Ricard,Le Castellet,France,43.2506,5.79167,sirotkin,SIR,Sergey Sirotkin,Russian,35,1995-08-27,williams,Williams,British,19,18,15,0.0,52,+1 Lap,0,0,0,0
2018,8,French Grand Prix,2018-06-24,ricard,Circuit Paul Ricard,Le Castellet,France,43.2506,5.79167,alonso,ALO,Fernando Alonso,Spanish,14,1981-07-29,mclaren,McLaren,British,16,16,16,0.0,50,Wheel,0,0,0,0
2018,8,French Grand Prix,2018-06-24,ricard,Circuit Paul Ricard,Le Castellet,France,43.2506,5.79167,stroll,STR,Lance Stroll,Canadian,18,1998-10-29,williams,Williams,British,20,19,17,0.0,48,Puncture,0,0,0,0
2018,8,French Grand Prix,2018-06-24,ricard,Circuit Paul Ricard,Le Castellet,France,43.2506,5.79167,perez,PER,Sergio Pérez,Mexican,11,1990-01-26,force_india,Force India,Indian,13,13,18,0.0,27,Engine,0,0,0,1
2018,8,French Grand Prix,2018-06-24,ricard,Circuit Paul Ricard,Le Castellet,France,43.2506,5.79167,ocon,OCO,Esteban Ocon,French,31,1996-09-17,force_india,Force India,Indian,11,11,19,0.0,0,Collision,0,0,0,1
2018,8,French Grand Prix,2018-06-24,ricard,Circuit Paul Ricard,Le Castellet,France,43.2506,5.79167,gasly,GAS,Pierre Gasly,French,10,1996-02-07,toro_rosso,Toro Rosso,Italian,14,14,20,0.0,0,Collision,0,0,0,1
2018,9,Austrian Grand Prix,2018-07-01,red_bull_ring,Red Bull Ring,Spielberg,Austria,47.2197,14.7647,max_verstappen,VER,Max Verstappen,Dutch,3,1997-09-30,red_bull,Red Bull,Austrian,5,4,1,25.0,71,Finished,1,1,1,0
2018,9,Austrian Grand Prix,2018-07-01,red_bull_ring,Red Bull Ring,Spielberg,Austria,47.2197,14.7647,raikkonen,RAI,Kimi Räikkönen,Finnish,7,1979-10-17,ferrari,Ferrari,Italian,4,3,2,18.0,71,Finished,0,1,1,0
2018,9,Austrian Grand Prix,2018-07-01,red_bull_ring,Red Bull Ring,Spielberg,Austria,47.2197,14.7647,vettel,VET,Sebastian Vettel,German,5,1987-07-03,ferrari,Ferrari,Italian,3,6,3,15.0,71,Finished,0,1,1,0
2018,9,Austrian Grand Prix,2018-07-01,red_bull_ring,Red Bull Ring,Spielberg,Austria,47.2197,14.7647,grosjean,GRO,Romain Grosjean,French,8,1986-04-17,haas,Haas F1 Team,American,6,5,4,12.0,70,+1 Lap,0,0,1,0
2018,9,Austrian Grand Prix,2018-07-01,red_bull_ring,Red Bull Ring,Spielberg,Austria,47.2197,14.7647,kevin_magnussen,MAG,Kevin Magnussen,Danish,20,1992-10-05,haas,Haas F1 Team,American,8,8,5,10.0,70,+1 Lap,0,0,1,0
2018,9,Austrian Grand Prix,2018-07-01,red_bull_ring,Red Bull Ring,Spielberg,Austria,47.2197,14.7647,ocon,OCO,Esteban Ocon,French,31,1996-09-17,force_india,Force India,Indian,11,11,6,8.0,70,+1 Lap,0,0,1,0
2018,9,Austrian Grand Prix,2018-07-01,red_bull_ring,Red Bull Ring,Spielberg,Austria,47.2197,14.7647,perez,PER,Sergio Pérez,Mexican,11,1990-01-26,force_india,Force India,Indian,17,16,7,6.0,70,+1 Lap,0,0,1,0
2018,9,Austrian Grand Prix,2018-07-01,red_bull_ring,Red Bull Ring,Spielberg,Austria,47.2197,14.7647,alonso,ALO,Fernando Alonso,Spanish,14,1981-07-29,mclaren,McLaren,British,14,13,8,4.0,70,+1 Lap,0,0,1,0
2018,9,Austrian Grand Prix,2018-07-01,red_bull_ring,Red Bull Ring,Spielberg,Austria,47.2197,14.7647,leclerc,LEC,Charles Leclerc,Monegasque,16,1997-10-16,sauber,Sauber,Swiss,13,18,9,2.0,70,+1 Lap,0,0,1,0
2018,9,Austrian Grand Prix,2018-07-01,red_bull_ring,Red Bull Ring,Spielberg,Austria,47.2197,14.7647,ericsson,ERI,Marcus Ericsson,Swedish,9,1990-09-02,sauber,Sauber,Swiss,20,20,10,1.0,70,+1 Lap,0,0,1,0
2018,9,Austrian Grand Prix,2018-07-01,red_bull_ring,Red Bull Ring,Spielberg,Austria,47.2197,14.7647,gasly,GAS,Pierre Gasly,French,10,1996-02-07,toro_rosso,Toro Rosso,Italian,12,12,11,0.0,70,+1 Lap,0,0,0,0
2018,9,Austrian Grand Prix,2018-07-01,red_bull_ring,Red Bull Ring,Spielberg,Austria,47.2197,14.7647,sainz,SAI,Carlos Sainz,Spanish,55,1994-09-01,renault,Renault,French,9,9,12,0.0,70,+1 Lap,0,0,0,0
2018,9,Austrian Grand Prix,2018-07-01,red_bull_ring,Red Bull Ring,Spielberg,Austria,47.2197,14.7647,sirotkin,SIR,Sergey Sirotkin,Russian,35,1995-08-27,williams,Williams,British,18,17,13,0.0,69,+2 Laps,0,0,0,0
2018,9,Austrian Grand Prix,2018-07-01,red_bull_ring,Red Bull Ring,Spielberg,Austria,47.2197,14.7647,stroll,STR,Lance Stroll,Canadian,18,1998-10-29,williams,Williams,British,15,14,14,0.0,69,+2 Laps,0,0,0,0
2018,9,Austrian Grand Prix,2018-07-01,red_bull_ring,Red Bull Ring,Spielberg,Austria,47.2197,14.7647,vandoorne,VAN,Stoffel Vandoorne,Belgian,2,1992-03-26,mclaren,McLaren,British,16,15,15,0.0,65,Collision damage,0,0,0,1
2018,9,Austrian Grand Prix,2018-07-01,red_bull_ring,Red Bull Ring,Spielberg,Austria,47.2197,14.7647,hamilton,HAM,Lewis Hamilton,British,44,1985-01-07,mercedes,Mercedes,German,2,2,16,0.0,62,Fuel pressure,0,0,0,0
2018,9,Austrian Grand Prix,2018-07-01,red_bull_ring,Red Bull Ring,Spielberg,Austria,47.2197,14.7647,brendon_hartley,HAR,Brendon Hartley,New Zealander,28,1989-11-10,toro_rosso,Toro Rosso,Italian,19,19,17,0.0,54,Hydraulics,0,0,0,1
2018,9,Austrian Grand Prix,2018-07-01,red_bull_ring,Red Bull Ring,Spielberg,Austria,47.2197,14.7647,ricciardo,RIC,Daniel Ricciardo,Australian,3,1989-07-01,red_bull,Red Bull,Austrian,7,7,18,0.0,53,Exhaust,0,0,0,0
2018,9,Austrian Grand Prix,2018-07-01,red_bull_ring,Red Bull Ring,Spielberg,Austria,47.2197,14.7647,bottas,BOT,Valtteri Bottas,Finnish,77,1989-08-28,mercedes,Mercedes,German,1,1,19,0.0,13,Hydraulics,0,0,0,1
2018,9,Austrian Grand Prix,2018-07-01,red_bull_ring,Red Bull Ring,Spielberg,Austria,47.2197,14.7647,hulkenberg,HUL,Nico Hülkenberg,German,27,1987-08-19,renault,Renault,French,10,10,20,0.0,11,Engine,0,0,0,1
2018,10,British Grand Prix,2018-07-08,silverstone,Silverstone Circuit,Silverstone,UK,52.0786,-1.01694,vettel,VET,Sebastian Vettel,German,5,1987-07-03,ferrari,Ferrari,Italian,2,2,1,25.0,52,Finished,1,1,1,0
2018,10,British Grand Prix,2018-07-08,silverstone,Silverstone Circuit,Silverstone,UK,52.0786,-1.01694,hamilton,HAM,Lewis Hamilton,British,44,1985-01-07,mercedes,Mercedes,German,1,1,2,18.0,52,Finished,0,1,1,0
2018,10,British Grand Prix,2018-07-08,silverstone,Silverstone Circuit,Silverstone,UK,52.0786,-1.01694,raikkonen,RAI,Kimi Räikkönen,Finnish,7,1979-10-17,ferrari,Ferrari,Italian,3,3,3,15.0,52,Finished,0,1,1,0
2018,10,British Grand Prix,2018-07-08,silverstone,Silverstone Circuit,Silverstone,UK,52.0786,-1.01694,bottas,BOT,Valtteri Bottas,Finnish,77,1989-08-28,mercedes,Mercedes,German,4,4,4,12.0,52,Finished,0,0,1,0
2018,10,British Grand Prix,2018-07-08,silverstone,Silverstone Circuit,Silverstone,UK,52.0786,-1.01694,ricciardo,RIC,Daniel Ricciardo,Australian,3,1989-07-01,red_bull,Red Bull,Austrian,6,6,5,10.0,52,Finished,0,0,1,0
2018,10,British Grand Prix,2018-07-08,silverstone,Silverstone Circuit,Silverstone,UK,52.0786,-1.01694,hulkenberg,HUL,Nico Hülkenberg,German,27,1987-08-19,renault,Renault,French,11,11,6,8.0,52,Finished,0,0,1,0
2018,10,British Grand Prix,2018-07-08,silverstone,Silverstone Circuit,Silverstone,UK,52.0786,-1.01694,ocon,OCO,Esteban Ocon,French,31,1996-09-17,force_india,Force India,Indian,10,10,7,6.0,52,Finished,0,0,1,0
2018,10,British Grand Prix,2018-07-08,silverstone,Silverstone Circuit,Silverstone,UK,52.0786,-1.01694,alonso,ALO,Fernando Alonso,Spanish,14,1981-07-29,mclaren,McLaren,British,13,13,8,4.0,52,Finished,0,0,1,0
2018,10,British Grand Prix,2018-07-08,silverstone,Silverstone Circuit,Silverstone,UK,52.0786,-1.01694,kevin_magnussen,MAG,Kevin Magnussen,Danish,20,1992-10-05,haas,Haas F1 Team,American,7,7,9,2.0,52,Finished,0,0,1,0
2018,10,British Grand Prix,2018-07-08,silverstone,Silverstone Circuit,Silverstone,UK,52.0786,-1.01694,perez,PER,Sergio Pérez,Mexican,11,1990-01-26,force_india,Force India,Indian,12,12,10,1.0,52,Finished,0,0,1,0
2018,10,British Grand Prix,2018-07-08,silverstone,Silverstone Circuit,Silverstone,UK,52.0786,-1.01694,vandoorne,VAN,Stoffel Vandoorne,Belgian,2,1992-03-26,mclaren,McLaren,British,17,17,11,0.0,52,Finished,0,0,0,0
2018,10,British Grand Prix,2018-07-08,silverstone,Silverstone Circuit,Silverstone,UK,52.0786,-1.01694,stroll,STR,Lance Stroll,Canadian,18,1998-10-29,williams,Williams,British,19,19,12,0.0,52,Finished,0,0,0,0
2018,10,British Grand Prix,2018-07-08,silverstone,Silverstone Circuit,Silverstone,UK,52.0786,-1.01694,gasly,GAS,Pierre Gasly,French,10,1996-02-07,toro_rosso,Toro Rosso,Italian,14,14,13,0.0,52,Finished,0,0,0,0
2018,10,British Grand Prix,2018-07-08,silverstone,Silverstone Circuit,Silverstone,UK,52.0786,-1.01694,sirotkin,SIR,Sergey Sirotkin,Russian,35,1995-08-27,williams,Williams,British,18,18,14,0.0,52,Finished,0,0,0,0
2018,10,British Grand Prix,2018-07-08,silverstone,Silverstone Circuit,Silverstone,UK,52.0786,-1.01694,max_verstappen,VER,Max Verstappen,Dutch,3,1997-09-30,red_bull,Red Bull,Austrian,5,5,15,0.0,46,Brakes,0,0,0,1
2018,10,British Grand Prix,2018-07-08,silverstone,Silverstone Circuit,Silverstone,UK,52.0786,-1.01694,grosjean,GRO,Romain Grosjean,French,8,1986-04-17,haas,Haas F1 Team,American,8,8,16,0.0,37,Collision,0,0,0,1
2018,10,British Grand Prix,2018-07-08,silverstone,Silverstone Circuit,Silverstone,UK,52.0786,-1.01694,sainz,SAI,Carlos Sainz,Spanish,55,1994-09-01,renault,Renault,French,16,16,17,0.0,37,Collision,0,0,0,1
2018,10,British Grand Prix,2018-07-08,silverstone,Silverstone Circuit,Silverstone,UK,52.0786,-1.01694,ericsson,ERI,Marcus Ericsson,Swedish,9,1990-09-02,sauber,Sauber,Swiss,15,15,18,0.0,31,Accident,0,0,0,1
2018,10,British Grand Prix,2018-07-08,silverstone,Silverstone Circuit,Silverstone,UK,52.0786,-1.01694,leclerc,LEC,Charles Leclerc,Monegasque,16,1997-10-16,sauber,Sauber,Swiss,9,9,19,0.0,18,Tyre,0,0,0,0
2018,10,British Grand Prix,2018-07-08,silverstone,Silverstone Circuit,Silverstone,UK,52.0786,-1.01694,brendon_hartley,HAR,Brendon Hartley,New Zealander,28,1989-11-10,toro_rosso,Toro Rosso,Italian,20,0,20,0.0,1,Power Unit,0,0,0,0
2018,11,German Grand Prix,2018-07-22,hockenheimring,Hockenheimring,Hockenheim,Germany,49.3278,8.56583,hamilton,HAM,Lewis Hamilton,British,44,1985-01-07,mercedes,Mercedes,German,14,14,1,25.0,67,Finished,1,1,1,0
2018,11,German Grand Prix,2018-07-22,hockenheimring,Hockenheimring,Hockenheim,Germany,49.3278,8.56583,bottas,BOT,Valtteri Bottas,Finnish,77,1989-08-28,mercedes,Mercedes,German,2,2,2,18.0,67,Finished,0,1,1,0
2018,11,German Grand Prix,2018-07-22,hockenheimring,Hockenheimring,Hockenheim,Germany,49.3278,8.56583,raikkonen,RAI,Kimi Räikkönen,Finnish,7,1979-10-17,ferrari,Ferrari,Italian,3,3,3,15.0,67,Finished,0,1,1,0
2018,11,German Grand Prix,2018-07-22,hockenheimring,Hockenheimring,Hockenheim,Germany,49.3278,8.56583,max_verstappen,VER,Max Verstappen,Dutch,3,1997-09-30,red_bull,Red Bull,Austrian,4,4,4,12.0,67,Finished,0,0,1,0
2018,11,German Grand Prix,2018-07-22,hockenheimring,Hockenheimring,Hockenheim,Germany,49.3278,8.56583,hulkenberg,HUL,Nico Hülkenberg,German,27,1987-08-19,renault,Renault,French,7,7,5,10.0,67,Finished,0,0,1,0
2018,11,German Grand Prix,2018-07-22,hockenheimring,Hockenheimring,Hockenheim,Germany,49.3278,8.56583,grosjean,GRO,Romain Grosjean,French,8,1986-04-17,haas,Haas F1 Team,American,6,6,6,8.0,67,Finished,0,0,1,0
2018,11,German Grand Prix,2018-07-22,hockenheimring,Hockenheimring,Hockenheim,Germany,49.3278,8.56583,perez,PER,Sergio Pérez,Mexican,11,1990-01-26,force_india,Force India,Indian,10,10,7,6.0,67,Finished,0,0,1,0
2018,11,German Grand Prix,2018-07-22,hockenheimring,Hockenheimring,Hockenheim,Germany,49.3278,8.56583,ocon,OCO,Esteban Ocon,French,31,1996-09-17,force_india,Force India,Indian,16,15,8,4.0,67,Finished,0,0,1,0
2018,11,German Grand Prix,2018-07-22,hockenheimring,Hockenheimring,Hockenheim,Germany,49.3278,8.56583,ericsson,ERI,Marcus Ericsson,Swedish,9,1990-09-02,sauber,Sauber,Swiss,13,13,9,2.0,67,Finished,0,0,1,0
2018,11,German Grand Prix,2018-07-22,hockenheimring,Hockenheimring,Hockenheim,Germany,49.3278,8.56583,brendon_hartley,HAR,Brendon Hartley,New Zealander,28,1989-11-10,toro_rosso,Toro Rosso,Italian,18,17,10,1.0,67,Finished,0,0,1,0
2018,11,German Grand Prix,2018-07-22,hockenheimring,Hockenheimring,Hockenheim,Germany,49.3278,8.56583,kevin_magnussen,MAG,Kevin Magnussen,Danish,20,1992-10-05,haas,Haas F1 Team,American,5,5,11,0.0,67,Finished,0,0,0,0
2018,11,German Grand Prix,2018-07-22,hockenheimring,Hockenheimring,Hockenheim,Germany,49.3278,8.56583,sainz,SAI,Carlos Sainz,Spanish,55,1994-09-01,renault,Renault,French,8,8,12,0.0,67,Finished,0,0,0,0
2018,11,German Grand Prix,2018-07-22,hockenheimring,Hockenheimring,Hockenheim,Germany,49.3278,8.56583,vandoorne,VAN,Stoffel Vandoorne,Belgian,2,1992-03-26,mclaren,McLaren,British,20,19,13,0.0,67,Finished,0,0,0,0
2018,11,German Grand Prix,2018-07-22,hockenheimring,Hockenheimring,Hockenheim,Germany,49.3278,8.56583,gasly,GAS,Pierre Gasly,French,10,1996-02-07,toro_rosso,Toro Rosso,Italian,17,16,14,0.0,66,+1 Lap,0,0,0,0
2018,11,German Grand Prix,2018-07-22,hockenheimring,Hockenheimring,Hockenheim,Germany,49.3278,8.56583,leclerc,LEC,Charles Leclerc,Monegasque,16,1997-10-16,sauber,Sauber,Swiss,9,9,15,0.0,66,+1 Lap,0,0,0,0
2018,11,German Grand Prix,2018-07-22,hockenheimring,Hockenheimring,Hockenheim,Germany,49.3278,8.56583,alonso,ALO,Fernando Alonso,Spanish,14,1981-07-29,mclaren,McLaren,British,11,11,16,0.0,65,Retired,0,0,0,1
2018,11,German Grand Prix,2018-07-22,hockenheimring,Hockenheimring,Hockenheim,Germany,49.3278,8.56583,stroll,STR,Lance Stroll,Canadian,18,1998-10-29,williams,Williams,British,19,18,17,0.0,53,Engine,0,0,0,1
2018,11,German Grand Prix,2018-07-22,hockenheimring,Hockenheimring,Hockenheim,Germany,49.3278,8.56583,vettel,VET,Sebastian Vettel,German,5,1987-07-03,ferrari,Ferrari,Italian,1,1,18,0.0,51,Accident,0,0,0,1
2018,11,German Grand Prix,2018-07-22,hockenheimring,Hockenheimring,Hockenheim,Germany,49.3278,8.56583,sirotkin,SIR,Sergey Sirotkin,Russian,35,1995-08-27,williams,Williams,British,12,12,19,0.0,51,Engine,0,0,0,1
2018,11,German Grand Prix,2018-07-22,hockenheimring,Hockenheimring,Hockenheim,Germany,49.3278,8.56583,ricciardo,RIC,Daniel Ricciardo,Australian,3,1989-07-01,red_bull,Red Bull,Austrian,15,20,20,0.0,27,Engine,0,0,0,1
2018,12,Hungarian Grand Prix,2018-07-29,hungaroring,Hungaroring,Budapest,Hungary,47.5789,19.2486,hamilton,HAM,Lewis Hamilton,British,44,1985-01-07,mercedes,Mercedes,German,1,1,1,25.0,70,Finished,1,1,1,0
2018,12,Hungarian Grand Prix,2018-07-29,hungaroring,Hungaroring,Budapest,Hungary,47.5789,19.2486,vettel,VET,Sebastian Vettel,German,5,1987-07-03,ferrari,Ferrari,Italian,4,4,2,18.0,70,Finished,0,1,1,0
2018,12,Hungarian Grand Prix,2018-07-29,hungaroring,Hungaroring,Budapest,Hungary,47.5789,19.2486,raikkonen,RAI,Kimi Räikkönen,Finnish,7,1979-10-17,ferrari,Ferrari,Italian,3,3,3,15.0,70,Finished,0,1,1,0
2018,12,Hungarian Grand Prix,2018-07-29,hungaroring,Hungaroring,Budapest,Hungary,47.5789,19.2486,ricciardo,RIC,Daniel Ricciardo,Australian,3,1989-07-01,red_bull,Red Bull,Austrian,12,12,4,12.0,70,Finished,0,0,1,0
2018,12,Hungarian Grand Prix,2018-07-29,hungaroring,Hungaroring,Budapest,Hungary,47.5789,19.2486,bottas,BOT,Valtteri Bottas,Finnish,77,1989-08-28,mercedes,Mercedes,German,2,2,5,10.0,70,Finished,0,0,1,0
2018,12,Hungarian Grand Prix,2018-07-29,hungaroring,Hungaroring,Budapest,Hungary,47.5789,19.2486,gasly,GAS,Pierre Gasly,French,10,1996-02-07,toro_rosso,Toro Rosso,Italian,6,6,6,8.0,70,Finished,0,0,1,0
2018,12,Hungarian Grand Prix,2018-07-29,hungaroring,Hungaroring,Budapest,Hungary,47.5789,19.2486,kevin_magnussen,MAG,Kevin Magnussen,Danish,20,1992-10-05,haas,Haas F1 Team,American,9,9,7,6.0,69,+1 Lap,0,0,1,0
2018,12,Hungarian Grand Prix,2018-07-29,hungaroring,Hungaroring,Budapest,Hungary,47.5789,19.2486,alonso,ALO,Fernando Alonso,Spanish,14,1981-07-29,mclaren,McLaren,British,11,11,8,4.0,69,+1 Lap,0,0,1,0
2018,12,Hungarian Grand Prix,2018-07-29,hungaroring,Hungaroring,Budapest,Hungary,47.5789,19.2486,sainz,SAI,Carlos Sainz,Spanish,55,1994-09-01,renault,Renault,French,5,5,9,2.0,69,+1 Lap,0,0,1,0
2018,12,Hungarian Grand Prix,2018-07-29,hungaroring,Hungaroring,Budapest,Hungary,47.5789,19.2486,grosjean,GRO,Romain Grosjean,French,8,1986-04-17,haas,Haas F1 Team,American,10,10,10,1.0,69,+1 Lap,0,0,1,0
2018,12,Hungarian Grand Prix,2018-07-29,hungaroring,Hungaroring,Budapest,Hungary,47.5789,19.2486,brendon_hartley,HAR,Brendon Hartley,New Zealander,28,1989-11-10,toro_rosso,Toro Rosso,Italian,8,8,11,0.0,69,+1 Lap,0,0,0,0
2018,12,Hungarian Grand Prix,2018-07-29,hungaroring,Hungaroring,Budapest,Hungary,47.5789,19.2486,hulkenberg,HUL,Nico Hülkenberg,German,27,1987-08-19,renault,Renault,French,13,13,12,0.0,69,+1 Lap,0,0,0,0
2018,12,Hungarian Grand Prix,2018-07-29,hungaroring,Hungaroring,Budapest,Hungary,47.5789,19.2486,ocon,OCO,Esteban Ocon,French,31,1996-09-17,force_india,Force India,Indian,18,18,13,0.0,69,+1 Lap,0,0,0,0
2018,12,Hungarian Grand Prix,2018-07-29,hungaroring,Hungaroring,Budapest,Hungary,47.5789,19.2486,perez,PER,Sergio Pérez,Mexican,11,1990-01-26,force_india,Force India,Indian,19,19,14,0.0,69,+1 Lap,0,0,0,0
2018,12,Hungarian Grand Prix,2018-07-29,hungaroring,Hungaroring,Budapest,Hungary,47.5789,19.2486,ericsson,ERI,Marcus Ericsson,Swedish,9,1990-09-02,sauber,Sauber,Swiss,14,14,15,0.0,68,+2 Laps,0,0,0,0
2018,12,Hungarian Grand Prix,2018-07-29,hungaroring,Hungaroring,Budapest,Hungary,47.5789,19.2486,sirotkin,SIR,Sergey Sirotkin,Russian,35,1995-08-27,williams,Williams,British,20,20,16,0.0,68,+2 Laps,0,0,0,0
2018,12,Hungarian Grand Prix,2018-07-29,hungaroring,Hungaroring,Budapest,Hungary,47.5789,19.2486,stroll,STR,Lance Stroll,Canadian,18,1998-10-29,williams,Williams,British,15,15,17,0.0,68,+2 Laps,0,0,0,0
2018,12,Hungarian Grand Prix,2018-07-29,hungaroring,Hungaroring,Budapest,Hungary,47.5789,19.2486,vandoorne,VAN,Stoffel Vandoorne,Belgian,2,1992-03-26,mclaren,McLaren,British,16,16,18,0.0,49,Gearbox,0,0,0,1
2018,12,Hungarian Grand Prix,2018-07-29,hungaroring,Hungaroring,Budapest,Hungary,47.5789,19.2486,max_verstappen,VER,Max Verstappen,Dutch,3,1997-09-30,red_bull,Red Bull,Austrian,7,7,19,0.0,5,Power loss,0,0,0,0
2018,12,Hungarian Grand Prix,2018-07-29,hungaroring,Hungaroring,Budapest,Hungary,47.5789,19.2486,leclerc,LEC,Charles Leclerc,Monegasque,16,1997-10-16,sauber,Sauber,Swiss,17,17,20,0.0,0,Suspension,0,0,0,0
2018,13,Belgian Grand Prix,2018-08-26,spa,Circuit de Spa-Francorchamps,Spa,Belgium,50.4372,5.97139,vettel,VET,Sebastian Vettel,German,5,1987-07-03,ferrari,Ferrari,Italian,2,2,1,25.0,44,Finished,1,1,1,0
2018,13,Belgian Grand Prix,2018-08-26,spa,Circuit de Spa-Francorchamps,Spa,Belgium,50.4372,5.97139,hamilton,HAM,Lewis Hamilton,British,44,1985-01-07,mercedes,Mercedes,German,1,1,2,18.0,44,Finished,0,1,1,0
2018,13,Belgian Grand Prix,2018-08-26,spa,Circuit de Spa-Francorchamps,Spa,Belgium,50.4372,5.97139,max_verstappen,VER,Max Verstappen,Dutch,3,1997-09-30,red_bull,Red Bull,Austrian,7,7,3,15.0,44,Finished,0,1,1,0
2018,13,Belgian Grand Prix,2018-08-26,spa,Circuit de Spa-Francorchamps,Spa,Belgium,50.4372,5.97139,bottas,BOT,Valtteri Bottas,Finnish,77,1989-08-28,mercedes,Mercedes,German,10,19,4,12.0,44,Finished,0,0,1,0
2018,13,Belgian Grand Prix,2018-08-26,spa,Circuit de Spa-Francorchamps,Spa,Belgium,50.4372,5.97139,perez,PER,Sergio Pérez,Mexican,11,1990-01-26,force_india,Force India,Indian,4,4,5,10.0,44,Finished,0,0,1,0
2018,13,Belgian Grand Prix,2018-08-26,spa,Circuit de Spa-Francorchamps,Spa,Belgium,50.4372,5.97139,ocon,OCO,Esteban Ocon,French,31,1996-09-17,force_india,Force India,Indian,3,3,6,8.0,44,Finished,0,0,1,0
2018,13,Belgian Grand Prix,2018-08-26,spa,Circuit de Spa-Francorchamps,Spa,Belgium,50.4372,5.97139,grosjean,GRO,Romain Grosjean,French,8,1986-04-17,haas,Haas F1 Team,American,5,5,7,6.0,44,Finished,0,0,1,0
2018,13,Belgian Grand Prix,2018-08-26,spa,Circuit de Spa-Francorchamps,Spa,Belgium,50.4372,5.97139,kevin_magnussen,MAG,Kevin Magnussen,Danish,20,1992-10-05,haas,Haas F1 Team,American,9,9,8,4.0,44,Finished,0,0,1,0
2018,13,Belgian Grand Prix,2018-08-26,spa,Circuit de Spa-Francorchamps,Spa,Belgium,50.4372,5.97139,gasly,GAS,Pierre Gasly,French,10,1996-02-07,toro_rosso,Toro Rosso,Italian,11,10,9,2.0,44,Finished,0,0,1,0
2018,13,Belgian Grand Prix,2018-08-26,spa,Circuit de Spa-Francorchamps,Spa,Belgium,50.4372,5.97139,ericsson,ERI,Marcus Ericsson,Swedish,9,1990-09-02,sauber,Sauber,Swiss,14,13,10,1.0,43,+1 Lap,0,0,1,0
2018,13,Belgian Grand Prix,2018-08-26,spa,Circuit de Spa-Francorchamps,Spa,Belgium,50.4372,5.97139,sainz,SAI,Carlos Sainz,Spanish,55,1994-09-01,renault,Renault,French,16,14,11,0.0,43,+1 Lap,0,0,0,0
2018,13,Belgian Grand Prix,2018-08-26,spa,Circuit de Spa-Francorchamps,Spa,Belgium,50.4372,5.97139,sirotkin,SIR,Sergey Sirotkin,Russian,35,1995-08-27,williams,Williams,British,18,16,12,0.0,43,+1 Lap,0,0,0,0
2018,13,Belgian Grand Prix,2018-08-26,spa,Circuit de Spa-Francorchamps,Spa,Belgium,50.4372,5.97139,stroll,STR,Lance Stroll,Canadian,18,1998-10-29,williams,Williams,British,19,17,13,0.0,43,+1 Lap,0,0,0,0
2018,13,Belgian Grand Prix,2018-08-26,spa,Circuit de Spa-Francorchamps,Spa,Belgium,50.4372,5.97139,brendon_hartley,HAR,Brendon Hartley,New Zealander,28,1989-11-10,toro_rosso,Toro Rosso,Italian,12,11,14,0.0,43,+1 Lap,0,0,0,0
2018,13,Belgian Grand Prix,2018-08-26,spa,Circuit de Spa-Francorchamps,Spa,Belgium,50.4372,5.97139,vandoorne,VAN,Stoffel Vandoorne,Belgian,2,1992-03-26,mclaren,McLaren,British,20,18,15,0.0,43,+1 Lap,0,0,0,0
2018,13,Belgian Grand Prix,2018-08-26,spa,Circuit de Spa-Francorchamps,Spa,Belgium,50.4372,5.97139,ricciardo,RIC,Daniel Ricciardo,Australian,3,1989-07-01,red_bull,Red Bull,Austrian,8,8,16,0.0,28,Retired,0,0,0,1
2018,13,Belgian Grand Prix,2018-08-26,spa,Circuit de Spa-Francorchamps,Spa,Belgium,50.4372,5.97139,raikkonen,RAI,Kimi Räikkönen,Finnish,7,1979-10-17,ferrari,Ferrari,Italian,6,6,17,0.0,8,Brakes,0,0,0,1
2018,13,Belgian Grand Prix,2018-08-26,spa,Circuit de Spa-Francorchamps,Spa,Belgium,50.4372,5.97139,leclerc,LEC,Charles Leclerc,Monegasque,16,1997-10-16,sauber,Sauber,Swiss,13,12,18,0.0,0,Accident,0,0,0,1
2018,13,Belgian Grand Prix,2018-08-26,spa,Circuit de Spa-Francorchamps,Spa,Belgium,50.4372,5.97139,alonso,ALO,Fernando Alonso,Spanish,14,1981-07-29,mclaren,McLaren,British,17,15,19,0.0,0,Accident,0,0,0,1
2018,13,Belgian Grand Prix,2018-08-26,spa,Circuit de Spa-Francorchamps,Spa,Belgium,50.4372,5.97139,hulkenberg,HUL,Nico Hülkenberg,German,27,1987-08-19,renault,Renault,French,15,20,20,0.0,0,Accident,0,0,0,1
2018,14,Italian Grand Prix,2018-09-02,monza,Autodromo Nazionale di Monza,Monza,Italy,45.6156,9.28111,hamilton,HAM,Lewis Hamilton,British,44,1985-01-07,mercedes,Mercedes,German,3,3,1,25.0,53,Finished,1,1,1,0
2018,14,Italian Grand Prix,2018-09-02,monza,Autodromo Nazionale di Monza,Monza,Italy,45.6156,9.28111,raikkonen,RAI,Kimi Räikkönen,Finnish,7,1979-10-17,ferrari,Ferrari,Italian,1,1,2,18.0,53,Finished,0,1,1,0
2018,14,Italian Grand Prix,2018-09-02,monza,Autodromo Nazionale di Monza,Monza,Italy,45.6156,9.28111,bottas,BOT,Valtteri Bottas,Finnish,77,1989-08-28,mercedes,Mercedes,German,4,4,3,15.0,53,Finished,0,1,1,0
2018,14,Italian Grand Prix,2018-09-02,monza,Autodromo Nazionale di Monza,Monza,Italy,45.6156,9.28111,vettel,VET,Sebastian Vettel,German,5,1987-07-03,ferrari,Ferrari,Italian,2,2,4,12.0,53,Finished,0,0,1,0
2018,14,Italian Grand Prix,2018-09-02,monza,Autodromo Nazionale di Monza,Monza,Italy,45.6156,9.28111,max_verstappen,VER,Max Verstappen,Dutch,3,1997-09-30,red_bull,Red Bull,Austrian,5,5,5,10.0,53,Finished,0,0,1,0
2018,14,Italian Grand Prix,2018-09-02,monza,Autodromo Nazionale di Monza,Monza,Italy,45.6156,9.28111,ocon,OCO,Esteban Ocon,French,31,1996-09-17,force_india,Force India,Indian,8,8,6,8.0,53,Finished,0,0,1,0
2018,14,Italian Grand Prix,2018-09-02,monza,Autodromo Nazionale di Monza,Monza,Italy,45.6156,9.28111,perez,PER,Sergio Pérez,Mexican,11,1990-01-26,force_india,Force India,Indian,16,14,7,6.0,53,Finished,0,0,1,0
2018,14,Italian Grand Prix,2018-09-02,monza,Autodromo Nazionale di Monza,Monza,Italy,45.6156,9.28111,sainz,SAI,Carlos Sainz,Spanish,55,1994-09-01,renault,Renault,French,7,7,8,4.0,53,Finished,0,0,1,0
2018,14,Italian Grand Prix,2018-09-02,monza,Autodromo Nazionale di Monza,Monza,Italy,45.6156,9.28111,stroll,STR,Lance Stroll,Canadian,18,1998-10-29,williams,Williams,British,10,10,9,2.0,52,+1 Lap,0,0,1,0
2018,14,Italian Grand Prix,2018-09-02,monza,Autodromo Nazionale di Monza,Monza,Italy,45.6156,9.28111,sirotkin,SIR,Sergey Sirotkin,Russian,35,1995-08-27,williams,Williams,British,12,12,10,1.0,52,+1 Lap,0,0,1,0
2018,14,Italian Grand Prix,2018-09-02,monza,Autodromo Nazionale di Monza,Monza,Italy,45.6156,9.28111,leclerc,LEC,Charles Leclerc,Monegasque,16,1997-10-16,sauber,Sauber,Swiss,17,15,11,0.0,52,+1 Lap,0,0,0,0
2018,14,Italian Grand Prix,2018-09-02,monza,Autodromo Nazionale di Monza,Monza,Italy,45.6156,9.28111,vandoorne,VAN,Stoffel Vandoorne,Belgian,2,1992-03-26,mclaren,McLaren,British,20,17,12,0.0,52,+1 Lap,0,0,0,0
2018,14,Italian Grand Prix,2018-09-02,monza,Autodromo Nazionale di Monza,Monza,Italy,45.6156,9.28111,hulkenberg,HUL,Nico Hülkenberg,German,27,1987-08-19,renault,Renault,French,14,20,13,0.0,52,+1 Lap,0,0,0,0
2018,14,Italian Grand Prix,2018-09-02,monza,Autodromo Nazionale di Monza,Monza,Italy,45.6156,9.28111,gasly,GAS,Pierre Gasly,French,10,1996-02-07,toro_rosso,Toro Rosso,Italian,9,9,14,0.0,52,+1 Lap,0,0,0,0
2018,14,Italian Grand Prix,2018-09-02,monza,Autodromo Nazionale di Monza,Monza,Italy,45.6156,9.28111,ericsson,ERI,Marcus Ericsson,Swedish,9,1990-09-02,sauber,Sauber,Swiss,19,18,15,0.0,52,+1 Lap,0,0,0,0
2018,14,Italian Grand Prix,2018-09-02,monza,Autodromo Nazionale di Monza,Monza,Italy,45.6156,9.28111,kevin_magnussen,MAG,Kevin Magnussen,Danish,20,1992-10-05,haas,Haas F1 Team,American,11,11,16,0.0,52,+1 Lap,0,0,0,0
2018,14,Italian Grand Prix,2018-09-02,monza,Autodromo Nazionale di Monza,Monza,Italy,45.6156,9.28111,ricciardo,RIC,Daniel Ricciardo,Australian,3,1989-07-01,red_bull,Red Bull,Austrian,15,19,17,0.0,23,Engine,0,0,0,1
2018,14,Italian Grand Prix,2018-09-02,monza,Autodromo Nazionale di Monza,Monza,Italy,45.6156,9.28111,alonso,ALO,Fernando Alonso,Spanish,14,1981-07-29,mclaren,McLaren,British,13,13,18,0.0,9,Engine,0,0,0,1
2018,14,Italian Grand Prix,2018-09-02,monza,Autodromo Nazionale di Monza,Monza,Italy,45.6156,9.28111,brendon_hartley,HAR,Brendon Hartley,New Zealander,28,1989-11-10,toro_rosso,Toro Rosso,Italian,18,16,19,0.0,0,Brakes,0,0,0,1
2018,14,Italian Grand Prix,2018-09-02,monza,Autodromo Nazionale di Monza,Monza,Italy,45.6156,9.28111,grosjean,GRO,Romain Grosjean,French,8,1986-04-17,haas,Haas F1 Team,American,6,6,20,0.0,53,Disqualified,0,0,0,0
2018,15,Singapore Grand Prix,2018-09-16,marina_bay,Marina Bay Street Circuit,Marina Bay,Singapore,1.2914,103.864,hamilton,HAM,Lewis Hamilton,British,44,1985-01-07,mercedes,Mercedes,German,1,1,1,25.0,61,Finished,1,1,1,0
2018,15,Singapore Grand Prix,2018-09-16,marina_bay,Marina Bay Street Circuit,Marina Bay,Singapore,1.2914,103.864,max_verstappen,VER,Max Verstappen,Dutch,3,1997-09-30,red_bull,Red Bull,Austrian,2,2,2,18.0,61,Finished,0,1,1,0
2018,15,Singapore Grand Prix,2018-09-16,marina_bay,Marina Bay Street Circuit,Marina Bay,Singapore,1.2914,103.864,vettel,VET,Sebastian Vettel,German,5,1987-07-03,ferrari,Ferrari,Italian,3,3,3,15.0,61,Finished,0,1,1,0
2018,15,Singapore Grand Prix,2018-09-16,marina_bay,Marina Bay Street Circuit,Marina Bay,Singapore,1.2914,103.864,bottas,BOT,Valtteri Bottas,Finnish,77,1989-08-28,mercedes,Mercedes,German,4,4,4,12.0,61,Finished,0,0,1,0
2018,15,Singapore Grand Prix,2018-09-16,marina_bay,Marina Bay Street Circuit,Marina Bay,Singapore,1.2914,103.864,raikkonen,RAI,Kimi Räikkönen,Finnish,7,1979-10-17,ferrari,Ferrari,Italian,5,5,5,10.0,61,Finished,0,0,1,0
2018,15,Singapore Grand Prix,2018-09-16,marina_bay,Marina Bay Street Circuit,Marina Bay,Singapore,1.2914,103.864,ricciardo,RIC,Daniel Ricciardo,Australian,3,1989-07-01,red_bull,Red Bull,Austrian,6,6,6,8.0,61,Finished,0,0,1,0
2018,15,Singapore Grand Prix,2018-09-16,marina_bay,Marina Bay Street Circuit,Marina Bay,Singapore,1.2914,103.864,alonso,ALO,Fernando Alonso,Spanish,14,1981-07-29,mclaren,McLaren,British,11,11,7,6.0,61,Finished,0,0,1,0
2018,15,Singapore Grand Prix,2018-09-16,marina_bay,Marina Bay Street Circuit,Marina Bay,Singapore,1.2914,103.864,sainz,SAI,Carlos Sainz,Spanish,55,1994-09-01,renault,Renault,French,12,12,8,4.0,60,+1 Lap,0,0,1,0
2018,15,Singapore Grand Prix,2018-09-16,marina_bay,Marina Bay Street Circuit,Marina Bay,Singapore,1.2914,103.864,leclerc,LEC,Charles Leclerc,Monegasque,16,1997-10-16,sauber,Sauber,Swiss,13,13,9,2.0,60,+1 Lap,0,0,1,0
2018,15,Singapore Grand Prix,2018-09-16,marina_bay,Marina Bay Street Circuit,Marina Bay,Singapore,1.2914,103.864,hulkenberg,HUL,Nico Hülkenberg,German,27,1987-08-19,renault,Renault,French,10,10,10,1.0,60,+1 Lap,0,0,1,0
2018,15,Singapore Grand Prix,2018-09-16,marina_bay,Marina Bay Street Circuit,Marina Bay,Singapore,1.2914,103.864,ericsson,ERI,Marcus Ericsson,Swedish,9,1990-09-02,sauber,Sauber,Swiss,14,14,11,0.0,60,+1 Lap,0,0,0,0
2018,15,Singapore Grand Prix,2018-09-16,marina_bay,Marina Bay Street Circuit,Marina Bay,Singapore,1.2914,103.864,vandoorne,VAN,Stoffel Vandoorne,Belgian,2,1992-03-26,mclaren,McLaren,British,18,18,12,0.0,60,+1 Lap,0,0,0,0
2018,15,Singapore Grand Prix,2018-09-16,marina_bay,Marina Bay Street Circuit,Marina Bay,Singapore,1.2914,103.864,gasly,GAS,Pierre Gasly,French,10,1996-02-07,toro_rosso,Toro Rosso,Italian,15,15,13,0.0,60,+1 Lap,0,0,0,0
2018,15,Singapore Grand Prix,2018-09-16,marina_bay,Marina Bay Street Circuit,Marina Bay,Singapore,1.2914,103.864,stroll,STR,Lance Stroll,Canadian,18,1998-10-29,williams,Williams,British,20,20,14,0.0,60,+1 Lap,0,0,0,0
2018,15,Singapore Grand Prix,2018-09-16,marina_bay,Marina Bay Street Circuit,Marina Bay,Singapore,1.2914,103.864,grosjean,GRO,Romain Grosjean,French,8,1986-04-17,haas,Haas F1 Team,American,8,8,15,0.0,60,+1 Lap,0,0,0,0
2018,15,Singapore Grand Prix,2018-09-16,marina_bay,Marina Bay Street Circuit,Marina Bay,Singapore,1.2914,103.864,perez,PER,Sergio Pérez,Mexican,11,1990-01-26,force_india,Force India,Indian,7,7,16,0.0,60,+1 Lap,0,0,0,0
2018,15,Singapore Grand Prix,2018-09-16,marina_bay,Marina Bay Street Circuit,Marina Bay,Singapore,1.2914,103.864,brendon_hartley,HAR,Brendon Hartley,New Zealander,28,1989-11-10,toro_rosso,Toro Rosso,Italian,17,17,17,0.0,60,+1 Lap,0,0,0,0
2018,15,Singapore Grand Prix,2018-09-16,marina_bay,Marina Bay Street Circuit,Marina Bay,Singapore,1.2914,103.864,kevin_magnussen,MAG,Kevin Magnussen,Danish,20,1992-10-05,haas,Haas F1 Team,American,16,16,18,0.0,59,+2 Laps,0,0,0,0
2018,15,Singapore Grand Prix,2018-09-16,marina_bay,Marina Bay Street Circuit,Marina Bay,Singapore,1.2914,103.864,sirotkin,SIR,Sergey Sirotkin,Russian,35,1995-08-27,williams,Williams,British,19,19,19,0.0,59,+2 Laps,0,0,0,0
2018,15,Singapore Grand Prix,2018-09-16,marina_bay,Marina Bay Street Circuit,Marina Bay,Singapore,1.2914,103.864,ocon,OCO,Esteban Ocon,French,31,1996-09-17,force_india,Force India,Indian,9,9,20,0.0,0,Collision,0,0,0,1
2018,16,Russian Grand Prix,2018-09-30,sochi,Sochi Autodrom,Sochi,Russia,43.4057,39.9578,hamilton,HAM,Lewis Hamilton,British,44,1985-01-07,mercedes,Mercedes,German,2,2,1,25.0,53,Finished,1,1,1,0
2018,16,Russian Grand Prix,2018-09-30,sochi,Sochi Autodrom,Sochi,Russia,43.4057,39.9578,bottas,BOT,Valtteri Bottas,Finnish,77,1989-08-28,mercedes,Mercedes,German,1,1,2,18.0,53,Finished,0,1,1,0
2018,16,Russian Grand Prix,2018-09-30,sochi,Sochi Autodrom,Sochi,Russia,43.4057,39.9578,vettel,VET,Sebastian Vettel,German,5,1987-07-03,ferrari,Ferrari,Italian,3,3,3,15.0,53,Finished,0,1,1,0
2018,16,Russian Grand Prix,2018-09-30,sochi,Sochi Autodrom,Sochi,Russia,43.4057,39.9578,raikkonen,RAI,Kimi Räikkönen,Finnish,7,1979-10-17,ferrari,Ferrari,Italian,4,4,4,12.0,53,Finished,0,0,1,0
2018,16,Russian Grand Prix,2018-09-30,sochi,Sochi Autodrom,Sochi,Russia,43.4057,39.9578,max_verstappen,VER,Max Verstappen,Dutch,3,1997-09-30,red_bull,Red Bull,Austrian,11,19,5,10.0,53,Finished,0,0,1,0
2018,16,Russian Grand Prix,2018-09-30,sochi,Sochi Autodrom,Sochi,Russia,43.4057,39.9578,ricciardo,RIC,Daniel Ricciardo,Australian,3,1989-07-01,red_bull,Red Bull,Austrian,12,18,6,8.0,53,Finished,0,0,1,0
2018,16,Russian Grand Prix,2018-09-30,sochi,Sochi Autodrom,Sochi,Russia,43.4057,39.9578,leclerc,LEC,Charles Leclerc,Monegasque,16,1997-10-16,sauber,Sauber,Swiss,7,7,7,6.0,53,Finished,0,0,1,0
2018,16,Russian Grand Prix,2018-09-30,sochi,Sochi Autodrom,Sochi,Russia,43.4057,39.9578,kevin_magnussen,MAG,Kevin Magnussen,Danish,20,1992-10-05,haas,Haas F1 Team,American,5,5,8,4.0,52,+1 Lap,0,0,1,0
2018,16,Russian Grand Prix,2018-09-30,sochi,Sochi Autodrom,Sochi,Russia,43.4057,39.9578,ocon,OCO,Esteban Ocon,French,31,1996-09-17,force_india,Force India,Indian,6,6,9,2.0,52,+1 Lap,0,0,1,0
2018,16,Russian Grand Prix,2018-09-30,sochi,Sochi Autodrom,Sochi,Russia,43.4057,39.9578,perez,PER,Sergio Pérez,Mexican,11,1990-01-26,force_india,Force India,Indian,8,8,10,1.0,52,+1 Lap,0,0,1,0
2018,16,Russian Grand Prix,2018-09-30,sochi,Sochi Autodrom,Sochi,Russia,43.4057,39.9578,grosjean,GRO,Romain Grosjean,French,8,1986-04-17,haas,Haas F1 Team,American,9,9,11,0.0,52,+1 Lap,0,0,0,0
2018,16,Russian Grand Prix,2018-09-30,sochi,Sochi Autodrom,Sochi,Russia,43.4057,39.9578,hulkenberg,HUL,Nico Hülkenberg,German,27,1987-08-19,renault,Renault,French,15,12,12,0.0,52,+1 Lap,0,0,0,0
2018,16,Russian Grand Prix,2018-09-30,sochi,Sochi Autodrom,Sochi,Russia,43.4057,39.9578,ericsson,ERI,Marcus Ericsson,Swedish,9,1990-09-02,sauber,Sauber,Swiss,10,10,13,0.0,52,+1 Lap,0,0,0,0
2018,16,Russian Grand Prix,2018-09-30,sochi,Sochi Autodrom,Sochi,Russia,43.4057,39.9578,alonso,ALO,Fernando Alonso,Spanish,14,1981-07-29,mclaren,McLaren,British,17,16,14,0.0,52,+1 Lap,0,0,0,0
2018,16,Russian Grand Prix,2018-09-30,sochi,Sochi Autodrom,Sochi,Russia,43.4057,39.9578,stroll,STR,Lance Stroll,Canadian,18,1998-10-29,williams,Williams,British,20,14,15,0.0,52,+1 Lap,0,0,0,0
2018,16,Russian Grand Prix,2018-09-30,sochi,Sochi Autodrom,Sochi,Russia,43.4057,39.9578,vandoorne,VAN,Stoffel Vandoorne,Belgian,2,1992-03-26,mclaren,McLaren,British,19,15,16,0.0,51,+2 Laps,0,0,0,0
2018,16,Russian Grand Prix,2018-09-30,sochi,Sochi Autodrom,Sochi,Russia,43.4057,39.9578,sainz,SAI,Carlos Sainz,Spanish,55,1994-09-01,renault,Renault,French,14,11,17,0.0,51,+2 Laps,0,0,0,0
2018,16,Russian Grand Prix,2018-09-30,sochi,Sochi Autodrom,Sochi,Russia,43.4057,39.9578,sirotkin,SIR,Sergey Sirotkin,Russian,35,1995-08-27,williams,Williams,British,18,13,18,0.0,51,+2 Laps,0,0,0,0
2018,16,Russian Grand Prix,2018-09-30,sochi,Sochi Autodrom,Sochi,Russia,43.4057,39.9578,gasly,GAS,Pierre Gasly,French,10,1996-02-07,toro_rosso,Toro Rosso,Italian,13,17,19,0.0,4,Brakes,0,0,0,1
2018,16,Russian Grand Prix,2018-09-30,sochi,Sochi Autodrom,Sochi,Russia,43.4057,39.9578,brendon_hartley,HAR,Brendon Hartley,New Zealander,28,1989-11-10,toro_rosso,Toro Rosso,Italian,16,20,20,0.0,4,Brakes,0,0,0,1
2018,17,Japanese Grand Prix,2018-10-07,suzuka,Suzuka Circuit,Suzuka,Japan,34.8431,136.541,hamilton,HAM,Lewis Hamilton,British,44,1985-01-07,mercedes,Mercedes,German,1,1,1,25.0,53,Finished,1,1,1,0
2018,17,Japanese Grand Prix,2018-10-07,suzuka,Suzuka Circuit,Suzuka,Japan,34.8431,136.541,bottas,BOT,Valtteri Bottas,Finnish,77,1989-08-28,mercedes,Mercedes,German,2,2,2,18.0,53,Finished,0,1,1,0
2018,17,Japanese Grand Prix,2018-10-07,suzuka,Suzuka Circuit,Suzuka,Japan,34.8431,136.541,max_verstappen,VER,Max Verstappen,Dutch,3,1997-09-30,red_bull,Red Bull,Austrian,3,3,3,15.0,53,Finished,0,1,1,0
2018,17,Japanese Grand Prix,2018-10-07,suzuka,Suzuka Circuit,Suzuka,Japan,34.8431,136.541,ricciardo,RIC,Daniel Ricciardo,Australian,3,1989-07-01,red_bull,Red Bull,Austrian,15,15,4,12.0,53,Finished,0,0,1,0
2018,17,Japanese Grand Prix,2018-10-07,suzuka,Suzuka Circuit,Suzuka,Japan,34.8431,136.541,raikkonen,RAI,Kimi Räikkönen,Finnish,7,1979-10-17,ferrari,Ferrari,Italian,4,4,5,10.0,53,Finished,0,0,1,0
2018,17,Japanese Grand Prix,2018-10-07,suzuka,Suzuka Circuit,Suzuka,Japan,34.8431,136.541,vettel,VET,Sebastian Vettel,German,5,1987-07-03,ferrari,Ferrari,Italian,9,8,6,8.0,53,Finished,0,0,1,0
2018,17,Japanese Grand Prix,2018-10-07,suzuka,Suzuka Circuit,Suzuka,Japan,34.8431,136.541,perez,PER,Sergio Pérez,Mexican,11,1990-01-26,force_india,Force India,Indian,10,9,7,6.0,53,Finished,0,0,1,0
2018,17,Japanese Grand Prix,2018-10-07,suzuka,Suzuka Circuit,Suzuka,Japan,34.8431,136.541,grosjean,GRO,Romain Grosjean,French,8,1986-04-17,haas,Haas F1 Team,American,5,5,8,4.0,53,Finished,0,0,1,0
2018,17,Japanese Grand Prix,2018-10-07,suzuka,Suzuka Circuit,Suzuka,Japan,34.8431,136.541,ocon,OCO,Esteban Ocon,French,31,1996-09-17,force_india,Force India,Indian,8,11,9,2.0,53,Finished,0,0,1,0
2018,17,Japanese Grand Prix,2018-10-07,suzuka,Suzuka Circuit,Suzuka,Japan,34.8431,136.541,sainz,SAI,Carlos Sainz,Spanish,55,1994-09-01,renault,Renault,French,13,13,10,1.0,52,+1 Lap,0,0,1,0
2018,17,Japanese Grand Prix,2018-10-07,suzuka,Suzuka Circuit,Suzuka,Japan,34.8431,136.541,gasly,GAS,Pierre Gasly,French,10,1996-02-07,toro_rosso,Toro Rosso,Italian,7,7,11,0.0,52,+1 Lap,0,0,0,0
2018,17,Japanese Grand Prix,2018-10-07,suzuka,Suzuka Circuit,Suzuka,Japan,34.8431,136.541,ericsson,ERI,Marcus Ericsson,Swedish,9,1990-09-02,sauber,Sauber,Swiss,20,20,12,0.0,52,+1 Lap,0,0,0,0
2018,17,Japanese Grand Prix,2018-10-07,suzuka,Suzuka Circuit,Suzuka,Japan,34.8431,136.541,brendon_hartley,HAR,Brendon Hartley,New Zealander,28,1989-11-10,toro_rosso,Toro Rosso,Italian,6,6,13,0.0,52,+1 Lap,0,0,0,0
2018,17,Japanese Grand Prix,2018-10-07,suzuka,Suzuka Circuit,Suzuka,Japan,34.8431,136.541,alonso,ALO,Fernando Alonso,Spanish,14,1981-07-29,mclaren,McLaren,British,18,18,14,0.0,52,+1 Lap,0,0,0,0
2018,17,Japanese Grand Prix,2018-10-07,suzuka,Suzuka Circuit,Suzuka,Japan,34.8431,136.541,vandoorne,VAN,Stoffel Vandoorne,Belgian,2,1992-03-26,mclaren,McLaren,British,19,19,15,0.0,52,+1 Lap,0,0,0,0
2018,17,Japanese Grand Prix,2018-10-07,suzuka,Suzuka Circuit,Suzuka,Japan,34.8431,136.541,sirotkin,SIR,Sergey Sirotkin,Russian,35,1995-08-27,williams,Williams,British,17,17,16,0.0,52,+1 Lap,0,0,0,0
2018,17,Japanese Grand Prix,2018-10-07,suzuka,Suzuka Circuit,Suzuka,Japan,34.8431,136.541,stroll,STR,Lance Stroll,Canadian,18,1998-10-29,williams,Williams,British,14,14,17,0.0,52,+1 Lap,0,0,0,0
2018,17,Japanese Grand Prix,2018-10-07,suzuka,Suzuka Circuit,Suzuka,Japan,34.8431,136.541,leclerc,LEC,Charles Leclerc,Monegasque,16,1997-10-16,sauber,Sauber,Swiss,11,10,18,0.0,38,Mechanical,0,0,0,0
2018,17,Japanese Grand Prix,2018-10-07,suzuka,Suzuka Circuit,Suzuka,Japan,34.8431,136.541,hulkenberg,HUL,Nico Hülkenberg,German,27,1987-08-19,renault,Renault,French,16,16,19,0.0,37,Engine,0,0,0,1
2018,17,Japanese Grand Prix,2018-10-07,suzuka,Suzuka Circuit,Suzuka,Japan,34.8431,136.541,kevin_magnussen,MAG,Kevin Magnussen,Danish,20,1992-10-05,haas,Haas F1 Team,American,12,12,20,0.0,8,Collision damage,0,0,0,1
2018,18,United States Grand Prix,2018-10-21,americas,Circuit of the Americas,Austin,USA,30.1328,-97.6411,raikkonen,RAI,Kimi Räikkönen,Finnish,7,1979-10-17,ferrari,Ferrari,Italian,3,2,1,25.0,56,Finished,1,1,1,0
2018,18,United States Grand Prix,2018-10-21,americas,Circuit of the Americas,Austin,USA,30.1328,-97.6411,max_verstappen,VER,Max Verstappen,Dutch,3,1997-09-30,red_bull,Red Bull,Austrian,15,18,2,18.0,56,Finished,0,1,1,0
2018,18,United States Grand Prix,2018-10-21,americas,Circuit of the Americas,Austin,USA,30.1328,-97.6411,hamilton,HAM,Lewis Hamilton,British,44,1985-01-07,mercedes,Mercedes,German,1,1,3,15.0,56,Finished,0,1,1,0
2018,18,United States Grand Prix,2018-10-21,americas,Circuit of the Americas,Austin,USA,30.1328,-97.6411,vettel,VET,Sebastian Vettel,German,5,1987-07-03,ferrari,Ferrari,Italian,2,5,4,12.0,56,Finished,0,0,1,0
2018,18,United States Grand Prix,2018-10-21,americas,Circuit of the Americas,Austin,USA,30.1328,-97.6411,bottas,BOT,Valtteri Bottas,Finnish,77,1989-08-28,mercedes,Mercedes,German,4,3,5,10.0,56,Finished,0,0,1,0
2018,18,United States Grand Prix,2018-10-21,americas,Circuit of the Americas,Austin,USA,30.1328,-97.6411,hulkenberg,HUL,Nico Hülkenberg,German,27,1987-08-19,renault,Renault,French,7,7,6,8.0,56,Finished,0,0,1,0
2018,18,United States Grand Prix,2018-10-21,americas,Circuit of the Americas,Austin,USA,30.1328,-97.6411,sainz,SAI,Carlos Sainz,Spanish,55,1994-09-01,renault,Renault,French,11,11,7,6.0,56,Finished,0,0,1,0
2018,18,United States Grand Prix,2018-10-21,americas,Circuit of the Americas,Austin,USA,30.1328,-97.6411,perez,PER,Sergio Pérez,Mexican,11,1990-01-26,force_india,Force India,Indian,10,10,8,4.0,56,Finished,0,0,1,0
2018,18,United States Grand Prix,2018-10-21,americas,Circuit of the Americas,Austin,USA,30.1328,-97.6411,brendon_hartley,HAR,Brendon Hartley,New Zealander,28,1989-11-10,toro_rosso,Toro Rosso,Italian,14,20,9,2.0,55,+1 Lap,0,0,1,0
2018,18,United States Grand Prix,2018-10-21,americas,Circuit of the Americas,Austin,USA,30.1328,-97.6411,ericsson,ERI,Marcus Ericsson,Swedish,9,1990-09-02,sauber,Sauber,Swiss,19,16,10,1.0,55,+1 Lap,0,0,1,0
2018,18,United States Grand Prix,2018-10-21,americas,Circuit of the Americas,Austin,USA,30.1328,-97.6411,vandoorne,VAN,Stoffel Vandoorne,Belgian,2,1992-03-26,mclaren,McLaren,British,20,17,11,0.0,55,+1 Lap,0,0,0,0
2018,18,United States Grand Prix,2018-10-21,americas,Circuit of the Americas,Austin,USA,30.1328,-97.6411,gasly,GAS,Pierre Gasly,French,10,1996-02-07,toro_rosso,Toro Rosso,Italian,13,19,12,0.0,55,+1 Lap,0,0,0,0
2018,18,United States Grand Prix,2018-10-21,americas,Circuit of the Americas,Austin,USA,30.1328,-97.6411,sirotkin,SIR,Sergey Sirotkin,Russian,35,1995-08-27,williams,Williams,British,17,14,13,0.0,55,+1 Lap,0,0,0,0
2018,18,United States Grand Prix,2018-10-21,americas,Circuit of the Americas,Austin,USA,30.1328,-97.6411,stroll,STR,Lance Stroll,Canadian,18,1998-10-29,williams,Williams,British,18,15,14,0.0,54,+2 Laps,0,0,0,0
2018,18,United States Grand Prix,2018-10-21,americas,Circuit of the Americas,Austin,USA,30.1328,-97.6411,leclerc,LEC,Charles Leclerc,Monegasque,16,1997-10-16,sauber,Sauber,Swiss,9,9,15,0.0,31,Collision damage,0,0,0,1
2018,18,United States Grand Prix,2018-10-21,americas,Circuit of the Americas,Austin,USA,30.1328,-97.6411,ricciardo,RIC,Daniel Ricciardo,Australian,3,1989-07-01,red_bull,Red Bull,Austrian,5,4,16,0.0,8,Battery,0,0,0,0
2018,18,United States Grand Prix,2018-10-21,americas,Circuit of the Americas,Austin,USA,30.1328,-97.6411,grosjean,GRO,Romain Grosjean,French,8,1986-04-17,haas,Haas F1 Team,American,8,8,17,0.0,2,Collision damage,0,0,0,1
2018,18,United States Grand Prix,2018-10-21,americas,Circuit of the Americas,Austin,USA,30.1328,-97.6411,alonso,ALO,Fernando Alonso,Spanish,14,1981-07-29,mclaren,McLaren,British,16,13,18,0.0,1,Collision,0,0,0,1
2018,18,United States Grand Prix,2018-10-21,americas,Circuit of the Americas,Austin,USA,30.1328,-97.6411,ocon,OCO,Esteban Ocon,French,31,1996-09-17,force_india,Force India,Indian,6,6,19,0.0,56,Disqualified,0,0,0,0
2018,18,United States Grand Prix,2018-10-21,americas,Circuit of the Americas,Austin,USA,30.1328,-97.6411,kevin_magnussen,MAG,Kevin Magnussen,Danish,20,1992-10-05,haas,Haas F1 Team,American,12,12,20,0.0,56,Disqualified,0,0,0,0
2018,19,Mexican Grand Prix,2018-10-28,rodriguez,Autódromo Hermanos Rodríguez,Mexico City,Mexico,19.4042,-99.0907,max_verstappen,VER,Max Verstappen,Dutch,3,1997-09-30,red_bull,Red Bull,Austrian,2,2,1,25.0,71,Finished,1,1,1,0
2018,19,Mexican Grand Prix,2018-10-28,rodriguez,Autódromo Hermanos Rodríguez,Mexico City,Mexico,19.4042,-99.0907,vettel,VET,Sebastian Vettel,German,5,1987-07-03,ferrari,Ferrari,Italian,4,4,2,18.0,71,Finished,0,1,1,0
2018,19,Mexican Grand Prix,2018-10-28,rodriguez,Autódromo Hermanos Rodríguez,Mexico City,Mexico,19.4042,-99.0907,raikkonen,RAI,Kimi Räikkönen,Finnish,7,1979-10-17,ferrari,Ferrari,Italian,6,6,3,15.0,71,Finished,0,1,1,0
2018,19,Mexican Grand Prix,2018-10-28,rodriguez,Autódromo Hermanos Rodríguez,Mexico City,Mexico,19.4042,-99.0907,hamilton,HAM,Lewis Hamilton,British,44,1985-01-07,mercedes,Mercedes,German,3,3,4,12.0,71,Finished,0,0,1,0
2018,19,Mexican Grand Prix,2018-10-28,rodriguez,Autódromo Hermanos Rodríguez,Mexico City,Mexico,19.4042,-99.0907,bottas,BOT,Valtteri Bottas,Finnish,77,1989-08-28,mercedes,Mercedes,German,5,5,5,10.0,70,+1 Lap,0,0,1,0
2018,19,Mexican Grand Prix,2018-10-28,rodriguez,Autódromo Hermanos Rodríguez,Mexico City,Mexico,19.4042,-99.0907,hulkenberg,HUL,Nico Hülkenberg,German,27,1987-08-19,renault,Renault,French,7,7,6,8.0,69,+2 Laps,0,0,1,0
2018,19,Mexican Grand Prix,2018-10-28,rodriguez,Autódromo Hermanos Rodríguez,Mexico City,Mexico,19.4042,-99.0907,leclerc,LEC,Charles Leclerc,Monegasque,16,1997-10-16,sauber,Sauber,Swiss,9,9,7,6.0,69,+2 Laps,0,0,1,0
2018,19,Mexican Grand Prix,2018-10-28,rodriguez,Autódromo Hermanos Rodríguez,Mexico City,Mexico,19.4042,-99.0907,vandoorne,VAN,Stoffel Vandoorne,Belgian,2,1992-03-26,mclaren,McLaren,British,17,15,8,4.0,69,+2 Laps,0,0,1,0
2018,19,Mexican Grand Prix,2018-10-28,rodriguez,Autódromo Hermanos Rodríguez,Mexico City,Mexico,19.4042,-99.0907,ericsson,ERI,Marcus Ericsson,Swedish,9,1990-09-02,sauber,Sauber,Swiss,10,10,9,2.0,69,+2 Laps,0,0,1,0
2018,19,Mexican Grand Prix,2018-10-28,rodriguez,Autódromo Hermanos Rodríguez,Mexico City,Mexico,19.4042,-99.0907,gasly,GAS,Pierre Gasly,French,10,1996-02-07,toro_rosso,Toro Rosso,Italian,15,20,10,1.0,69,+2 Laps,0,0,1,0
2018,19,Mexican Grand Prix,2018-10-28,rodriguez,Autódromo Hermanos Rodríguez,Mexico City,Mexico,19.4042,-99.0907,ocon,OCO,Esteban Ocon,French,31,1996-09-17,force_india,Force India,Indian,11,11,11,0.0,69,+2 Laps,0,0,0,0
2018,19,Mexican Grand Prix,2018-10-28,rodriguez,Autódromo Hermanos Rodríguez,Mexico City,Mexico,19.4042,-99.0907,stroll,STR,Lance Stroll,Canadian,18,1998-10-29,williams,Williams,British,19,17,12,0.0,69,+2 Laps,0,0,0,0
2018,19,Mexican Grand Prix,2018-10-28,rodriguez,Autódromo Hermanos Rodríguez,Mexico City,Mexico,19.4042,-99.0907,sirotkin,SIR,Sergey Sirotkin,Russian,35,1995-08-27,williams,Williams,British,20,19,13,0.0,69,+2 Laps,0,0,0,0
2018,19,Mexican Grand Prix,2018-10-28,rodriguez,Autódromo Hermanos Rodríguez,Mexico City,Mexico,19.4042,-99.0907,brendon_hartley,HAR,Brendon Hartley,New Zealander,28,1989-11-10,toro_rosso,Toro Rosso,Italian,14,14,14,0.0,69,+2 Laps,0,0,0,0
2018,19,Mexican Grand Prix,2018-10-28,rodriguez,Autódromo Hermanos Rodríguez,Mexico City,Mexico,19.4042,-99.0907,kevin_magnussen,MAG,Kevin Magnussen,Danish,20,1992-10-05,haas,Haas F1 Team,American,18,16,15,0.0,69,+2 Laps,0,0,0,0
2018,19,Mexican Grand Prix,2018-10-28,rodriguez,Autódromo Hermanos Rodríguez,Mexico City,Mexico,19.4042,-99.0907,grosjean,GRO,Romain Grosjean,French,8,1986-04-17,haas,Haas F1 Team,American,16,18,16,0.0,68,+3 Laps,0,0,0,0
2018,19,Mexican Grand Prix,2018-10-28,rodriguez,Autódromo Hermanos Rodríguez,Mexico City,Mexico,19.4042,-99.0907,ricciardo,RIC,Daniel Ricciardo,Australian,3,1989-07-01,red_bull,Red Bull,Austrian,1,1,17,0.0,61,Engine,0,0,0,1
2018,19,Mexican Grand Prix,2018-10-28,rodriguez,Autódromo Hermanos Rodríguez,Mexico City,Mexico,19.4042,-99.0907,perez,PER,Sergio Pérez,Mexican,11,1990-01-26,force_india,Force India,Indian,13,13,18,0.0,38,Brakes,0,0,0,1
2018,19,Mexican Grand Prix,2018-10-28,rodriguez,Autódromo Hermanos Rodríguez,Mexico City,Mexico,19.4042,-99.0907,sainz,SAI,Carlos Sainz,Spanish,55,1994-09-01,renault,Renault,French,8,8,19,0.0,28,Suspension,0,0,0,0
2018,19,Mexican Grand Prix,2018-10-28,rodriguez,Autódromo Hermanos Rodríguez,Mexico City,Mexico,19.4042,-99.0907,alonso,ALO,Fernando Alonso,Spanish,14,1981-07-29,mclaren,McLaren,British,12,12,20,0.0,3,Engine,0,0,0,1
2018,20,Brazilian Grand Prix,2018-11-11,interlagos,Autódromo José Carlos Pace,São Paulo,Brazil,-23.7036,-46.6997,hamilton,HAM,Lewis Hamilton,British,44,1985-01-07,mercedes,Mercedes,German,1,1,1,25.0,71,Finished,1,1,1,0
2018,20,Brazilian Grand Prix,2018-11-11,interlagos,Autódromo José Carlos Pace,São Paulo,Brazil,-23.7036,-46.6997,max_verstappen,VER,Max Verstappen,Dutch,3,1997-09-30,red_bull,Red Bull,Austrian,5,5,2,18.0,71,Finished,0,1,1,0
2018,20,Brazilian Grand Prix,2018-11-11,interlagos,Autódromo José Carlos Pace,São Paulo,Brazil,-23.7036,-46.6997,raikkonen,RAI,Kimi Räikkönen,Finnish,7,1979-10-17,ferrari,Ferrari,Italian,4,4,3,15.0,71,Finished,0,1,1,0
2018,20,Brazilian Grand Prix,2018-11-11,interlagos,Autódromo José Carlos Pace,São Paulo,Brazil,-23.7036,-46.6997,ricciardo,RIC,Daniel Ricciardo,Australian,3,1989-07-01,red_bull,Red Bull,Austrian,6,11,4,12.0,71,Finished,0,0,1,0
2018,20,Brazilian Grand Prix,2018-11-11,interlagos,Autódromo José Carlos Pace,São Paulo,Brazil,-23.7036,-46.6997,bottas,BOT,Valtteri Bottas,Finnish,77,1989-08-28,mercedes,Mercedes,German,3,3,5,10.0,71,Finished,0,0,1,0
2018,20,Brazilian Grand Prix,2018-11-11,interlagos,Autódromo José Carlos Pace,São Paulo,Brazil,-23.7036,-46.6997,vettel,VET,Sebastian Vettel,German,5,1987-07-03,ferrari,Ferrari,Italian,2,2,6,8.0,71,Finished,0,0,1,0
2018,20,Brazilian Grand Prix,2018-11-11,interlagos,Autódromo José Carlos Pace,São Paulo,Brazil,-23.7036,-46.6997,leclerc,LEC,Charles Leclerc,Monegasque,16,1997-10-16,sauber,Sauber,Swiss,8,7,7,6.0,71,Finished,0,0,1,0
2018,20,Brazilian Grand Prix,2018-11-11,interlagos,Autódromo José Carlos Pace,São Paulo,Brazil,-23.7036,-46.6997,grosjean,GRO,Romain Grosjean,French,8,1986-04-17,haas,Haas F1 Team,American,9,8,8,4.0,71,Finished,0,0,1,0
2018,20,Brazilian Grand Prix,2018-11-11,interlagos,Autódromo José Carlos Pace,São Paulo,Brazil,-23.7036,-46.6997,kevin_magnussen,MAG,Kevin Magnussen,Danish,20,1992-10-05,haas,Haas F1 Team,American,11,10,9,2.0,71,Finished,0,0,1,0
2018,20,Brazilian Grand Prix,2018-11-11,interlagos,Autódromo José Carlos Pace,São Paulo,Brazil,-23.7036,-46.6997,perez,PER,Sergio Pérez,Mexican,11,1990-01-26,force_india,Force India,Indian,12,12,10,1.0,70,+1 Lap,0,0,1,0
2018,20,Brazilian Grand Prix,2018-11-11,interlagos,Autódromo José Carlos Pace,São Paulo,Brazil,-23.7036,-46.6997,brendon_hartley,HAR,Brendon Hartley,New Zealander,28,1989-11-10,toro_rosso,Toro Rosso,Italian,17,16,11,0.0,70,+1 Lap,0,0,0,0
2018,20,Brazilian Grand Prix,2018-11-11,interlagos,Autódromo José Carlos Pace,São Paulo,Brazil,-23.7036,-46.6997,sainz,SAI,Carlos Sainz,Spanish,55,1994-09-01,renault,Renault,French,16,15,12,0.0,70,+1 Lap,0,0,0,0
2018,20,Brazilian Grand Prix,2018-11-11,interlagos,Autódromo José Carlos Pace,São Paulo,Brazil,-23.7036,-46.6997,gasly,GAS,Pierre Gasly,French,10,1996-02-07,toro_rosso,Toro Rosso,Italian,10,9,13,0.0,70,+1 Lap,0,0,0,0
2018,20,Brazilian Grand Prix,2018-11-11,interlagos,Autódromo José Carlos Pace,São Paulo,Brazil,-23.7036,-46.6997,vandoorne,VAN,Stoffel Vandoorne,Belgian,2,1992-03-26,mclaren,McLaren,British,20,20,14,0.0,70,+1 Lap,0,0,0,0
2018,20,Brazilian Grand Prix,2018-11-11,interlagos,Autódromo José Carlos Pace,São Paulo,Brazil,-23.7036,-46.6997,ocon,OCO,Esteban Ocon,French,31,1996-09-17,force_india,Force India,Indian,13,18,15,0.0,70,+1 Lap,0,0,0,0
2018,20,Brazilian Grand Prix,2018-11-11,interlagos,Autódromo José Carlos Pace,São Paulo,Brazil,-23.7036,-46.6997,sirotkin,SIR,Sergey Sirotkin,Russian,35,1995-08-27,williams,Williams,British,15,14,16,0.0,69,+2 Laps,0,0,0,0
2018,20,Brazilian Grand Prix,2018-11-11,interlagos,Autódromo José Carlos Pace,São Paulo,Brazil,-23.7036,-46.6997,alonso,ALO,Fernando Alonso,Spanish,14,1981-07-29,mclaren,McLaren,British,18,17,17,0.0,69,+2 Laps,0,0,0,0
2018,20,Brazilian Grand Prix,2018-11-11,interlagos,Autódromo José Carlos Pace,São Paulo,Brazil,-23.7036,-46.6997,stroll,STR,Lance Stroll,Canadian,18,1998-10-29,williams,Williams,British,19,19,18,0.0,69,+2 Laps,0,0,0,0
2018,20,Brazilian Grand Prix,2018-11-11,interlagos,Autódromo José Carlos Pace,São Paulo,Brazil,-23.7036,-46.6997,hulkenberg,HUL,Nico Hülkenberg,German,27,1987-08-19,renault,Renault,French,14,13,19,0.0,32,Overheating,0,0,0,0
2018,20,Brazilian Grand Prix,2018-11-11,interlagos,Autódromo José Carlos Pace,São Paulo,Brazil,-23.7036,-46.6997,ericsson,ERI,Marcus Ericsson,Swedish,9,1990-09-02,sauber,Sauber,Swiss,7,6,20,0.0,20,Collision,0,0,0,1
2018,21,Abu Dhabi Grand Prix,2018-11-25,yas_marina,Yas Marina Circuit,Abu Dhabi,UAE,24.4672,54.6031,hamilton,HAM,Lewis Hamilton,British,44,1985-01-07,mercedes,Mercedes,German,1,1,1,25.0,55,Finished,1,1,1,0
2018,21,Abu Dhabi Grand Prix,2018-11-25,yas_marina,Yas Marina Circuit,Abu Dhabi,UAE,24.4672,54.6031,vettel,VET,Sebastian Vettel,German,5,1987-07-03,ferrari,Ferrari,Italian,3,3,2,18.0,55,Finished,0,1,1,0
2018,21,Abu Dhabi Grand Prix,2018-11-25,yas_marina,Yas Marina Circuit,Abu Dhabi,UAE,24.4672,54.6031,max_verstappen,VER,Max Verstappen,Dutch,3,1997-09-30,red_bull,Red Bull,Austrian,6,6,3,15.0,55,Finished,0,1,1,0
2018,21,Abu Dhabi Grand Prix,2018-11-25,yas_marina,Yas Marina Circuit,Abu Dhabi,UAE,24.4672,54.6031,ricciardo,RIC,Daniel Ricciardo,Australian,3,1989-07-01,red_bull,Red Bull,Austrian,5,5,4,12.0,55,Finished,0,0,1,0
2018,21,Abu Dhabi Grand Prix,2018-11-25,yas_marina,Yas Marina Circuit,Abu Dhabi,UAE,24.4672,54.6031,bottas,BOT,Valtteri Bottas,Finnish,77,1989-08-28,mercedes,Mercedes,German,2,2,5,10.0,55,Finished,0,0,1,0
2018,21,Abu Dhabi Grand Prix,2018-11-25,yas_marina,Yas Marina Circuit,Abu Dhabi,UAE,24.4672,54.6031,sainz,SAI,Carlos Sainz,Spanish,55,1994-09-01,renault,Renault,French,11,11,6,8.0,55,Finished,0,0,1,0
2018,21,Abu Dhabi Grand Prix,2018-11-25,yas_marina,Yas Marina Circuit,Abu Dhabi,UAE,24.4672,54.6031,leclerc,LEC,Charles Leclerc,Monegasque,16,1997-10-16,sauber,Sauber,Swiss,8,8,7,6.0,55,Finished,0,0,1,0
2018,21,Abu Dhabi Grand Prix,2018-11-25,yas_marina,Yas Marina Circuit,Abu Dhabi,UAE,24.4672,54.6031,perez,PER,Sergio Pérez,Mexican,11,1990-01-26,force_india,Force India,Indian,14,14,8,4.0,55,Finished,0,0,1,0
2018,21,Abu Dhabi Grand Prix,2018-11-25,yas_marina,Yas Marina Circuit,Abu Dhabi,UAE,24.4672,54.6031,grosjean,GRO,Romain Grosjean,French,8,1986-04-17,haas,Haas F1 Team,American,7,7,9,2.0,54,+1 Lap,0,0,1,0
2018,21,Abu Dhabi Grand Prix,2018-11-25,yas_marina,Yas Marina Circuit,Abu Dhabi,UAE,24.4672,54.6031,kevin_magnussen,MAG,Kevin Magnussen,Danish,20,1992-10-05,haas,Haas F1 Team,American,13,13,10,1.0,54,+1 Lap,0,0,1,0
2018,21,Abu Dhabi Grand Prix,2018-11-25,yas_marina,Yas Marina Circuit,Abu Dhabi,UAE,24.4672,54.6031,alonso,ALO,Fernando Alonso,Spanish,14,1981-07-29,mclaren,McLaren,British,15,15,11,0.0,54,+1 Lap,0,0,0,0
2018,21,Abu Dhabi Grand Prix,2018-11-25,yas_marina,Yas Marina Circuit,Abu Dhabi,UAE,24.4672,54.6031,brendon_hartley,HAR,Brendon Hartley,New Zealander,28,1989-11-10,toro_rosso,Toro Rosso,Italian,16,16,12,0.0,54,+1 Lap,0,0,0,0
2018,21,Abu Dhabi Grand Prix,2018-11-25,yas_marina,Yas Marina Circuit,Abu Dhabi,UAE,24.4672,54.6031,stroll,STR,Lance Stroll,Canadian,18,1998-10-29,williams,Williams,British,20,20,13,0.0,54,+1 Lap,0,0,0,0
2018,21,Abu Dhabi Grand Prix,2018-11-25,yas_marina,Yas Marina Circuit,Abu Dhabi,UAE,24.4672,54.6031,vandoorne,VAN,Stoffel Vandoorne,Belgian,2,1992-03-26,mclaren,McLaren,British,18,18,14,0.0,54,+1 Lap,0,0,0,0
2018,21,Abu Dhabi Grand Prix,2018-11-25,yas_marina,Yas Marina Circuit,Abu Dhabi,UAE,24.4672,54.6031,sirotkin,SIR,Sergey Sirotkin,Russian,35,1995-08-27,williams,Williams,British,19,19,15,0.0,54,+1 Lap,0,0,0,0
2018,21,Abu Dhabi Grand Prix,2018-11-25,yas_marina,Yas Marina Circuit,Abu Dhabi,UAE,24.4672,54.6031,gasly,GAS,Pierre Gasly,French,10,1996-02-07,toro_rosso,Toro Rosso,Italian,17,17,16,0.0,46,Engine,0,0,0,1
2018,21,Abu Dhabi Grand Prix,2018-11-25,yas_marina,Yas Marina Circuit,Abu Dhabi,UAE,24.4672,54.6031,ocon,OCO,Esteban Ocon,French,31,1996-09-17,force_india,Force India,Indian,9,9,17,0.0,44,Engine,0,0,0,1
2018,21,Abu Dhabi Grand Prix,2018-11-25,yas_marina,Yas Marina Circuit,Abu Dhabi,UAE,24.4672,54.6031,ericsson,ERI,Marcus Ericsson,Swedish,9,1990-09-02,sauber,Sauber,Swiss,12,12,18,0.0,24,Power loss,0,0,0,0
2018,21,Abu Dhabi Grand Prix,2018-11-25,yas_marina,Yas Marina Circuit,Abu Dhabi,UAE,24.4672,54.6031,raikkonen,RAI,Kimi Räikkönen,Finnish,7,1979-10-17,ferrari,Ferrari,Italian,4,4,19,0.0,6,Power loss,0,0,0,0
2018,21,Abu Dhabi Grand Prix,2018-11-25,yas_marina,Yas Marina Circuit,Abu Dhabi,UAE,24.4672,54.6031,hulkenberg,HUL,Nico Hülkenberg,German,27,1987-08-19,renault,Renault,French,10,10,20,0.0,0,Collision,0,0,0,1
2019,1,Australian Grand Prix,2019-03-17,albert_park,Albert Park Grand Prix Circuit,Melbourne,Australia,-37.8497,144.968,bottas,BOT,Valtteri Bottas,Finnish,77,1989-08-28,mercedes,Mercedes,German,2,2,1,26.0,58,Finished,1,1,1,0
2019,1,Australian Grand Prix,2019-03-17,albert_park,Albert Park Grand Prix Circuit,Melbourne,Australia,-37.8497,144.968,hamilton,HAM,Lewis Hamilton,British,44,1985-01-07,mercedes,Mercedes,German,1,1,2,18.0,58,Finished,0,1,1,0
2019,1,Australian Grand Prix,2019-03-17,albert_park,Albert Park Grand Prix Circuit,Melbourne,Australia,-37.8497,144.968,max_verstappen,VER,Max Verstappen,Dutch,3,1997-09-30,red_bull,Red Bull,Austrian,4,4,3,15.0,58,Finished,0,1,1,0
2019,1,Australian Grand Prix,2019-03-17,albert_park,Albert Park Grand Prix Circuit,Melbourne,Australia,-37.8497,144.968,vettel,VET,Sebastian Vettel,German,5,1987-07-03,ferrari,Ferrari,Italian,3,3,4,12.0,58,Finished,0,0,1,0
2019,1,Australian Grand Prix,2019-03-17,albert_park,Albert Park Grand Prix Circuit,Melbourne,Australia,-37.8497,144.968,leclerc,LEC,Charles Leclerc,Monegasque,16,1997-10-16,ferrari,Ferrari,Italian,5,5,5,10.0,58,Finished,0,0,1,0
2019,1,Australian Grand Prix,2019-03-17,albert_park,Albert Park Grand Prix Circuit,Melbourne,Australia,-37.8497,144.968,kevin_magnussen,MAG,Kevin Magnussen,Danish,20,1992-10-05,haas,Haas F1 Team,American,7,7,6,8.0,58,Finished,0,0,1,0
2019,1,Australian Grand Prix,2019-03-17,albert_park,Albert Park Grand Prix Circuit,Melbourne,Australia,-37.8497,144.968,hulkenberg,HUL,Nico Hülkenberg,German,27,1987-08-19,renault,Renault,French,11,11,7,6.0,57,+1 Lap,0,0,1,0
2019,1,Australian Grand Prix,2019-03-17,albert_park,Albert Park Grand Prix Circuit,Melbourne,Australia,-37.8497,144.968,raikkonen,RAI,Kimi Räikkönen,Finnish,7,1979-10-17,alfa,Alfa Romeo,Swiss,9,9,8,4.0,57,+1 Lap,0,0,1,0
2019,1,Australian Grand Prix,2019-03-17,albert_park,Albert Park Grand Prix Circuit,Melbourne,Australia,-37.8497,144.968,stroll,STR,Lance Stroll,Canadian,18,1998-10-29,racing_point,Racing Point,British,16,16,9,2.0,57,+1 Lap,0,0,1,0
2019,1,Australian Grand Prix,2019-03-17,albert_park,Albert Park Grand Prix Circuit,Melbourne,Australia,-37.8497,144.968,kvyat,KVY,Daniil Kvyat,Russian,26,1994-04-26,toro_rosso,Toro Rosso,Italian,15,15,10,1.0,57,+1 Lap,0,0,1,0
2019,1,Australian Grand Prix,2019-03-17,albert_park,Albert Park Grand Prix Circuit,Melbourne,Australia,-37.8497,144.968,gasly,GAS,Pierre Gasly,French,10,1996-02-07,red_bull,Red Bull,Austrian,17,17,11,0.0,57,+1 Lap,0,0,0,0
2019,1,Australian Grand Prix,2019-03-17,albert_park,Albert Park Grand Prix Circuit,Melbourne,Australia,-37.8497,144.968,norris,NOR,Lando Norris,British,1,1999-11-13,mclaren,McLaren,British,8,8,12,0.0,57,+1 Lap,0,0,0,0
2019,1,Australian Grand Prix,2019-03-17,albert_park,Albert Park Grand Prix Circuit,Melbourne,Australia,-37.8497,144.968,perez,PER,Sergio Pérez,Mexican,11,1990-01-26,racing_point,Racing Point,British,10,10,13,0.0,57,+1 Lap,0,0,0,0
2019,1,Australian Grand Prix,2019-03-17,albert_park,Albert Park Grand Prix Circuit,Melbourne,Australia,-37.8497,144.968,albon,ALB,Alexander Albon,Thai,23,1996-03-23,toro_rosso,Toro Rosso,Italian,13,13,14,0.0,57,+1 Lap,0,0,0,0
2019,1,Australian Grand Prix,2019-03-17,albert_park,Albert Park Grand Prix Circuit,Melbourne,Australia,-37.8497,144.968,giovinazzi,GIO,Antonio Giovinazzi,Italian,99,1993-12-14,alfa,Alfa Romeo,Swiss,14,14,15,0.0,57,+1 Lap,0,0,0,0
2019,1,Australian Grand Prix,2019-03-17,albert_park,Albert Park Grand Prix Circuit,Melbourne,Australia,-37.8497,144.968,russell,RUS,George Russell,British,63,1998-02-15,williams,Williams,British,19,19,16,0.0,56,+2 Laps,0,0,0,0
2019,1,Australian Grand Prix,2019-03-17,albert_park,Albert Park Grand Prix Circuit,Melbourne,Australia,-37.8497,144.968,kubica,KUB,Robert Kubica,Polish,88,1984-12-07,williams,Williams,British,20,20,17,0.0,55,+3 Laps,0,0,0,0
2019,1,Australian Grand Prix,2019-03-17,albert_park,Albert Park Grand Prix Circuit,Melbourne,Australia,-37.8497,144.968,grosjean,GRO,Romain Grosjean,French,8,1986-04-17,haas,Haas F1 Team,American,6,6,18,0.0,29,Wheel,0,0,0,0
2019,1,Australian Grand Prix,2019-03-17,albert_park,Albert Park Grand Prix Circuit,Melbourne,Australia,-37.8497,144.968,ricciardo,RIC,Daniel Ricciardo,Australian,3,1989-07-01,renault,Renault,French,12,12,19,0.0,28,Damage,0,0,0,0
2019,1,Australian Grand Prix,2019-03-17,albert_park,Albert Park Grand Prix Circuit,Melbourne,Australia,-37.8497,144.968,sainz,SAI,Carlos Sainz,Spanish,55,1994-09-01,mclaren,McLaren,British,18,18,20,0.0,9,Engine,0,0,0,1
2019,2,Bahrain Grand Prix,2019-03-31,bahrain,Bahrain International Circuit,Sakhir,Bahrain,26.0325,50.5106,hamilton,HAM,Lewis Hamilton,British,44,1985-01-07,mercedes,Mercedes,German,3,3,1,25.0,57,Finished,1,1,1,0
2019,2,Bahrain Grand Prix,2019-03-31,bahrain,Bahrain International Circuit,Sakhir,Bahrain,26.0325,50.5106,bottas,BOT,Valtteri Bottas,Finnish,77,1989-08-28,mercedes,Mercedes,German,4,4,2,18.0,57,Finished,0,1,1,0
2019,2,Bahrain Grand Prix,2019-03-31,bahrain,Bahrain International Circuit,Sakhir,Bahrain,26.0325,50.5106,leclerc,LEC,Charles Leclerc,Monegasque,16,1997-10-16,ferrari,Ferrari,Italian,1,1,3,16.0,57,Finished,0,1,1,0
2019,2,Bahrain Grand Prix,2019-03-31,bahrain,Bahrain International Circuit,Sakhir,Bahrain,26.0325,50.5106,max_verstappen,VER,Max Verstappen,Dutch,3,1997-09-30,red_bull,Red Bull,Austrian,5,5,4,12.0,57,Finished,0,0,1,0
2019,2,Bahrain Grand Prix,2019-03-31,bahrain,Bahrain International Circuit,Sakhir,Bahrain,26.0325,50.5106,vettel,VET,Sebastian Vettel,German,5,1987-07-03,ferrari,Ferrari,Italian,2,2,5,10.0,57,Finished,0,0,1,0
2019,2,Bahrain Grand Prix,2019-03-31,bahrain,Bahrain International Circuit,Sakhir,Bahrain,26.0325,50.5106,norris,NOR,Lando Norris,British,1,1999-11-13,mclaren,McLaren,British,10,9,6,8.0,57,Finished,0,0,1,0
2019,2,Bahrain Grand Prix,2019-03-31,bahrain,Bahrain International Circuit,Sakhir,Bahrain,26.0325,50.5106,raikkonen,RAI,Kimi Räikkönen,Finnish,7,1979-10-17,alfa,Alfa Romeo,Swiss,9,8,7,6.0,57,Finished,0,0,1,0
2019,2,Bahrain Grand Prix,2019-03-31,bahrain,Bahrain International Circuit,Sakhir,Bahrain,26.0325,50.5106,gasly,GAS,Pierre Gasly,French,10,1996-02-07,red_bull,Red Bull,Austrian,13,13,8,4.0,57,Finished,0,0,1,0
2019,2,Bahrain Grand Prix,2019-03-31,bahrain,Bahrain International Circuit,Sakhir,Bahrain,26.0325,50.5106,albon,ALB,Alexander Albon,Thai,23,1996-03-23,toro_rosso,Toro Rosso,Italian,12,12,9,2.0,57,Finished,0,0,1,0
2019,2,Bahrain Grand Prix,2019-03-31,bahrain,Bahrain International Circuit,Sakhir,Bahrain,26.0325,50.5106,perez,PER,Sergio Pérez,Mexican,11,1990-01-26,racing_point,Racing Point,British,14,14,10,1.0,57,Finished,0,0,1,0
2019,2,Bahrain Grand Prix,2019-03-31,bahrain,Bahrain International Circuit,Sakhir,Bahrain,26.0325,50.5106,giovinazzi,GIO,Antonio Giovinazzi,Italian,99,1993-12-14,alfa,Alfa Romeo,Swiss,16,16,11,0.0,57,Finished,0,0,0,0
2019,2,Bahrain Grand Prix,2019-03-31,bahrain,Bahrain International Circuit,Sakhir,Bahrain,26.0325,50.5106,kvyat,KVY,Daniil Kvyat,Russian,26,1994-04-26,toro_rosso,Toro Rosso,Italian,15,15,12,0.0,56,+1 Lap,0,0,0,0
2019,2,Bahrain Grand Prix,2019-03-31,bahrain,Bahrain International Circuit,Sakhir,Bahrain,26.0325,50.5106,kevin_magnussen,MAG,Kevin Magnussen,Danish,20,1992-10-05,haas,Haas F1 Team,American,6,6,13,0.0,56,+1 Lap,0,0,0,0
2019,2,Bahrain Grand Prix,2019-03-31,bahrain,Bahrain International Circuit,Sakhir,Bahrain,26.0325,50.5106,stroll,STR,Lance Stroll,Canadian,18,1998-10-29,racing_point,Racing Point,British,18,18,14,0.0,56,+1 Lap,0,0,0,0
2019,2,Bahrain Grand Prix,2019-03-31,bahrain,Bahrain International Circuit,Sakhir,Bahrain,26.0325,50.5106,russell,RUS,George Russell,British,63,1998-02-15,williams,Williams,British,19,19,15,0.0,56,+1 Lap,0,0,0,0
2019,2,Bahrain Grand Prix,2019-03-31,bahrain,Bahrain International Circuit,Sakhir,Bahrain,26.0325,50.5106,kubica,KUB,Robert Kubica,Polish,88,1984-12-07,williams,Williams,British,20,20,16,0.0,55,+2 Laps,0,0,0,0
2019,2,Bahrain Grand Prix,2019-03-31,bahrain,Bahrain International Circuit,Sakhir,Bahrain,26.0325,50.5106,hulkenberg,HUL,Nico Hülkenberg,German,27,1987-08-19,renault,Renault,French,17,17,17,0.0,53,Engine,0,0,0,1
2019,2,Bahrain Grand Prix,2019-03-31,bahrain,Bahrain International Circuit,Sakhir,Bahrain,26.0325,50.5106,ricciardo,RIC,Daniel Ricciardo,Australian,3,1989-07-01,renault,Renault,French,11,10,18,0.0,53,Out of fuel,0,0,0,0
2019,2,Bahrain Grand Prix,2019-03-31,bahrain,Bahrain International Circuit,Sakhir,Bahrain,26.0325,50.5106,sainz,SAI,Carlos Sainz,Spanish,55,1994-09-01,mclaren,McLaren,British,7,7,19,0.0,53,Collision damage,0,0,0,1
2019,2,Bahrain Grand Prix,2019-03-31,bahrain,Bahrain International Circuit,Sakhir,Bahrain,26.0325,50.5106,grosjean,GRO,Romain Grosjean,French,8,1986-04-17,haas,Haas F1 Team,American,8,11,20,0.0,16,Retired,0,0,0,1
2019,3,Chinese Grand Prix,2019-04-14,shanghai,Shanghai International Circuit,Shanghai,China,31.3389,121.22,hamilton,HAM,Lewis Hamilton,British,44,1985-01-07,mercedes,Mercedes,German,2,2,1,25.0,56,Finished,1,1,1,0
2019,3,Chinese Grand Prix,2019-04-14,shanghai,Shanghai International Circuit,Shanghai,China,31.3389,121.22,bottas,BOT,Valtteri Bottas,Finnish,77,1989-08-28,mercedes,Mercedes,German,1,1,2,18.0,56,Finished,0,1,1,0
2019,3,Chinese Grand Prix,2019-04-14,shanghai,Shanghai International Circuit,Shanghai,China,31.3389,121.22,vettel,VET,Sebastian Vettel,German,5,1987-07-03,ferrari,Ferrari,Italian,3,3,3,15.0,56,Finished,0,1,1,0
2019,3,Chinese Grand Prix,2019-04-14,shanghai,Shanghai International Circuit,Shanghai,China,31.3389,121.22,max_verstappen,VER,Max Verstappen,Dutch,3,1997-09-30,red_bull,Red Bull,Austrian,5,5,4,12.0,56,Finished,0,0,1,0
2019,3,Chinese Grand Prix,2019-04-14,shanghai,Shanghai International Circuit,Shanghai,China,31.3389,121.22,leclerc,LEC,Charles Leclerc,Monegasque,16,1997-10-16,ferrari,Ferrari,Italian,4,4,5,10.0,56,Finished,0,0,1,0
2019,3,Chinese Grand Prix,2019-04-14,shanghai,Shanghai International Circuit,Shanghai,China,31.3389,121.22,gasly,GAS,Pierre Gasly,French,10,1996-02-07,red_bull,Red Bull,Austrian,6,6,6,9.0,56,Finished,0,0,1,0
2019,3,Chinese Grand Prix,2019-04-14,shanghai,Shanghai International Circuit,Shanghai,China,31.3389,121.22,ricciardo,RIC,Daniel Ricciardo,Australian,3,1989-07-01,renault,Renault,French,7,7,7,6.0,55,+1 Lap,0,0,1,0
2019,3,Chinese Grand Prix,2019-04-14,shanghai,Shanghai International Circuit,Shanghai,China,31.3389,121.22,perez,PER,Sergio Pérez,Mexican,11,1990-01-26,racing_point,Racing Point,British,12,12,8,4.0,55,+1 Lap,0,0,1,0
2019,3,Chinese Grand Prix,2019-04-14,shanghai,Shanghai International Circuit,Shanghai,China,31.3389,121.22,raikkonen,RAI,Kimi Räikkönen,Finnish,7,1979-10-17,alfa,Alfa Romeo,Swiss,13,13,9,2.0,55,+1 Lap,0,0,1,0
2019,3,Chinese Grand Prix,2019-04-14,shanghai,Shanghai International Circuit,Shanghai,China,31.3389,121.22,albon,ALB,Alexander Albon,Thai,23,1996-03-23,toro_rosso,Toro Rosso,Italian,0,0,10,1.0,55,+1 Lap,0,0,1,0
2019,3,Chinese Grand Prix,2019-04-14,shanghai,Shanghai International Circuit,Shanghai,China,31.3389,121.22,grosjean,GRO,Romain Grosjean,French,8,1986-04-17,haas,Haas F1 Team,American,10,10,11,0.0,55,+1 Lap,0,0,0,0
2019,3,Chinese Grand Prix,2019-04-14,shanghai,Shanghai International Circuit,Shanghai,China,31.3389,121.22,stroll,STR,Lance Stroll,Canadian,18,1998-10-29,racing_point,Racing Point,British,16,16,12,0.0,55,+1 Lap,0,0,0,0
2019,3,Chinese Grand Prix,2019-04-14,shanghai,Shanghai International Circuit,Shanghai,China,31.3389,121.22,kevin_magnussen,MAG,Kevin Magnussen,Danish,20,1992-10-05,haas,Haas F1 Team,American,9,9,13,0.0,55,+1 Lap,0,0,0,0
2019,3,Chinese Grand Prix,2019-04-14,shanghai,Shanghai International Circuit,Shanghai,China,31.3389,121.22,sainz,SAI,Carlos Sainz,Spanish,55,1994-09-01,mclaren,McLaren,British,14,14,14,0.0,55,+1 Lap,0,0,0,0
2019,3,Chinese Grand Prix,2019-04-14,shanghai,Shanghai International Circuit,Shanghai,China,31.3389,121.22,giovinazzi,GIO,Antonio Giovinazzi,Italian,99,1993-12-14,alfa,Alfa Romeo,Swiss,19,19,15,0.0,55,+1 Lap,0,0,0,0
2019,3,Chinese Grand Prix,2019-04-14,shanghai,Shanghai International Circuit,Shanghai,China,31.3389,121.22,russell,RUS,George Russell,British,63,1998-02-15,williams,Williams,British,17,17,16,0.0,54,+2 Laps,0,0,0,0
2019,3,Chinese Grand Prix,2019-04-14,shanghai,Shanghai International Circuit,Shanghai,China,31.3389,121.22,kubica,KUB,Robert Kubica,Polish,88,1984-12-07,williams,Williams,British,18,18,17,0.0,54,+2 Laps,0,0,0,0
2019,3,Chinese Grand Prix,2019-04-14,shanghai,Shanghai International Circuit,Shanghai,China,31.3389,121.22,norris,NOR,Lando Norris,British,1,1999-11-13,mclaren,McLaren,British,15,15,18,0.0,50,Collision,0,0,0,1
2019,3,Chinese Grand Prix,2019-04-14,shanghai,Shanghai International Circuit,Shanghai,China,31.3389,121.22,kvyat,KVY,Daniil Kvyat,Russian,26,1994-04-26,toro_rosso,Toro Rosso,Italian,11,11,19,0.0,41,Collision,0,0,0,1
2019,3,Chinese Grand Prix,2019-04-14,shanghai,Shanghai International Circuit,Shanghai,China,31.3389,121.22,hulkenberg,HUL,Nico Hülkenberg,German,27,1987-08-19,renault,Renault,French,8,8,20,0.0,16,Power Unit,0,0,0,0
2019,4,Azerbaijan Grand Prix,2019-04-28,baku,Baku City Circuit,Baku,Azerbaijan,40.3725,49.8533,bottas,BOT,Valtteri Bottas,Finnish,77,1989-08-28,mercedes,Mercedes,German,1,1,1,25.0,51,Finished,1,1,1,0
2019,4,Azerbaijan Grand Prix,2019-04-28,baku,Baku City Circuit,Baku,Azerbaijan,40.3725,49.8533,hamilton,HAM,Lewis Hamilton,British,44,1985-01-07,mercedes,Mercedes,German,2,2,2,18.0,51,Finished,0,1,1,0
2019,4,Azerbaijan Grand Prix,2019-04-28,baku,Baku City Circuit,Baku,Azerbaijan,40.3725,49.8533,vettel,VET,Sebastian Vettel,German,5,1987-07-03,ferrari,Ferrari,Italian,3,3,3,15.0,51,Finished,0,1,1,0
2019,4,Azerbaijan Grand Prix,2019-04-28,baku,Baku City Circuit,Baku,Azerbaijan,40.3725,49.8533,max_verstappen,VER,Max Verstappen,Dutch,3,1997-09-30,red_bull,Red Bull,Austrian,4,4,4,12.0,51,Finished,0,0,1,0
2019,4,Azerbaijan Grand Prix,2019-04-28,baku,Baku City Circuit,Baku,Azerbaijan,40.3725,49.8533,leclerc,LEC,Charles Leclerc,Monegasque,16,1997-10-16,ferrari,Ferrari,Italian,9,8,5,11.0,51,Finished,0,0,1,0
2019,4,Azerbaijan Grand Prix,2019-04-28,baku,Baku City Circuit,Baku,Azerbaijan,40.3725,49.8533,perez,PER,Sergio Pérez,Mexican,11,1990-01-26,racing_point,Racing Point,British,5,5,6,8.0,51,Finished,0,0,1,0
2019,4,Azerbaijan Grand Prix,2019-04-28,baku,Baku City Circuit,Baku,Azerbaijan,40.3725,49.8533,sainz,SAI,Carlos Sainz,Spanish,55,1994-09-01,mclaren,McLaren,British,10,9,7,6.0,51,Finished,0,0,1,0
2019,4,Azerbaijan Grand Prix,2019-04-28,baku,Baku City Circuit,Baku,Azerbaijan,40.3725,49.8533,norris,NOR,Lando Norris,British,1,1999-11-13,mclaren,McLaren,British,7,7,8,4.0,51,Finished,0,0,1,0
2019,4,Azerbaijan Grand Prix,2019-04-28,baku,Baku City Circuit,Baku,Azerbaijan,40.3725,49.8533,stroll,STR,Lance Stroll,Canadian,18,1998-10-29,racing_point,Racing Point,British,14,13,9,2.0,51,Finished,0,0,1,0
2019,4,Azerbaijan Grand Prix,2019-04-28,baku,Baku City Circuit,Baku,Azerbaijan,40.3725,49.8533,raikkonen,RAI,Kimi Räikkönen,Finnish,7,1979-10-17,alfa,Alfa Romeo,Swiss,19,0,10,1.0,50,+1 Lap,0,0,1,0
2019,4,Azerbaijan Grand Prix,2019-04-28,baku,Baku City Circuit,Baku,Azerbaijan,40.3725,49.8533,albon,ALB,Alexander Albon,Thai,23,1996-03-23,toro_rosso,Toro Rosso,Italian,12,11,11,0.0,50,+1 Lap,0,0,0,0
2019,4,Azerbaijan Grand Prix,2019-04-28,baku,Baku City Circuit,Baku,Azerbaijan,40.3725,49.8533,giovinazzi,GIO,Antonio Giovinazzi,Italian,99,1993-12-14,alfa,Alfa Romeo,Swiss,8,17,12,0.0,50,+1 Lap,0,0,0,0
2019,4,Azerbaijan Grand Prix,2019-04-28,baku,Baku City Circuit,Baku,Azerbaijan,40.3725,49.8533,kevin_magnussen,MAG,Kevin Magnussen,Danish,20,1992-10-05,haas,Haas F1 Team,American,13,12,13,0.0,50,+1 Lap,0,0,0,0
2019,4,Azerbaijan Grand Prix,2019-04-28,baku,Baku City Circuit,Baku,Azerbaijan,40.3725,49.8533,hulkenberg,HUL,Nico Hülkenberg,German,27,1987-08-19,renault,Renault,French,16,15,14,0.0,50,+1 Lap,0,0,0,0
2019,4,Azerbaijan Grand Prix,2019-04-28,baku,Baku City Circuit,Baku,Azerbaijan,40.3725,49.8533,russell,RUS,George Russell,British,63,1998-02-15,williams,Williams,British,17,16,15,0.0,49,+2 Laps,0,0,0,0
2019,4,Azerbaijan Grand Prix,2019-04-28,baku,Baku City Circuit,Baku,Azerbaijan,40.3725,49.8533,kubica,KUB,Robert Kubica,Polish,88,1984-12-07,williams,Williams,British,18,0,16,0.0,49,+2 Laps,0,0,0,0
2019,4,Azerbaijan Grand Prix,2019-04-28,baku,Baku City Circuit,Baku,Azerbaijan,40.3725,49.8533,gasly,GAS,Pierre Gasly,French,10,1996-02-07,red_bull,Red Bull,Austrian,20,0,17,0.0,38,Transmission,0,0,0,1
2019,4,Azerbaijan Grand Prix,2019-04-28,baku,Baku City Circuit,Baku,Azerbaijan,40.3725,49.8533,grosjean,GRO,Romain Grosjean,French,8,1986-04-17,haas,Haas F1 Team,American,15,14,18,0.0,38,Brakes,0,0,0,1
2019,4,Azerbaijan Grand Prix,2019-04-28,baku,Baku City Circuit,Baku,Azerbaijan,40.3725,49.8533,kvyat,KVY,Daniil Kvyat,Russian,26,1994-04-26,toro_rosso,Toro Rosso,Italian,6,6,19,0.0,33,Collision,0,0,0,1
2019,4,Azerbaijan Grand Prix,2019-04-28,baku,Baku City Circuit,Baku,Azerbaijan,40.3725,49.8533,ricciardo,RIC,Daniel Ricciardo,Australian,3,1989-07-01,renault,Renault,French,11,10,20,0.0,31,Collision,0,0,0,1
2019,5,Spanish Grand Prix,2019-05-12,catalunya,Circuit de Barcelona-Catalunya,Barcelona,Spain,41.57,2.26111,hamilton,HAM,Lewis Hamilton,British,44,1985-01-07,mercedes,Mercedes,German,2,2,1,26.0,66,Finished,1,1,1,0
2019,5,Spanish Grand Prix,2019-05-12,catalunya,Circuit de Barcelona-Catalunya,Barcelona,Spain,41.57,2.26111,bottas,BOT,Valtteri Bottas,Finnish,77,1989-08-28,mercedes,Mercedes,German,1,1,2,18.0,66,Finished,0,1,1,0
2019,5,Spanish Grand Prix,2019-05-12,catalunya,Circuit de Barcelona-Catalunya,Barcelona,Spain,41.57,2.26111,max_verstappen,VER,Max Verstappen,Dutch,3,1997-09-30,red_bull,Red Bull,Austrian,4,4,3,15.0,66,Finished,0,1,1,0
2019,5,Spanish Grand Prix,2019-05-12,catalunya,Circuit de Barcelona-Catalunya,Barcelona,Spain,41.57,2.26111,vettel,VET,Sebastian Vettel,German,5,1987-07-03,ferrari,Ferrari,Italian,3,3,4,12.0,66,Finished,0,0,1,0
2019,5,Spanish Grand Prix,2019-05-12,catalunya,Circuit de Barcelona-Catalunya,Barcelona,Spain,41.57,2.26111,leclerc,LEC,Charles Leclerc,Monegasque,16,1997-10-16,ferrari,Ferrari,Italian,5,5,5,10.0,66,Finished,0,0,1,0
2019,5,Spanish Grand Prix,2019-05-12,catalunya,Circuit de Barcelona-Catalunya,Barcelona,Spain,41.57,2.26111,gasly,GAS,Pierre Gasly,French,10,1996-02-07,red_bull,Red Bull,Austrian,6,6,6,8.0,66,Finished,0,0,1,0
2019,5,Spanish Grand Prix,2019-05-12,catalunya,Circuit de Barcelona-Catalunya,Barcelona,Spain,41.57,2.26111,kevin_magnussen,MAG,Kevin Magnussen,Danish,20,1992-10-05,haas,Haas F1 Team,American,8,8,7,6.0,66,Finished,0,0,1,0
2019,5,Spanish Grand Prix,2019-05-12,catalunya,Circuit de Barcelona-Catalunya,Barcelona,Spain,41.57,2.26111,sainz,SAI,Carlos Sainz,Spanish,55,1994-09-01,mclaren,McLaren,British,13,12,8,4.0,66,Finished,0,0,1,0
2019,5,Spanish Grand Prix,2019-05-12,catalunya,Circuit de Barcelona-Catalunya,Barcelona,Spain,41.57,2.26111,kvyat,KVY,Daniil Kvyat,Russian,26,1994-04-26,toro_rosso,Toro Rosso,Italian,9,9,9,2.0,66,Finished,0,0,1,0
2019,5,Spanish Grand Prix,2019-05-12,catalunya,Circuit de Barcelona-Catalunya,Barcelona,Spain,41.57,2.26111,grosjean,GRO,Romain Grosjean,French,8,1986-04-17,haas,Haas F1 Team,American,7,7,10,1.0,66,Finished,0,0,1,0
2019,5,Spanish Grand Prix,2019-05-12,catalunya,Circuit de Barcelona-Catalunya,Barcelona,Spain,41.57,2.26111,albon,ALB,Alexander Albon,Thai,23,1996-03-23,toro_rosso,Toro Rosso,Italian,12,11,11,0.0,66,Finished,0,0,0,0
2019,5,Spanish Grand Prix,2019-05-12,catalunya,Circuit de Barcelona-Catalunya,Barcelona,Spain,41.57,2.26111,ricciardo,RIC,Daniel Ricciardo,Australian,3,1989-07-01,renault,Renault,French,10,13,12,0.0,66,Finished,0,0,0,0
2019,5,Spanish Grand Prix,2019-05-12,catalunya,Circuit de Barcelona-Catalunya,Barcelona,Spain,41.57,2.26111,hulkenberg,HUL,Nico Hülkenberg,German,27,1987-08-19,renault,Renault,French,16,0,13,0.0,66,Finished,0,0,0,0
2019,5,Spanish Grand Prix,2019-05-12,catalunya,Circuit de Barcelona-Catalunya,Barcelona,Spain,41.57,2.26111,raikkonen,RAI,Kimi Räikkönen,Finnish,7,1979-10-17,alfa,Alfa Romeo,Swiss,14,14,14,0.0,66,Finished,0,0,0,0
2019,5,Spanish Grand Prix,2019-05-12,catalunya,Circuit de Barcelona-Catalunya,Barcelona,Spain,41.57,2.26111,perez,PER,Sergio Pérez,Mexican,11,1990-01-26,racing_point,Racing Point,British,15,15,15,0.0,66,Finished,0,0,0,0
2019,5,Spanish Grand Prix,2019-05-12,catalunya,Circuit de Barcelona-Catalunya,Barcelona,Spain,41.57,2.26111,giovinazzi,GIO,Antonio Giovinazzi,Italian,99,1993-12-14,alfa,Alfa Romeo,Swiss,18,18,16,0.0,66,Finished,0,0,0,0
2019,5,Spanish Grand Prix,2019-05-12,catalunya,Circuit de Barcelona-Catalunya,Barcelona,Spain,41.57,2.26111,russell,RUS,George Russell,British,63,1998-02-15,williams,Williams,British,19,19,17,0.0,65,+1 Lap,0,0,0,0
2019,5,Spanish Grand Prix,2019-05-12,catalunya,Circuit de Barcelona-Catalunya,Barcelona,Spain,41.57,2.26111,kubica,KUB,Robert Kubica,Polish,88,1984-12-07,williams,Williams,British,20,17,18,0.0,65,+1 Lap,0,0,0,0
2019,5,Spanish Grand Prix,2019-05-12,catalunya,Circuit de Barcelona-Catalunya,Barcelona,Spain,41.57,2.26111,stroll,STR,Lance Stroll,Canadian,18,1998-10-29,racing_point,Racing Point,British,17,16,19,0.0,44,Collision,0,0,0,1
2019,5,Spanish Grand Prix,2019-05-12,catalunya,Circuit de Barcelona-Catalunya,Barcelona,Spain,41.57,2.26111,norris,NOR,Lando Norris,British,1,1999-11-13,mclaren,McLaren,British,11,10,20,0.0,44,Collision,0,0,0,1
2019,6,Monaco Grand Prix,2019-05-26,monaco,Circuit de Monaco,Monte Carlo,Monaco,43.7347,7.42056,hamilton,HAM,Lewis Hamilton,British,44,1985-01-07,mercedes,Mercedes,German,1,1,1,25.0,78,Finished,1,1,1,0
2019,6,Monaco Grand Prix,2019-05-26,monaco,Circuit de Monaco,Monte Carlo,Monaco,43.7347,7.42056,vettel,VET,Sebastian Vettel,German,5,1987-07-03,ferrari,Ferrari,Italian,4,4,2,18.0,78,Finished,0,1,1,0
2019,6,Monaco Grand Prix,2019-05-26,monaco,Circuit de Monaco,Monte Carlo,Monaco,43.7347,7.42056,bottas,BOT,Valtteri Bottas,Finnish,77,1989-08-28,mercedes,Mercedes,German,2,2,3,15.0,78,Finished,0,1,1,0
2019,6,Monaco Grand Prix,2019-05-26,monaco,Circuit de Monaco,Monte Carlo,Monaco,43.7347,7.42056,max_verstappen,VER,Max Verstappen,Dutch,3,1997-09-30,red_bull,Red Bull,Austrian,3,3,4,12.0,78,Finished,0,0,1,0
2019,6,Monaco Grand Prix,2019-05-26,monaco,Circuit de Monaco,Monte Carlo,Monaco,43.7347,7.42056,gasly,GAS,Pierre Gasly,French,10,1996-02-07,red_bull,Red Bull,Austrian,5,8,5,11.0,78,Finished,0,0,1,0
2019,6,Monaco Grand Prix,2019-05-26,monaco,Circuit de Monaco,Monte Carlo,Monaco,43.7347,7.42056,sainz,SAI,Carlos Sainz,Spanish,55,1994-09-01,mclaren,McLaren,British,9,9,6,8.0,78,Finished,0,0,1,0
2019,6,Monaco Grand Prix,2019-05-26,monaco,Circuit de Monaco,Monte Carlo,Monaco,43.7347,7.42056,kvyat,KVY,Daniil Kvyat,Russian,26,1994-04-26,toro_rosso,Toro Rosso,Italian,8,7,7,6.0,78,Finished,0,0,1,0
2019,6,Monaco Grand Prix,2019-05-26,monaco,Circuit de Monaco,Monte Carlo,Monaco,43.7347,7.42056,albon,ALB,Alexander Albon,Thai,23,1996-03-23,toro_rosso,Toro Rosso,Italian,10,10,8,4.0,78,Finished,0,0,1,0
2019,6,Monaco Grand Prix,2019-05-26,monaco,Circuit de Monaco,Monte Carlo,Monaco,43.7347,7.42056,ricciardo,RIC,Daniel Ricciardo,Australian,3,1989-07-01,renault,Renault,French,7,6,9,2.0,78,Finished,0,0,1,0
2019,6,Monaco Grand Prix,2019-05-26,monaco,Circuit de Monaco,Monte Carlo,Monaco,43.7347,7.42056,grosjean,GRO,Romain Grosjean,French,8,1986-04-17,haas,Haas F1 Team,American,13,13,10,1.0,78,Finished,0,0,1,0
2019,6,Monaco Grand Prix,2019-05-26,monaco,Circuit de Monaco,Monte Carlo,Monaco,43.7347,7.42056,norris,NOR,Lando Norris,British,1,1999-11-13,mclaren,McLaren,British,12,12,11,0.0,78,Finished,0,0,0,0
2019,6,Monaco Grand Prix,2019-05-26,monaco,Circuit de Monaco,Monte Carlo,Monaco,43.7347,7.42056,perez,PER,Sergio Pérez,Mexican,11,1990-01-26,racing_point,Racing Point,British,17,16,12,0.0,77,+1 Lap,0,0,0,0
2019,6,Monaco Grand Prix,2019-05-26,monaco,Circuit de Monaco,Monte Carlo,Monaco,43.7347,7.42056,hulkenberg,HUL,Nico Hülkenberg,German,27,1987-08-19,renault,Renault,French,11,11,13,0.0,77,+1 Lap,0,0,0,0
2019,6,Monaco Grand Prix,2019-05-26,monaco,Circuit de Monaco,Monte Carlo,Monaco,43.7347,7.42056,kevin_magnussen,MAG,Kevin Magnussen,Danish,20,1992-10-05,haas,Haas F1 Team,American,6,5,14,0.0,77,+1 Lap,0,0,0,0
2019,6,Monaco Grand Prix,2019-05-26,monaco,Circuit de Monaco,Monte Carlo,Monaco,43.7347,7.42056,russell,RUS,George Russell,British,63,1998-02-15,williams,Williams,British,19,19,15,0.0,77,+1 Lap,0,0,0,0
2019,6,Monaco Grand Prix,2019-05-26,monaco,Circuit de Monaco,Monte Carlo,Monaco,43.7347,7.42056,stroll,STR,Lance Stroll,Canadian,18,1998-10-29,racing_point,Racing Point,British,18,17,16,0.0,77,+1 Lap,0,0,0,0
2019,6,Monaco Grand Prix,2019-05-26,monaco,Circuit de Monaco,Monte Carlo,Monaco,43.7347,7.42056,raikkonen,RAI,Kimi Räikkönen,Finnish,7,1979-10-17,alfa,Alfa Romeo,Swiss,14,14,17,0.0,77,+1 Lap,0,0,0,0
2019,6,Monaco Grand Prix,2019-05-26,monaco,Circuit de Monaco,Monte Carlo,Monaco,43.7347,7.42056,kubica,KUB,Robert Kubica,Polish,88,1984-12-07,williams,Williams,British,20,20,18,0.0,77,+1 Lap,0,0,0,0
2019,6,Monaco Grand Prix,2019-05-26,monaco,Circuit de Monaco,Monte Carlo,Monaco,43.7347,7.42056,giovinazzi,GIO,Antonio Giovinazzi,Italian,99,1993-12-14,alfa,Alfa Romeo,Swiss,15,18,19,0.0,76,+2 Laps,0,0,0,0
2019,6,Monaco Grand Prix,2019-05-26,monaco,Circuit de Monaco,Monte Carlo,Monaco,43.7347,7.42056,leclerc,LEC,Charles Leclerc,Monegasque,16,1997-10-16,ferrari,Ferrari,Italian,16,15,20,0.0,16,Collision,0,0,0,1
2019,7,Canadian Grand Prix,2019-06-09,villeneuve,Circuit Gilles Villeneuve,Montreal,Canada,45.5,-73.5228,hamilton,HAM,Lewis Hamilton,British,44,1985-01-07,mercedes,Mercedes,German,2,2,1,25.0,70,Finished,1,1,1,0
2019,7,Canadian Grand Prix,2019-06-09,villeneuve,Circuit Gilles Villeneuve,Montreal,Canada,45.5,-73.5228,vettel,VET,Sebastian Vettel,German,5,1987-07-03,ferrari,Ferrari,Italian,1,1,2,18.0,70,Finished,0,1,1,0
2019,7,Canadian Grand Prix,2019-06-09,villeneuve,Circuit Gilles Villeneuve,Montreal,Canada,45.5,-73.5228,leclerc,LEC,Charles Leclerc,Monegasque,16,1997-10-16,ferrari,Ferrari,Italian,3,3,3,15.0,70,Finished,0,1,1,0
2019,7,Canadian Grand Prix,2019-06-09,villeneuve,Circuit Gilles Villeneuve,Montreal,Canada,45.5,-73.5228,bottas,BOT,Valtteri Bottas,Finnish,77,1989-08-28,mercedes,Mercedes,German,6,6,4,13.0,70,Finished,0,0,1,0
2019,7,Canadian Grand Prix,2019-06-09,villeneuve,Circuit Gilles Villeneuve,Montreal,Canada,45.5,-73.5228,max_verstappen,VER,Max Verstappen,Dutch,3,1997-09-30,red_bull,Red Bull,Austrian,11,9,5,10.0,70,Finished,0,0,1,0
2019,7,Canadian Grand Prix,2019-06-09,villeneuve,Circuit Gilles Villeneuve,Montreal,Canada,45.5,-73.5228,ricciardo,RIC,Daniel Ricciardo,Australian,3,1989-07-01,renault,Renault,French,4,4,6,8.0,69,+1 Lap,0,0,1,0
2019,7,Canadian Grand Prix,2019-06-09,villeneuve,Circuit Gilles Villeneuve,Montreal,Canada,45.5,-73.5228,hulkenberg,HUL,Nico Hülkenberg,German,27,1987-08-19,renault,Renault,French,7,7,7,6.0,69,+1 Lap,0,0,1,0
2019,7,Canadian Grand Prix,2019-06-09,villeneuve,Circuit Gilles Villeneuve,Montreal,Canada,45.5,-73.5228,gasly,GAS,Pierre Gasly,French,10,1996-02-07,red_bull,Red Bull,Austrian,5,5,8,4.0,69,+1 Lap,0,0,1,0
2019,7,Canadian Grand Prix,2019-06-09,villeneuve,Circuit Gilles Villeneuve,Montreal,Canada,45.5,-73.5228,stroll,STR,Lance Stroll,Canadian,18,1998-10-29,racing_point,Racing Point,British,18,17,9,2.0,69,+1 Lap,0,0,1,0
2019,7,Canadian Grand Prix,2019-06-09,villeneuve,Circuit Gilles Villeneuve,Montreal,Canada,45.5,-73.5228,kvyat,KVY,Daniil Kvyat,Russian,26,1994-04-26,toro_rosso,Toro Rosso,Italian,12,10,10,1.0,69,+1 Lap,0,0,1,0
2019,7,Canadian Grand Prix,2019-06-09,villeneuve,Circuit Gilles Villeneuve,Montreal,Canada,45.5,-73.5228,sainz,SAI,Carlos Sainz,Spanish,55,1994-09-01,mclaren,McLaren,British,9,11,11,0.0,69,+1 Lap,0,0,0,0
2019,7,Canadian Grand Prix,2019-06-09,villeneuve,Circuit Gilles Villeneuve,Montreal,Canada,45.5,-73.5228,perez,PER,Sergio Pérez,Mexican,11,1990-01-26,racing_point,Racing Point,British,16,15,12,0.0,69,+1 Lap,0,0,0,0
2019,7,Canadian Grand Prix,2019-06-09,villeneuve,Circuit Gilles Villeneuve,Montreal,Canada,45.5,-73.5228,giovinazzi,GIO,Antonio Giovinazzi,Italian,99,1993-12-14,alfa,Alfa Romeo,Swiss,13,12,13,0.0,69,+1 Lap,0,0,0,0
2019,7,Canadian Grand Prix,2019-06-09,villeneuve,Circuit Gilles Villeneuve,Montreal,Canada,45.5,-73.5228,grosjean,GRO,Romain Grosjean,French,8,1986-04-17,haas,Haas F1 Team,American,15,14,14,0.0,69,+1 Lap,0,0,0,0
2019,7,Canadian Grand Prix,2019-06-09,villeneuve,Circuit Gilles Villeneuve,Montreal,Canada,45.5,-73.5228,raikkonen,RAI,Kimi Räikkönen,Finnish,7,1979-10-17,alfa,Alfa Romeo,Swiss,17,16,15,0.0,69,+1 Lap,0,0,0,0
2019,7,Canadian Grand Prix,2019-06-09,villeneuve,Circuit Gilles Villeneuve,Montreal,Canada,45.5,-73.5228,russell,RUS,George Russell,British,63,1998-02-15,williams,Williams,British,19,18,16,0.0,68,+2 Laps,0,0,0,0
2019,7,Canadian Grand Prix,2019-06-09,villeneuve,Circuit Gilles Villeneuve,Montreal,Canada,45.5,-73.5228,kevin_magnussen,MAG,Kevin Magnussen,Danish,20,1992-10-05,haas,Haas F1 Team,American,10,0,17,0.0,68,+2 Laps,0,0,0,0
2019,7,Canadian Grand Prix,2019-06-09,villeneuve,Circuit Gilles Villeneuve,Montreal,Canada,45.5,-73.5228,kubica,KUB,Robert Kubica,Polish,88,1984-12-07,williams,Williams,British,20,19,18,0.0,67,+3 Laps,0,0,0,0
2019,7,Canadian Grand Prix,2019-06-09,villeneuve,Circuit Gilles Villeneuve,Montreal,Canada,45.5,-73.5228,albon,ALB,Alexander Albon,Thai,23,1996-03-23,toro_rosso,Toro Rosso,Italian,14,13,19,0.0,59,Collision damage,0,0,0,1
2019,7,Canadian Grand Prix,2019-06-09,villeneuve,Circuit Gilles Villeneuve,Montreal,Canada,45.5,-73.5228,norris,NOR,Lando Norris,British,1,1999-11-13,mclaren,McLaren,British,8,8,20,0.0,8,Suspension,0,0,0,0
2019,8,French Grand Prix,2019-06-23,ricard,Circuit Paul Ricard,Le Castellet,France,43.2506,5.79167,hamilton,HAM,Lewis Hamilton,British,44,1985-01-07,mercedes,Mercedes,German,1,1,1,25.0,53,Finished,1,1,1,0
2019,8,French Grand Prix,2019-06-23,ricard,Circuit Paul Ricard,Le Castellet,France,43.2506,5.79167,bottas,BOT,Valtteri Bottas,Finnish,77,1989-08-28,mercedes,Mercedes,German,2,2,2,18.0,53,Finished,0,1,1,0
2019,8,French Grand Prix,2019-06-23,ricard,Circuit Paul Ricard,Le Castellet,France,43.2506,5.79167,leclerc,LEC,Charles Leclerc,Monegasque,16,1997-10-16,ferrari,Ferrari,Italian,3,3,3,15.0,53,Finished,0,1,1,0
2019,8,French Grand Prix,2019-06-23,ricard,Circuit Paul Ricard,Le Castellet,France,43.2506,5.79167,max_verstappen,VER,Max Verstappen,Dutch,3,1997-09-30,red_bull,Red Bull,Austrian,4,4,4,12.0,53,Finished,0,0,1,0
2019,8,French Grand Prix,2019-06-23,ricard,Circuit Paul Ricard,Le Castellet,France,43.2506,5.79167,vettel,VET,Sebastian Vettel,German,5,1987-07-03,ferrari,Ferrari,Italian,7,7,5,11.0,53,Finished,0,0,1,0
2019,8,French Grand Prix,2019-06-23,ricard,Circuit Paul Ricard,Le Castellet,France,43.2506,5.79167,sainz,SAI,Carlos Sainz,Spanish,55,1994-09-01,mclaren,McLaren,British,6,6,6,8.0,53,Finished,0,0,1,0
2019,8,French Grand Prix,2019-06-23,ricard,Circuit Paul Ricard,Le Castellet,France,43.2506,5.79167,raikkonen,RAI,Kimi Räikkönen,Finnish,7,1979-10-17,alfa,Alfa Romeo,Swiss,12,12,7,6.0,52,+1 Lap,0,0,1,0
2019,8,French Grand Prix,2019-06-23,ricard,Circuit Paul Ricard,Le Castellet,France,43.2506,5.79167,hulkenberg,HUL,Nico Hülkenberg,German,27,1987-08-19,renault,Renault,French,13,13,8,4.0,52,+1 Lap,0,0,1,0
2019,8,French Grand Prix,2019-06-23,ricard,Circuit Paul Ricard,Le Castellet,France,43.2506,5.79167,norris,NOR,Lando Norris,British,1,1999-11-13,mclaren,McLaren,British,5,5,9,2.0,52,+1 Lap,0,0,1,0
2019,8,French Grand Prix,2019-06-23,ricard,Circuit Paul Ricard,Le Castellet,France,43.2506,5.79167,gasly,GAS,Pierre Gasly,French,10,1996-02-07,red_bull,Red Bull,Austrian,9,9,10,1.0,52,+1 Lap,0,0,1,0
2019,8,French Grand Prix,2019-06-23,ricard,Circuit Paul Ricard,Le Castellet,France,43.2506,5.79167,ricciardo,RIC,Daniel Ricciardo,Australian,3,1989-07-01,renault,Renault,French,8,8,11,0.0,52,+1 Lap,0,0,0,0
2019,8,French Grand Prix,2019-06-23,ricard,Circuit Paul Ricard,Le Castellet,France,43.2506,5.79167,perez,PER,Sergio Pérez,Mexican,11,1990-01-26,racing_point,Racing Point,British,14,14,12,0.0,52,+1 Lap,0,0,0,0
2019,8,French Grand Prix,2019-06-23,ricard,Circuit Paul Ricard,Le Castellet,France,43.2506,5.79167,stroll,STR,Lance Stroll,Canadian,18,1998-10-29,racing_point,Racing Point,British,18,17,13,0.0,52,+1 Lap,0,0,0,0
2019,8,French Grand Prix,2019-06-23,ricard,Circuit Paul Ricard,Le Castellet,France,43.2506,5.79167,kvyat,KVY,Daniil Kvyat,Russian,26,1994-04-26,toro_rosso,Toro Rosso,Italian,16,19,14,0.0,52,+1 Lap,0,0,0,0
2019,8,French Grand Prix,2019-06-23,ricard,Circuit Paul Ricard,Le Castellet,France,43.2506,5.79167,albon,ALB,Alexander Albon,Thai,23,1996-03-23,toro_rosso,Toro Rosso,Italian,11,11,15,0.0,52,+1 Lap,0,0,0,0
2019,8,French Grand Prix,2019-06-23,ricard,Circuit Paul Ricard,Le Castellet,France,43.2506,5.79167,giovinazzi,GIO,Antonio Giovinazzi,Italian,99,1993-12-14,alfa,Alfa Romeo,Swiss,10,10,16,0.0,52,+1 Lap,0,0,0,0
2019,8,French Grand Prix,2019-06-23,ricard,Circuit Paul Ricard,Le Castellet,France,43.2506,5.79167,kevin_magnussen,MAG,Kevin Magnussen,Danish,20,1992-10-05,haas,Haas F1 Team,American,15,15,17,0.0,52,+1 Lap,0,0,0,0
2019,8,French Grand Prix,2019-06-23,ricard,Circuit Paul Ricard,Le Castellet,France,43.2506,5.79167,kubica,KUB,Robert Kubica,Polish,88,1984-12-07,williams,Williams,British,20,18,18,0.0,51,+2 Laps,0,0,0,0
2019,8,French Grand Prix,2019-06-23,ricard,Circuit Paul Ricard,Le Castellet,France,43.2506,5.79167,russell,RUS,George Russell,British,63,1998-02-15,williams,Williams,British,19,20,19,0.0,51,+2 Laps,0,0,0,0
2019,8,French Grand Prix,2019-06-23,ricard,Circuit Paul Ricard,Le Castellet,France,43.2506,5.79167,grosjean,GRO,Romain Grosjean,French,8,1986-04-17,haas,Haas F1 Team,American,17,16,20,0.0,44,Retired,0,0,0,1
2019,9,Austrian Grand Prix,2019-06-30,red_bull_ring,Red Bull Ring,Spielberg,Austria,47.2197,14.7647,max_verstappen,VER,Max Verstappen,Dutch,3,1997-09-30,red_bull,Red Bull,Austrian,3,2,1,26.0,71,Finished,1,1,1,0
2019,9,Austrian Grand Prix,2019-06-30,red_bull_ring,Red Bull Ring,Spielberg,Austria,47.2197,14.7647,leclerc,LEC,Charles Leclerc,Monegasque,16,1997-10-16,ferrari,Ferrari,Italian,1,1,2,18.0,71,Finished,0,1,1,0
2019,9,Austrian Grand Prix,2019-06-30,red_bull_ring,Red Bull Ring,Spielberg,Austria,47.2197,14.7647,bottas,BOT,Valtteri Bottas,Finnish,77,1989-08-28,mercedes,Mercedes,German,4,3,3,15.0,71,Finished,0,1,1,0
2019,9,Austrian Grand Prix,2019-06-30,red_bull_ring,Red Bull Ring,Spielberg,Austria,47.2197,14.7647,vettel,VET,Sebastian Vettel,German,5,1987-07-03,ferrari,Ferrari,Italian,10,9,4,12.0,71,Finished,0,0,1,0
2019,9,Austrian Grand Prix,2019-06-30,red_bull_ring,Red Bull Ring,Spielberg,Austria,47.2197,14.7647,hamilton,HAM,Lewis Hamilton,British,44,1985-01-07,mercedes,Mercedes,German,2,4,5,10.0,71,Finished,0,0,1,0
2019,9,Austrian Grand Prix,2019-06-30,red_bull_ring,Red Bull Ring,Spielberg,Austria,47.2197,14.7647,norris,NOR,Lando Norris,British,1,1999-11-13,mclaren,McLaren,British,6,5,6,8.0,70,+1 Lap,0,0,1,0
2019,9,Austrian Grand Prix,2019-06-30,red_bull_ring,Red Bull Ring,Spielberg,Austria,47.2197,14.7647,gasly,GAS,Pierre Gasly,French,10,1996-02-07,red_bull,Red Bull,Austrian,9,8,7,6.0,70,+1 Lap,0,0,1,0
2019,9,Austrian Grand Prix,2019-06-30,red_bull_ring,Red Bull Ring,Spielberg,Austria,47.2197,14.7647,sainz,SAI,Carlos Sainz,Spanish,55,1994-09-01,mclaren,McLaren,British,15,19,8,4.0,70,+1 Lap,0,0,1,0
2019,9,Austrian Grand Prix,2019-06-30,red_bull_ring,Red Bull Ring,Spielberg,Austria,47.2197,14.7647,raikkonen,RAI,Kimi Räikkönen,Finnish,7,1979-10-17,alfa,Alfa Romeo,Swiss,7,6,9,2.0,70,+1 Lap,0,0,1,0
2019,9,Austrian Grand Prix,2019-06-30,red_bull_ring,Red Bull Ring,Spielberg,Austria,47.2197,14.7647,giovinazzi,GIO,Antonio Giovinazzi,Italian,99,1993-12-14,alfa,Alfa Romeo,Swiss,8,7,10,1.0,70,+1 Lap,0,0,1,0
2019,9,Austrian Grand Prix,2019-06-30,red_bull_ring,Red Bull Ring,Spielberg,Austria,47.2197,14.7647,perez,PER,Sergio Pérez,Mexican,11,1990-01-26,racing_point,Racing Point,British,16,13,11,0.0,70,+1 Lap,0,0,0,0
2019,9,Austrian Grand Prix,2019-06-30,red_bull_ring,Red Bull Ring,Spielberg,Austria,47.2197,14.7647,ricciardo,RIC,Daniel Ricciardo,Australian,3,1989-07-01,renault,Renault,French,14,12,12,0.0,70,+1 Lap,0,0,0,0
2019,9,Austrian Grand Prix,2019-06-30,red_bull_ring,Red Bull Ring,Spielberg,Austria,47.2197,14.7647,hulkenberg,HUL,Nico Hülkenberg,German,27,1987-08-19,renault,Renault,French,12,15,13,0.0,70,+1 Lap,0,0,0,0
2019,9,Austrian Grand Prix,2019-06-30,red_bull_ring,Red Bull Ring,Spielberg,Austria,47.2197,14.7647,stroll,STR,Lance Stroll,Canadian,18,1998-10-29,racing_point,Racing Point,British,17,14,14,0.0,70,+1 Lap,0,0,0,0
2019,9,Austrian Grand Prix,2019-06-30,red_bull_ring,Red Bull Ring,Spielberg,Austria,47.2197,14.7647,albon,ALB,Alexander Albon,Thai,23,1996-03-23,toro_rosso,Toro Rosso,Italian,13,18,15,0.0,70,+1 Lap,0,0,0,0
2019,9,Austrian Grand Prix,2019-06-30,red_bull_ring,Red Bull Ring,Spielberg,Austria,47.2197,14.7647,grosjean,GRO,Romain Grosjean,French,8,1986-04-17,haas,Haas F1 Team,American,11,11,16,0.0,70,+1 Lap,0,0,0,0
2019,9,Austrian Grand Prix,2019-06-30,red_bull_ring,Red Bull Ring,Spielberg,Austria,47.2197,14.7647,kvyat,KVY,Daniil Kvyat,Russian,26,1994-04-26,toro_rosso,Toro Rosso,Italian,18,16,17,0.0,70,+1 Lap,0,0,0,0
2019,9,Austrian Grand Prix,2019-06-30,red_bull_ring,Red Bull Ring,Spielberg,Austria,47.2197,14.7647,russell,RUS,George Russell,British,63,1998-02-15,williams,Williams,British,19,0,18,0.0,69,+2 Laps,0,0,0,0
2019,9,Austrian Grand Prix,2019-06-30,red_bull_ring,Red Bull Ring,Spielberg,Austria,47.2197,14.7647,kevin_magnussen,MAG,Kevin Magnussen,Danish,20,1992-10-05,haas,Haas F1 Team,American,5,10,19,0.0,69,+2 Laps,0,0,0,0
2019,9,Austrian Grand Prix,2019-06-30,red_bull_ring,Red Bull Ring,Spielberg,Austria,47.2197,14.7647,kubica,KUB,Robert Kubica,Polish,88,1984-12-07,williams,Williams,British,20,17,20,0.0,68,+3 Laps,0,0,0,0
2019,10,British Grand Prix,2019-07-14,silverstone,Silverstone Circuit,Silverstone,UK,52.0786,-1.01694,hamilton,HAM,Lewis Hamilton,British,44,1985-01-07,mercedes,Mercedes,German,2,2,1,26.0,52,Finished,1,1,1,0
2019,10,British Grand Prix,2019-07-14,silverstone,Silverstone Circuit,Silverstone,UK,52.0786,-1.01694,bottas,BOT,Valtteri Bottas,Finnish,77,1989-08-28,mercedes,Mercedes,German,1,1,2,18.0,52,Finished,0,1,1,0
2019,10,British Grand Prix,2019-07-14,silverstone,Silverstone Circuit,Silverstone,UK,52.0786,-1.01694,leclerc,LEC,Charles Leclerc,Monegasque,16,1997-10-16,ferrari,Ferrari,Italian,3,3,3,15.0,52,Finished,0,1,1,0
2019,10,British Grand Prix,2019-07-14,silverstone,Silverstone Circuit,Silverstone,UK,52.0786,-1.01694,gasly,GAS,Pierre Gasly,French,10,1996-02-07,red_bull,Red Bull,Austrian,5,5,4,12.0,52,Finished,0,0,1,0
2019,10,British Grand Prix,2019-07-14,silverstone,Silverstone Circuit,Silverstone,UK,52.0786,-1.01694,max_verstappen,VER,Max Verstappen,Dutch,3,1997-09-30,red_bull,Red Bull,Austrian,4,4,5,10.0,52,Finished,0,0,1,0
2019,10,British Grand Prix,2019-07-14,silverstone,Silverstone Circuit,Silverstone,UK,52.0786,-1.01694,sainz,SAI,Carlos Sainz,Spanish,55,1994-09-01,mclaren,McLaren,British,13,13,6,8.0,52,Finished,0,0,1,0
2019,10,British Grand Prix,2019-07-14,silverstone,Silverstone Circuit,Silverstone,UK,52.0786,-1.01694,ricciardo,RIC,Daniel Ricciardo,Australian,3,1989-07-01,renault,Renault,French,7,7,7,6.0,52,Finished,0,0,1,0
2019,10,British Grand Prix,2019-07-14,silverstone,Silverstone Circuit,Silverstone,UK,52.0786,-1.01694,raikkonen,RAI,Kimi Räikkönen,Finnish,7,1979-10-17,alfa,Alfa Romeo,Swiss,12,12,8,4.0,52,Finished,0,0,1,0
2019,10,British Grand Prix,2019-07-14,silverstone,Silverstone Circuit,Silverstone,UK,52.0786,-1.01694,kvyat,KVY,Daniil Kvyat,Russian,26,1994-04-26,toro_rosso,Toro Rosso,Italian,17,17,9,2.0,52,Finished,0,0,1,0
2019,10,British Grand Prix,2019-07-14,silverstone,Silverstone Circuit,Silverstone,UK,52.0786,-1.01694,hulkenberg,HUL,Nico Hülkenberg,German,27,1987-08-19,renault,Renault,French,10,10,10,1.0,52,Finished,0,0,1,0
2019,10,British Grand Prix,2019-07-14,silverstone,Silverstone Circuit,Silverstone,UK,52.0786,-1.01694,norris,NOR,Lando Norris,British,1,1999-11-13,mclaren,McLaren,British,8,8,11,0.0,52,Finished,0,0,0,0
2019,10,British Grand Prix,2019-07-14,silverstone,Silverstone Circuit,Silverstone,UK,52.0786,-1.01694,albon,ALB,Alexander Albon,Thai,23,1996-03-23,toro_rosso,Toro Rosso,Italian,9,9,12,0.0,52,Finished,0,0,0,0
2019,10,British Grand Prix,2019-07-14,silverstone,Silverstone Circuit,Silverstone,UK,52.0786,-1.01694,stroll,STR,Lance Stroll,Canadian,18,1998-10-29,racing_point,Racing Point,British,18,18,13,0.0,52,Finished,0,0,0,0
2019,10,British Grand Prix,2019-07-14,silverstone,Silverstone Circuit,Silverstone,UK,52.0786,-1.01694,russell,RUS,George Russell,British,63,1998-02-15,williams,Williams,British,19,19,14,0.0,51,+1 Lap,0,0,0,0
2019,10,British Grand Prix,2019-07-14,silverstone,Silverstone Circuit,Silverstone,UK,52.0786,-1.01694,kubica,KUB,Robert Kubica,Polish,88,1984-12-07,williams,Williams,British,20,20,15,0.0,51,+1 Lap,0,0,0,0
2019,10,British Grand Prix,2019-07-14,silverstone,Silverstone Circuit,Silverstone,UK,52.0786,-1.01694,vettel,VET,Sebastian Vettel,German,5,1987-07-03,ferrari,Ferrari,Italian,6,6,16,0.0,51,+1 Lap,0,0,0,0
2019,10,British Grand Prix,2019-07-14,silverstone,Silverstone Circuit,Silverstone,UK,52.0786,-1.01694,perez,PER,Sergio Pérez,Mexican,11,1990-01-26,racing_point,Racing Point,British,15,15,17,0.0,51,+1 Lap,0,0,0,0
2019,10,British Grand Prix,2019-07-14,silverstone,Silverstone Circuit,Silverstone,UK,52.0786,-1.01694,giovinazzi,GIO,Antonio Giovinazzi,Italian,99,1993-12-14,alfa,Alfa Romeo,Swiss,11,11,18,0.0,18,Spun off,0,0,0,0
2019,10,British Grand Prix,2019-07-14,silverstone,Silverstone Circuit,Silverstone,UK,52.0786,-1.01694,grosjean,GRO,Romain Grosjean,French,8,1986-04-17,haas,Haas F1 Team,American,14,14,19,0.0,9,Collision,0,0,0,1
2019,10,British Grand Prix,2019-07-14,silverstone,Silverstone Circuit,Silverstone,UK,52.0786,-1.01694,kevin_magnussen,MAG,Kevin Magnussen,Danish,20,1992-10-05,haas,Haas F1 Team,American,16,16,20,0.0,6,Collision,0,0,0,1
2019,11,German Grand Prix,2019-07-28,hockenheimring,Hockenheimring,Hockenheim,Germany,49.3278,8.56583,max_verstappen,VER,Max Verstappen,Dutch,3,1997-09-30,red_bull,Red Bull,Austrian,2,2,1,26.0,64,Finished,1,1,1,0
2019,11,German Grand Prix,2019-07-28,hockenheimring,Hockenheimring,Hockenheim,Germany,49.3278,8.56583,vettel,VET,Sebastian Vettel,German,5,1987-07-03,ferrari,Ferrari,Italian,20,20,2,18.0,64,Finished,0,1,1,0
2019,11,German Grand Prix,2019-07-28,hockenheimring,Hockenheimring,Hockenheim,Germany,49.3278,8.56583,kvyat,KVY,Daniil Kvyat,Russian,26,1994-04-26,toro_rosso,Toro Rosso,Italian,14,14,3,15.0,64,Finished,0,1,1,0
2019,11,German Grand Prix,2019-07-28,hockenheimring,Hockenheimring,Hockenheim,Germany,49.3278,8.56583,stroll,STR,Lance Stroll,Canadian,18,1998-10-29,racing_point,Racing Point,British,15,15,4,12.0,64,Finished,0,0,1,0
2019,11,German Grand Prix,2019-07-28,hockenheimring,Hockenheimring,Hockenheim,Germany,49.3278,8.56583,sainz,SAI,Carlos Sainz,Spanish,55,1994-09-01,mclaren,McLaren,British,7,7,5,10.0,64,Finished,0,0,1,0
2019,11,German Grand Prix,2019-07-28,hockenheimring,Hockenheimring,Hockenheim,Germany,49.3278,8.56583,albon,ALB,Alexander Albon,Thai,23,1996-03-23,toro_rosso,Toro Rosso,Italian,17,16,6,8.0,64,Finished,0,0,1,0
2019,11,German Grand Prix,2019-07-28,hockenheimring,Hockenheimring,Hockenheim,Germany,49.3278,8.56583,grosjean,GRO,Romain Grosjean,French,8,1986-04-17,haas,Haas F1 Team,American,6,6,7,6.0,64,Finished,0,0,1,0
2019,11,German Grand Prix,2019-07-28,hockenheimring,Hockenheimring,Hockenheim,Germany,49.3278,8.56583,kevin_magnussen,MAG,Kevin Magnussen,Danish,20,1992-10-05,haas,Haas F1 Team,American,12,12,8,4.0,64,Finished,0,0,1,0
2019,11,German Grand Prix,2019-07-28,hockenheimring,Hockenheimring,Hockenheim,Germany,49.3278,8.56583,hamilton,HAM,Lewis Hamilton,British,44,1985-01-07,mercedes,Mercedes,German,1,1,9,2.0,64,Finished,0,0,1,0
2019,11,German Grand Prix,2019-07-28,hockenheimring,Hockenheimring,Hockenheim,Germany,49.3278,8.56583,kubica,KUB,Robert Kubica,Polish,88,1984-12-07,williams,Williams,British,19,18,10,1.0,64,Finished,0,0,1,0
2019,11,German Grand Prix,2019-07-28,hockenheimring,Hockenheimring,Hockenheim,Germany,49.3278,8.56583,russell,RUS,George Russell,British,63,1998-02-15,williams,Williams,British,18,17,11,0.0,64,Finished,0,0,0,0
2019,11,German Grand Prix,2019-07-28,hockenheimring,Hockenheimring,Hockenheim,Germany,49.3278,8.56583,raikkonen,RAI,Kimi Räikkönen,Finnish,7,1979-10-17,alfa,Alfa Romeo,Swiss,5,5,12,0.0,64,Finished,0,0,0,0
2019,11,German Grand Prix,2019-07-28,hockenheimring,Hockenheimring,Hockenheim,Germany,49.3278,8.56583,giovinazzi,GIO,Antonio Giovinazzi,Italian,99,1993-12-14,alfa,Alfa Romeo,Swiss,11,11,13,0.0,64,Finished,0,0,0,0
2019,11,German Grand Prix,2019-07-28,hockenheimring,Hockenheimring,Hockenheim,Germany,49.3278,8.56583,gasly,GAS,Pierre Gasly,French,10,1996-02-07,red_bull,Red Bull,Austrian,4,4,14,0.0,61,Collision,0,0,0,1
2019,11,German Grand Prix,2019-07-28,hockenheimring,Hockenheimring,Hockenheim,Germany,49.3278,8.56583,bottas,BOT,Valtteri Bottas,Finnish,77,1989-08-28,mercedes,Mercedes,German,3,3,15,0.0,56,Accident,0,0,0,1
2019,11,German Grand Prix,2019-07-28,hockenheimring,Hockenheimring,Hockenheim,Germany,49.3278,8.56583,hulkenberg,HUL,Nico Hülkenberg,German,27,1987-08-19,renault,Renault,French,9,9,16,0.0,39,Accident,0,0,0,1
2019,11,German Grand Prix,2019-07-28,hockenheimring,Hockenheimring,Hockenheim,Germany,49.3278,8.56583,leclerc,LEC,Charles Leclerc,Monegasque,16,1997-10-16,ferrari,Ferrari,Italian,10,10,17,0.0,27,Accident,0,0,0,1
2019,11,German Grand Prix,2019-07-28,hockenheimring,Hockenheimring,Hockenheim,Germany,49.3278,8.56583,norris,NOR,Lando Norris,British,1,1999-11-13,mclaren,McLaren,British,16,19,18,0.0,25,Power loss,0,0,0,0
2019,11,German Grand Prix,2019-07-28,hockenheimring,Hockenheimring,Hockenheim,Germany,49.3278,8.56583,ricciardo,RIC,Daniel Ricciardo,Australian,3,1989-07-01,renault,Renault,French,13,13,19,0.0,13,Exhaust,0,0,0,0
2019,11,German Grand Prix,2019-07-28,hockenheimring,Hockenheimring,Hockenheim,Germany,49.3278,8.56583,perez,PER,Sergio Pérez,Mexican,11,1990-01-26,racing_point,Racing Point,British,8,8,20,0.0,1,Spun off,0,0,0,0
2019,12,Hungarian Grand Prix,2019-08-04,hungaroring,Hungaroring,Budapest,Hungary,47.5789,19.2486,hamilton,HAM,Lewis Hamilton,British,44,1985-01-07,mercedes,Mercedes,German,3,3,1,25.0,70,Finished,1,1,1,0
2019,12,Hungarian Grand Prix,2019-08-04,hungaroring,Hungaroring,Budapest,Hungary,47.5789,19.2486,max_verstappen,VER,Max Verstappen,Dutch,3,1997-09-30,red_bull,Red Bull,Austrian,1,1,2,19.0,70,Finished,0,1,1,0
2019,12,Hungarian Grand Prix,2019-08-04,hungaroring,Hungaroring,Budapest,Hungary,47.5789,19.2486,vettel,VET,Sebastian Vettel,German,5,1987-07-03,ferrari,Ferrari,Italian,5,5,3,15.0,70,Finished,0,1,1,0
2019,12,Hungarian Grand Prix,2019-08-04,hungaroring,Hungaroring,Budapest,Hungary,47.5789,19.2486,leclerc,LEC,Charles Leclerc,Monegasque,16,1997-10-16,ferrari,Ferrari,Italian,4,4,4,12.0,70,Finished,0,0,1,0
2019,12,Hungarian Grand Prix,2019-08-04,hungaroring,Hungaroring,Budapest,Hungary,47.5789,19.2486,sainz,SAI,Carlos Sainz,Spanish,55,1994-09-01,mclaren,McLaren,British,8,8,5,10.0,69,+1 Lap,0,0,1,0
2019,12,Hungarian Grand Prix,2019-08-04,hungaroring,Hungaroring,Budapest,Hungary,47.5789,19.2486,gasly,GAS,Pierre Gasly,French,10,1996-02-07,red_bull,Red Bull,Austrian,6,6,6,8.0,69,+1 Lap,0,0,1,0
2019,12,Hungarian Grand Prix,2019-08-04,hungaroring,Hungaroring,Budapest,Hungary,47.5789,19.2486,raikkonen,RAI,Kimi Räikkönen,Finnish,7,1979-10-17,alfa,Alfa Romeo,Swiss,10,10,7,6.0,69,+1 Lap,0,0,1,0
2019,12,Hungarian Grand Prix,2019-08-04,hungaroring,Hungaroring,Budapest,Hungary,47.5789,19.2486,bottas,BOT,Valtteri Bottas,Finnish,77,1989-08-28,mercedes,Mercedes,German,2,2,8,4.0,69,+1 Lap,0,0,1,0
2019,12,Hungarian Grand Prix,2019-08-04,hungaroring,Hungaroring,Budapest,Hungary,47.5789,19.2486,norris,NOR,Lando Norris,British,1,1999-11-13,mclaren,McLaren,British,7,7,9,2.0,69,+1 Lap,0,0,1,0
2019,12,Hungarian Grand Prix,2019-08-04,hungaroring,Hungaroring,Budapest,Hungary,47.5789,19.2486,albon,ALB,Alexander Albon,Thai,23,1996-03-23,toro_rosso,Toro Rosso,Italian,12,12,10,1.0,69,+1 Lap,0,0,1,0
2019,12,Hungarian Grand Prix,2019-08-04,hungaroring,Hungaroring,Budapest,Hungary,47.5789,19.2486,perez,PER,Sergio Pérez,Mexican,11,1990-01-26,racing_point,Racing Point,British,17,16,11,0.0,69,+1 Lap,0,0,0,0
2019,12,Hungarian Grand Prix,2019-08-04,hungaroring,Hungaroring,Budapest,Hungary,47.5789,19.2486,hulkenberg,HUL,Nico Hülkenberg,German,27,1987-08-19,renault,Renault,French,11,11,12,0.0,69,+1 Lap,0,0,0,0
2019,12,Hungarian Grand Prix,2019-08-04,hungaroring,Hungaroring,Budapest,Hungary,47.5789,19.2486,kevin_magnussen,MAG,Kevin Magnussen,Danish,20,1992-10-05,haas,Haas F1 Team,American,15,14,13,0.0,69,+1 Lap,0,0,0,0
2019,12,Hungarian Grand Prix,2019-08-04,hungaroring,Hungaroring,Budapest,Hungary,47.5789,19.2486,ricciardo,RIC,Daniel Ricciardo,Australian,3,1989-07-01,renault,Renault,French,18,20,14,0.0,69,+1 Lap,0,0,0,0
2019,12,Hungarian Grand Prix,2019-08-04,hungaroring,Hungaroring,Budapest,Hungary,47.5789,19.2486,kvyat,KVY,Daniil Kvyat,Russian,26,1994-04-26,toro_rosso,Toro Rosso,Italian,13,13,15,0.0,68,+2 Laps,0,0,0,0
2019,12,Hungarian Grand Prix,2019-08-04,hungaroring,Hungaroring,Budapest,Hungary,47.5789,19.2486,russell,RUS,George Russell,British,63,1998-02-15,williams,Williams,British,16,15,16,0.0,68,+2 Laps,0,0,0,0
2019,12,Hungarian Grand Prix,2019-08-04,hungaroring,Hungaroring,Budapest,Hungary,47.5789,19.2486,stroll,STR,Lance Stroll,Canadian,18,1998-10-29,racing_point,Racing Point,British,19,18,17,0.0,68,+2 Laps,0,0,0,0
2019,12,Hungarian Grand Prix,2019-08-04,hungaroring,Hungaroring,Budapest,Hungary,47.5789,19.2486,giovinazzi,GIO,Antonio Giovinazzi,Italian,99,1993-12-14,alfa,Alfa Romeo,Swiss,14,17,18,0.0,68,+2 Laps,0,0,0,0
2019,12,Hungarian Grand Prix,2019-08-04,hungaroring,Hungaroring,Budapest,Hungary,47.5789,19.2486,kubica,KUB,Robert Kubica,Polish,88,1984-12-07,williams,Williams,British,20,19,19,0.0,67,+3 Laps,0,0,0,0
2019,12,Hungarian Grand Prix,2019-08-04,hungaroring,Hungaroring,Budapest,Hungary,47.5789,19.2486,grosjean,GRO,Romain Grosjean,French,8,1986-04-17,haas,Haas F1 Team,American,9,9,20,0.0,49,Water pressure,0,0,0,0
2019,13,Belgian Grand Prix,2019-09-01,spa,Circuit de Spa-Francorchamps,Spa,Belgium,50.4372,5.97139,leclerc,LEC,Charles Leclerc,Monegasque,16,1997-10-16,ferrari,Ferrari,Italian,1,1,1,25.0,44,Finished,1,1,1,0
2019,13,Belgian Grand Prix,2019-09-01,spa,Circuit de Spa-Francorchamps,Spa,Belgium,50.4372,5.97139,hamilton,HAM,Lewis Hamilton,British,44,1985-01-07,mercedes,Mercedes,German,3,3,2,18.0,44,Finished,0,1,1,0
2019,13,Belgian Grand Prix,2019-09-01,spa,Circuit de Spa-Francorchamps,Spa,Belgium,50.4372,5.97139,bottas,BOT,Valtteri Bottas,Finnish,77,1989-08-28,mercedes,Mercedes,German,4,4,3,15.0,44,Finished,0,1,1,0
2019,13,Belgian Grand Prix,2019-09-01,spa,Circuit de Spa-Francorchamps,Spa,Belgium,50.4372,5.97139,vettel,VET,Sebastian Vettel,German,5,1987-07-03,ferrari,Ferrari,Italian,2,2,4,13.0,44,Finished,0,0,1,0
2019,13,Belgian Grand Prix,2019-09-01,spa,Circuit de Spa-Francorchamps,Spa,Belgium,50.4372,5.97139,albon,ALB,Alexander Albon,Thai,23,1996-03-23,red_bull,Red Bull,Austrian,14,17,5,10.0,44,Finished,0,0,1,0
2019,13,Belgian Grand Prix,2019-09-01,spa,Circuit de Spa-Francorchamps,Spa,Belgium,50.4372,5.97139,perez,PER,Sergio Pérez,Mexican,11,1990-01-26,racing_point,Racing Point,British,9,7,6,8.0,44,Finished,0,0,1,0
2019,13,Belgian Grand Prix,2019-09-01,spa,Circuit de Spa-Francorchamps,Spa,Belgium,50.4372,5.97139,kvyat,KVY,Daniil Kvyat,Russian,26,1994-04-26,toro_rosso,Toro Rosso,Italian,18,19,7,6.0,44,Finished,0,0,1,0
2019,13,Belgian Grand Prix,2019-09-01,spa,Circuit de Spa-Francorchamps,Spa,Belgium,50.4372,5.97139,hulkenberg,HUL,Nico Hülkenberg,German,27,1987-08-19,renault,Renault,French,7,12,8,4.0,44,Finished,0,0,1,0
2019,13,Belgian Grand Prix,2019-09-01,spa,Circuit de Spa-Francorchamps,Spa,Belgium,50.4372,5.97139,gasly,GAS,Pierre Gasly,French,10,1996-02-07,toro_rosso,Toro Rosso,Italian,16,13,9,2.0,44,Finished,0,0,1,0
2019,13,Belgian Grand Prix,2019-09-01,spa,Circuit de Spa-Francorchamps,Spa,Belgium,50.4372,5.97139,stroll,STR,Lance Stroll,Canadian,18,1998-10-29,racing_point,Racing Point,British,13,16,10,1.0,44,Finished,0,0,1,0
2019,13,Belgian Grand Prix,2019-09-01,spa,Circuit de Spa-Francorchamps,Spa,Belgium,50.4372,5.97139,norris,NOR,Lando Norris,British,1,1999-11-13,mclaren,McLaren,British,12,11,11,0.0,43,Engine,0,0,0,1
2019,13,Belgian Grand Prix,2019-09-01,spa,Circuit de Spa-Francorchamps,Spa,Belgium,50.4372,5.97139,kevin_magnussen,MAG,Kevin Magnussen,Danish,20,1992-10-05,haas,Haas F1 Team,American,10,8,12,0.0,43,+1 Lap,0,0,0,0
2019,13,Belgian Grand Prix,2019-09-01,spa,Circuit de Spa-Francorchamps,Spa,Belgium,50.4372,5.97139,grosjean,GRO,Romain Grosjean,French,8,1986-04-17,haas,Haas F1 Team,American,11,9,13,0.0,43,+1 Lap,0,0,0,0
2019,13,Belgian Grand Prix,2019-09-01,spa,Circuit de Spa-Francorchamps,Spa,Belgium,50.4372,5.97139,ricciardo,RIC,Daniel Ricciardo,Australian,3,1989-07-01,renault,Renault,French,6,10,14,0.0,43,+1 Lap,0,0,0,0
2019,13,Belgian Grand Prix,2019-09-01,spa,Circuit de Spa-Francorchamps,Spa,Belgium,50.4372,5.97139,russell,RUS,George Russell,British,63,1998-02-15,williams,Williams,British,19,14,15,0.0,43,+1 Lap,0,0,0,0
2019,13,Belgian Grand Prix,2019-09-01,spa,Circuit de Spa-Francorchamps,Spa,Belgium,50.4372,5.97139,raikkonen,RAI,Kimi Räikkönen,Finnish,7,1979-10-17,alfa,Alfa Romeo,Swiss,8,6,16,0.0,43,+1 Lap,0,0,0,0
2019,13,Belgian Grand Prix,2019-09-01,spa,Circuit de Spa-Francorchamps,Spa,Belgium,50.4372,5.97139,kubica,KUB,Robert Kubica,Polish,88,1984-12-07,williams,Williams,British,20,0,17,0.0,43,+1 Lap,0,0,0,0
2019,13,Belgian Grand Prix,2019-09-01,spa,Circuit de Spa-Francorchamps,Spa,Belgium,50.4372,5.97139,giovinazzi,GIO,Antonio Giovinazzi,Italian,99,1993-12-14,alfa,Alfa Romeo,Swiss,15,18,18,0.0,42,Accident,0,0,0,1
2019,13,Belgian Grand Prix,2019-09-01,spa,Circuit de Spa-Francorchamps,Spa,Belgium,50.4372,5.97139,sainz,SAI,Carlos Sainz,Spanish,55,1994-09-01,mclaren,McLaren,British,17,15,19,0.0,1,Power loss,0,0,0,0
2019,13,Belgian Grand Prix,2019-09-01,spa,Circuit de Spa-Francorchamps,Spa,Belgium,50.4372,5.97139,max_verstappen,VER,Max Verstappen,Dutch,3,1997-09-30,red_bull,Red Bull,Austrian,5,5,20,0.0,0,Accident,0,0,0,1
2019,14,Italian Grand Prix,2019-09-08,monza,Autodromo Nazionale di Monza,Monza,Italy,45.6156,9.28111,leclerc,LEC,Charles Leclerc,Monegasque,16,1997-10-16,ferrari,Ferrari,Italian,1,1,1,25.0,53,Finished,1,1,1,0
2019,14,Italian Grand Prix,2019-09-08,monza,Autodromo Nazionale di Monza,Monza,Italy,45.6156,9.28111,bottas,BOT,Valtteri Bottas,Finnish,77,1989-08-28,mercedes,Mercedes,German,3,3,2,18.0,53,Finished,0,1,1,0
2019,14,Italian Grand Prix,2019-09-08,monza,Autodromo Nazionale di Monza,Monza,Italy,45.6156,9.28111,hamilton,HAM,Lewis Hamilton,British,44,1985-01-07,mercedes,Mercedes,German,2,2,3,16.0,53,Finished,0,1,1,0
2019,14,Italian Grand Prix,2019-09-08,monza,Autodromo Nazionale di Monza,Monza,Italy,45.6156,9.28111,ricciardo,RIC,Daniel Ricciardo,Australian,3,1989-07-01,renault,Renault,French,5,5,4,12.0,53,Finished,0,0,1,0
2019,14,Italian Grand Prix,2019-09-08,monza,Autodromo Nazionale di Monza,Monza,Italy,45.6156,9.28111,hulkenberg,HUL,Nico Hülkenberg,German,27,1987-08-19,renault,Renault,French,6,6,5,10.0,53,Finished,0,0,1,0
2019,14,Italian Grand Prix,2019-09-08,monza,Autodromo Nazionale di Monza,Monza,Italy,45.6156,9.28111,albon,ALB,Alexander Albon,Thai,23,1996-03-23,red_bull,Red Bull,Austrian,8,8,6,8.0,53,Finished,0,0,1,0
2019,14,Italian Grand Prix,2019-09-08,monza,Autodromo Nazionale di Monza,Monza,Italy,45.6156,9.28111,perez,PER,Sergio Pérez,Mexican,11,1990-01-26,racing_point,Racing Point,British,17,18,7,6.0,53,Finished,0,0,1,0
2019,14,Italian Grand Prix,2019-09-08,monza,Autodromo Nazionale di Monza,Monza,Italy,45.6156,9.28111,max_verstappen,VER,Max Verstappen,Dutch,3,1997-09-30,red_bull,Red Bull,Austrian,20,19,8,4.0,53,Finished,0,0,1,0
2019,14,Italian Grand Prix,2019-09-08,monza,Autodromo Nazionale di Monza,Monza,Italy,45.6156,9.28111,giovinazzi,GIO,Antonio Giovinazzi,Italian,99,1993-12-14,alfa,Alfa Romeo,Swiss,11,10,9,2.0,52,+1 Lap,0,0,1,0
2019,14,Italian Grand Prix,2019-09-08,monza,Autodromo Nazionale di Monza,Monza,Italy,45.6156,9.28111,norris,NOR,Lando Norris,British,1,1999-11-13,mclaren,McLaren,British,14,16,10,1.0,52,+1 Lap,0,0,1,0
2019,14,Italian Grand Prix,2019-09-08,monza,Autodromo Nazionale di Monza,Monza,Italy,45.6156,9.28111,gasly,GAS,Pierre Gasly,French,10,1996-02-07,toro_rosso,Toro Rosso,Italian,15,17,11,0.0,52,+1 Lap,0,0,0,0
2019,14,Italian Grand Prix,2019-09-08,monza,Autodromo Nazionale di Monza,Monza,Italy,45.6156,9.28111,stroll,STR,Lance Stroll,Canadian,18,1998-10-29,racing_point,Racing Point,British,9,9,12,0.0,52,+1 Lap,0,0,0,0
2019,14,Italian Grand Prix,2019-09-08,monza,Autodromo Nazionale di Monza,Monza,Italy,45.6156,9.28111,vettel,VET,Sebastian Vettel,German,5,1987-07-03,ferrari,Ferrari,Italian,4,4,13,0.0,52,+1 Lap,0,0,0,0
2019,14,Italian Grand Prix,2019-09-08,monza,Autodromo Nazionale di Monza,Monza,Italy,45.6156,9.28111,russell,RUS,George Russell,British,63,1998-02-15,williams,Williams,British,18,14,14,0.0,52,+1 Lap,0,0,0,0
2019,14,Italian Grand Prix,2019-09-08,monza,Autodromo Nazionale di Monza,Monza,Italy,45.6156,9.28111,raikkonen,RAI,Kimi Räikkönen,Finnish,7,1979-10-17,alfa,Alfa Romeo,Swiss,10,0,15,0.0,52,+1 Lap,0,0,0,0
2019,14,Italian Grand Prix,2019-09-08,monza,Autodromo Nazionale di Monza,Monza,Italy,45.6156,9.28111,grosjean,GRO,Romain Grosjean,French,8,1986-04-17,haas,Haas F1 Team,American,16,13,16,0.0,52,+1 Lap,0,0,0,0
2019,14,Italian Grand Prix,2019-09-08,monza,Autodromo Nazionale di Monza,Monza,Italy,45.6156,9.28111,kubica,KUB,Robert Kubica,Polish,88,1984-12-07,williams,Williams,British,19,15,17,0.0,51,+2 Laps,0,0,0,0
2019,14,Italian Grand Prix,2019-09-08,monza,Autodromo Nazionale di Monza,Monza,Italy,45.6156,9.28111,kevin_magnussen,MAG,Kevin Magnussen,Danish,20,1992-10-05,haas,Haas F1 Team,American,12,11,18,0.0,43,Hydraulics,0,0,0,1
2019,14,Italian Grand Prix,2019-09-08,monza,Autodromo Nazionale di Monza,Monza,Italy,45.6156,9.28111,kvyat,KVY,Daniil Kvyat,Russian,26,1994-04-26,toro_rosso,Toro Rosso,Italian,13,12,19,0.0,29,Engine,0,0,0,1
2019,14,Italian Grand Prix,2019-09-08,monza,Autodromo Nazionale di Monza,Monza,Italy,45.6156,9.28111,sainz,SAI,Carlos Sainz,Spanish,55,1994-09-01,mclaren,McLaren,British,7,7,20,0.0,27,Wheel,0,0,0,0
2019,15,Singapore Grand Prix,2019-09-22,marina_bay,Marina Bay Street Circuit,Marina Bay,Singapore,1.2914,103.864,vettel,VET,Sebastian Vettel,German,5,1987-07-03,ferrari,Ferrari,Italian,3,3,1,25.0,61,Finished,1,1,1,0
2019,15,Singapore Grand Prix,2019-09-22,marina_bay,Marina Bay Street Circuit,Marina Bay,Singapore,1.2914,103.864,leclerc,LEC,Charles Leclerc,Monegasque,16,1997-10-16,ferrari,Ferrari,Italian,1,1,2,18.0,61,Finished,0,1,1,0
2019,15,Singapore Grand Prix,2019-09-22,marina_bay,Marina Bay Street Circuit,Marina Bay,Singapore,1.2914,103.864,max_verstappen,VER,Max Verstappen,Dutch,3,1997-09-30,red_bull,Red Bull,Austrian,4,4,3,15.0,61,Finished,0,1,1,0
2019,15,Singapore Grand Prix,2019-09-22,marina_bay,Marina Bay Street Circuit,Marina Bay,Singapore,1.2914,103.864,hamilton,HAM,Lewis Hamilton,British,44,1985-01-07,mercedes,Mercedes,German,2,2,4,12.0,61,Finished,0,0,1,0
2019,15,Singapore Grand Prix,2019-09-22,marina_bay,Marina Bay Street Circuit,Marina Bay,Singapore,1.2914,103.864,bottas,BOT,Valtteri Bottas,Finnish,77,1989-08-28,mercedes,Mercedes,German,5,5,5,10.0,61,Finished,0,0,1,0
2019,15,Singapore Grand Prix,2019-09-22,marina_bay,Marina Bay Street Circuit,Marina Bay,Singapore,1.2914,103.864,albon,ALB,Alexander Albon,Thai,23,1996-03-23,red_bull,Red Bull,Austrian,6,6,6,8.0,61,Finished,0,0,1,0
2019,15,Singapore Grand Prix,2019-09-22,marina_bay,Marina Bay Street Circuit,Marina Bay,Singapore,1.2914,103.864,norris,NOR,Lando Norris,British,1,1999-11-13,mclaren,McLaren,British,9,9,7,6.0,61,Finished,0,0,1,0
2019,15,Singapore Grand Prix,2019-09-22,marina_bay,Marina Bay Street Circuit,Marina Bay,Singapore,1.2914,103.864,gasly,GAS,Pierre Gasly,French,10,1996-02-07,toro_rosso,Toro Rosso,Italian,12,11,8,4.0,61,Finished,0,0,1,0
2019,15,Singapore Grand Prix,2019-09-22,marina_bay,Marina Bay Street Circuit,Marina Bay,Singapore,1.2914,103.864,hulkenberg,HUL,Nico Hülkenberg,German,27,1987-08-19,renault,Renault,French,8,8,9,2.0,61,Finished,0,0,1,0
2019,15,Singapore Grand Prix,2019-09-22,marina_bay,Marina Bay Street Circuit,Marina Bay,Singapore,1.2914,103.864,giovinazzi,GIO,Antonio Giovinazzi,Italian,99,1993-12-14,alfa,Alfa Romeo,Swiss,11,10,10,1.0,61,Finished,0,0,1,0
2019,15,Singapore Grand Prix,2019-09-22,marina_bay,Marina Bay Street Circuit,Marina Bay,Singapore,1.2914,103.864,grosjean,GRO,Romain Grosjean,French,8,1986-04-17,haas,Haas F1 Team,American,17,17,11,0.0,61,Finished,0,0,0,0
2019,15,Singapore Grand Prix,2019-09-22,marina_bay,Marina Bay Street Circuit,Marina Bay,Singapore,1.2914,103.864,sainz,SAI,Carlos Sainz,Spanish,55,1994-09-01,mclaren,McLaren,British,7,7,12,0.0,61,Finished,0,0,0,0
2019,15,Singapore Grand Prix,2019-09-22,marina_bay,Marina Bay Street Circuit,Marina Bay,Singapore,1.2914,103.864,stroll,STR,Lance Stroll,Canadian,18,1998-10-29,racing_point,Racing Point,British,16,16,13,0.0,61,Finished,0,0,0,0
2019,15,Singapore Grand Prix,2019-09-22,marina_bay,Marina Bay Street Circuit,Marina Bay,Singapore,1.2914,103.864,ricciardo,RIC,Daniel Ricciardo,Australian,3,1989-07-01,renault,Renault,French,20,20,14,0.0,61,Finished,0,0,0,0
2019,15,Singapore Grand Prix,2019-09-22,marina_bay,Marina Bay Street Circuit,Marina Bay,Singapore,1.2914,103.864,kvyat,KVY,Daniil Kvyat,Russian,26,1994-04-26,toro_rosso,Toro Rosso,Italian,15,14,15,0.0,61,Finished,0,0,0,0
2019,15,Singapore Grand Prix,2019-09-22,marina_bay,Marina Bay Street Circuit,Marina Bay,Singapore,1.2914,103.864,kubica,KUB,Robert Kubica,Polish,88,1984-12-07,williams,Williams,British,19,19,16,0.0,61,Finished,0,0,0,0
2019,15,Singapore Grand Prix,2019-09-22,marina_bay,Marina Bay Street Circuit,Marina Bay,Singapore,1.2914,103.864,kevin_magnussen,MAG,Kevin Magnussen,Danish,20,1992-10-05,haas,Haas F1 Team,American,14,13,17,0.0,61,Finished,0,0,0,0
2019,15,Singapore Grand Prix,2019-09-22,marina_bay,Marina Bay Street Circuit,Marina Bay,Singapore,1.2914,103.864,raikkonen,RAI,Kimi Räikkönen,Finnish,7,1979-10-17,alfa,Alfa Romeo,Swiss,13,12,18,0.0,49,Collision,0,0,0,1
2019,15,Singapore Grand Prix,2019-09-22,marina_bay,Marina Bay Street Circuit,Marina Bay,Singapore,1.2914,103.864,perez,PER,Sergio Pérez,Mexican,11,1990-01-26,racing_point,Racing Point,British,10,15,19,0.0,42,Engine,0,0,0,1
2019,15,Singapore Grand Prix,2019-09-22,marina_bay,Marina Bay Street Circuit,Marina Bay,Singapore,1.2914,103.864,russell,RUS,George Russell,British,63,1998-02-15,williams,Williams,British,18,18,20,0.0,34,Collision,0,0,0,1
2019,16,Russian Grand Prix,2019-09-29,sochi,Sochi Autodrom,Sochi,Russia,43.4057,39.9578,hamilton,HAM,Lewis Hamilton,British,44,1985-01-07,mercedes,Mercedes,German,2,2,1,26.0,53,Finished,1,1,1,0
2019,16,Russian Grand Prix,2019-09-29,sochi,Sochi Autodrom,Sochi,Russia,43.4057,39.9578,bottas,BOT,Valtteri Bottas,Finnish,77,1989-08-28,mercedes,Mercedes,German,5,4,2,18.0,53,Finished,0,1,1,0
2019,16,Russian Grand Prix,2019-09-29,sochi,Sochi Autodrom,Sochi,Russia,43.4057,39.9578,leclerc,LEC,Charles Leclerc,Monegasque,16,1997-10-16,ferrari,Ferrari,Italian,1,1,3,15.0,53,Finished,0,1,1,0
2019,16,Russian Grand Prix,2019-09-29,sochi,Sochi Autodrom,Sochi,Russia,43.4057,39.9578,max_verstappen,VER,Max Verstappen,Dutch,3,1997-09-30,red_bull,Red Bull,Austrian,4,9,4,12.0,53,Finished,0,0,1,0
2019,16,Russian Grand Prix,2019-09-29,sochi,Sochi Autodrom,Sochi,Russia,43.4057,39.9578,albon,ALB,Alexander Albon,Thai,23,1996-03-23,red_bull,Red Bull,Austrian,19,0,5,10.0,53,Finished,0,0,1,0
2019,16,Russian Grand Prix,2019-09-29,sochi,Sochi Autodrom,Sochi,Russia,43.4057,39.9578,sainz,SAI,Carlos Sainz,Spanish,55,1994-09-01,mclaren,McLaren,British,6,5,6,8.0,53,Finished,0,0,1,0
2019,16,Russian Grand Prix,2019-09-29,sochi,Sochi Autodrom,Sochi,Russia,43.4057,39.9578,perez,PER,Sergio Pérez,Mexican,11,1990-01-26,racing_point,Racing Point,British,12,11,7,6.0,53,Finished,0,0,1,0
2019,16,Russian Grand Prix,2019-09-29,sochi,Sochi Autodrom,Sochi,Russia,43.4057,39.9578,norris,NOR,Lando Norris,British,1,1999-11-13,mclaren,McLaren,British,8,7,8,4.0,53,Finished,0,0,1,0
2019,16,Russian Grand Prix,2019-09-29,sochi,Sochi Autodrom,Sochi,Russia,43.4057,39.9578,kevin_magnussen,MAG,Kevin Magnussen,Danish,20,1992-10-05,haas,Haas F1 Team,American,14,13,9,2.0,53,Finished,0,0,1,0
2019,16,Russian Grand Prix,2019-09-29,sochi,Sochi Autodrom,Sochi,Russia,43.4057,39.9578,hulkenberg,HUL,Nico Hülkenberg,German,27,1987-08-19,renault,Renault,French,7,6,10,1.0,53,Finished,0,0,1,0
2019,16,Russian Grand Prix,2019-09-29,sochi,Sochi Autodrom,Sochi,Russia,43.4057,39.9578,stroll,STR,Lance Stroll,Canadian,18,1998-10-29,racing_point,Racing Point,British,15,14,11,0.0,53,Finished,0,0,0,0
2019,16,Russian Grand Prix,2019-09-29,sochi,Sochi Autodrom,Sochi,Russia,43.4057,39.9578,kvyat,KVY,Daniil Kvyat,Russian,26,1994-04-26,toro_rosso,Toro Rosso,Italian,20,19,12,0.0,53,Finished,0,0,0,0
2019,16,Russian Grand Prix,2019-09-29,sochi,Sochi Autodrom,Sochi,Russia,43.4057,39.9578,raikkonen,RAI,Kimi Räikkönen,Finnish,7,1979-10-17,alfa,Alfa Romeo,Swiss,16,15,13,0.0,53,Finished,0,0,0,0
2019,16,Russian Grand Prix,2019-09-29,sochi,Sochi Autodrom,Sochi,Russia,43.4057,39.9578,gasly,GAS,Pierre Gasly,French,10,1996-02-07,toro_rosso,Toro Rosso,Italian,11,16,14,0.0,53,Finished,0,0,0,0
2019,16,Russian Grand Prix,2019-09-29,sochi,Sochi Autodrom,Sochi,Russia,43.4057,39.9578,giovinazzi,GIO,Antonio Giovinazzi,Italian,99,1993-12-14,alfa,Alfa Romeo,Swiss,13,12,15,0.0,53,Finished,0,0,0,0
2019,16,Russian Grand Prix,2019-09-29,sochi,Sochi Autodrom,Sochi,Russia,43.4057,39.9578,kubica,KUB,Robert Kubica,Polish,88,1984-12-07,williams,Williams,British,18,18,16,0.0,28,Brakes,0,0,0,1
2019,16,Russian Grand Prix,2019-09-29,sochi,Sochi Autodrom,Sochi,Russia,43.4057,39.9578,russell,RUS,George Russell,British,63,1998-02-15,williams,Williams,British,17,17,17,0.0,27,Brakes,0,0,0,1
2019,16,Russian Grand Prix,2019-09-29,sochi,Sochi Autodrom,Sochi,Russia,43.4057,39.9578,vettel,VET,Sebastian Vettel,German,5,1987-07-03,ferrari,Ferrari,Italian,3,3,18,0.0,26,Power loss,0,0,0,0
2019,16,Russian Grand Prix,2019-09-29,sochi,Sochi Autodrom,Sochi,Russia,43.4057,39.9578,ricciardo,RIC,Daniel Ricciardo,Australian,3,1989-07-01,renault,Renault,French,10,10,19,0.0,24,Collision,0,0,0,1
2019,16,Russian Grand Prix,2019-09-29,sochi,Sochi Autodrom,Sochi,Russia,43.4057,39.9578,grosjean,GRO,Romain Grosjean,French,8,1986-04-17,haas,Haas F1 Team,American,9,8,20,0.0,0,Collision,0,0,0,1
2019,17,Japanese Grand Prix,2019-10-13,suzuka,Suzuka Circuit,Suzuka,Japan,34.8431,136.541,bottas,BOT,Valtteri Bottas,Finnish,77,1989-08-28,mercedes,Mercedes,German,3,3,1,25.0,52,Finished,1,1,1,0
2019,17,Japanese Grand Prix,2019-10-13,suzuka,Suzuka Circuit,Suzuka,Japan,34.8431,136.541,vettel,VET,Sebastian Vettel,German,5,1987-07-03,ferrari,Ferrari,Italian,1,1,2,18.0,52,Finished,0,1,1,0
2019,17,Japanese Grand Prix,2019-10-13,suzuka,Suzuka Circuit,Suzuka,Japan,34.8431,136.541,hamilton,HAM,Lewis Hamilton,British,44,1985-01-07,mercedes,Mercedes,German,4,4,3,16.0,52,Finished,0,1,1,0
2019,17,Japanese Grand Prix,2019-10-13,suzuka,Suzuka Circuit,Suzuka,Japan,34.8431,136.541,albon,ALB,Alexander Albon,Thai,23,1996-03-23,red_bull,Red Bull,Austrian,6,6,4,12.0,52,Finished,0,0,1,0
2019,17,Japanese Grand Prix,2019-10-13,suzuka,Suzuka Circuit,Suzuka,Japan,34.8431,136.541,sainz,SAI,Carlos Sainz,Spanish,55,1994-09-01,mclaren,McLaren,British,7,7,5,10.0,52,Finished,0,0,1,0
2019,17,Japanese Grand Prix,2019-10-13,suzuka,Suzuka Circuit,Suzuka,Japan,34.8431,136.541,leclerc,LEC,Charles Leclerc,Monegasque,16,1997-10-16,ferrari,Ferrari,Italian,2,2,6,8.0,51,+1 Lap,0,0,1,0
2019,17,Japanese Grand Prix,2019-10-13,suzuka,Suzuka Circuit,Suzuka,Japan,34.8431,136.541,gasly,GAS,Pierre Gasly,French,10,1996-02-07,toro_rosso,Toro Rosso,Italian,9,9,7,6.0,51,+1 Lap,0,0,1,0
2019,17,Japanese Grand Prix,2019-10-13,suzuka,Suzuka Circuit,Suzuka,Japan,34.8431,136.541,perez,PER,Sergio Pérez,Mexican,11,1990-01-26,racing_point,Racing Point,British,17,17,8,4.0,51,+1 Lap,0,0,1,0
2019,17,Japanese Grand Prix,2019-10-13,suzuka,Suzuka Circuit,Suzuka,Japan,34.8431,136.541,stroll,STR,Lance Stroll,Canadian,18,1998-10-29,racing_point,Racing Point,British,12,12,9,2.0,51,+1 Lap,0,0,1,0
2019,17,Japanese Grand Prix,2019-10-13,suzuka,Suzuka Circuit,Suzuka,Japan,34.8431,136.541,kvyat,KVY,Daniil Kvyat,Russian,26,1994-04-26,toro_rosso,Toro Rosso,Italian,14,14,10,1.0,51,+1 Lap,0,0,1,0
2019,17,Japanese Grand Prix,2019-10-13,suzuka,Suzuka Circuit,Suzuka,Japan,34.8431,136.541,norris,NOR,Lando Norris,British,1,1999-11-13,mclaren,McLaren,British,8,8,11,0.0,51,+1 Lap,0,0,0,0
2019,17,Japanese Grand Prix,2019-10-13,suzuka,Suzuka Circuit,Suzuka,Japan,34.8431,136.541,raikkonen,RAI,Kimi Räikkönen,Finnish,7,1979-10-17,alfa,Alfa Romeo,Swiss,13,13,12,0.0,51,+1 Lap,0,0,0,0
2019,17,Japanese Grand Prix,2019-10-13,suzuka,Suzuka Circuit,Suzuka,Japan,34.8431,136.541,grosjean,GRO,Romain Grosjean,French,8,1986-04-17,haas,Haas F1 Team,American,10,10,13,0.0,51,+1 Lap,0,0,0,0
2019,17,Japanese Grand Prix,2019-10-13,suzuka,Suzuka Circuit,Suzuka,Japan,34.8431,136.541,giovinazzi,GIO,Antonio Giovinazzi,Italian,99,1993-12-14,alfa,Alfa Romeo,Swiss,11,11,14,0.0,51,+1 Lap,0,0,0,0
2019,17,Japanese Grand Prix,2019-10-13,suzuka,Suzuka Circuit,Suzuka,Japan,34.8431,136.541,kevin_magnussen,MAG,Kevin Magnussen,Danish,20,1992-10-05,haas,Haas F1 Team,American,19,19,15,0.0,51,+1 Lap,0,0,0,0
2019,17,Japanese Grand Prix,2019-10-13,suzuka,Suzuka Circuit,Suzuka,Japan,34.8431,136.541,russell,RUS,George Russell,British,63,1998-02-15,williams,Williams,British,18,18,16,0.0,50,+2 Laps,0,0,0,0
2019,17,Japanese Grand Prix,2019-10-13,suzuka,Suzuka Circuit,Suzuka,Japan,34.8431,136.541,kubica,KUB,Robert Kubica,Polish,88,1984-12-07,williams,Williams,British,20,0,17,0.0,50,+2 Laps,0,0,0,0
2019,17,Japanese Grand Prix,2019-10-13,suzuka,Suzuka Circuit,Suzuka,Japan,34.8431,136.541,max_verstappen,VER,Max Verstappen,Dutch,3,1997-09-30,red_bull,Red Bull,Austrian,5,5,18,0.0,14,Brakes,0,0,0,1
2019,17,Japanese Grand Prix,2019-10-13,suzuka,Suzuka Circuit,Suzuka,Japan,34.8431,136.541,ricciardo,RIC,Daniel Ricciardo,Australian,3,1989-07-01,renault,Renault,French,16,16,19,0.0,51,Disqualified,0,0,0,0
2019,17,Japanese Grand Prix,2019-10-13,suzuka,Suzuka Circuit,Suzuka,Japan,34.8431,136.541,hulkenberg,HUL,Nico Hülkenberg,German,27,1987-08-19,renault,Renault,French,15,15,20,0.0,51,Disqualified,0,0,0,0
2019,18,Mexican Grand Prix,2019-10-27,rodriguez,Autódromo Hermanos Rodríguez,Mexico City,Mexico,19.4042,-99.0907,hamilton,HAM,Lewis Hamilton,British,44,1985-01-07,mercedes,Mercedes,German,4,3,1,25.0,71,Finished,1,1,1,0
2019,18,Mexican Grand Prix,2019-10-27,rodriguez,Autódromo Hermanos Rodríguez,Mexico City,Mexico,19.4042,-99.0907,vettel,VET,Sebastian Vettel,German,5,1987-07-03,ferrari,Ferrari,Italian,3,2,2,18.0,71,Finished,0,1,1,0
2019,18,Mexican Grand Prix,2019-10-27,rodriguez,Autódromo Hermanos Rodríguez,Mexico City,Mexico,19.4042,-99.0907,bottas,BOT,Valtteri Bottas,Finnish,77,1989-08-28,mercedes,Mercedes,German,6,6,3,15.0,71,Finished,0,1,1,0
2019,18,Mexican Grand Prix,2019-10-27,rodriguez,Autódromo Hermanos Rodríguez,Mexico City,Mexico,19.4042,-99.0907,leclerc,LEC,Charles Leclerc,Monegasque,16,1997-10-16,ferrari,Ferrari,Italian,2,1,4,13.0,71,Finished,0,0,1,0
2019,18,Mexican Grand Prix,2019-10-27,rodriguez,Autódromo Hermanos Rodríguez,Mexico City,Mexico,19.4042,-99.0907,albon,ALB,Alexander Albon,Thai,23,1996-03-23,red_bull,Red Bull,Austrian,5,5,5,10.0,71,Finished,0,0,1,0
2019,18,Mexican Grand Prix,2019-10-27,rodriguez,Autódromo Hermanos Rodríguez,Mexico City,Mexico,19.4042,-99.0907,max_verstappen,VER,Max Verstappen,Dutch,3,1997-09-30,red_bull,Red Bull,Austrian,1,4,6,8.0,71,Finished,0,0,1,0
2019,18,Mexican Grand Prix,2019-10-27,rodriguez,Autódromo Hermanos Rodríguez,Mexico City,Mexico,19.4042,-99.0907,perez,PER,Sergio Pérez,Mexican,11,1990-01-26,racing_point,Racing Point,British,11,11,7,6.0,71,Finished,0,0,1,0
2019,18,Mexican Grand Prix,2019-10-27,rodriguez,Autódromo Hermanos Rodríguez,Mexico City,Mexico,19.4042,-99.0907,ricciardo,RIC,Daniel Ricciardo,Australian,3,1989-07-01,renault,Renault,French,13,13,8,4.0,71,Finished,0,0,1,0
2019,18,Mexican Grand Prix,2019-10-27,rodriguez,Autódromo Hermanos Rodríguez,Mexico City,Mexico,19.4042,-99.0907,gasly,GAS,Pierre Gasly,French,10,1996-02-07,toro_rosso,Toro Rosso,Italian,10,10,9,2.0,70,+1 Lap,0,0,1,0
2019,18,Mexican Grand Prix,2019-10-27,rodriguez,Autódromo Hermanos Rodríguez,Mexico City,Mexico,19.4042,-99.0907,hulkenberg,HUL,Nico Hülkenberg,German,27,1987-08-19,renault,Renault,French,12,12,10,1.0,70,+1 Lap,0,0,1,0
2019,18,Mexican Grand Prix,2019-10-27,rodriguez,Autódromo Hermanos Rodríguez,Mexico City,Mexico,19.4042,-99.0907,kvyat,KVY,Daniil Kvyat,Russian,26,1994-04-26,toro_rosso,Toro Rosso,Italian,9,9,11,0.0,70,+1 Lap,0,0,0,0
2019,18,Mexican Grand Prix,2019-10-27,rodriguez,Autódromo Hermanos Rodríguez,Mexico City,Mexico,19.4042,-99.0907,stroll,STR,Lance Stroll,Canadian,18,1998-10-29,racing_point,Racing Point,British,16,16,12,0.0,70,+1 Lap,0,0,0,0
2019,18,Mexican Grand Prix,2019-10-27,rodriguez,Autódromo Hermanos Rodríguez,Mexico City,Mexico,19.4042,-99.0907,sainz,SAI,Carlos Sainz,Spanish,55,1994-09-01,mclaren,McLaren,British,7,7,13,0.0,70,+1 Lap,0,0,0,0
2019,18,Mexican Grand Prix,2019-10-27,rodriguez,Autódromo Hermanos Rodríguez,Mexico City,Mexico,19.4042,-99.0907,giovinazzi,GIO,Antonio Giovinazzi,Italian,99,1993-12-14,alfa,Alfa Romeo,Swiss,15,15,14,0.0,70,+1 Lap,0,0,0,0
2019,18,Mexican Grand Prix,2019-10-27,rodriguez,Autódromo Hermanos Rodríguez,Mexico City,Mexico,19.4042,-99.0907,kevin_magnussen,MAG,Kevin Magnussen,Danish,20,1992-10-05,haas,Haas F1 Team,American,17,17,15,0.0,69,+2 Laps,0,0,0,0
2019,18,Mexican Grand Prix,2019-10-27,rodriguez,Autódromo Hermanos Rodríguez,Mexico City,Mexico,19.4042,-99.0907,russell,RUS,George Russell,British,63,1998-02-15,williams,Williams,British,19,19,16,0.0,69,+2 Laps,0,0,0,0
2019,18,Mexican Grand Prix,2019-10-27,rodriguez,Autódromo Hermanos Rodríguez,Mexico City,Mexico,19.4042,-99.0907,grosjean,GRO,Romain Grosjean,French,8,1986-04-17,haas,Haas F1 Team,American,18,18,17,0.0,69,+2 Laps,0,0,0,0
2019,18,Mexican Grand Prix,2019-10-27,rodriguez,Autódromo Hermanos Rodríguez,Mexico City,Mexico,19.4042,-99.0907,kubica,KUB,Robert Kubica,Polish,88,1984-12-07,williams,Williams,British,20,20,18,0.0,69,+2 Laps,0,0,0,0
2019,18,Mexican Grand Prix,2019-10-27,rodriguez,Autódromo Hermanos Rodríguez,Mexico City,Mexico,19.4042,-99.0907,raikkonen,RAI,Kimi Räikkönen,Finnish,7,1979-10-17,alfa,Alfa Romeo,Swiss,14,14,19,0.0,58,Overheating,0,0,0,0
2019,18,Mexican Grand Prix,2019-10-27,rodriguez,Autódromo Hermanos Rodríguez,Mexico City,Mexico,19.4042,-99.0907,norris,NOR,Lando Norris,British,1,1999-11-13,mclaren,McLaren,British,8,8,20,0.0,48,Withdrew,0,0,0,0
2019,19,United States Grand Prix,2019-11-03,americas,Circuit of the Americas,Austin,USA,30.1328,-97.6411,bottas,BOT,Valtteri Bottas,Finnish,77,1989-08-28,mercedes,Mercedes,German,1,1,1,25.0,56,Finished,1,1,1,0
2019,19,United States Grand Prix,2019-11-03,americas,Circuit of the Americas,Austin,USA,30.1328,-97.6411,hamilton,HAM,Lewis Hamilton,British,44,1985-01-07,mercedes,Mercedes,German,5,5,2,18.0,56,Finished,0,1,1,0
2019,19,United States Grand Prix,2019-11-03,americas,Circuit of the Americas,Austin,USA,30.1328,-97.6411,max_verstappen,VER,Max Verstappen,Dutch,3,1997-09-30,red_bull,Red Bull,Austrian,3,3,3,15.0,56,Finished,0,1,1,0
2019,19,United States Grand Prix,2019-11-03,americas,Circuit of the Americas,Austin,USA,30.1328,-97.6411,leclerc,LEC,Charles Leclerc,Monegasque,16,1997-10-16,ferrari,Ferrari,Italian,4,4,4,13.0,56,Finished,0,0,1,0
2019,19,United States Grand Prix,2019-11-03,americas,Circuit of the Americas,Austin,USA,30.1328,-97.6411,albon,ALB,Alexander Albon,Thai,23,1996-03-23,red_bull,Red Bull,Austrian,6,6,5,10.0,56,Finished,0,0,1,0
2019,19,United States Grand Prix,2019-11-03,americas,Circuit of the Americas,Austin,USA,30.1328,-97.6411,ricciardo,RIC,Daniel Ricciardo,Australian,3,1989-07-01,renault,Renault,French,9,9,6,8.0,56,Finished,0,0,1,0
2019,19,United States Grand Prix,2019-11-03,americas,Circuit of the Americas,Austin,USA,30.1328,-97.6411,norris,NOR,Lando Norris,British,1,1999-11-13,mclaren,McLaren,British,8,8,7,6.0,56,Finished,0,0,1,0
2019,19,United States Grand Prix,2019-11-03,americas,Circuit of the Americas,Austin,USA,30.1328,-97.6411,sainz,SAI,Carlos Sainz,Spanish,55,1994-09-01,mclaren,McLaren,British,7,7,8,4.0,55,+1 Lap,0,0,1,0
2019,19,United States Grand Prix,2019-11-03,americas,Circuit of the Americas,Austin,USA,30.1328,-97.6411,hulkenberg,HUL,Nico Hülkenberg,German,27,1987-08-19,renault,Renault,French,11,11,9,2.0,55,+1 Lap,0,0,1,0
2019,19,United States Grand Prix,2019-11-03,americas,Circuit of the Americas,Austin,USA,30.1328,-97.6411,perez,PER,Sergio Pérez,Mexican,11,1990-01-26,racing_point,Racing Point,British,19,0,10,1.0,55,+1 Lap,0,0,1,0
2019,19,United States Grand Prix,2019-11-03,americas,Circuit of the Americas,Austin,USA,30.1328,-97.6411,raikkonen,RAI,Kimi Räikkönen,Finnish,7,1979-10-17,alfa,Alfa Romeo,Swiss,17,17,11,0.0,55,+1 Lap,0,0,0,0
2019,19,United States Grand Prix,2019-11-03,americas,Circuit of the Americas,Austin,USA,30.1328,-97.6411,kvyat,KVY,Daniil Kvyat,Russian,26,1994-04-26,toro_rosso,Toro Rosso,Italian,13,13,12,0.0,55,+1 Lap,0,0,0,0
2019,19,United States Grand Prix,2019-11-03,americas,Circuit of the Americas,Austin,USA,30.1328,-97.6411,stroll,STR,Lance Stroll,Canadian,18,1998-10-29,racing_point,Racing Point,British,14,14,13,0.0,55,+1 Lap,0,0,0,0
2019,19,United States Grand Prix,2019-11-03,americas,Circuit of the Americas,Austin,USA,30.1328,-97.6411,giovinazzi,GIO,Antonio Giovinazzi,Italian,99,1993-12-14,alfa,Alfa Romeo,Swiss,16,16,14,0.0,55,+1 Lap,0,0,0,0
2019,19,United States Grand Prix,2019-11-03,americas,Circuit of the Americas,Austin,USA,30.1328,-97.6411,grosjean,GRO,Romain Grosjean,French,8,1986-04-17,haas,Haas F1 Team,American,15,15,15,0.0,55,+1 Lap,0,0,0,0
2019,19,United States Grand Prix,2019-11-03,americas,Circuit of the Americas,Austin,USA,30.1328,-97.6411,gasly,GAS,Pierre Gasly,French,10,1996-02-07,toro_rosso,Toro Rosso,Italian,10,10,16,0.0,54,Suspension,0,0,0,0
2019,19,United States Grand Prix,2019-11-03,americas,Circuit of the Americas,Austin,USA,30.1328,-97.6411,russell,RUS,George Russell,British,63,1998-02-15,williams,Williams,British,18,18,17,0.0,54,+2 Laps,0,0,0,0
2019,19,United States Grand Prix,2019-11-03,americas,Circuit of the Americas,Austin,USA,30.1328,-97.6411,kevin_magnussen,MAG,Kevin Magnussen,Danish,20,1992-10-05,haas,Haas F1 Team,American,12,12,18,0.0,52,Brakes,0,0,0,1
2019,19,United States Grand Prix,2019-11-03,americas,Circuit of the Americas,Austin,USA,30.1328,-97.6411,kubica,KUB,Robert Kubica,Polish,88,1984-12-07,williams,Williams,British,20,19,19,0.0,31,Oil leak,0,0,0,0
2019,19,United States Grand Prix,2019-11-03,americas,Circuit of the Americas,Austin,USA,30.1328,-97.6411,vettel,VET,Sebastian Vettel,German,5,1987-07-03,ferrari,Ferrari,Italian,2,2,20,0.0,7,Suspension,0,0,0,0
2019,20,Brazilian Grand Prix,2019-11-17,interlagos,Autódromo José Carlos Pace,São Paulo,Brazil,-23.7036,-46.6997,max_verstappen,VER,Max Verstappen,Dutch,3,1997-09-30,red_bull,Red Bull,Austrian,1,1,1,25.0,71,Finished,1,1,1,0
2019,20,Brazilian Grand Prix,2019-11-17,interlagos,Autódromo José Carlos Pace,São Paulo,Brazil,-23.7036,-46.6997,gasly,GAS,Pierre Gasly,French,10,1996-02-07,toro_rosso,Toro Rosso,Italian,7,6,2,18.0,71,Finished,0,1,1,0
2019,20,Brazilian Grand Prix,2019-11-17,interlagos,Autódromo José Carlos Pace,São Paulo,Brazil,-23.7036,-46.6997,sainz,SAI,Carlos Sainz,Spanish,55,1994-09-01,mclaren,McLaren,British,20,20,3,15.0,71,Finished,0,1,1,0
2019,20,Brazilian Grand Prix,2019-11-17,interlagos,Autódromo José Carlos Pace,São Paulo,Brazil,-23.7036,-46.6997,raikkonen,RAI,Kimi Räikkönen,Finnish,7,1979-10-17,alfa,Alfa Romeo,Swiss,9,8,4,12.0,71,Finished,0,0,1,0
2019,20,Brazilian Grand Prix,2019-11-17,interlagos,Autódromo José Carlos Pace,São Paulo,Brazil,-23.7036,-46.6997,giovinazzi,GIO,Antonio Giovinazzi,Italian,99,1993-12-14,alfa,Alfa Romeo,Swiss,13,12,5,10.0,71,Finished,0,0,1,0
2019,20,Brazilian Grand Prix,2019-11-17,interlagos,Autódromo José Carlos Pace,São Paulo,Brazil,-23.7036,-46.6997,ricciardo,RIC,Daniel Ricciardo,Australian,3,1989-07-01,renault,Renault,French,12,11,6,8.0,71,Finished,0,0,1,0
2019,20,Brazilian Grand Prix,2019-11-17,interlagos,Autódromo José Carlos Pace,São Paulo,Brazil,-23.7036,-46.6997,hamilton,HAM,Lewis Hamilton,British,44,1985-01-07,mercedes,Mercedes,German,3,3,7,6.0,71,Finished,0,0,1,0
2019,20,Brazilian Grand Prix,2019-11-17,interlagos,Autódromo José Carlos Pace,São Paulo,Brazil,-23.7036,-46.6997,norris,NOR,Lando Norris,British,1,1999-11-13,mclaren,McLaren,British,11,10,8,4.0,71,Finished,0,0,1,0
2019,20,Brazilian Grand Prix,2019-11-17,interlagos,Autódromo José Carlos Pace,São Paulo,Brazil,-23.7036,-46.6997,perez,PER,Sergio Pérez,Mexican,11,1990-01-26,racing_point,Racing Point,British,15,15,9,2.0,71,Finished,0,0,1,0
2019,20,Brazilian Grand Prix,2019-11-17,interlagos,Autódromo José Carlos Pace,São Paulo,Brazil,-23.7036,-46.6997,kvyat,KVY,Daniil Kvyat,Russian,26,1994-04-26,toro_rosso,Toro Rosso,Italian,16,16,10,1.0,71,Finished,0,0,1,0
2019,20,Brazilian Grand Prix,2019-11-17,interlagos,Autódromo José Carlos Pace,São Paulo,Brazil,-23.7036,-46.6997,kevin_magnussen,MAG,Kevin Magnussen,Danish,20,1992-10-05,haas,Haas F1 Team,American,10,9,11,0.0,71,Finished,0,0,0,0
2019,20,Brazilian Grand Prix,2019-11-17,interlagos,Autódromo José Carlos Pace,São Paulo,Brazil,-23.7036,-46.6997,russell,RUS,George Russell,British,63,1998-02-15,williams,Williams,British,18,18,12,0.0,71,Finished,0,0,0,0
2019,20,Brazilian Grand Prix,2019-11-17,interlagos,Autódromo José Carlos Pace,São Paulo,Brazil,-23.7036,-46.6997,grosjean,GRO,Romain Grosjean,French,8,1986-04-17,haas,Haas F1 Team,American,8,7,13,0.0,71,Finished,0,0,0,0
2019,20,Brazilian Grand Prix,2019-11-17,interlagos,Autódromo José Carlos Pace,São Paulo,Brazil,-23.7036,-46.6997,albon,ALB,Alexander Albon,Thai,23,1996-03-23,red_bull,Red Bull,Austrian,6,5,14,0.0,71,Finished,0,0,0,0
2019,20,Brazilian Grand Prix,2019-11-17,interlagos,Autódromo José Carlos Pace,São Paulo,Brazil,-23.7036,-46.6997,hulkenberg,HUL,Nico Hülkenberg,German,27,1987-08-19,renault,Renault,French,14,13,15,0.0,71,Finished,0,0,0,0
2019,20,Brazilian Grand Prix,2019-11-17,interlagos,Autódromo José Carlos Pace,São Paulo,Brazil,-23.7036,-46.6997,kubica,KUB,Robert Kubica,Polish,88,1984-12-07,williams,Williams,British,19,19,16,0.0,70,+1 Lap,0,0,0,0
2019,20,Brazilian Grand Prix,2019-11-17,interlagos,Autódromo José Carlos Pace,São Paulo,Brazil,-23.7036,-46.6997,vettel,VET,Sebastian Vettel,German,5,1987-07-03,ferrari,Ferrari,Italian,2,2,17,0.0,65,Collision,0,0,0,1
2019,20,Brazilian Grand Prix,2019-11-17,interlagos,Autódromo José Carlos Pace,São Paulo,Brazil,-23.7036,-46.6997,leclerc,LEC,Charles Leclerc,Monegasque,16,1997-10-16,ferrari,Ferrari,Italian,4,14,18,0.0,65,Collision,0,0,0,1
2019,20,Brazilian Grand Prix,2019-11-17,interlagos,Autódromo José Carlos Pace,São Paulo,Brazil,-23.7036,-46.6997,stroll,STR,Lance Stroll,Canadian,18,1998-10-29,racing_point,Racing Point,British,17,17,19,0.0,65,Suspension,0,0,0,0
2019,20,Brazilian Grand Prix,2019-11-17,interlagos,Autódromo José Carlos Pace,São Paulo,Brazil,-23.7036,-46.6997,bottas,BOT,Valtteri Bottas,Finnish,77,1989-08-28,mercedes,Mercedes,German,5,4,20,0.0,51,Power Unit,0,0,0,0
2019,21,Abu Dhabi Grand Prix,2019-12-01,yas_marina,Yas Marina Circuit,Abu Dhabi,UAE,24.4672,54.6031,hamilton,HAM,Lewis Hamilton,British,44,1985-01-07,mercedes,Mercedes,German,1,1,1,26.0,55,Finished,1,1,1,0
2019,21,Abu Dhabi Grand Prix,2019-12-01,yas_marina,Yas Marina Circuit,Abu Dhabi,UAE,24.4672,54.6031,max_verstappen,VER,Max Verstappen,Dutch,3,1997-09-30,red_bull,Red Bull,Austrian,3,2,2,18.0,55,Finished,0,1,1,0
2019,21,Abu Dhabi Grand Prix,2019-12-01,yas_marina,Yas Marina Circuit,Abu Dhabi,UAE,24.4672,54.6031,leclerc,LEC,Charles Leclerc,Monegasque,16,1997-10-16,ferrari,Ferrari,Italian,4,3,3,15.0,55,Finished,0,1,1,0
2019,21,Abu Dhabi Grand Prix,2019-12-01,yas_marina,Yas Marina Circuit,Abu Dhabi,UAE,24.4672,54.6031,bottas,BOT,Valtteri Bottas,Finnish,77,1989-08-28,mercedes,Mercedes,German,2,20,4,12.0,55,Finished,0,0,1,0
2019,21,Abu Dhabi Grand Prix,2019-12-01,yas_marina,Yas Marina Circuit,Abu Dhabi,UAE,24.4672,54.6031,vettel,VET,Sebastian Vettel,German,5,1987-07-03,ferrari,Ferrari,Italian,5,4,5,10.0,55,Finished,0,0,1,0
2019,21,Abu Dhabi Grand Prix,2019-12-01,yas_marina,Yas Marina Circuit,Abu Dhabi,UAE,24.4672,54.6031,albon,ALB,Alexander Albon,Thai,23,1996-03-23,red_bull,Red Bull,Austrian,6,5,6,8.0,55,Finished,0,0,1,0
2019,21,Abu Dhabi Grand Prix,2019-12-01,yas_marina,Yas Marina Circuit,Abu Dhabi,UAE,24.4672,54.6031,perez,PER,Sergio Pérez,Mexican,11,1990-01-26,racing_point,Racing Point,British,11,10,7,6.0,54,+1 Lap,0,0,1,0
2019,21,Abu Dhabi Grand Prix,2019-12-01,yas_marina,Yas Marina Circuit,Abu Dhabi,UAE,24.4672,54.6031,norris,NOR,Lando Norris,British,1,1999-11-13,mclaren,McLaren,British,7,6,8,4.0,54,+1 Lap,0,0,1,0
2019,21,Abu Dhabi Grand Prix,2019-12-01,yas_marina,Yas Marina Circuit,Abu Dhabi,UAE,24.4672,54.6031,kvyat,KVY,Daniil Kvyat,Russian,26,1994-04-26,toro_rosso,Toro Rosso,Italian,14,13,9,2.0,54,+1 Lap,0,0,1,0
2019,21,Abu Dhabi Grand Prix,2019-12-01,yas_marina,Yas Marina Circuit,Abu Dhabi,UAE,24.4672,54.6031,sainz,SAI,Carlos Sainz,Spanish,55,1994-09-01,mclaren,McLaren,British,9,8,10,1.0,54,+1 Lap,0,0,1,0
2019,21,Abu Dhabi Grand Prix,2019-12-01,yas_marina,Yas Marina Circuit,Abu Dhabi,UAE,24.4672,54.6031,ricciardo,RIC,Daniel Ricciardo,Australian,3,1989-07-01,renault,Renault,French,8,7,11,0.0,54,+1 Lap,0,0,0,0
2019,21,Abu Dhabi Grand Prix,2019-12-01,yas_marina,Yas Marina Circuit,Abu Dhabi,UAE,24.4672,54.6031,hulkenberg,HUL,Nico Hülkenberg,German,27,1987-08-19,renault,Renault,French,10,9,12,0.0,54,+1 Lap,0,0,0,0
2019,21,Abu Dhabi Grand Prix,2019-12-01,yas_marina,Yas Marina Circuit,Abu Dhabi,UAE,24.4672,54.6031,raikkonen,RAI,Kimi Räikkönen,Finnish,7,1979-10-17,alfa,Alfa Romeo,Swiss,18,17,13,0.0,54,+1 Lap,0,0,0,0
2019,21,Abu Dhabi Grand Prix,2019-12-01,yas_marina,Yas Marina Circuit,Abu Dhabi,UAE,24.4672,54.6031,kevin_magnussen,MAG,Kevin Magnussen,Danish,20,1992-10-05,haas,Haas F1 Team,American,15,14,14,0.0,54,+1 Lap,0,0,0,0
2019,21,Abu Dhabi Grand Prix,2019-12-01,yas_marina,Yas Marina Circuit,Abu Dhabi,UAE,24.4672,54.6031,grosjean,GRO,Romain Grosjean,French,8,1986-04-17,haas,Haas F1 Team,American,16,15,15,0.0,54,+1 Lap,0,0,0,0
2019,21,Abu Dhabi Grand Prix,2019-12-01,yas_marina,Yas Marina Circuit,Abu Dhabi,UAE,24.4672,54.6031,giovinazzi,GIO,Antonio Giovinazzi,Italian,99,1993-12-14,alfa,Alfa Romeo,Swiss,17,16,16,0.0,54,+1 Lap,0,0,0,0
2019,21,Abu Dhabi Grand Prix,2019-12-01,yas_marina,Yas Marina Circuit,Abu Dhabi,UAE,24.4672,54.6031,russell,RUS,George Russell,British,63,1998-02-15,williams,Williams,British,19,18,17,0.0,54,+1 Lap,0,0,0,0
2019,21,Abu Dhabi Grand Prix,2019-12-01,yas_marina,Yas Marina Circuit,Abu Dhabi,UAE,24.4672,54.6031,gasly,GAS,Pierre Gasly,French,10,1996-02-07,toro_rosso,Toro Rosso,Italian,12,11,18,0.0,53,+2 Laps,0,0,0,0
2019,21,Abu Dhabi Grand Prix,2019-12-01,yas_marina,Yas Marina Circuit,Abu Dhabi,UAE,24.4672,54.6031,kubica,KUB,Robert Kubica,Polish,88,1984-12-07,williams,Williams,British,20,19,19,0.0,53,+2 Laps,0,0,0,0
2019,21,Abu Dhabi Grand Prix,2019-12-01,yas_marina,Yas Marina Circuit,Abu Dhabi,UAE,24.4672,54.6031,stroll,STR,Lance Stroll,Canadian,18,1998-10-29,racing_point,Racing Point,British,13,12,20,0.0,45,Brakes,0,0,0,1
2020,1,Austrian Grand Prix,2020-07-05,red_bull_ring,Red Bull Ring,Spielberg,Austria,47.2197,14.7647,bottas,BOT,Valtteri Bottas,Finnish,77,1989-08-28,mercedes,Mercedes,German,1,1,1,25.0,71,Finished,1,1,1,0
2020,1,Austrian Grand Prix,2020-07-05,red_bull_ring,Red Bull Ring,Spielberg,Austria,47.2197,14.7647,leclerc,LEC,Charles Leclerc,Monegasque,16,1997-10-16,ferrari,Ferrari,Italian,7,7,2,18.0,71,Finished,0,1,1,0
2020,1,Austrian Grand Prix,2020-07-05,red_bull_ring,Red Bull Ring,Spielberg,Austria,47.2197,14.7647,norris,NOR,Lando Norris,British,1,1999-11-13,mclaren,McLaren,British,4,3,3,16.0,71,Finished,0,1,1,0
2020,1,Austrian Grand Prix,2020-07-05,red_bull_ring,Red Bull Ring,Spielberg,Austria,47.2197,14.7647,hamilton,HAM,Lewis Hamilton,British,44,1985-01-07,mercedes,Mercedes,German,2,5,4,12.0,71,Finished,0,0,1,0
2020,1,Austrian Grand Prix,2020-07-05,red_bull_ring,Red Bull Ring,Spielberg,Austria,47.2197,14.7647,sainz,SAI,Carlos Sainz,Spanish,55,1994-09-01,mclaren,McLaren,British,8,8,5,10.0,71,Finished,0,0,1,0
2020,1,Austrian Grand Prix,2020-07-05,red_bull_ring,Red Bull Ring,Spielberg,Austria,47.2197,14.7647,perez,PER,Sergio Pérez,Mexican,11,1990-01-26,racing_point,Racing Point,British,6,6,6,8.0,71,Finished,0,0,1,0
2020,1,Austrian Grand Prix,2020-07-05,red_bull_ring,Red Bull Ring,Spielberg,Austria,47.2197,14.7647,gasly,GAS,Pierre Gasly,French,10,1996-02-07,alphatauri,AlphaTauri,Italian,12,12,7,6.0,71,Finished,0,0,1,0
2020,1,Austrian Grand Prix,2020-07-05,red_bull_ring,Red Bull Ring,Spielberg,Austria,47.2197,14.7647,ocon,OCO,Esteban Ocon,French,31,1996-09-17,renault,Renault,French,14,14,8,4.0,71,Finished,0,0,1,0
2020,1,Austrian Grand Prix,2020-07-05,red_bull_ring,Red Bull Ring,Spielberg,Austria,47.2197,14.7647,giovinazzi,GIO,Antonio Giovinazzi,Italian,99,1993-12-14,alfa,Alfa Romeo,Swiss,18,18,9,2.0,71,Finished,0,0,1,0
2020,1,Austrian Grand Prix,2020-07-05,red_bull_ring,Red Bull Ring,Spielberg,Austria,47.2197,14.7647,vettel,VET,Sebastian Vettel,German,5,1987-07-03,ferrari,Ferrari,Italian,11,11,10,1.0,71,Finished,0,0,1,0
2020,1,Austrian Grand Prix,2020-07-05,red_bull_ring,Red Bull Ring,Spielberg,Austria,47.2197,14.7647,latifi,LAT,Nicholas Latifi,Canadian,6,1995-06-29,williams,Williams,British,20,20,11,0.0,71,Finished,0,0,0,0
2020,1,Austrian Grand Prix,2020-07-05,red_bull_ring,Red Bull Ring,Spielberg,Austria,47.2197,14.7647,kvyat,KVY,Daniil Kvyat,Russian,26,1994-04-26,alphatauri,AlphaTauri,Italian,13,13,12,0.0,69,Suspension,0,0,0,0
2020,1,Austrian Grand Prix,2020-07-05,red_bull_ring,Red Bull Ring,Spielberg,Austria,47.2197,14.7647,albon,ALB,Alexander Albon,Thai,23,1996-03-23,red_bull,Red Bull,Austrian,5,4,13,0.0,67,Electronics,0,0,0,0
2020,1,Austrian Grand Prix,2020-07-05,red_bull_ring,Red Bull Ring,Spielberg,Austria,47.2197,14.7647,raikkonen,RAI,Kimi Räikkönen,Finnish,7,1979-10-17,alfa,Alfa Romeo,Swiss,19,19,14,0.0,53,Wheel,0,0,0,0
2020,1,Austrian Grand Prix,2020-07-05,red_bull_ring,Red Bull Ring,Spielberg,Austria,47.2197,14.7647,russell,RUS,George Russell,British,63,1998-02-15,williams,Williams,British,17,17,15,0.0,49,Fuel pressure,0,0,0,0
2020,1,Austrian Grand Prix,2020-07-05,red_bull_ring,Red Bull Ring,Spielberg,Austria,47.2197,14.7647,grosjean,GRO,Romain Grosjean,French,8,1986-04-17,haas,Haas F1 Team,American,15,15,16,0.0,49,Brakes,0,0,0,1
2020,1,Austrian Grand Prix,2020-07-05,red_bull_ring,Red Bull Ring,Spielberg,Austria,47.2197,14.7647,kevin_magnussen,MAG,Kevin Magnussen,Danish,20,1992-10-05,haas,Haas F1 Team,American,16,16,17,0.0,24,Brakes,0,0,0,1
2020,1,Austrian Grand Prix,2020-07-05,red_bull_ring,Red Bull Ring,Spielberg,Austria,47.2197,14.7647,stroll,STR,Lance Stroll,Canadian,18,1998-10-29,racing_point,Racing Point,British,9,9,18,0.0,20,Engine,0,0,0,1
2020,1,Austrian Grand Prix,2020-07-05,red_bull_ring,Red Bull Ring,Spielberg,Austria,47.2197,14.7647,ricciardo,RIC,Daniel Ricciardo,Australian,3,1989-07-01,renault,Renault,French,10,10,19,0.0,17,Overheating,0,0,0,0
2020,1,Austrian Grand Prix,2020-07-05,red_bull_ring,Red Bull Ring,Spielberg,Austria,47.2197,14.7647,max_verstappen,VER,Max Verstappen,Dutch,3,1997-09-30,red_bull,Red Bull,Austrian,3,2,20,0.0,11,Electronics,0,0,0,0
2020,2,Styrian Grand Prix,2020-07-12,red_bull_ring,Red Bull Ring,Spielberg,Austria,47.2197,14.7647,hamilton,HAM,Lewis Hamilton,British,44,1985-01-07,mercedes,Mercedes,German,1,1,1,25.0,71,Finished,1,1,1,0
2020,2,Styrian Grand Prix,2020-07-12,red_bull_ring,Red Bull Ring,Spielberg,Austria,47.2197,14.7647,bottas,BOT,Valtteri Bottas,Finnish,77,1989-08-28,mercedes,Mercedes,German,4,4,2,18.0,71,Finished,0,1,1,0
2020,2,Styrian Grand Prix,2020-07-12,red_bull_ring,Red Bull Ring,Spielberg,Austria,47.2197,14.7647,max_verstappen,VER,Max Verstappen,Dutch,3,1997-09-30,red_bull,Red Bull,Austrian,2,2,3,15.0,71,Finished,0,1,1,0
2020,2,Styrian Grand Prix,2020-07-12,red_bull_ring,Red Bull Ring,Spielberg,Austria,47.2197,14.7647,albon,ALB,Alexander Albon,Thai,23,1996-03-23,red_bull,Red Bull,Austrian,7,6,4,12.0,71,Finished,0,0,1,0
2020,2,Styrian Grand Prix,2020-07-12,red_bull_ring,Red Bull Ring,Spielberg,Austria,47.2197,14.7647,norris,NOR,Lando Norris,British,1,1999-11-13,mclaren,McLaren,British,6,9,5,10.0,71,Finished,0,0,1,0
2020,2,Styrian Grand Prix,2020-07-12,red_bull_ring,Red Bull Ring,Spielberg,Austria,47.2197,14.7647,perez,PER,Sergio Pérez,Mexican,11,1990-01-26,racing_point,Racing Point,British,17,17,6,8.0,71,Finished,0,0,1,0
2020,2,Styrian Grand Prix,2020-07-12,red_bull_ring,Red Bull Ring,Spielberg,Austria,47.2197,14.7647,stroll,STR,Lance Stroll,Canadian,18,1998-10-29,racing_point,Racing Point,British,13,12,7,6.0,71,Finished,0,0,1,0
2020,2,Styrian Grand Prix,2020-07-12,red_bull_ring,Red Bull Ring,Spielberg,Austria,47.2197,14.7647,ricciardo,RIC,Daniel Ricciardo,Australian,3,1989-07-01,renault,Renault,French,9,8,8,4.0,71,Finished,0,0,1,0
2020,2,Styrian Grand Prix,2020-07-12,red_bull_ring,Red Bull Ring,Spielberg,Austria,47.2197,14.7647,sainz,SAI,Carlos Sainz,Spanish,55,1994-09-01,mclaren,McLaren,British,3,3,9,3.0,70,+1 Lap,0,0,1,0
2020,2,Styrian Grand Prix,2020-07-12,red_bull_ring,Red Bull Ring,Spielberg,Austria,47.2197,14.7647,kvyat,KVY,Daniil Kvyat,Russian,26,1994-04-26,alphatauri,AlphaTauri,Italian,14,13,10,1.0,70,+1 Lap,0,0,1,0
2020,2,Styrian Grand Prix,2020-07-12,red_bull_ring,Red Bull Ring,Spielberg,Austria,47.2197,14.7647,raikkonen,RAI,Kimi Räikkönen,Finnish,7,1979-10-17,alfa,Alfa Romeo,Swiss,16,16,11,0.0,70,+1 Lap,0,0,0,0
2020,2,Styrian Grand Prix,2020-07-12,red_bull_ring,Red Bull Ring,Spielberg,Austria,47.2197,14.7647,kevin_magnussen,MAG,Kevin Magnussen,Danish,20,1992-10-05,haas,Haas F1 Team,American,15,15,12,0.0,70,+1 Lap,0,0,0,0
2020,2,Styrian Grand Prix,2020-07-12,red_bull_ring,Red Bull Ring,Spielberg,Austria,47.2197,14.7647,grosjean,GRO,Romain Grosjean,French,8,1986-04-17,haas,Haas F1 Team,American,20,0,13,0.0,70,+1 Lap,0,0,0,0
2020,2,Styrian Grand Prix,2020-07-12,red_bull_ring,Red Bull Ring,Spielberg,Austria,47.2197,14.7647,giovinazzi,GIO,Antonio Giovinazzi,Italian,99,1993-12-14,alfa,Alfa Romeo,Swiss,19,19,14,0.0,70,+1 Lap,0,0,0,0
2020,2,Styrian Grand Prix,2020-07-12,red_bull_ring,Red Bull Ring,Spielberg,Austria,47.2197,14.7647,gasly,GAS,Pierre Gasly,French,10,1996-02-07,alphatauri,AlphaTauri,Italian,8,7,15,0.0,70,+1 Lap,0,0,0,0
2020,2,Styrian Grand Prix,2020-07-12,red_bull_ring,Red Bull Ring,Spielberg,Austria,47.2197,14.7647,russell,RUS,George Russell,British,63,1998-02-15,williams,Williams,British,12,11,16,0.0,69,+2 Laps,0,0,0,0
2020,2,Styrian Grand Prix,2020-07-12,red_bull_ring,Red Bull Ring,Spielberg,Austria,47.2197,14.7647,latifi,LAT,Nicholas Latifi,Canadian,6,1995-06-29,williams,Williams,British,18,18,17,0.0,69,+2 Laps,0,0,0,0
2020,2,Styrian Grand Prix,2020-07-12,red_bull_ring,Red Bull Ring,Spielberg,Austria,47.2197,14.7647,ocon,OCO,Esteban Ocon,French,31,1996-09-17,renault,Renault,French,5,5,18,0.0,25,Overheating,0,0,0,0
2020,2,Styrian Grand Prix,2020-07-12,red_bull_ring,Red Bull Ring,Spielberg,Austria,47.2197,14.7647,leclerc,LEC,Charles Leclerc,Monegasque,16,1997-10-16,ferrari,Ferrari,Italian,11,14,19,0.0,4,Collision damage,0,0,0,1
2020,2,Styrian Grand Prix,2020-07-12,red_bull_ring,Red Bull Ring,Spielberg,Austria,47.2197,14.7647,vettel,VET,Sebastian Vettel,German,5,1987-07-03,ferrari,Ferrari,Italian,10,10,20,0.0,1,Collision damage,0,0,0,1
2020,3,Hungarian Grand Prix,2020-07-19,hungaroring,Hungaroring,Budapest,Hungary,47.5789,19.2486,hamilton,HAM,Lewis Hamilton,British,44,1985-01-07,mercedes,Mercedes,German,1,1,1,26.0,70,Finished,1,1,1,0
2020,3,Hungarian Grand Prix,2020-07-19,hungaroring,Hungaroring,Budapest,Hungary,47.5789,19.2486,max_verstappen,VER,Max Verstappen,Dutch,3,1997-09-30,red_bull,Red Bull,Austrian,7,7,2,18.0,70,Finished,0,1,1,0
2020,3,Hungarian Grand Prix,2020-07-19,hungaroring,Hungaroring,Budapest,Hungary,47.5789,19.2486,bottas,BOT,Valtteri Bottas,Finnish,77,1989-08-28,mercedes,Mercedes,German,2,2,3,15.0,70,Finished,0,1,1,0
2020,3,Hungarian Grand Prix,2020-07-19,hungaroring,Hungaroring,Budapest,Hungary,47.5789,19.2486,stroll,STR,Lance Stroll,Canadian,18,1998-10-29,racing_point,Racing Point,British,3,3,4,12.0,70,Finished,0,0,1,0
2020,3,Hungarian Grand Prix,2020-07-19,hungaroring,Hungaroring,Budapest,Hungary,47.5789,19.2486,albon,ALB,Alexander Albon,Thai,23,1996-03-23,red_bull,Red Bull,Austrian,13,13,5,10.0,70,Finished,0,0,1,0
2020,3,Hungarian Grand Prix,2020-07-19,hungaroring,Hungaroring,Budapest,Hungary,47.5789,19.2486,vettel,VET,Sebastian Vettel,German,5,1987-07-03,ferrari,Ferrari,Italian,5,5,6,8.0,69,+1 Lap,0,0,1,0
2020,3,Hungarian Grand Prix,2020-07-19,hungaroring,Hungaroring,Budapest,Hungary,47.5789,19.2486,perez,PER,Sergio Pérez,Mexican,11,1990-01-26,racing_point,Racing Point,British,4,4,7,6.0,69,+1 Lap,0,0,1,0
2020,3,Hungarian Grand Prix,2020-07-19,hungaroring,Hungaroring,Budapest,Hungary,47.5789,19.2486,ricciardo,RIC,Daniel Ricciardo,Australian,3,1989-07-01,renault,Renault,French,11,11,8,4.0,69,+1 Lap,0,0,1,0
2020,3,Hungarian Grand Prix,2020-07-19,hungaroring,Hungaroring,Budapest,Hungary,47.5789,19.2486,sainz,SAI,Carlos Sainz,Spanish,55,1994-09-01,mclaren,McLaren,British,9,9,9,2.0,69,+1 Lap,0,0,1,0
2020,3,Hungarian Grand Prix,2020-07-19,hungaroring,Hungaroring,Budapest,Hungary,47.5789,19.2486,kevin_magnussen,MAG,Kevin Magnussen,Danish,20,1992-10-05,haas,Haas F1 Team,American,16,0,10,1.0,69,+1 Lap,0,0,1,0
2020,3,Hungarian Grand Prix,2020-07-19,hungaroring,Hungaroring,Budapest,Hungary,47.5789,19.2486,leclerc,LEC,Charles Leclerc,Monegasque,16,1997-10-16,ferrari,Ferrari,Italian,6,6,11,0.0,69,+1 Lap,0,0,0,0
2020,3,Hungarian Grand Prix,2020-07-19,hungaroring,Hungaroring,Budapest,Hungary,47.5789,19.2486,kvyat,KVY,Daniil Kvyat,Russian,26,1994-04-26,alphatauri,AlphaTauri,Italian,17,17,12,0.0,69,+1 Lap,0,0,0,0
2020,3,Hungarian Grand Prix,2020-07-19,hungaroring,Hungaroring,Budapest,Hungary,47.5789,19.2486,norris,NOR,Lando Norris,British,1,1999-11-13,mclaren,McLaren,British,8,8,13,0.0,69,+1 Lap,0,0,0,0
2020,3,Hungarian Grand Prix,2020-07-19,hungaroring,Hungaroring,Budapest,Hungary,47.5789,19.2486,ocon,OCO,Esteban Ocon,French,31,1996-09-17,renault,Renault,French,14,14,14,0.0,69,+1 Lap,0,0,0,0
2020,3,Hungarian Grand Prix,2020-07-19,hungaroring,Hungaroring,Budapest,Hungary,47.5789,19.2486,raikkonen,RAI,Kimi Räikkönen,Finnish,7,1979-10-17,alfa,Alfa Romeo,Swiss,20,20,15,0.0,69,+1 Lap,0,0,0,0
2020,3,Hungarian Grand Prix,2020-07-19,hungaroring,Hungaroring,Budapest,Hungary,47.5789,19.2486,grosjean,GRO,Romain Grosjean,French,8,1986-04-17,haas,Haas F1 Team,American,18,0,16,0.0,69,+1 Lap,0,0,0,0
2020,3,Hungarian Grand Prix,2020-07-19,hungaroring,Hungaroring,Budapest,Hungary,47.5789,19.2486,giovinazzi,GIO,Antonio Giovinazzi,Italian,99,1993-12-14,alfa,Alfa Romeo,Swiss,19,19,17,0.0,69,+1 Lap,0,0,0,0
2020,3,Hungarian Grand Prix,2020-07-19,hungaroring,Hungaroring,Budapest,Hungary,47.5789,19.2486,russell,RUS,George Russell,British,63,1998-02-15,williams,Williams,British,12,12,18,0.0,69,+1 Lap,0,0,0,0
2020,3,Hungarian Grand Prix,2020-07-19,hungaroring,Hungaroring,Budapest,Hungary,47.5789,19.2486,latifi,LAT,Nicholas Latifi,Canadian,6,1995-06-29,williams,Williams,British,15,15,19,0.0,65,+5 Laps,0,0,0,0
2020,3,Hungarian Grand Prix,2020-07-19,hungaroring,Hungaroring,Budapest,Hungary,47.5789,19.2486,gasly,GAS,Pierre Gasly,French,10,1996-02-07,alphatauri,AlphaTauri,Italian,10,10,20,0.0,15,Engine,0,0,0,1
2020,4,British Grand Prix,2020-08-02,silverstone,Silverstone Circuit,Silverstone,UK,52.0786,-1.01694,hamilton,HAM,Lewis Hamilton,British,44,1985-01-07,mercedes,Mercedes,German,1,1,1,25.0,52,Finished,1,1,1,0
2020,4,British Grand Prix,2020-08-02,silverstone,Silverstone Circuit,Silverstone,UK,52.0786,-1.01694,max_verstappen,VER,Max Verstappen,Dutch,3,1997-09-30,red_bull,Red Bull,Austrian,3,3,2,19.0,52,Finished,0,1,1,0
2020,4,British Grand Prix,2020-08-02,silverstone,Silverstone Circuit,Silverstone,UK,52.0786,-1.01694,leclerc,LEC,Charles Leclerc,Monegasque,16,1997-10-16,ferrari,Ferrari,Italian,4,4,3,15.0,52,Finished,0,1,1,0
2020,4,British Grand Prix,2020-08-02,silverstone,Silverstone Circuit,Silverstone,UK,52.0786,-1.01694,ricciardo,RIC,Daniel Ricciardo,Australian,3,1989-07-01,renault,Renault,French,8,8,4,12.0,52,Finished,0,0,1,0
2020,4,British Grand Prix,2020-08-02,silverstone,Silverstone Circuit,Silverstone,UK,52.0786,-1.01694,norris,NOR,Lando Norris,British,1,1999-11-13,mclaren,McLaren,British,5,5,5,10.0,52,Finished,0,0,1,0
2020,4,British Grand Prix,2020-08-02,silverstone,Silverstone Circuit,Silverstone,UK,52.0786,-1.01694,ocon,OCO,Esteban Ocon,French,31,1996-09-17,renault,Renault,French,9,9,6,8.0,52,Finished,0,0,1,0
2020,4,British Grand Prix,2020-08-02,silverstone,Silverstone Circuit,Silverstone,UK,52.0786,-1.01694,gasly,GAS,Pierre Gasly,French,10,1996-02-07,alphatauri,AlphaTauri,Italian,11,11,7,6.0,52,Finished,0,0,1,0
2020,4,British Grand Prix,2020-08-02,silverstone,Silverstone Circuit,Silverstone,UK,52.0786,-1.01694,albon,ALB,Alexander Albon,Thai,23,1996-03-23,red_bull,Red Bull,Austrian,12,12,8,4.0,52,Finished,0,0,1,0
2020,4,British Grand Prix,2020-08-02,silverstone,Silverstone Circuit,Silverstone,UK,52.0786,-1.01694,stroll,STR,Lance Stroll,Canadian,18,1998-10-29,racing_point,Racing Point,British,6,6,9,2.0,52,Finished,0,0,1,0
2020,4,British Grand Prix,2020-08-02,silverstone,Silverstone Circuit,Silverstone,UK,52.0786,-1.01694,vettel,VET,Sebastian Vettel,German,5,1987-07-03,ferrari,Ferrari,Italian,10,10,10,1.0,52,Finished,0,0,1,0
2020,4,British Grand Prix,2020-08-02,silverstone,Silverstone Circuit,Silverstone,UK,52.0786,-1.01694,bottas,BOT,Valtteri Bottas,Finnish,77,1989-08-28,mercedes,Mercedes,German,2,2,11,0.0,52,Finished,0,0,0,0
2020,4,British Grand Prix,2020-08-02,silverstone,Silverstone Circuit,Silverstone,UK,52.0786,-1.01694,russell,RUS,George Russell,British,63,1998-02-15,williams,Williams,British,15,20,12,0.0,52,Finished,0,0,0,0
2020,4,British Grand Prix,2020-08-02,silverstone,Silverstone Circuit,Silverstone,UK,52.0786,-1.01694,sainz,SAI,Carlos Sainz,Spanish,55,1994-09-01,mclaren,McLaren,British,7,7,13,0.0,52,Finished,0,0,0,0
2020,4,British Grand Prix,2020-08-02,silverstone,Silverstone Circuit,Silverstone,UK,52.0786,-1.01694,giovinazzi,GIO,Antonio Giovinazzi,Italian,99,1993-12-14,alfa,Alfa Romeo,Swiss,17,15,14,0.0,52,Finished,0,0,0,0
2020,4,British Grand Prix,2020-08-02,silverstone,Silverstone Circuit,Silverstone,UK,52.0786,-1.01694,latifi,LAT,Nicholas Latifi,Canadian,6,1995-06-29,williams,Williams,British,20,18,15,0.0,52,Finished,0,0,0,0
2020,4,British Grand Prix,2020-08-02,silverstone,Silverstone Circuit,Silverstone,UK,52.0786,-1.01694,grosjean,GRO,Romain Grosjean,French,8,1986-04-17,haas,Haas F1 Team,American,19,17,16,0.0,52,Finished,0,0,0,0
2020,4,British Grand Prix,2020-08-02,silverstone,Silverstone Circuit,Silverstone,UK,52.0786,-1.01694,raikkonen,RAI,Kimi Räikkönen,Finnish,7,1979-10-17,alfa,Alfa Romeo,Swiss,18,16,17,0.0,51,+1 Lap,0,0,0,0
2020,4,British Grand Prix,2020-08-02,silverstone,Silverstone Circuit,Silverstone,UK,52.0786,-1.01694,kvyat,KVY,Daniil Kvyat,Russian,26,1994-04-26,alphatauri,AlphaTauri,Italian,14,19,18,0.0,11,Accident,0,0,0,1
2020,4,British Grand Prix,2020-08-02,silverstone,Silverstone Circuit,Silverstone,UK,52.0786,-1.01694,kevin_magnussen,MAG,Kevin Magnussen,Danish,20,1992-10-05,haas,Haas F1 Team,American,16,14,19,0.0,1,Collision,0,0,0,1
2020,4,British Grand Prix,2020-08-02,silverstone,Silverstone Circuit,Silverstone,UK,52.0786,-1.01694,hulkenberg,HUL,Nico Hülkenberg,German,27,1987-08-19,racing_point,Racing Point,British,13,13,20,0.0,0,Power Unit,0,0,0,0
2020,5,70th Anniversary Grand Prix,2020-08-09,silverstone,Silverstone Circuit,Silverstone,UK,52.0786,-1.01694,max_verstappen,VER,Max Verstappen,Dutch,3,1997-09-30,red_bull,Red Bull,Austrian,4,4,1,25.0,52,Finished,1,1,1,0
2020,5,70th Anniversary Grand Prix,2020-08-09,silverstone,Silverstone Circuit,Silverstone,UK,52.0786,-1.01694,hamilton,HAM,Lewis Hamilton,British,44,1985-01-07,mercedes,Mercedes,German,2,2,2,19.0,52,Finished,0,1,1,0
2020,5,70th Anniversary Grand Prix,2020-08-09,silverstone,Silverstone Circuit,Silverstone,UK,52.0786,-1.01694,bottas,BOT,Valtteri Bottas,Finnish,77,1989-08-28,mercedes,Mercedes,German,1,1,3,15.0,52,Finished,0,1,1,0
2020,5,70th Anniversary Grand Prix,2020-08-09,silverstone,Silverstone Circuit,Silverstone,UK,52.0786,-1.01694,leclerc,LEC,Charles Leclerc,Monegasque,16,1997-10-16,ferrari,Ferrari,Italian,8,8,4,12.0,52,Finished,0,0,1,0
2020,5,70th Anniversary Grand Prix,2020-08-09,silverstone,Silverstone Circuit,Silverstone,UK,52.0786,-1.01694,albon,ALB,Alexander Albon,Thai,23,1996-03-23,red_bull,Red Bull,Austrian,9,9,5,10.0,52,Finished,0,0,1,0
2020,5,70th Anniversary Grand Prix,2020-08-09,silverstone,Silverstone Circuit,Silverstone,UK,52.0786,-1.01694,stroll,STR,Lance Stroll,Canadian,18,1998-10-29,racing_point,Racing Point,British,6,6,6,8.0,52,Finished,0,0,1,0
2020,5,70th Anniversary Grand Prix,2020-08-09,silverstone,Silverstone Circuit,Silverstone,UK,52.0786,-1.01694,hulkenberg,HUL,Nico Hülkenberg,German,27,1987-08-19,racing_point,Racing Point,British,3,3,7,6.0,52,Finished,0,0,1,0
2020,5,70th Anniversary Grand Prix,2020-08-09,silverstone,Silverstone Circuit,Silverstone,UK,52.0786,-1.01694,ocon,OCO,Esteban Ocon,French,31,1996-09-17,renault,Renault,French,11,14,8,4.0,52,Finished,0,0,1,0
2020,5,70th Anniversary Grand Prix,2020-08-09,silverstone,Silverstone Circuit,Silverstone,UK,52.0786,-1.01694,norris,NOR,Lando Norris,British,1,1999-11-13,mclaren,McLaren,British,10,10,9,2.0,52,Finished,0,0,1,0
2020,5,70th Anniversary Grand Prix,2020-08-09,silverstone,Silverstone Circuit,Silverstone,UK,52.0786,-1.01694,kvyat,KVY,Daniil Kvyat,Russian,26,1994-04-26,alphatauri,AlphaTauri,Italian,16,16,10,1.0,52,Finished,0,0,1,0
2020,5,70th Anniversary Grand Prix,2020-08-09,silverstone,Silverstone Circuit,Silverstone,UK,52.0786,-1.01694,gasly,GAS,Pierre Gasly,French,10,1996-02-07,alphatauri,AlphaTauri,Italian,7,7,11,0.0,52,Finished,0,0,0,0
2020,5,70th Anniversary Grand Prix,2020-08-09,silverstone,Silverstone Circuit,Silverstone,UK,52.0786,-1.01694,vettel,VET,Sebastian Vettel,German,5,1987-07-03,ferrari,Ferrari,Italian,12,11,12,0.0,52,Finished,0,0,0,0
2020,5,70th Anniversary Grand Prix,2020-08-09,silverstone,Silverstone Circuit,Silverstone,UK,52.0786,-1.01694,sainz,SAI,Carlos Sainz,Spanish,55,1994-09-01,mclaren,McLaren,British,13,12,13,0.0,52,Finished,0,0,0,0
2020,5,70th Anniversary Grand Prix,2020-08-09,silverstone,Silverstone Circuit,Silverstone,UK,52.0786,-1.01694,ricciardo,RIC,Daniel Ricciardo,Australian,3,1989-07-01,renault,Renault,French,5,5,14,0.0,51,+1 Lap,0,0,0,0
2020,5,70th Anniversary Grand Prix,2020-08-09,silverstone,Silverstone Circuit,Silverstone,UK,52.0786,-1.01694,raikkonen,RAI,Kimi Räikkönen,Finnish,7,1979-10-17,alfa,Alfa Romeo,Swiss,20,20,15,0.0,51,+1 Lap,0,0,0,0
2020,5,70th Anniversary Grand Prix,2020-08-09,silverstone,Silverstone Circuit,Silverstone,UK,52.0786,-1.01694,grosjean,GRO,Romain Grosjean,French,8,1986-04-17,haas,Haas F1 Team,American,14,13,16,0.0,51,+1 Lap,0,0,0,0
2020,5,70th Anniversary Grand Prix,2020-08-09,silverstone,Silverstone Circuit,Silverstone,UK,52.0786,-1.01694,giovinazzi,GIO,Antonio Giovinazzi,Italian,99,1993-12-14,alfa,Alfa Romeo,Swiss,19,19,17,0.0,51,+1 Lap,0,0,0,0
2020,5,70th Anniversary Grand Prix,2020-08-09,silverstone,Silverstone Circuit,Silverstone,UK,52.0786,-1.01694,russell,RUS,George Russell,British,63,1998-02-15,williams,Williams,British,15,15,18,0.0,51,+1 Lap,0,0,0,0
2020,5,70th Anniversary Grand Prix,2020-08-09,silverstone,Silverstone Circuit,Silverstone,UK,52.0786,-1.01694,latifi,LAT,Nicholas Latifi,Canadian,6,1995-06-29,williams,Williams,British,18,18,19,0.0,51,+1 Lap,0,0,0,0
2020,5,70th Anniversary Grand Prix,2020-08-09,silverstone,Silverstone Circuit,Silverstone,UK,52.0786,-1.01694,kevin_magnussen,MAG,Kevin Magnussen,Danish,20,1992-10-05,haas,Haas F1 Team,American,17,17,20,0.0,43,Retired,0,0,0,1
2020,6,Spanish Grand Prix,2020-08-16,catalunya,Circuit de Barcelona-Catalunya,Barcelona,Spain,41.57,2.26111,hamilton,HAM,Lewis Hamilton,British,44,1985-01-07,mercedes,Mercedes,German,1,1,1,25.0,66,Finished,1,1,1,0
2020,6,Spanish Grand Prix,2020-08-16,catalunya,Circuit de Barcelona-Catalunya,Barcelona,Spain,41.57,2.26111,max_verstappen,VER,Max Verstappen,Dutch,3,1997-09-30,red_bull,Red Bull,Austrian,3,3,2,18.0,66,Finished,0,1,1,0
2020,6,Spanish Grand Prix,2020-08-16,catalunya,Circuit de Barcelona-Catalunya,Barcelona,Spain,41.57,2.26111,bottas,BOT,Valtteri Bottas,Finnish,77,1989-08-28,mercedes,Mercedes,German,2,2,3,16.0,66,Finished,0,1,1,0
2020,6,Spanish Grand Prix,2020-08-16,catalunya,Circuit de Barcelona-Catalunya,Barcelona,Spain,41.57,2.26111,stroll,STR,Lance Stroll,Canadian,18,1998-10-29,racing_point,Racing Point,British,5,5,4,12.0,65,+1 Lap,0,0,1,0
2020,6,Spanish Grand Prix,2020-08-16,catalunya,Circuit de Barcelona-Catalunya,Barcelona,Spain,41.57,2.26111,perez,PER,Sergio Pérez,Mexican,11,1990-01-26,racing_point,Racing Point,British,4,4,5,10.0,65,+1 Lap,0,0,1,0
2020,6,Spanish Grand Prix,2020-08-16,catalunya,Circuit de Barcelona-Catalunya,Barcelona,Spain,41.57,2.26111,sainz,SAI,Carlos Sainz,Spanish,55,1994-09-01,mclaren,McLaren,British,7,7,6,8.0,65,+1 Lap,0,0,1,0
2020,6,Spanish Grand Prix,2020-08-16,catalunya,Circuit de Barcelona-Catalunya,Barcelona,Spain,41.57,2.26111,vettel,VET,Sebastian Vettel,German,5,1987-07-03,ferrari,Ferrari,Italian,11,11,7,6.0,65,+1 Lap,0,0,1,0
2020,6,Spanish Grand Prix,2020-08-16,catalunya,Circuit de Barcelona-Catalunya,Barcelona,Spain,41.57,2.26111,albon,ALB,Alexander Albon,Thai,23,1996-03-23,red_bull,Red Bull,Austrian,6,6,8,4.0,65,+1 Lap,0,0,1,0
2020,6,Spanish Grand Prix,2020-08-16,catalunya,Circuit de Barcelona-Catalunya,Barcelona,Spain,41.57,2.26111,gasly,GAS,Pierre Gasly,French,10,1996-02-07,alphatauri,AlphaTauri,Italian,10,10,9,2.0,65,+1 Lap,0,0,1,0
2020,6,Spanish Grand Prix,2020-08-16,catalunya,Circuit de Barcelona-Catalunya,Barcelona,Spain,41.57,2.26111,norris,NOR,Lando Norris,British,1,1999-11-13,mclaren,McLaren,British,8,8,10,1.0,65,+1 Lap,0,0,1,0
2020,6,Spanish Grand Prix,2020-08-16,catalunya,Circuit de Barcelona-Catalunya,Barcelona,Spain,41.57,2.26111,ricciardo,RIC,Daniel Ricciardo,Australian,3,1989-07-01,renault,Renault,French,13,13,11,0.0,65,+1 Lap,0,0,0,0
2020,6,Spanish Grand Prix,2020-08-16,catalunya,Circuit de Barcelona-Catalunya,Barcelona,Spain,41.57,2.26111,kvyat,KVY,Daniil Kvyat,Russian,26,1994-04-26,alphatauri,AlphaTauri,Italian,12,12,12,0.0,65,+1 Lap,0,0,0,0
2020,6,Spanish Grand Prix,2020-08-16,catalunya,Circuit de Barcelona-Catalunya,Barcelona,Spain,41.57,2.26111,ocon,OCO,Esteban Ocon,French,31,1996-09-17,renault,Renault,French,15,15,13,0.0,65,+1 Lap,0,0,0,0
2020,6,Spanish Grand Prix,2020-08-16,catalunya,Circuit de Barcelona-Catalunya,Barcelona,Spain,41.57,2.26111,raikkonen,RAI,Kimi Räikkönen,Finnish,7,1979-10-17,alfa,Alfa Romeo,Swiss,14,14,14,0.0,65,+1 Lap,0,0,0,0
2020,6,Spanish Grand Prix,2020-08-16,catalunya,Circuit de Barcelona-Catalunya,Barcelona,Spain,41.57,2.26111,kevin_magnussen,MAG,Kevin Magnussen,Danish,20,1992-10-05,haas,Haas F1 Team,American,16,16,15,0.0,65,+1 Lap,0,0,0,0
2020,6,Spanish Grand Prix,2020-08-16,catalunya,Circuit de Barcelona-Catalunya,Barcelona,Spain,41.57,2.26111,giovinazzi,GIO,Antonio Giovinazzi,Italian,99,1993-12-14,alfa,Alfa Romeo,Swiss,20,20,16,0.0,65,+1 Lap,0,0,0,0
2020,6,Spanish Grand Prix,2020-08-16,catalunya,Circuit de Barcelona-Catalunya,Barcelona,Spain,41.57,2.26111,russell,RUS,George Russell,British,63,1998-02-15,williams,Williams,British,18,18,17,0.0,65,+1 Lap,0,0,0,0
2020,6,Spanish Grand Prix,2020-08-16,catalunya,Circuit de Barcelona-Catalunya,Barcelona,Spain,41.57,2.26111,latifi,LAT,Nicholas Latifi,Canadian,6,1995-06-29,williams,Williams,British,19,19,18,0.0,64,+2 Laps,0,0,0,0
2020,6,Spanish Grand Prix,2020-08-16,catalunya,Circuit de Barcelona-Catalunya,Barcelona,Spain,41.57,2.26111,grosjean,GRO,Romain Grosjean,French,8,1986-04-17,haas,Haas F1 Team,American,17,17,19,0.0,64,+2 Laps,0,0,0,0
2020,6,Spanish Grand Prix,2020-08-16,catalunya,Circuit de Barcelona-Catalunya,Barcelona,Spain,41.57,2.26111,leclerc,LEC,Charles Leclerc,Monegasque,16,1997-10-16,ferrari,Ferrari,Italian,9,9,20,0.0,38,Electronics,0,0,0,0
2020,7,Belgian Grand Prix,2020-08-30,spa,Circuit de Spa-Francorchamps,Spa,Belgium,50.4372,5.97139,hamilton,HAM,Lewis Hamilton,British,44,1985-01-07,mercedes,Mercedes,German,1,1,1,25.0,44,Finished,1,1,1,0
2020,7,Belgian Grand Prix,2020-08-30,spa,Circuit de Spa-Francorchamps,Spa,Belgium,50.4372,5.97139,bottas,BOT,Valtteri Bottas,Finnish,77,1989-08-28,mercedes,Mercedes,German,2,2,2,18.0,44,Finished,0,1,1,0
2020,7,Belgian Grand Prix,2020-08-30,spa,Circuit de Spa-Francorchamps,Spa,Belgium,50.4372,5.97139,max_verstappen,VER,Max Verstappen,Dutch,3,1997-09-30,red_bull,Red Bull,Austrian,3,3,3,15.0,44,Finished,0,1,1,0
2020,7,Belgian Grand Prix,2020-08-30,spa,Circuit de Spa-Francorchamps,Spa,Belgium,50.4372,5.97139,ricciardo,RIC,Daniel Ricciardo,Australian,3,1989-07-01,renault,Renault,French,4,4,4,13.0,44,Finished,0,0,1,0
2020,7,Belgian Grand Prix,2020-08-30,spa,Circuit de Spa-Francorchamps,Spa,Belgium,50.4372,5.97139,ocon,OCO,Esteban Ocon,French,31,1996-09-17,renault,Renault,French,6,6,5,10.0,44,Finished,0,0,1,0
2020,7,Belgian Grand Prix,2020-08-30,spa,Circuit de Spa-Francorchamps,Spa,Belgium,50.4372,5.97139,albon,ALB,Alexander Albon,Thai,23,1996-03-23,red_bull,Red Bull,Austrian,5,5,6,8.0,44,Finished,0,0,1,0
2020,7,Belgian Grand Prix,2020-08-30,spa,Circuit de Spa-Francorchamps,Spa,Belgium,50.4372,5.97139,norris,NOR,Lando Norris,British,1,1999-11-13,mclaren,McLaren,British,10,10,7,6.0,44,Finished,0,0,1,0
2020,7,Belgian Grand Prix,2020-08-30,spa,Circuit de Spa-Francorchamps,Spa,Belgium,50.4372,5.97139,gasly,GAS,Pierre Gasly,French,10,1996-02-07,alphatauri,AlphaTauri,Italian,12,12,8,4.0,44,Finished,0,0,1,0
2020,7,Belgian Grand Prix,2020-08-30,spa,Circuit de Spa-Francorchamps,Spa,Belgium,50.4372,5.97139,stroll,STR,Lance Stroll,Canadian,18,1998-10-29,racing_point,Racing Point,British,9,9,9,2.0,44,Finished,0,0,1,0
2020,7,Belgian Grand Prix,2020-08-30,spa,Circuit de Spa-Francorchamps,Spa,Belgium,50.4372,5.97139,perez,PER,Sergio Pérez,Mexican,11,1990-01-26,racing_point,Racing Point,British,8,8,10,1.0,44,Finished,0,0,1,0
2020,7,Belgian Grand Prix,2020-08-30,spa,Circuit de Spa-Francorchamps,Spa,Belgium,50.4372,5.97139,kvyat,KVY,Daniil Kvyat,Russian,26,1994-04-26,alphatauri,AlphaTauri,Italian,11,11,11,0.0,44,Finished,0,0,0,0
2020,7,Belgian Grand Prix,2020-08-30,spa,Circuit de Spa-Francorchamps,Spa,Belgium,50.4372,5.97139,raikkonen,RAI,Kimi Räikkönen,Finnish,7,1979-10-17,alfa,Alfa Romeo,Swiss,16,16,12,0.0,44,Finished,0,0,0,0
2020,7,Belgian Grand Prix,2020-08-30,spa,Circuit de Spa-Francorchamps,Spa,Belgium,50.4372,5.97139,vettel,VET,Sebastian Vettel,German,5,1987-07-03,ferrari,Ferrari,Italian,14,14,13,0.0,44,Finished,0,0,0,0
2020,7,Belgian Grand Prix,2020-08-30,spa,Circuit de Spa-Francorchamps,Spa,Belgium,50.4372,5.97139,leclerc,LEC,Charles Leclerc,Monegasque,16,1997-10-16,ferrari,Ferrari,Italian,13,13,14,0.0,44,Finished,0,0,0,0
2020,7,Belgian Grand Prix,2020-08-30,spa,Circuit de Spa-Francorchamps,Spa,Belgium,50.4372,5.97139,grosjean,GRO,Romain Grosjean,French,8,1986-04-17,haas,Haas F1 Team,American,17,17,15,0.0,44,Finished,0,0,0,0
2020,7,Belgian Grand Prix,2020-08-30,spa,Circuit de Spa-Francorchamps,Spa,Belgium,50.4372,5.97139,latifi,LAT,Nicholas Latifi,Canadian,6,1995-06-29,williams,Williams,British,19,19,16,0.0,44,Finished,0,0,0,0
2020,7,Belgian Grand Prix,2020-08-30,spa,Circuit de Spa-Francorchamps,Spa,Belgium,50.4372,5.97139,kevin_magnussen,MAG,Kevin Magnussen,Danish,20,1992-10-05,haas,Haas F1 Team,American,20,20,17,0.0,44,Finished,0,0,0,0
2020,7,Belgian Grand Prix,2020-08-30,spa,Circuit de Spa-Francorchamps,Spa,Belgium,50.4372,5.97139,giovinazzi,GIO,Antonio Giovinazzi,Italian,99,1993-12-14,alfa,Alfa Romeo,Swiss,18,18,18,0.0,9,Accident,0,0,0,1
2020,7,Belgian Grand Prix,2020-08-30,spa,Circuit de Spa-Francorchamps,Spa,Belgium,50.4372,5.97139,russell,RUS,George Russell,British,63,1998-02-15,williams,Williams,British,15,15,19,0.0,9,Debris,0,0,0,0
2020,7,Belgian Grand Prix,2020-08-30,spa,Circuit de Spa-Francorchamps,Spa,Belgium,50.4372,5.97139,sainz,SAI,Carlos Sainz,Spanish,55,1994-09-01,mclaren,McLaren,British,7,7,20,0.0,0,Exhaust,0,0,0,0
2020,8,Italian Grand Prix,2020-09-06,monza,Autodromo Nazionale di Monza,Monza,Italy,45.6156,9.28111,gasly,GAS,Pierre Gasly,French,10,1996-02-07,alphatauri,AlphaTauri,Italian,10,10,1,25.0,53,Finished,1,1,1,0
2020,8,Italian Grand Prix,2020-09-06,monza,Autodromo Nazionale di Monza,Monza,Italy,45.6156,9.28111,sainz,SAI,Carlos Sainz,Spanish,55,1994-09-01,mclaren,McLaren,British,3,3,2,18.0,53,Finished,0,1,1,0
2020,8,Italian Grand Prix,2020-09-06,monza,Autodromo Nazionale di Monza,Monza,Italy,45.6156,9.28111,stroll,STR,Lance Stroll,Canadian,18,1998-10-29,racing_point,Racing Point,British,8,8,3,15.0,53,Finished,0,1,1,0
2020,8,Italian Grand Prix,2020-09-06,monza,Autodromo Nazionale di Monza,Monza,Italy,45.6156,9.28111,norris,NOR,Lando Norris,British,1,1999-11-13,mclaren,McLaren,British,6,6,4,12.0,53,Finished,0,0,1,0
2020,8,Italian Grand Prix,2020-09-06,monza,Autodromo Nazionale di Monza,Monza,Italy,45.6156,9.28111,bottas,BOT,Valtteri Bottas,Finnish,77,1989-08-28,mercedes,Mercedes,German,2,2,5,10.0,53,Finished,0,0,1,0
2020,8,Italian Grand Prix,2020-09-06,monza,Autodromo Nazionale di Monza,Monza,Italy,45.6156,9.28111,ricciardo,RIC,Daniel Ricciardo,Australian,3,1989-07-01,renault,Renault,French,7,7,6,8.0,53,Finished,0,0,1,0
2020,8,Italian Grand Prix,2020-09-06,monza,Autodromo Nazionale di Monza,Monza,Italy,45.6156,9.28111,hamilton,HAM,Lewis Hamilton,British,44,1985-01-07,mercedes,Mercedes,German,1,1,7,7.0,53,Finished,0,0,1,0
2020,8,Italian Grand Prix,2020-09-06,monza,Autodromo Nazionale di Monza,Monza,Italy,45.6156,9.28111,ocon,OCO,Esteban Ocon,French,31,1996-09-17,renault,Renault,French,12,12,8,4.0,53,Finished,0,0,1,0
2020,8,Italian Grand Prix,2020-09-06,monza,Autodromo Nazionale di Monza,Monza,Italy,45.6156,9.28111,kvyat,KVY,Daniil Kvyat,Russian,26,1994-04-26,alphatauri,AlphaTauri,Italian,11,11,9,2.0,53,Finished,0,0,1,0
2020,8,Italian Grand Prix,2020-09-06,monza,Autodromo Nazionale di Monza,Monza,Italy,45.6156,9.28111,perez,PER,Sergio Pérez,Mexican,11,1990-01-26,racing_point,Racing Point,British,4,4,10,1.0,53,Finished,0,0,1,0
2020,8,Italian Grand Prix,2020-09-06,monza,Autodromo Nazionale di Monza,Monza,Italy,45.6156,9.28111,latifi,LAT,Nicholas Latifi,Canadian,6,1995-06-29,williams,Williams,British,20,20,11,0.0,53,Finished,0,0,0,0
2020,8,Italian Grand Prix,2020-09-06,monza,Autodromo Nazionale di Monza,Monza,Italy,45.6156,9.28111,grosjean,GRO,Romain Grosjean,French,8,1986-04-17,haas,Haas F1 Team,American,16,16,12,0.0,53,Finished,0,0,0,0
2020,8,Italian Grand Prix,2020-09-06,monza,Autodromo Nazionale di Monza,Monza,Italy,45.6156,9.28111,raikkonen,RAI,Kimi Räikkönen,Finnish,7,1979-10-17,alfa,Alfa Romeo,Swiss,14,14,13,0.0,53,Finished,0,0,0,0
2020,8,Italian Grand Prix,2020-09-06,monza,Autodromo Nazionale di Monza,Monza,Italy,45.6156,9.28111,russell,RUS,George Russell,British,63,1998-02-15,williams,Williams,British,19,19,14,0.0,53,Finished,0,0,0,0
2020,8,Italian Grand Prix,2020-09-06,monza,Autodromo Nazionale di Monza,Monza,Italy,45.6156,9.28111,albon,ALB,Alexander Albon,Thai,23,1996-03-23,red_bull,Red Bull,Austrian,9,9,15,0.0,53,Finished,0,0,0,0
2020,8,Italian Grand Prix,2020-09-06,monza,Autodromo Nazionale di Monza,Monza,Italy,45.6156,9.28111,giovinazzi,GIO,Antonio Giovinazzi,Italian,99,1993-12-14,alfa,Alfa Romeo,Swiss,18,18,16,0.0,53,Finished,0,0,0,0
2020,8,Italian Grand Prix,2020-09-06,monza,Autodromo Nazionale di Monza,Monza,Italy,45.6156,9.28111,max_verstappen,VER,Max Verstappen,Dutch,3,1997-09-30,red_bull,Red Bull,Austrian,5,5,17,0.0,30,Power Unit,0,0,0,0
2020,8,Italian Grand Prix,2020-09-06,monza,Autodromo Nazionale di Monza,Monza,Italy,45.6156,9.28111,leclerc,LEC,Charles Leclerc,Monegasque,16,1997-10-16,ferrari,Ferrari,Italian,13,13,18,0.0,23,Accident,0,0,0,1
2020,8,Italian Grand Prix,2020-09-06,monza,Autodromo Nazionale di Monza,Monza,Italy,45.6156,9.28111,kevin_magnussen,MAG,Kevin Magnussen,Danish,20,1992-10-05,haas,Haas F1 Team,American,15,15,19,0.0,17,Power Unit,0,0,0,0
2020,8,Italian Grand Prix,2020-09-06,monza,Autodromo Nazionale di Monza,Monza,Italy,45.6156,9.28111,vettel,VET,Sebastian Vettel,German,5,1987-07-03,ferrari,Ferrari,Italian,17,17,20,0.0,6,Brakes,0,0,0,1
2020,9,Tuscan Grand Prix,2020-09-13,mugello,Autodromo Internazionale del Mugello,Mugello,Italy,43.9975,11.3719,hamilton,HAM,Lewis Hamilton,British,44,1985-01-07,mercedes,Mercedes,German,1,1,1,26.0,59,Finished,1,1,1,0
2020,9,Tuscan Grand Prix,2020-09-13,mugello,Autodromo Internazionale del Mugello,Mugello,Italy,43.9975,11.3719,bottas,BOT,Valtteri Bottas,Finnish,77,1989-08-28,mercedes,Mercedes,German,2,2,2,18.0,59,Finished,0,1,1,0
2020,9,Tuscan Grand Prix,2020-09-13,mugello,Autodromo Internazionale del Mugello,Mugello,Italy,43.9975,11.3719,albon,ALB,Alexander Albon,Thai,23,1996-03-23,red_bull,Red Bull,Austrian,4,4,3,15.0,59,Finished,0,1,1,0
2020,9,Tuscan Grand Prix,2020-09-13,mugello,Autodromo Internazionale del Mugello,Mugello,Italy,43.9975,11.3719,ricciardo,RIC,Daniel Ricciardo,Australian,3,1989-07-01,renault,Renault,French,8,8,4,12.0,59,Finished,0,0,1,0
2020,9,Tuscan Grand Prix,2020-09-13,mugello,Autodromo Internazionale del Mugello,Mugello,Italy,43.9975,11.3719,perez,PER,Sergio Pérez,Mexican,11,1990-01-26,racing_point,Racing Point,British,6,7,5,10.0,59,Finished,0,0,1,0
2020,9,Tuscan Grand Prix,2020-09-13,mugello,Autodromo Internazionale del Mugello,Mugello,Italy,43.9975,11.3719,norris,NOR,Lando Norris,British,1,1999-11-13,mclaren,McLaren,British,11,11,6,8.0,59,Finished,0,0,1,0
2020,9,Tuscan Grand Prix,2020-09-13,mugello,Autodromo Internazionale del Mugello,Mugello,Italy,43.9975,11.3719,kvyat,KVY,Daniil Kvyat,Russian,26,1994-04-26,alphatauri,AlphaTauri,Italian,12,12,7,6.0,59,Finished,0,0,1,0
2020,9,Tuscan Grand Prix,2020-09-13,mugello,Autodromo Internazionale del Mugello,Mugello,Italy,43.9975,11.3719,leclerc,LEC,Charles Leclerc,Monegasque,16,1997-10-16,ferrari,Ferrari,Italian,5,5,8,4.0,59,Finished,0,0,1,0
2020,9,Tuscan Grand Prix,2020-09-13,mugello,Autodromo Internazionale del Mugello,Mugello,Italy,43.9975,11.3719,raikkonen,RAI,Kimi Räikkönen,Finnish,7,1979-10-17,alfa,Alfa Romeo,Swiss,13,13,9,2.0,59,Finished,0,0,1,0
2020,9,Tuscan Grand Prix,2020-09-13,mugello,Autodromo Internazionale del Mugello,Mugello,Italy,43.9975,11.3719,vettel,VET,Sebastian Vettel,German,5,1987-07-03,ferrari,Ferrari,Italian,14,14,10,1.0,59,Finished,0,0,1,0
2020,9,Tuscan Grand Prix,2020-09-13,mugello,Autodromo Internazionale del Mugello,Mugello,Italy,43.9975,11.3719,russell,RUS,George Russell,British,63,1998-02-15,williams,Williams,British,18,18,11,0.0,59,Finished,0,0,0,0
2020,9,Tuscan Grand Prix,2020-09-13,mugello,Autodromo Internazionale del Mugello,Mugello,Italy,43.9975,11.3719,grosjean,GRO,Romain Grosjean,French,8,1986-04-17,haas,Haas F1 Team,American,15,15,12,0.0,59,Finished,0,0,0,0
2020,9,Tuscan Grand Prix,2020-09-13,mugello,Autodromo Internazionale del Mugello,Mugello,Italy,43.9975,11.3719,stroll,STR,Lance Stroll,Canadian,18,1998-10-29,racing_point,Racing Point,British,7,6,13,0.0,42,Puncture,0,0,0,0
2020,9,Tuscan Grand Prix,2020-09-13,mugello,Autodromo Internazionale del Mugello,Mugello,Italy,43.9975,11.3719,ocon,OCO,Esteban Ocon,French,31,1996-09-17,renault,Renault,French,10,10,14,0.0,7,Brakes,0,0,0,1
2020,9,Tuscan Grand Prix,2020-09-13,mugello,Autodromo Internazionale del Mugello,Mugello,Italy,43.9975,11.3719,latifi,LAT,Nicholas Latifi,Canadian,6,1995-06-29,williams,Williams,British,19,19,15,0.0,6,Collision,0,0,0,1
2020,9,Tuscan Grand Prix,2020-09-13,mugello,Autodromo Internazionale del Mugello,Mugello,Italy,43.9975,11.3719,kevin_magnussen,MAG,Kevin Magnussen,Danish,20,1992-10-05,haas,Haas F1 Team,American,20,20,16,0.0,5,Collision,0,0,0,1
2020,9,Tuscan Grand Prix,2020-09-13,mugello,Autodromo Internazionale del Mugello,Mugello,Italy,43.9975,11.3719,giovinazzi,GIO,Antonio Giovinazzi,Italian,99,1993-12-14,alfa,Alfa Romeo,Swiss,17,17,17,0.0,5,Collision,0,0,0,1
2020,9,Tuscan Grand Prix,2020-09-13,mugello,Autodromo Internazionale del Mugello,Mugello,Italy,43.9975,11.3719,sainz,SAI,Carlos Sainz,Spanish,55,1994-09-01,mclaren,McLaren,British,9,9,18,0.0,5,Collision,0,0,0,1
2020,9,Tuscan Grand Prix,2020-09-13,mugello,Autodromo Internazionale del Mugello,Mugello,Italy,43.9975,11.3719,max_verstappen,VER,Max Verstappen,Dutch,3,1997-09-30,red_bull,Red Bull,Austrian,3,3,19,0.0,0,Collision,0,0,0,1
2020,9,Tuscan Grand Prix,2020-09-13,mugello,Autodromo Internazionale del Mugello,Mugello,Italy,43.9975,11.3719,gasly,GAS,Pierre Gasly,French,10,1996-02-07,alphatauri,AlphaTauri,Italian,16,16,20,0.0,0,Collision,0,0,0,1
2020,10,Russian Grand Prix,2020-09-27,sochi,Sochi Autodrom,Sochi,Russia,43.4057,39.9578,bottas,BOT,Valtteri Bottas,Finnish,77,1989-08-28,mercedes,Mercedes,German,3,3,1,26.0,53,Finished,1,1,1,0
2020,10,Russian Grand Prix,2020-09-27,sochi,Sochi Autodrom,Sochi,Russia,43.4057,39.9578,max_verstappen,VER,Max Verstappen,Dutch,3,1997-09-30,red_bull,Red Bull,Austrian,2,2,2,18.0,53,Finished,0,1,1,0
2020,10,Russian Grand Prix,2020-09-27,sochi,Sochi Autodrom,Sochi,Russia,43.4057,39.9578,hamilton,HAM,Lewis Hamilton,British,44,1985-01-07,mercedes,Mercedes,German,1,1,3,15.0,53,Finished,0,1,1,0
2020,10,Russian Grand Prix,2020-09-27,sochi,Sochi Autodrom,Sochi,Russia,43.4057,39.9578,perez,PER,Sergio Pérez,Mexican,11,1990-01-26,racing_point,Racing Point,British,4,4,4,12.0,53,Finished,0,0,1,0
2020,10,Russian Grand Prix,2020-09-27,sochi,Sochi Autodrom,Sochi,Russia,43.4057,39.9578,ricciardo,RIC,Daniel Ricciardo,Australian,3,1989-07-01,renault,Renault,French,5,5,5,10.0,53,Finished,0,0,1,0
2020,10,Russian Grand Prix,2020-09-27,sochi,Sochi Autodrom,Sochi,Russia,43.4057,39.9578,leclerc,LEC,Charles Leclerc,Monegasque,16,1997-10-16,ferrari,Ferrari,Italian,11,10,6,8.0,53,Finished,0,0,1,0
2020,10,Russian Grand Prix,2020-09-27,sochi,Sochi Autodrom,Sochi,Russia,43.4057,39.9578,ocon,OCO,Esteban Ocon,French,31,1996-09-17,renault,Renault,French,7,7,7,6.0,53,Finished,0,0,1,0
2020,10,Russian Grand Prix,2020-09-27,sochi,Sochi Autodrom,Sochi,Russia,43.4057,39.9578,kvyat,KVY,Daniil Kvyat,Russian,26,1994-04-26,alphatauri,AlphaTauri,Italian,12,11,8,4.0,53,Finished,0,0,1,0
2020,10,Russian Grand Prix,2020-09-27,sochi,Sochi Autodrom,Sochi,Russia,43.4057,39.9578,gasly,GAS,Pierre Gasly,French,10,1996-02-07,alphatauri,AlphaTauri,Italian,9,9,9,2.0,53,Finished,0,0,1,0
2020,10,Russian Grand Prix,2020-09-27,sochi,Sochi Autodrom,Sochi,Russia,43.4057,39.9578,albon,ALB,Alexander Albon,Thai,23,1996-03-23,red_bull,Red Bull,Austrian,10,15,10,1.0,53,Finished,0,0,1,0
2020,10,Russian Grand Prix,2020-09-27,sochi,Sochi Autodrom,Sochi,Russia,43.4057,39.9578,giovinazzi,GIO,Antonio Giovinazzi,Italian,99,1993-12-14,alfa,Alfa Romeo,Swiss,17,17,11,0.0,52,+1 Lap,0,0,0,0
2020,10,Russian Grand Prix,2020-09-27,sochi,Sochi Autodrom,Sochi,Russia,43.4057,39.9578,kevin_magnussen,MAG,Kevin Magnussen,Danish,20,1992-10-05,haas,Haas F1 Team,American,18,18,12,0.0,52,+1 Lap,0,0,0,0
2020,10,Russian Grand Prix,2020-09-27,sochi,Sochi Autodrom,Sochi,Russia,43.4057,39.9578,vettel,VET,Sebastian Vettel,German,5,1987-07-03,ferrari,Ferrari,Italian,15,14,13,0.0,52,+1 Lap,0,0,0,0
2020,10,Russian Grand Prix,2020-09-27,sochi,Sochi Autodrom,Sochi,Russia,43.4057,39.9578,raikkonen,RAI,Kimi Räikkönen,Finnish,7,1979-10-17,alfa,Alfa Romeo,Swiss,20,19,14,0.0,52,+1 Lap,0,0,0,0
2020,10,Russian Grand Prix,2020-09-27,sochi,Sochi Autodrom,Sochi,Russia,43.4057,39.9578,norris,NOR,Lando Norris,British,1,1999-11-13,mclaren,McLaren,British,8,8,15,0.0,52,+1 Lap,0,0,0,0
2020,10,Russian Grand Prix,2020-09-27,sochi,Sochi Autodrom,Sochi,Russia,43.4057,39.9578,latifi,LAT,Nicholas Latifi,Canadian,6,1995-06-29,williams,Williams,British,19,20,16,0.0,52,+1 Lap,0,0,0,0
2020,10,Russian Grand Prix,2020-09-27,sochi,Sochi Autodrom,Sochi,Russia,43.4057,39.9578,grosjean,GRO,Romain Grosjean,French,8,1986-04-17,haas,Haas F1 Team,American,16,16,17,0.0,52,+1 Lap,0,0,0,0
2020,10,Russian Grand Prix,2020-09-27,sochi,Sochi Autodrom,Sochi,Russia,43.4057,39.9578,russell,RUS,George Russell,British,63,1998-02-15,williams,Williams,British,14,13,18,0.0,52,+1 Lap,0,0,0,0
2020,10,Russian Grand Prix,2020-09-27,sochi,Sochi Autodrom,Sochi,Russia,43.4057,39.9578,sainz,SAI,Carlos Sainz,Spanish,55,1994-09-01,mclaren,McLaren,British,6,6,19,0.0,0,Accident,0,0,0,1
2020,10,Russian Grand Prix,2020-09-27,sochi,Sochi Autodrom,Sochi,Russia,43.4057,39.9578,stroll,STR,Lance Stroll,Canadian,18,1998-10-29,racing_point,Racing Point,British,13,12,20,0.0,0,Collision,0,0,0,1
2020,11,Eifel Grand Prix,2020-10-11,nurburgring,Nürburgring,Nürburg,Germany,50.3356,6.9475,hamilton,HAM,Lewis Hamilton,British,44,1985-01-07,mercedes,Mercedes,German,2,2,1,25.0,60,Finished,1,1,1,0
2020,11,Eifel Grand Prix,2020-10-11,nurburgring,Nürburgring,Nürburg,Germany,50.3356,6.9475,max_verstappen,VER,Max Verstappen,Dutch,3,1997-09-30,red_bull,Red Bull,Austrian,3,3,2,19.0,60,Finished,0,1,1,0
2020,11,Eifel Grand Prix,2020-10-11,nurburgring,Nürburgring,Nürburg,Germany,50.3356,6.9475,ricciardo,RIC,Daniel Ricciardo,Australian,3,1989-07-01,renault,Renault,French,6,6,3,15.0,60,Finished,0,1,1,0
2020,11,Eifel Grand Prix,2020-10-11,nurburgring,Nürburgring,Nürburg,Germany,50.3356,6.9475,perez,PER,Sergio Pérez,Mexican,11,1990-01-26,racing_point,Racing Point,British,9,9,4,12.0,60,Finished,0,0,1,0
2020,11,Eifel Grand Prix,2020-10-11,nurburgring,Nürburgring,Nürburg,Germany,50.3356,6.9475,sainz,SAI,Carlos Sainz,Spanish,55,1994-09-01,mclaren,McLaren,British,10,10,5,10.0,60,Finished,0,0,1,0
2020,11,Eifel Grand Prix,2020-10-11,nurburgring,Nürburgring,Nürburg,Germany,50.3356,6.9475,gasly,GAS,Pierre Gasly,French,10,1996-02-07,alphatauri,AlphaTauri,Italian,12,12,6,8.0,60,Finished,0,0,1,0
2020,11,Eifel Grand Prix,2020-10-11,nurburgring,Nürburgring,Nürburg,Germany,50.3356,6.9475,leclerc,LEC,Charles Leclerc,Monegasque,16,1997-10-16,ferrari,Ferrari,Italian,4,4,7,6.0,60,Finished,0,0,1,0
2020,11,Eifel Grand Prix,2020-10-11,nurburgring,Nürburgring,Nürburg,Germany,50.3356,6.9475,hulkenberg,HUL,Nico Hülkenberg,German,27,1987-08-19,racing_point,Racing Point,British,20,20,8,4.0,60,Finished,0,0,1,0
2020,11,Eifel Grand Prix,2020-10-11,nurburgring,Nürburgring,Nürburg,Germany,50.3356,6.9475,grosjean,GRO,Romain Grosjean,French,8,1986-04-17,haas,Haas F1 Team,American,16,16,9,2.0,60,Finished,0,0,1,0
2020,11,Eifel Grand Prix,2020-10-11,nurburgring,Nürburgring,Nürburg,Germany,50.3356,6.9475,giovinazzi,GIO,Antonio Giovinazzi,Italian,99,1993-12-14,alfa,Alfa Romeo,Swiss,14,14,10,1.0,60,Finished,0,0,1,0
2020,11,Eifel Grand Prix,2020-10-11,nurburgring,Nürburgring,Nürburg,Germany,50.3356,6.9475,vettel,VET,Sebastian Vettel,German,5,1987-07-03,ferrari,Ferrari,Italian,11,11,11,0.0,60,Finished,0,0,0,0
2020,11,Eifel Grand Prix,2020-10-11,nurburgring,Nürburgring,Nürburg,Germany,50.3356,6.9475,raikkonen,RAI,Kimi Räikkönen,Finnish,7,1979-10-17,alfa,Alfa Romeo,Swiss,19,19,12,0.0,60,Finished,0,0,0,0
2020,11,Eifel Grand Prix,2020-10-11,nurburgring,Nürburgring,Nürburg,Germany,50.3356,6.9475,kevin_magnussen,MAG,Kevin Magnussen,Danish,20,1992-10-05,haas,Haas F1 Team,American,15,15,13,0.0,60,Finished,0,0,0,0
2020,11,Eifel Grand Prix,2020-10-11,nurburgring,Nürburgring,Nürburg,Germany,50.3356,6.9475,latifi,LAT,Nicholas Latifi,Canadian,6,1995-06-29,williams,Williams,British,18,18,14,0.0,60,Finished,0,0,0,0
2020,11,Eifel Grand Prix,2020-10-11,nurburgring,Nürburgring,Nürburg,Germany,50.3356,6.9475,kvyat,KVY,Daniil Kvyat,Russian,26,1994-04-26,alphatauri,AlphaTauri,Italian,13,13,15,0.0,60,Finished,0,0,0,0
2020,11,Eifel Grand Prix,2020-10-11,nurburgring,Nürburgring,Nürburg,Germany,50.3356,6.9475,norris,NOR,Lando Norris,British,1,1999-11-13,mclaren,McLaren,British,8,8,16,0.0,42,Power Unit,0,0,0,0
2020,11,Eifel Grand Prix,2020-10-11,nurburgring,Nürburgring,Nürburg,Germany,50.3356,6.9475,albon,ALB,Alexander Albon,Thai,23,1996-03-23,red_bull,Red Bull,Austrian,5,5,17,0.0,23,Radiator,0,0,0,0
2020,11,Eifel Grand Prix,2020-10-11,nurburgring,Nürburgring,Nürburg,Germany,50.3356,6.9475,ocon,OCO,Esteban Ocon,French,31,1996-09-17,renault,Renault,French,7,7,18,0.0,22,Gearbox,0,0,0,1
2020,11,Eifel Grand Prix,2020-10-11,nurburgring,Nürburgring,Nürburg,Germany,50.3356,6.9475,bottas,BOT,Valtteri Bottas,Finnish,77,1989-08-28,mercedes,Mercedes,German,1,1,19,0.0,18,Power Unit,0,0,0,0
2020,11,Eifel Grand Prix,2020-10-11,nurburgring,Nürburgring,Nürburg,Germany,50.3356,6.9475,russell,RUS,George Russell,British,63,1998-02-15,williams,Williams,British,17,17,20,0.0,12,Collision,0,0,0,1
2020,12,Portuguese Grand Prix,2020-10-25,portimao,Autódromo Internacional do Algarve,Portimão,Portugal,37.227,-8.6267,hamilton,HAM,Lewis Hamilton,British,44,1985-01-07,mercedes,Mercedes,German,1,1,1,26.0,66,Finished,1,1,1,0
2020,12,Portuguese Grand Prix,2020-10-25,portimao,Autódromo Internacional do Algarve,Portimão,Portugal,37.227,-8.6267,bottas,BOT,Valtteri Bottas,Finnish,77,1989-08-28,mercedes,Mercedes,German,2,2,2,18.0,66,Finished,0,1,1,0
2020,12,Portuguese Grand Prix,2020-10-25,portimao,Autódromo Internacional do Algarve,Portimão,Portugal,37.227,-8.6267,max_verstappen,VER,Max Verstappen,Dutch,3,1997-09-30,red_bull,Red Bull,Austrian,3,3,3,15.0,66,Finished,0,1,1,0
2020,12,Portuguese Grand Prix,2020-10-25,portimao,Autódromo Internacional do Algarve,Portimão,Portugal,37.227,-8.6267,leclerc,LEC,Charles Leclerc,Monegasque,16,1997-10-16,ferrari,Ferrari,Italian,4,4,4,12.0,66,Finished,0,0,1,0
2020,12,Portuguese Grand Prix,2020-10-25,portimao,Autódromo Internacional do Algarve,Portimão,Portugal,37.227,-8.6267,gasly,GAS,Pierre Gasly,French,10,1996-02-07,alphatauri,AlphaTauri,Italian,9,9,5,10.0,65,+1 Lap,0,0,1,0
2020,12,Portuguese Grand Prix,2020-10-25,portimao,Autódromo Internacional do Algarve,Portimão,Portugal,37.227,-8.6267,sainz,SAI,Carlos Sainz,Spanish,55,1994-09-01,mclaren,McLaren,British,7,7,6,8.0,65,+1 Lap,0,0,1,0
2020,12,Portuguese Grand Prix,2020-10-25,portimao,Autódromo Internacional do Algarve,Portimão,Portugal,37.227,-8.6267,perez,PER,Sergio Pérez,Mexican,11,1990-01-26,racing_point,Racing Point,British,5,5,7,6.0,65,+1 Lap,0,0,1,0
2020,12,Portuguese Grand Prix,2020-10-25,portimao,Autódromo Internacional do Algarve,Portimão,Portugal,37.227,-8.6267,ocon,OCO,Esteban Ocon,French,31,1996-09-17,renault,Renault,French,11,11,8,4.0,65,+1 Lap,0,0,1,0
2020,12,Portuguese Grand Prix,2020-10-25,portimao,Autódromo Internacional do Algarve,Portimão,Portugal,37.227,-8.6267,ricciardo,RIC,Daniel Ricciardo,Australian,3,1989-07-01,renault,Renault,French,10,10,9,2.0,65,+1 Lap,0,0,1,0
2020,12,Portuguese Grand Prix,2020-10-25,portimao,Autódromo Internacional do Algarve,Portimão,Portugal,37.227,-8.6267,vettel,VET,Sebastian Vettel,German,5,1987-07-03,ferrari,Ferrari,Italian,15,15,10,1.0,65,+1 Lap,0,0,1,0
2020,12,Portuguese Grand Prix,2020-10-25,portimao,Autódromo Internacional do Algarve,Portimão,Portugal,37.227,-8.6267,raikkonen,RAI,Kimi Räikkönen,Finnish,7,1979-10-17,alfa,Alfa Romeo,Swiss,16,16,11,0.0,65,+1 Lap,0,0,0,0
2020,12,Portuguese Grand Prix,2020-10-25,portimao,Autódromo Internacional do Algarve,Portimão,Portugal,37.227,-8.6267,albon,ALB,Alexander Albon,Thai,23,1996-03-23,red_bull,Red Bull,Austrian,6,6,12,0.0,65,+1 Lap,0,0,0,0
2020,12,Portuguese Grand Prix,2020-10-25,portimao,Autódromo Internacional do Algarve,Portimão,Portugal,37.227,-8.6267,norris,NOR,Lando Norris,British,1,1999-11-13,mclaren,McLaren,British,8,8,13,0.0,65,+1 Lap,0,0,0,0
2020,12,Portuguese Grand Prix,2020-10-25,portimao,Autódromo Internacional do Algarve,Portimão,Portugal,37.227,-8.6267,russell,RUS,George Russell,British,63,1998-02-15,williams,Williams,British,14,14,14,0.0,65,+1 Lap,0,0,0,0
2020,12,Portuguese Grand Prix,2020-10-25,portimao,Autódromo Internacional do Algarve,Portimão,Portugal,37.227,-8.6267,giovinazzi,GIO,Antonio Giovinazzi,Italian,99,1993-12-14,alfa,Alfa Romeo,Swiss,17,17,15,0.0,65,+1 Lap,0,0,0,0
2020,12,Portuguese Grand Prix,2020-10-25,portimao,Autódromo Internacional do Algarve,Portimão,Portugal,37.227,-8.6267,kevin_magnussen,MAG,Kevin Magnussen,Danish,20,1992-10-05,haas,Haas F1 Team,American,19,19,16,0.0,65,+1 Lap,0,0,0,0
2020,12,Portuguese Grand Prix,2020-10-25,portimao,Autódromo Internacional do Algarve,Portimão,Portugal,37.227,-8.6267,grosjean,GRO,Romain Grosjean,French,8,1986-04-17,haas,Haas F1 Team,American,18,18,17,0.0,65,+1 Lap,0,0,0,0
2020,12,Portuguese Grand Prix,2020-10-25,portimao,Autódromo Internacional do Algarve,Portimão,Portugal,37.227,-8.6267,latifi,LAT,Nicholas Latifi,Canadian,6,1995-06-29,williams,Williams,British,20,20,18,0.0,64,+2 Laps,0,0,0,0
2020,12,Portuguese Grand Prix,2020-10-25,portimao,Autódromo Internacional do Algarve,Portimão,Portugal,37.227,-8.6267,kvyat,KVY,Daniil Kvyat,Russian,26,1994-04-26,alphatauri,AlphaTauri,Italian,13,13,19,0.0,64,+2 Laps,0,0,0,0
2020,12,Portuguese Grand Prix,2020-10-25,portimao,Autódromo Internacional do Algarve,Portimão,Portugal,37.227,-8.6267,stroll,STR,Lance Stroll,Canadian,18,1998-10-29,racing_point,Racing Point,British,12,12,20,0.0,51,Collision damage,0,0,0,1
2020,13,Emilia Romagna Grand Prix,2020-11-01,imola,Autodromo Enzo e Dino Ferrari,Imola,Italy,44.3439,11.7167,hamilton,HAM,Lewis Hamilton,British,44,1985-01-07,mercedes,Mercedes,German,2,2,1,26.0,63,Finished,1,1,1,0
2020,13,Emilia Romagna Grand Prix,2020-11-01,imola,Autodromo Enzo e Dino Ferrari,Imola,Italy,44.3439,11.7167,bottas,BOT,Valtteri Bottas,Finnish,77,1989-08-28,mercedes,Mercedes,German,1,1,2,18.0,63,Finished,0,1,1,0
2020,13,Emilia Romagna Grand Prix,2020-11-01,imola,Autodromo Enzo e Dino Ferrari,Imola,Italy,44.3439,11.7167,ricciardo,RIC,Daniel Ricciardo,Australian,3,1989-07-01,renault,Renault,French,5,5,3,15.0,63,Finished,0,1,1,0
2020,13,Emilia Romagna Grand Prix,2020-11-01,imola,Autodromo Enzo e Dino Ferrari,Imola,Italy,44.3439,11.7167,kvyat,KVY,Daniil Kvyat,Russian,26,1994-04-26,alphatauri,AlphaTauri,Italian,8,8,4,12.0,63,Finished,0,0,1,0
2020,13,Emilia Romagna Grand Prix,2020-11-01,imola,Autodromo Enzo e Dino Ferrari,Imola,Italy,44.3439,11.7167,leclerc,LEC,Charles Leclerc,Monegasque,16,1997-10-16,ferrari,Ferrari,Italian,7,7,5,10.0,63,Finished,0,0,1,0
2020,13,Emilia Romagna Grand Prix,2020-11-01,imola,Autodromo Enzo e Dino Ferrari,Imola,Italy,44.3439,11.7167,perez,PER,Sergio Pérez,Mexican,11,1990-01-26,racing_point,Racing Point,British,11,11,6,8.0,63,Finished,0,0,1,0
2020,13,Emilia Romagna Grand Prix,2020-11-01,imola,Autodromo Enzo e Dino Ferrari,Imola,Italy,44.3439,11.7167,sainz,SAI,Carlos Sainz,Spanish,55,1994-09-01,mclaren,McLaren,British,10,10,7,6.0,63,Finished,0,0,1,0
2020,13,Emilia Romagna Grand Prix,2020-11-01,imola,Autodromo Enzo e Dino Ferrari,Imola,Italy,44.3439,11.7167,norris,NOR,Lando Norris,British,1,1999-11-13,mclaren,McLaren,British,9,9,8,4.0,63,Finished,0,0,1,0
2020,13,Emilia Romagna Grand Prix,2020-11-01,imola,Autodromo Enzo e Dino Ferrari,Imola,Italy,44.3439,11.7167,raikkonen,RAI,Kimi Räikkönen,Finnish,7,1979-10-17,alfa,Alfa Romeo,Swiss,18,18,9,2.0,63,Finished,0,0,1,0
2020,13,Emilia Romagna Grand Prix,2020-11-01,imola,Autodromo Enzo e Dino Ferrari,Imola,Italy,44.3439,11.7167,giovinazzi,GIO,Antonio Giovinazzi,Italian,99,1993-12-14,alfa,Alfa Romeo,Swiss,20,20,10,1.0,63,Finished,0,0,1,0
2020,13,Emilia Romagna Grand Prix,2020-11-01,imola,Autodromo Enzo e Dino Ferrari,Imola,Italy,44.3439,11.7167,latifi,LAT,Nicholas Latifi,Canadian,6,1995-06-29,williams,Williams,British,19,19,11,0.0,63,Finished,0,0,0,0
2020,13,Emilia Romagna Grand Prix,2020-11-01,imola,Autodromo Enzo e Dino Ferrari,Imola,Italy,44.3439,11.7167,vettel,VET,Sebastian Vettel,German,5,1987-07-03,ferrari,Ferrari,Italian,14,14,12,0.0,63,Finished,0,0,0,0
2020,13,Emilia Romagna Grand Prix,2020-11-01,imola,Autodromo Enzo e Dino Ferrari,Imola,Italy,44.3439,11.7167,stroll,STR,Lance Stroll,Canadian,18,1998-10-29,racing_point,Racing Point,British,15,15,13,0.0,63,Finished,0,0,0,0
2020,13,Emilia Romagna Grand Prix,2020-11-01,imola,Autodromo Enzo e Dino Ferrari,Imola,Italy,44.3439,11.7167,grosjean,GRO,Romain Grosjean,French,8,1986-04-17,haas,Haas F1 Team,American,16,16,14,0.0,63,Finished,0,0,0,0
2020,13,Emilia Romagna Grand Prix,2020-11-01,imola,Autodromo Enzo e Dino Ferrari,Imola,Italy,44.3439,11.7167,albon,ALB,Alexander Albon,Thai,23,1996-03-23,red_bull,Red Bull,Austrian,6,6,15,0.0,63,Finished,0,0,0,0
2020,13,Emilia Romagna Grand Prix,2020-11-01,imola,Autodromo Enzo e Dino Ferrari,Imola,Italy,44.3439,11.7167,russell,RUS,George Russell,British,63,1998-02-15,williams,Williams,British,13,13,16,0.0,51,Accident,0,0,0,1
2020,13,Emilia Romagna Grand Prix,2020-11-01,imola,Autodromo Enzo e Dino Ferrari,Imola,Italy,44.3439,11.7167,max_verstappen,VER,Max Verstappen,Dutch,3,1997-09-30,red_bull,Red Bull,Austrian,3,3,17,0.0,50,Puncture,0,0,0,0
2020,13,Emilia Romagna Grand Prix,2020-11-01,imola,Autodromo Enzo e Dino Ferrari,Imola,Italy,44.3439,11.7167,kevin_magnussen,MAG,Kevin Magnussen,Danish,20,1992-10-05,haas,Haas F1 Team,American,17,17,18,0.0,47,Illness,0,0,0,0
2020,13,Emilia Romagna Grand Prix,2020-11-01,imola,Autodromo Enzo e Dino Ferrari,Imola,Italy,44.3439,11.7167,ocon,OCO,Esteban Ocon,French,31,1996-09-17,renault,Renault,French,12,12,19,0.0,27,Gearbox,0,0,0,1
2020,13,Emilia Romagna Grand Prix,2020-11-01,imola,Autodromo Enzo e Dino Ferrari,Imola,Italy,44.3439,11.7167,gasly,GAS,Pierre Gasly,French,10,1996-02-07,alphatauri,AlphaTauri,Italian,4,4,20,0.0,8,Water pressure,0,0,0,0
2020,14,Turkish Grand Prix,2020-11-15,istanbul,Istanbul Park,Istanbul,Turkey,40.9517,29.405,hamilton,HAM,Lewis Hamilton,British,44,1985-01-07,mercedes,Mercedes,German,6,6,1,25.0,58,Finished,1,1,1,0
2020,14,Turkish Grand Prix,2020-11-15,istanbul,Istanbul Park,Istanbul,Turkey,40.9517,29.405,perez,PER,Sergio Pérez,Mexican,11,1990-01-26,racing_point,Racing Point,British,3,3,2,18.0,58,Finished,0,1,1,0
2020,14,Turkish Grand Prix,2020-11-15,istanbul,Istanbul Park,Istanbul,Turkey,40.9517,29.405,vettel,VET,Sebastian Vettel,German,5,1987-07-03,ferrari,Ferrari,Italian,12,11,3,15.0,58,Finished,0,1,1,0
2020,14,Turkish Grand Prix,2020-11-15,istanbul,Istanbul Park,Istanbul,Turkey,40.9517,29.405,leclerc,LEC,Charles Leclerc,Monegasque,16,1997-10-16,ferrari,Ferrari,Italian,14,12,4,12.0,58,Finished,0,0,1,0
2020,14,Turkish Grand Prix,2020-11-15,istanbul,Istanbul Park,Istanbul,Turkey,40.9517,29.405,sainz,SAI,Carlos Sainz,Spanish,55,1994-09-01,mclaren,McLaren,British,13,15,5,10.0,58,Finished,0,0,1,0
2020,14,Turkish Grand Prix,2020-11-15,istanbul,Istanbul Park,Istanbul,Turkey,40.9517,29.405,max_verstappen,VER,Max Verstappen,Dutch,3,1997-09-30,red_bull,Red Bull,Austrian,2,2,6,8.0,58,Finished,0,0,1,0
2020,14,Turkish Grand Prix,2020-11-15,istanbul,Istanbul Park,Istanbul,Turkey,40.9517,29.405,albon,ALB,Alexander Albon,Thai,23,1996-03-23,red_bull,Red Bull,Austrian,4,4,7,6.0,58,Finished,0,0,1,0
2020,14,Turkish Grand Prix,2020-11-15,istanbul,Istanbul Park,Istanbul,Turkey,40.9517,29.405,norris,NOR,Lando Norris,British,1,1999-11-13,mclaren,McLaren,British,11,14,8,5.0,58,Finished,0,0,1,0
2020,14,Turkish Grand Prix,2020-11-15,istanbul,Istanbul Park,Istanbul,Turkey,40.9517,29.405,stroll,STR,Lance Stroll,Canadian,18,1998-10-29,racing_point,Racing Point,British,1,1,9,2.0,58,Finished,0,0,1,0
2020,14,Turkish Grand Prix,2020-11-15,istanbul,Istanbul Park,Istanbul,Turkey,40.9517,29.405,ricciardo,RIC,Daniel Ricciardo,Australian,3,1989-07-01,renault,Renault,French,5,5,10,1.0,58,Finished,0,0,1,0
2020,14,Turkish Grand Prix,2020-11-15,istanbul,Istanbul Park,Istanbul,Turkey,40.9517,29.405,ocon,OCO,Esteban Ocon,French,31,1996-09-17,renault,Renault,French,7,7,11,0.0,57,+1 Lap,0,0,0,0
2020,14,Turkish Grand Prix,2020-11-15,istanbul,Istanbul Park,Istanbul,Turkey,40.9517,29.405,kvyat,KVY,Daniil Kvyat,Russian,26,1994-04-26,alphatauri,AlphaTauri,Italian,17,16,12,0.0,57,+1 Lap,0,0,0,0
2020,14,Turkish Grand Prix,2020-11-15,istanbul,Istanbul Park,Istanbul,Turkey,40.9517,29.405,gasly,GAS,Pierre Gasly,French,10,1996-02-07,alphatauri,AlphaTauri,Italian,15,19,13,0.0,57,+1 Lap,0,0,0,0
2020,14,Turkish Grand Prix,2020-11-15,istanbul,Istanbul Park,Istanbul,Turkey,40.9517,29.405,bottas,BOT,Valtteri Bottas,Finnish,77,1989-08-28,mercedes,Mercedes,German,9,9,14,0.0,57,+1 Lap,0,0,0,0
2020,14,Turkish Grand Prix,2020-11-15,istanbul,Istanbul Park,Istanbul,Turkey,40.9517,29.405,raikkonen,RAI,Kimi Räikkönen,Finnish,7,1979-10-17,alfa,Alfa Romeo,Swiss,8,8,15,0.0,57,+1 Lap,0,0,0,0
2020,14,Turkish Grand Prix,2020-11-15,istanbul,Istanbul Park,Istanbul,Turkey,40.9517,29.405,russell,RUS,George Russell,British,63,1998-02-15,williams,Williams,British,18,0,16,0.0,57,+1 Lap,0,0,0,0
2020,14,Turkish Grand Prix,2020-11-15,istanbul,Istanbul Park,Istanbul,Turkey,40.9517,29.405,kevin_magnussen,MAG,Kevin Magnussen,Danish,20,1992-10-05,haas,Haas F1 Team,American,16,13,17,0.0,55,Withdrew,0,0,0,0
2020,14,Turkish Grand Prix,2020-11-15,istanbul,Istanbul Park,Istanbul,Turkey,40.9517,29.405,grosjean,GRO,Romain Grosjean,French,8,1986-04-17,haas,Haas F1 Team,American,19,17,18,0.0,49,Collision damage,0,0,0,1
2020,14,Turkish Grand Prix,2020-11-15,istanbul,Istanbul Park,Istanbul,Turkey,40.9517,29.405,latifi,LAT,Nicholas Latifi,Canadian,6,1995-06-29,williams,Williams,British,20,0,19,0.0,39,Collision damage,0,0,0,1
2020,14,Turkish Grand Prix,2020-11-15,istanbul,Istanbul Park,Istanbul,Turkey,40.9517,29.405,giovinazzi,GIO,Antonio Giovinazzi,Italian,99,1993-12-14,alfa,Alfa Romeo,Swiss,10,10,20,0.0,11,Gearbox,0,0,0,1
2020,15,Bahrain Grand Prix,2020-11-29,bahrain,Bahrain International Circuit,Sakhir,Bahrain,26.0325,50.5106,hamilton,HAM,Lewis Hamilton,British,44,1985-01-07,mercedes,Mercedes,German,1,1,1,25.0,57,Finished,1,1,1,0
2020,15,Bahrain Grand Prix,2020-11-29,bahrain,Bahrain International Circuit,Sakhir,Bahrain,26.0325,50.5106,max_verstappen,VER,Max Verstappen,Dutch,3,1997-09-30,red_bull,Red Bull,Austrian,3,3,2,19.0,57,Finished,0,1,1,0
2020,15,Bahrain Grand Prix,2020-11-29,bahrain,Bahrain International Circuit,Sakhir,Bahrain,26.0325,50.5106,albon,ALB,Alexander Albon,Thai,23,1996-03-23,red_bull,Red Bull,Austrian,4,4,3,15.0,57,Finished,0,1,1,0
2020,15,Bahrain Grand Prix,2020-11-29,bahrain,Bahrain International Circuit,Sakhir,Bahrain,26.0325,50.5106,norris,NOR,Lando Norris,British,1,1999-11-13,mclaren,McLaren,British,9,9,4,12.0,57,Finished,0,0,1,0
2020,15,Bahrain Grand Prix,2020-11-29,bahrain,Bahrain International Circuit,Sakhir,Bahrain,26.0325,50.5106,sainz,SAI,Carlos Sainz,Spanish,55,1994-09-01,mclaren,McLaren,British,15,15,5,10.0,57,Finished,0,0,1,0
2020,15,Bahrain Grand Prix,2020-11-29,bahrain,Bahrain International Circuit,Sakhir,Bahrain,26.0325,50.5106,gasly,GAS,Pierre Gasly,French,10,1996-02-07,alphatauri,AlphaTauri,Italian,8,8,6,8.0,57,Finished,0,0,1,0
2020,15,Bahrain Grand Prix,2020-11-29,bahrain,Bahrain International Circuit,Sakhir,Bahrain,26.0325,50.5106,ricciardo,RIC,Daniel Ricciardo,Australian,3,1989-07-01,renault,Renault,French,6,6,7,6.0,57,Finished,0,0,1,0
2020,15,Bahrain Grand Prix,2020-11-29,bahrain,Bahrain International Circuit,Sakhir,Bahrain,26.0325,50.5106,bottas,BOT,Valtteri Bottas,Finnish,77,1989-08-28,mercedes,Mercedes,German,2,2,8,4.0,57,Finished,0,0,1,0
2020,15,Bahrain Grand Prix,2020-11-29,bahrain,Bahrain International Circuit,Sakhir,Bahrain,26.0325,50.5106,ocon,OCO,Esteban Ocon,French,31,1996-09-17,renault,Renault,French,7,7,9,2.0,57,Finished,0,0,1,0
2020,15,Bahrain Grand Prix,2020-11-29,bahrain,Bahrain International Circuit,Sakhir,Bahrain,26.0325,50.5106,leclerc,LEC,Charles Leclerc,Monegasque,16,1997-10-16,ferrari,Ferrari,Italian,12,12,10,1.0,56,+1 Lap,0,0,1,0
2020,15,Bahrain Grand Prix,2020-11-29,bahrain,Bahrain International Circuit,Sakhir,Bahrain,26.0325,50.5106,kvyat,KVY,Daniil Kvyat,Russian,26,1994-04-26,alphatauri,AlphaTauri,Italian,10,10,11,0.0,56,+1 Lap,0,0,0,0
2020,15,Bahrain Grand Prix,2020-11-29,bahrain,Bahrain International Circuit,Sakhir,Bahrain,26.0325,50.5106,russell,RUS,George Russell,British,63,1998-02-15,williams,Williams,British,14,14,12,0.0,56,+1 Lap,0,0,0,0
2020,15,Bahrain Grand Prix,2020-11-29,bahrain,Bahrain International Circuit,Sakhir,Bahrain,26.0325,50.5106,vettel,VET,Sebastian Vettel,German,5,1987-07-03,ferrari,Ferrari,Italian,11,11,13,0.0,56,+1 Lap,0,0,0,0
2020,15,Bahrain Grand Prix,2020-11-29,bahrain,Bahrain International Circuit,Sakhir,Bahrain,26.0325,50.5106,latifi,LAT,Nicholas Latifi,Canadian,6,1995-06-29,williams,Williams,British,20,20,14,0.0,56,+1 Lap,0,0,0,0
2020,15,Bahrain Grand Prix,2020-11-29,bahrain,Bahrain International Circuit,Sakhir,Bahrain,26.0325,50.5106,raikkonen,RAI,Kimi Räikkönen,Finnish,7,1979-10-17,alfa,Alfa Romeo,Swiss,17,17,15,0.0,56,+1 Lap,0,0,0,0
2020,15,Bahrain Grand Prix,2020-11-29,bahrain,Bahrain International Circuit,Sakhir,Bahrain,26.0325,50.5106,giovinazzi,GIO,Antonio Giovinazzi,Italian,99,1993-12-14,alfa,Alfa Romeo,Swiss,16,16,16,0.0,56,+1 Lap,0,0,0,0
2020,15,Bahrain Grand Prix,2020-11-29,bahrain,Bahrain International Circuit,Sakhir,Bahrain,26.0325,50.5106,kevin_magnussen,MAG,Kevin Magnussen,Danish,20,1992-10-05,haas,Haas F1 Team,American,18,18,17,0.0,56,+1 Lap,0,0,0,0
2020,15,Bahrain Grand Prix,2020-11-29,bahrain,Bahrain International Circuit,Sakhir,Bahrain,26.0325,50.5106,perez,PER,Sergio Pérez,Mexican,11,1990-01-26,racing_point,Racing Point,British,5,5,18,0.0,53,Engine,0,0,0,1
2020,15,Bahrain Grand Prix,2020-11-29,bahrain,Bahrain International Circuit,Sakhir,Bahrain,26.0325,50.5106,stroll,STR,Lance Stroll,Canadian,18,1998-10-29,racing_point,Racing Point,British,13,13,19,0.0,2,Collision,0,0,0,1
2020,15,Bahrain Grand Prix,2020-11-29,bahrain,Bahrain International Circuit,Sakhir,Bahrain,26.0325,50.5106,grosjean,GRO,Romain Grosjean,French,8,1986-04-17,haas,Haas F1 Team,American,19,19,20,0.0,0,Collision,0,0,0,1
2020,16,Sakhir Grand Prix,2020-12-06,bahrain,Bahrain International Circuit,Sakhir,Bahrain,26.0325,50.5106,perez,PER,Sergio Pérez,Mexican,11,1990-01-26,racing_point,Racing Point,British,5,5,1,25.0,87,Finished,1,1,1,0
2020,16,Sakhir Grand Prix,2020-12-06,bahrain,Bahrain International Circuit,Sakhir,Bahrain,26.0325,50.5106,ocon,OCO,Esteban Ocon,French,31,1996-09-17,renault,Renault,French,11,11,2,18.0,87,Finished,0,1,1,0
2020,16,Sakhir Grand Prix,2020-12-06,bahrain,Bahrain International Circuit,Sakhir,Bahrain,26.0325,50.5106,stroll,STR,Lance Stroll,Canadian,18,1998-10-29,racing_point,Racing Point,British,10,10,3,15.0,87,Finished,0,1,1,0
2020,16,Sakhir Grand Prix,2020-12-06,bahrain,Bahrain International Circuit,Sakhir,Bahrain,26.0325,50.5106,sainz,SAI,Carlos Sainz,Spanish,55,1994-09-01,mclaren,McLaren,British,8,8,4,12.0,87,Finished,0,0,1,0
2020,16,Sakhir Grand Prix,2020-12-06,bahrain,Bahrain International Circuit,Sakhir,Bahrain,26.0325,50.5106,ricciardo,RIC,Daniel Ricciardo,Australian,3,1989-07-01,renault,Renault,French,7,7,5,10.0,87,Finished,0,0,1,0
2020,16,Sakhir Grand Prix,2020-12-06,bahrain,Bahrain International Circuit,Sakhir,Bahrain,26.0325,50.5106,albon,ALB,Alexander Albon,Thai,23,1996-03-23,red_bull,Red Bull,Austrian,12,12,6,8.0,87,Finished,0,0,1,0
2020,16,Sakhir Grand Prix,2020-12-06,bahrain,Bahrain International Circuit,Sakhir,Bahrain,26.0325,50.5106,kvyat,KVY,Daniil Kvyat,Russian,26,1994-04-26,alphatauri,AlphaTauri,Italian,6,6,7,6.0,87,Finished,0,0,1,0
2020,16,Sakhir Grand Prix,2020-12-06,bahrain,Bahrain International Circuit,Sakhir,Bahrain,26.0325,50.5106,bottas,BOT,Valtteri Bottas,Finnish,77,1989-08-28,mercedes,Mercedes,German,1,1,8,4.0,87,Finished,0,0,1,0
2020,16,Sakhir Grand Prix,2020-12-06,bahrain,Bahrain International Circuit,Sakhir,Bahrain,26.0325,50.5106,russell,RUS,George Russell,British,63,1998-02-15,mercedes,Mercedes,German,2,2,9,3.0,87,Finished,0,0,1,0
2020,16,Sakhir Grand Prix,2020-12-06,bahrain,Bahrain International Circuit,Sakhir,Bahrain,26.0325,50.5106,norris,NOR,Lando Norris,British,1,1999-11-13,mclaren,McLaren,British,15,19,10,1.0,87,Finished,0,0,1,0
2020,16,Sakhir Grand Prix,2020-12-06,bahrain,Bahrain International Circuit,Sakhir,Bahrain,26.0325,50.5106,gasly,GAS,Pierre Gasly,French,10,1996-02-07,alphatauri,AlphaTauri,Italian,9,9,11,0.0,87,Finished,0,0,0,0
2020,16,Sakhir Grand Prix,2020-12-06,bahrain,Bahrain International Circuit,Sakhir,Bahrain,26.0325,50.5106,vettel,VET,Sebastian Vettel,German,5,1987-07-03,ferrari,Ferrari,Italian,13,13,12,0.0,87,Finished,0,0,0,0
2020,16,Sakhir Grand Prix,2020-12-06,bahrain,Bahrain International Circuit,Sakhir,Bahrain,26.0325,50.5106,giovinazzi,GIO,Antonio Giovinazzi,Italian,99,1993-12-14,alfa,Alfa Romeo,Swiss,14,14,13,0.0,87,Finished,0,0,0,0
2020,16,Sakhir Grand Prix,2020-12-06,bahrain,Bahrain International Circuit,Sakhir,Bahrain,26.0325,50.5106,raikkonen,RAI,Kimi Räikkönen,Finnish,7,1979-10-17,alfa,Alfa Romeo,Swiss,19,18,14,0.0,87,Finished,0,0,0,0
2020,16,Sakhir Grand Prix,2020-12-06,bahrain,Bahrain International Circuit,Sakhir,Bahrain,26.0325,50.5106,kevin_magnussen,MAG,Kevin Magnussen,Danish,20,1992-10-05,haas,Haas F1 Team,American,16,15,15,0.0,87,Finished,0,0,0,0
2020,16,Sakhir Grand Prix,2020-12-06,bahrain,Bahrain International Circuit,Sakhir,Bahrain,26.0325,50.5106,aitken,AIT,Jack Aitken,British,89,1995-09-23,williams,Williams,British,18,17,16,0.0,87,Finished,0,0,0,0
2020,16,Sakhir Grand Prix,2020-12-06,bahrain,Bahrain International Circuit,Sakhir,Bahrain,26.0325,50.5106,pietro_fittipaldi,FIT,Pietro Fittipaldi,Brazilian,51,1996-06-25,haas,Haas F1 Team,American,20,20,17,0.0,87,Finished,0,0,0,0
2020,16,Sakhir Grand Prix,2020-12-06,bahrain,Bahrain International Circuit,Sakhir,Bahrain,26.0325,50.5106,latifi,LAT,Nicholas Latifi,Canadian,6,1995-06-29,williams,Williams,British,17,16,18,0.0,52,Engine,0,0,0,1
2020,16,Sakhir Grand Prix,2020-12-06,bahrain,Bahrain International Circuit,Sakhir,Bahrain,26.0325,50.5106,max_verstappen,VER,Max Verstappen,Dutch,3,1997-09-30,red_bull,Red Bull,Austrian,3,3,19,0.0,0,Accident,0,0,0,1
2020,16,Sakhir Grand Prix,2020-12-06,bahrain,Bahrain International Circuit,Sakhir,Bahrain,26.0325,50.5106,leclerc,LEC,Charles Leclerc,Monegasque,16,1997-10-16,ferrari,Ferrari,Italian,4,4,20,0.0,0,Collision,0,0,0,1
2020,17,Abu Dhabi Grand Prix,2020-12-13,yas_marina,Yas Marina Circuit,Abu Dhabi,UAE,24.4672,54.6031,max_verstappen,VER,Max Verstappen,Dutch,3,1997-09-30,red_bull,Red Bull,Austrian,1,1,1,25.0,55,Finished,1,1,1,0
2020,17,Abu Dhabi Grand Prix,2020-12-13,yas_marina,Yas Marina Circuit,Abu Dhabi,UAE,24.4672,54.6031,bottas,BOT,Valtteri Bottas,Finnish,77,1989-08-28,mercedes,Mercedes,German,2,2,2,18.0,55,Finished,0,1,1,0
2020,17,Abu Dhabi Grand Prix,2020-12-13,yas_marina,Yas Marina Circuit,Abu Dhabi,UAE,24.4672,54.6031,hamilton,HAM,Lewis Hamilton,British,44,1985-01-07,mercedes,Mercedes,German,3,3,3,15.0,55,Finished,0,1,1,0
2020,17,Abu Dhabi Grand Prix,2020-12-13,yas_marina,Yas Marina Circuit,Abu Dhabi,UAE,24.4672,54.6031,albon,ALB,Alexander Albon,Thai,23,1996-03-23,red_bull,Red Bull,Austrian,5,5,4,12.0,55,Finished,0,0,1,0
2020,17,Abu Dhabi Grand Prix,2020-12-13,yas_marina,Yas Marina Circuit,Abu Dhabi,UAE,24.4672,54.6031,norris,NOR,Lando Norris,British,1,1999-11-13,mclaren,McLaren,British,4,4,5,10.0,55,Finished,0,0,1,0
2020,17,Abu Dhabi Grand Prix,2020-12-13,yas_marina,Yas Marina Circuit,Abu Dhabi,UAE,24.4672,54.6031,sainz,SAI,Carlos Sainz,Spanish,55,1994-09-01,mclaren,McLaren,British,6,6,6,8.0,55,Finished,0,0,1,0
2020,17,Abu Dhabi Grand Prix,2020-12-13,yas_marina,Yas Marina Circuit,Abu Dhabi,UAE,24.4672,54.6031,ricciardo,RIC,Daniel Ricciardo,Australian,3,1989-07-01,renault,Renault,French,12,11,7,7.0,55,Finished,0,0,1,0
2020,17,Abu Dhabi Grand Prix,2020-12-13,yas_marina,Yas Marina Circuit,Abu Dhabi,UAE,24.4672,54.6031,gasly,GAS,Pierre Gasly,French,10,1996-02-07,alphatauri,AlphaTauri,Italian,10,9,8,4.0,55,Finished,0,0,1,0
2020,17,Abu Dhabi Grand Prix,2020-12-13,yas_marina,Yas Marina Circuit,Abu Dhabi,UAE,24.4672,54.6031,ocon,OCO,Esteban Ocon,French,31,1996-09-17,renault,Renault,French,11,10,9,2.0,55,Finished,0,0,1,0
2020,17,Abu Dhabi Grand Prix,2020-12-13,yas_marina,Yas Marina Circuit,Abu Dhabi,UAE,24.4672,54.6031,stroll,STR,Lance Stroll,Canadian,18,1998-10-29,racing_point,Racing Point,British,8,8,10,1.0,55,Finished,0,0,1,0
2020,17,Abu Dhabi Grand Prix,2020-12-13,yas_marina,Yas Marina Circuit,Abu Dhabi,UAE,24.4672,54.6031,kvyat,KVY,Daniil Kvyat,Russian,26,1994-04-26,alphatauri,AlphaTauri,Italian,7,7,11,0.0,54,+1 Lap,0,0,0,0
2020,17,Abu Dhabi Grand Prix,2020-12-13,yas_marina,Yas Marina Circuit,Abu Dhabi,UAE,24.4672,54.6031,raikkonen,RAI,Kimi Räikkönen,Finnish,7,1979-10-17,alfa,Alfa Romeo,Swiss,16,15,12,0.0,54,+1 Lap,0,0,0,0
2020,17,Abu Dhabi Grand Prix,2020-12-13,yas_marina,Yas Marina Circuit,Abu Dhabi,UAE,24.4672,54.6031,leclerc,LEC,Charles Leclerc,Monegasque,16,1997-10-16,ferrari,Ferrari,Italian,9,12,13,0.0,54,+1 Lap,0,0,0,0
2020,17,Abu Dhabi Grand Prix,2020-12-13,yas_marina,Yas Marina Circuit,Abu Dhabi,UAE,24.4672,54.6031,vettel,VET,Sebastian Vettel,German,5,1987-07-03,ferrari,Ferrari,Italian,13,13,14,0.0,54,+1 Lap,0,0,0,0
2020,17,Abu Dhabi Grand Prix,2020-12-13,yas_marina,Yas Marina Circuit,Abu Dhabi,UAE,24.4672,54.6031,russell,RUS,George Russell,British,63,1998-02-15,williams,Williams,British,18,16,15,0.0,54,+1 Lap,0,0,0,0
2020,17,Abu Dhabi Grand Prix,2020-12-13,yas_marina,Yas Marina Circuit,Abu Dhabi,UAE,24.4672,54.6031,giovinazzi,GIO,Antonio Giovinazzi,Italian,99,1993-12-14,alfa,Alfa Romeo,Swiss,14,14,16,0.0,54,+1 Lap,0,0,0,0
2020,17,Abu Dhabi Grand Prix,2020-12-13,yas_marina,Yas Marina Circuit,Abu Dhabi,UAE,24.4672,54.6031,latifi,LAT,Nicholas Latifi,Canadian,6,1995-06-29,williams,Williams,British,20,18,17,0.0,54,+1 Lap,0,0,0,0
2020,17,Abu Dhabi Grand Prix,2020-12-13,yas_marina,Yas Marina Circuit,Abu Dhabi,UAE,24.4672,54.6031,kevin_magnussen,MAG,Kevin Magnussen,Danish,20,1992-10-05,haas,Haas F1 Team,American,17,20,18,0.0,54,+1 Lap,0,0,0,0
2020,17,Abu Dhabi Grand Prix,2020-12-13,yas_marina,Yas Marina Circuit,Abu Dhabi,UAE,24.4672,54.6031,pietro_fittipaldi,FIT,Pietro Fittipaldi,Brazilian,51,1996-06-25,haas,Haas F1 Team,American,19,17,19,0.0,53,+2 Laps,0,0,0,0
2020,17,Abu Dhabi Grand Prix,2020-12-13,yas_marina,Yas Marina Circuit,Abu Dhabi,UAE,24.4672,54.6031,perez,PER,Sergio Pérez,Mexican,11,1990-01-26,racing_point,Racing Point,British,15,19,20,0.0,8,Transmission,0,0,0,1
2021,1,Bahrain Grand Prix,2021-03-28,bahrain,Bahrain International Circuit,Sakhir,Bahrain,26.0325,50.5106,hamilton,HAM,Lewis Hamilton,British,44,1985-01-07,mercedes,Mercedes,German,2,2,1,25.0,56,Finished,1,1,1,0
2021,1,Bahrain Grand Prix,2021-03-28,bahrain,Bahrain International Circuit,Sakhir,Bahrain,26.0325,50.5106,max_verstappen,VER,Max Verstappen,Dutch,3,1997-09-30,red_bull,Red Bull,Austrian,1,1,2,18.0,56,Finished,0,1,1,0
2021,1,Bahrain Grand Prix,2021-03-28,bahrain,Bahrain International Circuit,Sakhir,Bahrain,26.0325,50.5106,bottas,BOT,Valtteri Bottas,Finnish,77,1989-08-28,mercedes,Mercedes,German,3,3,3,16.0,56,Finished,0,1,1,0
2021,1,Bahrain Grand Prix,2021-03-28,bahrain,Bahrain International Circuit,Sakhir,Bahrain,26.0325,50.5106,norris,NOR,Lando Norris,British,1,1999-11-13,mclaren,McLaren,British,7,7,4,12.0,56,Finished,0,0,1,0
2021,1,Bahrain Grand Prix,2021-03-28,bahrain,Bahrain International Circuit,Sakhir,Bahrain,26.0325,50.5106,perez,PER,Sergio Pérez,Mexican,11,1990-01-26,red_bull,Red Bull,Austrian,11,0,5,10.0,56,Finished,0,0,1,0
2021,1,Bahrain Grand Prix,2021-03-28,bahrain,Bahrain International Circuit,Sakhir,Bahrain,26.0325,50.5106,leclerc,LEC,Charles Leclerc,Monegasque,16,1997-10-16,ferrari,Ferrari,Italian,4,4,6,8.0,56,Finished,0,0,1,0
2021,1,Bahrain Grand Prix,2021-03-28,bahrain,Bahrain International Circuit,Sakhir,Bahrain,26.0325,50.5106,ricciardo,RIC,Daniel Ricciardo,Australian,3,1989-07-01,mclaren,McLaren,British,6,6,7,6.0,56,Finished,0,0,1,0
2021,1,Bahrain Grand Prix,2021-03-28,bahrain,Bahrain International Circuit,Sakhir,Bahrain,26.0325,50.5106,sainz,SAI,Carlos Sainz,Spanish,55,1994-09-01,ferrari,Ferrari,Italian,8,8,8,4.0,56,Finished,0,0,1,0
2021,1,Bahrain Grand Prix,2021-03-28,bahrain,Bahrain International Circuit,Sakhir,Bahrain,26.0325,50.5106,tsunoda,TSU,Yuki Tsunoda,Japanese,22,2000-05-11,alphatauri,AlphaTauri,Italian,13,13,9,2.0,56,Finished,0,0,1,0
2021,1,Bahrain Grand Prix,2021-03-28,bahrain,Bahrain International Circuit,Sakhir,Bahrain,26.0325,50.5106,stroll,STR,Lance Stroll,Canadian,18,1998-10-29,aston_martin,Aston Martin,British,10,10,10,1.0,56,Finished,0,0,1,0
2021,1,Bahrain Grand Prix,2021-03-28,bahrain,Bahrain International Circuit,Sakhir,Bahrain,26.0325,50.5106,raikkonen,RAI,Kimi Räikkönen,Finnish,7,1979-10-17,alfa,Alfa Romeo,Swiss,14,14,11,0.0,56,Finished,0,0,0,0
2021,1,Bahrain Grand Prix,2021-03-28,bahrain,Bahrain International Circuit,Sakhir,Bahrain,26.0325,50.5106,giovinazzi,GIO,Antonio Giovinazzi,Italian,99,1993-12-14,alfa,Alfa Romeo,Swiss,12,12,12,0.0,55,+1 Lap,0,0,0,0
2021,1,Bahrain Grand Prix,2021-03-28,bahrain,Bahrain International Circuit,Sakhir,Bahrain,26.0325,50.5106,ocon,OCO,Esteban Ocon,French,31,1996-09-17,alpine,Alpine F1 Team,French,16,16,13,0.0,55,+1 Lap,0,0,0,0
2021,1,Bahrain Grand Prix,2021-03-28,bahrain,Bahrain International Circuit,Sakhir,Bahrain,26.0325,50.5106,russell,RUS,George Russell,British,63,1998-02-15,williams,Williams,British,15,15,14,0.0,55,+1 Lap,0,0,0,0
2021,1,Bahrain Grand Prix,2021-03-28,bahrain,Bahrain International Circuit,Sakhir,Bahrain,26.0325,50.5106,vettel,VET,Sebastian Vettel,German,5,1987-07-03,aston_martin,Aston Martin,British,18,20,15,0.0,55,+1 Lap,0,0,0,0
2021,1,Bahrain Grand Prix,2021-03-28,bahrain,Bahrain International Circuit,Sakhir,Bahrain,26.0325,50.5106,mick_schumacher,MSC,Mick Schumacher,German,47,1999-03-22,haas,Haas F1 Team,American,19,18,16,0.0,55,+1 Lap,0,0,0,0
2021,1,Bahrain Grand Prix,2021-03-28,bahrain,Bahrain International Circuit,Sakhir,Bahrain,26.0325,50.5106,gasly,GAS,Pierre Gasly,French,10,1996-02-07,alphatauri,AlphaTauri,Italian,5,5,17,0.0,52,Retired,0,0,0,1
2021,1,Bahrain Grand Prix,2021-03-28,bahrain,Bahrain International Circuit,Sakhir,Bahrain,26.0325,50.5106,latifi,LAT,Nicholas Latifi,Canadian,6,1995-06-29,williams,Williams,British,17,17,18,0.0,51,Retired,0,0,0,1
2021,1,Bahrain Grand Prix,2021-03-28,bahrain,Bahrain International Circuit,Sakhir,Bahrain,26.0325,50.5106,alonso,ALO,Fernando Alonso,Spanish,14,1981-07-29,alpine,Alpine F1 Team,French,9,9,19,0.0,32,Brakes,0,0,0,1
2021,1,Bahrain Grand Prix,2021-03-28,bahrain,Bahrain International Circuit,Sakhir,Bahrain,26.0325,50.5106,mazepin,MAZ,Nikita Mazepin,Russian,9,1999-03-02,haas,Haas F1 Team,American,20,19,20,0.0,0,Accident,0,0,0,1
2021,2,Emilia Romagna Grand Prix,2021-04-18,imola,Autodromo Enzo e Dino Ferrari,Imola,Italy,44.3439,11.7167,max_verstappen,VER,Max Verstappen,Dutch,3,1997-09-30,red_bull,Red Bull,Austrian,3,3,1,25.0,63,Finished,1,1,1,0
2021,2,Emilia Romagna Grand Prix,2021-04-18,imola,Autodromo Enzo e Dino Ferrari,Imola,Italy,44.3439,11.7167,hamilton,HAM,Lewis Hamilton,British,44,1985-01-07,mercedes,Mercedes,German,1,1,2,19.0,63,Finished,0,1,1,0
2021,2,Emilia Romagna Grand Prix,2021-04-18,imola,Autodromo Enzo e Dino Ferrari,Imola,Italy,44.3439,11.7167,norris,NOR,Lando Norris,British,1,1999-11-13,mclaren,McLaren,British,7,7,3,15.0,63,Finished,0,1,1,0
2021,2,Emilia Romagna Grand Prix,2021-04-18,imola,Autodromo Enzo e Dino Ferrari,Imola,Italy,44.3439,11.7167,leclerc,LEC,Charles Leclerc,Monegasque,16,1997-10-16,ferrari,Ferrari,Italian,4,4,4,12.0,63,Finished,0,0,1,0
2021,2,Emilia Romagna Grand Prix,2021-04-18,imola,Autodromo Enzo e Dino Ferrari,Imola,Italy,44.3439,11.7167,sainz,SAI,Carlos Sainz,Spanish,55,1994-09-01,ferrari,Ferrari,Italian,11,11,5,10.0,63,Finished,0,0,1,0
2021,2,Emilia Romagna Grand Prix,2021-04-18,imola,Autodromo Enzo e Dino Ferrari,Imola,Italy,44.3439,11.7167,ricciardo,RIC,Daniel Ricciardo,Australian,3,1989-07-01,mclaren,McLaren,British,6,6,6,8.0,63,Finished,0,0,1,0
2021,2,Emilia Romagna Grand Prix,2021-04-18,imola,Autodromo Enzo e Dino Ferrari,Imola,Italy,44.3439,11.7167,gasly,GAS,Pierre Gasly,French,10,1996-02-07,alphatauri,AlphaTauri,Italian,5,5,7,6.0,63,Finished,0,0,1,0
2021,2,Emilia Romagna Grand Prix,2021-04-18,imola,Autodromo Enzo e Dino Ferrari,Imola,Italy,44.3439,11.7167,stroll,STR,Lance Stroll,Canadian,18,1998-10-29,aston_martin,Aston Martin,British,10,10,8,4.0,63,Finished,0,0,1,0
2021,2,Emilia Romagna Grand Prix,2021-04-18,imola,Autodromo Enzo e Dino Ferrari,Imola,Italy,44.3439,11.7167,ocon,OCO,Esteban Ocon,French,31,1996-09-17,alpine,Alpine F1 Team,French,9,9,9,2.0,63,Finished,0,0,1,0
2021,2,Emilia Romagna Grand Prix,2021-04-18,imola,Autodromo Enzo e Dino Ferrari,Imola,Italy,44.3439,11.7167,alonso,ALO,Fernando Alonso,Spanish,14,1981-07-29,alpine,Alpine F1 Team,French,15,15,10,1.0,63,Finished,0,0,1,0
2021,2,Emilia Romagna Grand Prix,2021-04-18,imola,Autodromo Enzo e Dino Ferrari,Imola,Italy,44.3439,11.7167,perez,PER,Sergio Pérez,Mexican,11,1990-01-26,red_bull,Red Bull,Austrian,2,2,11,0.0,63,Finished,0,0,0,0
2021,2,Emilia Romagna Grand Prix,2021-04-18,imola,Autodromo Enzo e Dino Ferrari,Imola,Italy,44.3439,11.7167,tsunoda,TSU,Yuki Tsunoda,Japanese,22,2000-05-11,alphatauri,AlphaTauri,Italian,20,20,12,0.0,63,Finished,0,0,0,0
2021,2,Emilia Romagna Grand Prix,2021-04-18,imola,Autodromo Enzo e Dino Ferrari,Imola,Italy,44.3439,11.7167,raikkonen,RAI,Kimi Räikkönen,Finnish,7,1979-10-17,alfa,Alfa Romeo,Swiss,16,16,13,0.0,63,Finished,0,0,0,0
2021,2,Emilia Romagna Grand Prix,2021-04-18,imola,Autodromo Enzo e Dino Ferrari,Imola,Italy,44.3439,11.7167,giovinazzi,GIO,Antonio Giovinazzi,Italian,99,1993-12-14,alfa,Alfa Romeo,Swiss,17,17,14,0.0,62,+1 Lap,0,0,0,0
2021,2,Emilia Romagna Grand Prix,2021-04-18,imola,Autodromo Enzo e Dino Ferrari,Imola,Italy,44.3439,11.7167,vettel,VET,Sebastian Vettel,German,5,1987-07-03,aston_martin,Aston Martin,British,13,0,15,0.0,61,Gearbox,0,0,0,1
2021,2,Emilia Romagna Grand Prix,2021-04-18,imola,Autodromo Enzo e Dino Ferrari,Imola,Italy,44.3439,11.7167,mick_schumacher,MSC,Mick Schumacher,German,47,1999-03-22,haas,Haas F1 Team,American,18,18,16,0.0,61,+2 Laps,0,0,0,0
2021,2,Emilia Romagna Grand Prix,2021-04-18,imola,Autodromo Enzo e Dino Ferrari,Imola,Italy,44.3439,11.7167,mazepin,MAZ,Nikita Mazepin,Russian,9,1999-03-02,haas,Haas F1 Team,American,19,19,17,0.0,61,+2 Laps,0,0,0,0
2021,2,Emilia Romagna Grand Prix,2021-04-18,imola,Autodromo Enzo e Dino Ferrari,Imola,Italy,44.3439,11.7167,bottas,BOT,Valtteri Bottas,Finnish,77,1989-08-28,mercedes,Mercedes,German,8,8,18,0.0,30,Collision,0,0,0,1
2021,2,Emilia Romagna Grand Prix,2021-04-18,imola,Autodromo Enzo e Dino Ferrari,Imola,Italy,44.3439,11.7167,russell,RUS,George Russell,British,63,1998-02-15,williams,Williams,British,12,12,19,0.0,30,Collision,0,0,0,1
2021,2,Emilia Romagna Grand Prix,2021-04-18,imola,Autodromo Enzo e Dino Ferrari,Imola,Italy,44.3439,11.7167,latifi,LAT,Nicholas Latifi,Canadian,6,1995-06-29,williams,Williams,British,14,14,20,0.0,0,Collision,0,0,0,1
2021,3,Portuguese Grand Prix,2021-05-02,portimao,Autódromo Internacional do Algarve,Portimão,Portugal,37.227,-8.6267,hamilton,HAM,Lewis Hamilton,British,44,1985-01-07,mercedes,Mercedes,German,2,2,1,25.0,66,Finished,1,1,1,0
2021,3,Portuguese Grand Prix,2021-05-02,portimao,Autódromo Internacional do Algarve,Portimão,Portugal,37.227,-8.6267,max_verstappen,VER,Max Verstappen,Dutch,3,1997-09-30,red_bull,Red Bull,Austrian,3,3,2,18.0,66,Finished,0,1,1,0
2021,3,Portuguese Grand Prix,2021-05-02,portimao,Autódromo Internacional do Algarve,Portimão,Portugal,37.227,-8.6267,bottas,BOT,Valtteri Bottas,Finnish,77,1989-08-28,mercedes,Mercedes,German,1,1,3,16.0,66,Finished,0,1,1,0
2021,3,Portuguese Grand Prix,2021-05-02,portimao,Autódromo Internacional do Algarve,Portimão,Portugal,37.227,-8.6267,perez,PER,Sergio Pérez,Mexican,11,1990-01-26,red_bull,Red Bull,Austrian,4,4,4,12.0,66,Finished,0,0,1,0
2021,3,Portuguese Grand Prix,2021-05-02,portimao,Autódromo Internacional do Algarve,Portimão,Portugal,37.227,-8.6267,norris,NOR,Lando Norris,British,1,1999-11-13,mclaren,McLaren,British,7,7,5,10.0,66,Finished,0,0,1,0
2021,3,Portuguese Grand Prix,2021-05-02,portimao,Autódromo Internacional do Algarve,Portimão,Portugal,37.227,-8.6267,leclerc,LEC,Charles Leclerc,Monegasque,16,1997-10-16,ferrari,Ferrari,Italian,8,8,6,8.0,66,Finished,0,0,1,0
2021,3,Portuguese Grand Prix,2021-05-02,portimao,Autódromo Internacional do Algarve,Portimão,Portugal,37.227,-8.6267,ocon,OCO,Esteban Ocon,French,31,1996-09-17,alpine,Alpine F1 Team,French,6,6,7,6.0,66,Finished,0,0,1,0
2021,3,Portuguese Grand Prix,2021-05-02,portimao,Autódromo Internacional do Algarve,Portimão,Portugal,37.227,-8.6267,alonso,ALO,Fernando Alonso,Spanish,14,1981-07-29,alpine,Alpine F1 Team,French,13,13,8,4.0,66,Finished,0,0,1,0
2021,3,Portuguese Grand Prix,2021-05-02,portimao,Autódromo Internacional do Algarve,Portimão,Portugal,37.227,-8.6267,ricciardo,RIC,Daniel Ricciardo,Australian,3,1989-07-01,mclaren,McLaren,British,16,16,9,2.0,66,Finished,0,0,1,0
2021,3,Portuguese Grand Prix,2021-05-02,portimao,Autódromo Internacional do Algarve,Portimão,Portugal,37.227,-8.6267,gasly,GAS,Pierre Gasly,French,10,1996-02-07,alphatauri,AlphaTauri,Italian,9,9,10,1.0,66,Finished,0,0,1,0
2021,3,Portuguese Grand Prix,2021-05-02,portimao,Autódromo Internacional do Algarve,Portimão,Portugal,37.227,-8.6267,sainz,SAI,Carlos Sainz,Spanish,55,1994-09-01,ferrari,Ferrari,Italian,5,5,11,0.0,66,Finished,0,0,0,0
2021,3,Portuguese Grand Prix,2021-05-02,portimao,Autódromo Internacional do Algarve,Portimão,Portugal,37.227,-8.6267,giovinazzi,GIO,Antonio Giovinazzi,Italian,99,1993-12-14,alfa,Alfa Romeo,Swiss,12,12,12,0.0,65,+1 Lap,0,0,0,0
2021,3,Portuguese Grand Prix,2021-05-02,portimao,Autódromo Internacional do Algarve,Portimão,Portugal,37.227,-8.6267,vettel,VET,Sebastian Vettel,German,5,1987-07-03,aston_martin,Aston Martin,British,10,10,13,0.0,65,+1 Lap,0,0,0,0
2021,3,Portuguese Grand Prix,2021-05-02,portimao,Autódromo Internacional do Algarve,Portimão,Portugal,37.227,-8.6267,stroll,STR,Lance Stroll,Canadian,18,1998-10-29,aston_martin,Aston Martin,British,17,17,14,0.0,65,+1 Lap,0,0,0,0
2021,3,Portuguese Grand Prix,2021-05-02,portimao,Autódromo Internacional do Algarve,Portimão,Portugal,37.227,-8.6267,tsunoda,TSU,Yuki Tsunoda,Japanese,22,2000-05-11,alphatauri,AlphaTauri,Italian,14,14,15,0.0,65,+1 Lap,0,0,0,0
2021,3,Portuguese Grand Prix,2021-05-02,portimao,Autódromo Internacional do Algarve,Portimão,Portugal,37.227,-8.6267,russell,RUS,George Russell,British,63,1998-02-15,williams,Williams,British,11,11,16,0.0,65,+1 Lap,0,0,0,0
2021,3,Portuguese Grand Prix,2021-05-02,portimao,Autódromo Internacional do Algarve,Portimão,Portugal,37.227,-8.6267,mick_schumacher,MSC,Mick Schumacher,German,47,1999-03-22,haas,Haas F1 Team,American,19,19,17,0.0,64,+2 Laps,0,0,0,0
2021,3,Portuguese Grand Prix,2021-05-02,portimao,Autódromo Internacional do Algarve,Portimão,Portugal,37.227,-8.6267,latifi,LAT,Nicholas Latifi,Canadian,6,1995-06-29,williams,Williams,British,18,18,18,0.0,64,+2 Laps,0,0,0,0
2021,3,Portuguese Grand Prix,2021-05-02,portimao,Autódromo Internacional do Algarve,Portimão,Portugal,37.227,-8.6267,mazepin,MAZ,Nikita Mazepin,Russian,9,1999-03-02,haas,Haas F1 Team,American,20,20,19,0.0,64,+2 Laps,0,0,0,0
2021,3,Portuguese Grand Prix,2021-05-02,portimao,Autódromo Internacional do Algarve,Portimão,Portugal,37.227,-8.6267,raikkonen,RAI,Kimi Räikkönen,Finnish,7,1979-10-17,alfa,Alfa Romeo,Swiss,15,15,20,0.0,1,Collision damage,0,0,0,1
2021,4,Spanish Grand Prix,2021-05-09,catalunya,Circuit de Barcelona-Catalunya,Barcelona,Spain,41.57,2.26111,hamilton,HAM,Lewis Hamilton,British,44,1985-01-07,mercedes,Mercedes,German,1,1,1,25.0,66,Finished,1,1,1,0
2021,4,Spanish Grand Prix,2021-05-09,catalunya,Circuit de Barcelona-Catalunya,Barcelona,Spain,41.57,2.26111,max_verstappen,VER,Max Verstappen,Dutch,3,1997-09-30,red_bull,Red Bull,Austrian,2,2,2,19.0,66,Finished,0,1,1,0
2021,4,Spanish Grand Prix,2021-05-09,catalunya,Circuit de Barcelona-Catalunya,Barcelona,Spain,41.57,2.26111,bottas,BOT,Valtteri Bottas,Finnish,77,1989-08-28,mercedes,Mercedes,German,3,3,3,15.0,66,Finished,0,1,1,0
2021,4,Spanish Grand Prix,2021-05-09,catalunya,Circuit de Barcelona-Catalunya,Barcelona,Spain,41.57,2.26111,leclerc,LEC,Charles Leclerc,Monegasque,16,1997-10-16,ferrari,Ferrari,Italian,4,4,4,12.0,66,Finished,0,0,1,0
2021,4,Spanish Grand Prix,2021-05-09,catalunya,Circuit de Barcelona-Catalunya,Barcelona,Spain,41.57,2.26111,perez,PER,Sergio Pérez,Mexican,11,1990-01-26,red_bull,Red Bull,Austrian,8,8,5,10.0,66,Finished,0,0,1,0
2021,4,Spanish Grand Prix,2021-05-09,catalunya,Circuit de Barcelona-Catalunya,Barcelona,Spain,41.57,2.26111,ricciardo,RIC,Daniel Ricciardo,Australian,3,1989-07-01,mclaren,McLaren,British,7,7,6,8.0,66,Finished,0,0,1,0
2021,4,Spanish Grand Prix,2021-05-09,catalunya,Circuit de Barcelona-Catalunya,Barcelona,Spain,41.57,2.26111,sainz,SAI,Carlos Sainz,Spanish,55,1994-09-01,ferrari,Ferrari,Italian,6,6,7,6.0,66,Finished,0,0,1,0
2021,4,Spanish Grand Prix,2021-05-09,catalunya,Circuit de Barcelona-Catalunya,Barcelona,Spain,41.57,2.26111,norris,NOR,Lando Norris,British,1,1999-11-13,mclaren,McLaren,British,9,9,8,4.0,65,+1 Lap,0,0,1,0
2021,4,Spanish Grand Prix,2021-05-09,catalunya,Circuit de Barcelona-Catalunya,Barcelona,Spain,41.57,2.26111,ocon,OCO,Esteban Ocon,French,31,1996-09-17,alpine,Alpine F1 Team,French,5,5,9,2.0,65,+1 Lap,0,0,1,0
2021,4,Spanish Grand Prix,2021-05-09,catalunya,Circuit de Barcelona-Catalunya,Barcelona,Spain,41.57,2.26111,gasly,GAS,Pierre Gasly,French,10,1996-02-07,alphatauri,AlphaTauri,Italian,12,12,10,1.0,65,+1 Lap,0,0,1,0
2021,4,Spanish Grand Prix,2021-05-09,catalunya,Circuit de Barcelona-Catalunya,Barcelona,Spain,41.57,2.26111,stroll,STR,Lance Stroll,Canadian,18,1998-10-29,aston_martin,Aston Martin,British,11,11,11,0.0,65,+1 Lap,0,0,0,0
2021,4,Spanish Grand Prix,2021-05-09,catalunya,Circuit de Barcelona-Catalunya,Barcelona,Spain,41.57,2.26111,raikkonen,RAI,Kimi Räikkönen,Finnish,7,1979-10-17,alfa,Alfa Romeo,Swiss,17,17,12,0.0,65,+1 Lap,0,0,0,0
2021,4,Spanish Grand Prix,2021-05-09,catalunya,Circuit de Barcelona-Catalunya,Barcelona,Spain,41.57,2.26111,vettel,VET,Sebastian Vettel,German,5,1987-07-03,aston_martin,Aston Martin,British,13,13,13,0.0,65,+1 Lap,0,0,0,0
2021,4,Spanish Grand Prix,2021-05-09,catalunya,Circuit de Barcelona-Catalunya,Barcelona,Spain,41.57,2.26111,russell,RUS,George Russell,British,63,1998-02-15,williams,Williams,British,15,15,14,0.0,65,+1 Lap,0,0,0,0
2021,4,Spanish Grand Prix,2021-05-09,catalunya,Circuit de Barcelona-Catalunya,Barcelona,Spain,41.57,2.26111,giovinazzi,GIO,Antonio Giovinazzi,Italian,99,1993-12-14,alfa,Alfa Romeo,Swiss,14,14,15,0.0,65,+1 Lap,0,0,0,0
2021,4,Spanish Grand Prix,2021-05-09,catalunya,Circuit de Barcelona-Catalunya,Barcelona,Spain,41.57,2.26111,latifi,LAT,Nicholas Latifi,Canadian,6,1995-06-29,williams,Williams,British,19,19,16,0.0,65,+1 Lap,0,0,0,0
2021,4,Spanish Grand Prix,2021-05-09,catalunya,Circuit de Barcelona-Catalunya,Barcelona,Spain,41.57,2.26111,alonso,ALO,Fernando Alonso,Spanish,14,1981-07-29,alpine,Alpine F1 Team,French,10,10,17,0.0,65,+1 Lap,0,0,0,0
2021,4,Spanish Grand Prix,2021-05-09,catalunya,Circuit de Barcelona-Catalunya,Barcelona,Spain,41.57,2.26111,mick_schumacher,MSC,Mick Schumacher,German,47,1999-03-22,haas,Haas F1 Team,American,18,18,18,0.0,64,+2 Laps,0,0,0,0
2021,4,Spanish Grand Prix,2021-05-09,catalunya,Circuit de Barcelona-Catalunya,Barcelona,Spain,41.57,2.26111,mazepin,MAZ,Nikita Mazepin,Russian,9,1999-03-02,haas,Haas F1 Team,American,20,20,19,0.0,64,+2 Laps,0,0,0,0
2021,4,Spanish Grand Prix,2021-05-09,catalunya,Circuit de Barcelona-Catalunya,Barcelona,Spain,41.57,2.26111,tsunoda,TSU,Yuki Tsunoda,Japanese,22,2000-05-11,alphatauri,AlphaTauri,Italian,16,16,20,0.0,6,Electrical,0,0,0,1
2021,5,Monaco Grand Prix,2021-05-23,monaco,Circuit de Monaco,Monte Carlo,Monaco,43.7347,7.42056,max_verstappen,VER,Max Verstappen,Dutch,3,1997-09-30,red_bull,Red Bull,Austrian,2,2,1,25.0,78,Finished,1,1,1,0
2021,5,Monaco Grand Prix,2021-05-23,monaco,Circuit de Monaco,Monte Carlo,Monaco,43.7347,7.42056,sainz,SAI,Carlos Sainz,Spanish,55,1994-09-01,ferrari,Ferrari,Italian,4,4,2,18.0,78,Finished,0,1,1,0
2021,5,Monaco Grand Prix,2021-05-23,monaco,Circuit de Monaco,Monte Carlo,Monaco,43.7347,7.42056,norris,NOR,Lando Norris,British,1,1999-11-13,mclaren,McLaren,British,5,5,3,15.0,78,Finished,0,1,1,0
2021,5,Monaco Grand Prix,2021-05-23,monaco,Circuit de Monaco,Monte Carlo,Monaco,43.7347,7.42056,perez,PER,Sergio Pérez,Mexican,11,1990-01-26,red_bull,Red Bull,Austrian,9,9,4,12.0,78,Finished,0,0,1,0
2021,5,Monaco Grand Prix,2021-05-23,monaco,Circuit de Monaco,Monte Carlo,Monaco,43.7347,7.42056,vettel,VET,Sebastian Vettel,German,5,1987-07-03,aston_martin,Aston Martin,British,8,8,5,10.0,78,Finished,0,0,1,0
2021,5,Monaco Grand Prix,2021-05-23,monaco,Circuit de Monaco,Monte Carlo,Monaco,43.7347,7.42056,gasly,GAS,Pierre Gasly,French,10,1996-02-07,alphatauri,AlphaTauri,Italian,6,6,6,8.0,78,Finished,0,0,1,0
2021,5,Monaco Grand Prix,2021-05-23,monaco,Circuit de Monaco,Monte Carlo,Monaco,43.7347,7.42056,hamilton,HAM,Lewis Hamilton,British,44,1985-01-07,mercedes,Mercedes,German,7,7,7,7.0,78,Finished,0,0,1,0
2021,5,Monaco Grand Prix,2021-05-23,monaco,Circuit de Monaco,Monte Carlo,Monaco,43.7347,7.42056,stroll,STR,Lance Stroll,Canadian,18,1998-10-29,aston_martin,Aston Martin,British,13,13,8,4.0,77,+1 Lap,0,0,1,0
2021,5,Monaco Grand Prix,2021-05-23,monaco,Circuit de Monaco,Monte Carlo,Monaco,43.7347,7.42056,ocon,OCO,Esteban Ocon,French,31,1996-09-17,alpine,Alpine F1 Team,French,11,11,9,2.0,77,+1 Lap,0,0,1,0
2021,5,Monaco Grand Prix,2021-05-23,monaco,Circuit de Monaco,Monte Carlo,Monaco,43.7347,7.42056,giovinazzi,GIO,Antonio Giovinazzi,Italian,99,1993-12-14,alfa,Alfa Romeo,Swiss,10,10,10,1.0,77,+1 Lap,0,0,1,0
2021,5,Monaco Grand Prix,2021-05-23,monaco,Circuit de Monaco,Monte Carlo,Monaco,43.7347,7.42056,raikkonen,RAI,Kimi Räikkönen,Finnish,7,1979-10-17,alfa,Alfa Romeo,Swiss,14,14,11,0.0,77,+1 Lap,0,0,0,0
2021,5,Monaco Grand Prix,2021-05-23,monaco,Circuit de Monaco,Monte Carlo,Monaco,43.7347,7.42056,ricciardo,RIC,Daniel Ricciardo,Australian,3,1989-07-01,mclaren,McLaren,British,12,12,12,0.0,77,+1 Lap,0,0,0,0
2021,5,Monaco Grand Prix,2021-05-23,monaco,Circuit de Monaco,Monte Carlo,Monaco,43.7347,7.42056,alonso,ALO,Fernando Alonso,Spanish,14,1981-07-29,alpine,Alpine F1 Team,French,17,17,13,0.0,77,+1 Lap,0,0,0,0
2021,5,Monaco Grand Prix,2021-05-23,monaco,Circuit de Monaco,Monte Carlo,Monaco,43.7347,7.42056,russell,RUS,George Russell,British,63,1998-02-15,williams,Williams,British,15,15,14,0.0,77,+1 Lap,0,0,0,0
2021,5,Monaco Grand Prix,2021-05-23,monaco,Circuit de Monaco,Monte Carlo,Monaco,43.7347,7.42056,latifi,LAT,Nicholas Latifi,Canadian,6,1995-06-29,williams,Williams,British,18,18,15,0.0,77,+1 Lap,0,0,0,0
2021,5,Monaco Grand Prix,2021-05-23,monaco,Circuit de Monaco,Monte Carlo,Monaco,43.7347,7.42056,tsunoda,TSU,Yuki Tsunoda,Japanese,22,2000-05-11,alphatauri,AlphaTauri,Italian,16,16,16,0.0,77,+1 Lap,0,0,0,0
2021,5,Monaco Grand Prix,2021-05-23,monaco,Circuit de Monaco,Monte Carlo,Monaco,43.7347,7.42056,mazepin,MAZ,Nikita Mazepin,Russian,9,1999-03-02,haas,Haas F1 Team,American,19,19,17,0.0,75,+3 Laps,0,0,0,0
2021,5,Monaco Grand Prix,2021-05-23,monaco,Circuit de Monaco,Monte Carlo,Monaco,43.7347,7.42056,mick_schumacher,MSC,Mick Schumacher,German,47,1999-03-22,haas,Haas F1 Team,American,20,20,18,0.0,75,+3 Laps,0,0,0,0
2021,5,Monaco Grand Prix,2021-05-23,monaco,Circuit de Monaco,Monte Carlo,Monaco,43.7347,7.42056,bottas,BOT,Valtteri Bottas,Finnish,77,1989-08-28,mercedes,Mercedes,German,3,3,19,0.0,29,Wheel nut,0,0,0,0
2021,5,Monaco Grand Prix,2021-05-23,monaco,Circuit de Monaco,Monte Carlo,Monaco,43.7347,7.42056,leclerc,LEC,Charles Leclerc,Monegasque,16,1997-10-16,ferrari,Ferrari,Italian,1,1,20,0.0,0,Driveshaft,0,0,0,0
2021,6,Azerbaijan Grand Prix,2021-06-06,baku,Baku City Circuit,Baku,Azerbaijan,40.3725,49.8533,perez,PER,Sergio Pérez,Mexican,11,1990-01-26,red_bull,Red Bull,Austrian,7,6,1,25.0,51,Finished,1,1,1,0
2021,6,Azerbaijan Grand Prix,2021-06-06,baku,Baku City Circuit,Baku,Azerbaijan,40.3725,49.8533,vettel,VET,Sebastian Vettel,German,5,1987-07-03,aston_martin,Aston Martin,British,11,11,2,18.0,51,Finished,0,1,1,0
2021,6,Azerbaijan Grand Prix,2021-06-06,baku,Baku City Circuit,Baku,Azerbaijan,40.3725,49.8533,gasly,GAS,Pierre Gasly,French,10,1996-02-07,alphatauri,AlphaTauri,Italian,4,4,3,15.0,51,Finished,0,1,1,0
2021,6,Azerbaijan Grand Prix,2021-06-06,baku,Baku City Circuit,Baku,Azerbaijan,40.3725,49.8533,leclerc,LEC,Charles Leclerc,Monegasque,16,1997-10-16,ferrari,Ferrari,Italian,1,1,4,12.0,51,Finished,0,0,1,0
2021,6,Azerbaijan Grand Prix,2021-06-06,baku,Baku City Circuit,Baku,Azerbaijan,40.3725,49.8533,norris,NOR,Lando Norris,British,1,1999-11-13,mclaren,McLaren,British,6,9,5,10.0,51,Finished,0,0,1,0
2021,6,Azerbaijan Grand Prix,2021-06-06,baku,Baku City Circuit,Baku,Azerbaijan,40.3725,49.8533,alonso,ALO,Fernando Alonso,Spanish,14,1981-07-29,alpine,Alpine F1 Team,French,9,8,6,8.0,51,Finished,0,0,1,0
2021,6,Azerbaijan Grand Prix,2021-06-06,baku,Baku City Circuit,Baku,Azerbaijan,40.3725,49.8533,tsunoda,TSU,Yuki Tsunoda,Japanese,22,2000-05-11,alphatauri,AlphaTauri,Italian,8,7,7,6.0,51,Finished,0,0,1,0
2021,6,Azerbaijan Grand Prix,2021-06-06,baku,Baku City Circuit,Baku,Azerbaijan,40.3725,49.8533,sainz,SAI,Carlos Sainz,Spanish,55,1994-09-01,ferrari,Ferrari,Italian,5,5,8,4.0,51,Finished,0,0,1,0
2021,6,Azerbaijan Grand Prix,2021-06-06,baku,Baku City Circuit,Baku,Azerbaijan,40.3725,49.8533,ricciardo,RIC,Daniel Ricciardo,Australian,3,1989-07-01,mclaren,McLaren,British,13,13,9,2.0,51,Finished,0,0,1,0
2021,6,Azerbaijan Grand Prix,2021-06-06,baku,Baku City Circuit,Baku,Azerbaijan,40.3725,49.8533,raikkonen,RAI,Kimi Räikkönen,Finnish,7,1979-10-17,alfa,Alfa Romeo,Swiss,14,14,10,1.0,51,Finished,0,0,1,0
2021,6,Azerbaijan Grand Prix,2021-06-06,baku,Baku City Circuit,Baku,Azerbaijan,40.3725,49.8533,giovinazzi,GIO,Antonio Giovinazzi,Italian,99,1993-12-14,alfa,Alfa Romeo,Swiss,20,20,11,0.0,51,Finished,0,0,0,0
2021,6,Azerbaijan Grand Prix,2021-06-06,baku,Baku City Circuit,Baku,Azerbaijan,40.3725,49.8533,bottas,BOT,Valtteri Bottas,Finnish,77,1989-08-28,mercedes,Mercedes,German,10,10,12,0.0,51,Finished,0,0,0,0
2021,6,Azerbaijan Grand Prix,2021-06-06,baku,Baku City Circuit,Baku,Azerbaijan,40.3725,49.8533,mick_schumacher,MSC,Mick Schumacher,German,47,1999-03-22,haas,Haas F1 Team,American,17,17,13,0.0,51,Finished,0,0,0,0
2021,6,Azerbaijan Grand Prix,2021-06-06,baku,Baku City Circuit,Baku,Azerbaijan,40.3725,49.8533,mazepin,MAZ,Nikita Mazepin,Russian,9,1999-03-02,haas,Haas F1 Team,American,18,18,14,0.0,51,Finished,0,0,0,0
2021,6,Azerbaijan Grand Prix,2021-06-06,baku,Baku City Circuit,Baku,Azerbaijan,40.3725,49.8533,hamilton,HAM,Lewis Hamilton,British,44,1985-01-07,mercedes,Mercedes,German,2,2,15,0.0,51,Finished,0,0,0,0
2021,6,Azerbaijan Grand Prix,2021-06-06,baku,Baku City Circuit,Baku,Azerbaijan,40.3725,49.8533,latifi,LAT,Nicholas Latifi,Canadian,6,1995-06-29,williams,Williams,British,16,16,16,0.0,51,Finished,0,0,0,0
2021,6,Azerbaijan Grand Prix,2021-06-06,baku,Baku City Circuit,Baku,Azerbaijan,40.3725,49.8533,russell,RUS,George Russell,British,63,1998-02-15,williams,Williams,British,15,15,17,0.0,48,Gearbox,0,0,0,1
2021,6,Azerbaijan Grand Prix,2021-06-06,baku,Baku City Circuit,Baku,Azerbaijan,40.3725,49.8533,max_verstappen,VER,Max Verstappen,Dutch,3,1997-09-30,red_bull,Red Bull,Austrian,3,3,18,0.0,45,Accident,0,0,0,1
2021,6,Azerbaijan Grand Prix,2021-06-06,baku,Baku City Circuit,Baku,Azerbaijan,40.3725,49.8533,stroll,STR,Lance Stroll,Canadian,18,1998-10-29,aston_martin,Aston Martin,British,19,19,19,0.0,29,Accident,0,0,0,1
2021,6,Azerbaijan Grand Prix,2021-06-06,baku,Baku City Circuit,Baku,Azerbaijan,40.3725,49.8533,ocon,OCO,Esteban Ocon,French,31,1996-09-17,alpine,Alpine F1 Team,French,12,12,20,0.0,3,Turbo,0,0,0,0
2021,7,French Grand Prix,2021-06-20,ricard,Circuit Paul Ricard,Le Castellet,France,43.2506,5.79167,max_verstappen,VER,Max Verstappen,Dutch,3,1997-09-30,red_bull,Red Bull,Austrian,1,1,1,26.0,53,Finished,1,1,1,0
2021,7,French Grand Prix,2021-06-20,ricard,Circuit Paul Ricard,Le Castellet,France,43.2506,5.79167,hamilton,HAM,Lewis Hamilton,British,44,1985-01-07,mercedes,Mercedes,German,2,2,2,18.0,53,Finished,0,1,1,0
2021,7,French Grand Prix,2021-06-20,ricard,Circuit Paul Ricard,Le Castellet,France,43.2506,5.79167,perez,PER,Sergio Pérez,Mexican,11,1990-01-26,red_bull,Red Bull,Austrian,4,4,3,15.0,53,Finished,0,1,1,0
2021,7,French Grand Prix,2021-06-20,ricard,Circuit Paul Ricard,Le Castellet,France,43.2506,5.79167,bottas,BOT,Valtteri Bottas,Finnish,77,1989-08-28,mercedes,Mercedes,German,3,3,4,12.0,53,Finished,0,0,1,0
2021,7,French Grand Prix,2021-06-20,ricard,Circuit Paul Ricard,Le Castellet,France,43.2506,5.79167,norris,NOR,Lando Norris,British,1,1999-11-13,mclaren,McLaren,British,8,8,5,10.0,53,Finished,0,0,1,0
2021,7,French Grand Prix,2021-06-20,ricard,Circuit Paul Ricard,Le Castellet,France,43.2506,5.79167,ricciardo,RIC,Daniel Ricciardo,Australian,3,1989-07-01,mclaren,McLaren,British,10,10,6,8.0,53,Finished,0,0,1,0
2021,7,French Grand Prix,2021-06-20,ricard,Circuit Paul Ricard,Le Castellet,France,43.2506,5.79167,gasly,GAS,Pierre Gasly,French,10,1996-02-07,alphatauri,AlphaTauri,Italian,6,6,7,6.0,53,Finished,0,0,1,0
2021,7,French Grand Prix,2021-06-20,ricard,Circuit Paul Ricard,Le Castellet,France,43.2506,5.79167,alonso,ALO,Fernando Alonso,Spanish,14,1981-07-29,alpine,Alpine F1 Team,French,9,9,8,4.0,53,Finished,0,0,1,0
2021,7,French Grand Prix,2021-06-20,ricard,Circuit Paul Ricard,Le Castellet,France,43.2506,5.79167,vettel,VET,Sebastian Vettel,German,5,1987-07-03,aston_martin,Aston Martin,British,12,12,9,2.0,53,Finished,0,0,1,0
2021,7,French Grand Prix,2021-06-20,ricard,Circuit Paul Ricard,Le Castellet,France,43.2506,5.79167,stroll,STR,Lance Stroll,Canadian,18,1998-10-29,aston_martin,Aston Martin,British,19,19,10,1.0,53,Finished,0,0,1,0
2021,7,French Grand Prix,2021-06-20,ricard,Circuit Paul Ricard,Le Castellet,France,43.2506,5.79167,sainz,SAI,Carlos Sainz,Spanish,55,1994-09-01,ferrari,Ferrari,Italian,5,5,11,0.0,53,Finished,0,0,0,0
2021,7,French Grand Prix,2021-06-20,ricard,Circuit Paul Ricard,Le Castellet,France,43.2506,5.79167,russell,RUS,George Russell,British,63,1998-02-15,williams,Williams,British,14,14,12,0.0,52,+1 Lap,0,0,0,0
2021,7,French Grand Prix,2021-06-20,ricard,Circuit Paul Ricard,Le Castellet,France,43.2506,5.79167,tsunoda,TSU,Yuki Tsunoda,Japanese,22,2000-05-11,alphatauri,AlphaTauri,Italian,20,0,13,0.0,52,+1 Lap,0,0,0,0
2021,7,French Grand Prix,2021-06-20,ricard,Circuit Paul Ricard,Le Castellet,France,43.2506,5.79167,ocon,OCO,Esteban Ocon,French,31,1996-09-17,alpine,Alpine F1 Team,French,11,11,14,0.0,52,+1 Lap,0,0,0,0
2021,7,French Grand Prix,2021-06-20,ricard,Circuit Paul Ricard,Le Castellet,France,43.2506,5.79167,giovinazzi,GIO,Antonio Giovinazzi,Italian,99,1993-12-14,alfa,Alfa Romeo,Swiss,13,13,15,0.0,52,+1 Lap,0,0,0,0
2021,7,French Grand Prix,2021-06-20,ricard,Circuit Paul Ricard,Le Castellet,France,43.2506,5.79167,leclerc,LEC,Charles Leclerc,Monegasque,16,1997-10-16,ferrari,Ferrari,Italian,7,7,16,0.0,52,+1 Lap,0,0,0,0
2021,7,French Grand Prix,2021-06-20,ricard,Circuit Paul Ricard,Le Castellet,France,43.2506,5.79167,raikkonen,RAI,Kimi Räikkönen,Finnish,7,1979-10-17,alfa,Alfa Romeo,Swiss,17,17,17,0.0,52,+1 Lap,0,0,0,0
2021,7,French Grand Prix,2021-06-20,ricard,Circuit Paul Ricard,Le Castellet,France,43.2506,5.79167,latifi,LAT,Nicholas Latifi,Canadian,6,1995-06-29,williams,Williams,British,16,16,18,0.0,52,+1 Lap,0,0,0,0
2021,7,French Grand Prix,2021-06-20,ricard,Circuit Paul Ricard,Le Castellet,France,43.2506,5.79167,mick_schumacher,MSC,Mick Schumacher,German,47,1999-03-22,haas,Haas F1 Team,American,15,15,19,0.0,52,+1 Lap,0,0,0,0
2021,7,French Grand Prix,2021-06-20,ricard,Circuit Paul Ricard,Le Castellet,France,43.2506,5.79167,mazepin,MAZ,Nikita Mazepin,Russian,9,1999-03-02,haas,Haas F1 Team,American,18,18,20,0.0,52,+1 Lap,0,0,0,0
2021,8,Styrian Grand Prix,2021-06-27,red_bull_ring,Red Bull Ring,Spielberg,Austria,47.2197,14.7647,max_verstappen,VER,Max Verstappen,Dutch,3,1997-09-30,red_bull,Red Bull,Austrian,1,1,1,25.0,71,Finished,1,1,1,0
2021,8,Styrian Grand Prix,2021-06-27,red_bull_ring,Red Bull Ring,Spielberg,Austria,47.2197,14.7647,hamilton,HAM,Lewis Hamilton,British,44,1985-01-07,mercedes,Mercedes,German,3,2,2,19.0,71,Finished,0,1,1,0
2021,8,Styrian Grand Prix,2021-06-27,red_bull_ring,Red Bull Ring,Spielberg,Austria,47.2197,14.7647,bottas,BOT,Valtteri Bottas,Finnish,77,1989-08-28,mercedes,Mercedes,German,2,5,3,15.0,71,Finished,0,1,1,0
2021,8,Styrian Grand Prix,2021-06-27,red_bull_ring,Red Bull Ring,Spielberg,Austria,47.2197,14.7647,perez,PER,Sergio Pérez,Mexican,11,1990-01-26,red_bull,Red Bull,Austrian,5,4,4,12.0,71,Finished,0,0,1,0
2021,8,Styrian Grand Prix,2021-06-27,red_bull_ring,Red Bull Ring,Spielberg,Austria,47.2197,14.7647,norris,NOR,Lando Norris,British,1,1999-11-13,mclaren,McLaren,British,4,3,5,10.0,70,+1 Lap,0,0,1,0
2021,8,Styrian Grand Prix,2021-06-27,red_bull_ring,Red Bull Ring,Spielberg,Austria,47.2197,14.7647,sainz,SAI,Carlos Sainz,Spanish,55,1994-09-01,ferrari,Ferrari,Italian,12,12,6,8.0,70,+1 Lap,0,0,1,0
2021,8,Styrian Grand Prix,2021-06-27,red_bull_ring,Red Bull Ring,Spielberg,Austria,47.2197,14.7647,leclerc,LEC,Charles Leclerc,Monegasque,16,1997-10-16,ferrari,Ferrari,Italian,7,7,7,6.0,70,+1 Lap,0,0,1,0
2021,8,Styrian Grand Prix,2021-06-27,red_bull_ring,Red Bull Ring,Spielberg,Austria,47.2197,14.7647,stroll,STR,Lance Stroll,Canadian,18,1998-10-29,aston_martin,Aston Martin,British,10,9,8,4.0,70,+1 Lap,0,0,1,0
2021,8,Styrian Grand Prix,2021-06-27,red_bull_ring,Red Bull Ring,Spielberg,Austria,47.2197,14.7647,alonso,ALO,Fernando Alonso,Spanish,14,1981-07-29,alpine,Alpine F1 Team,French,9,8,9,2.0,70,+1 Lap,0,0,1,0
2021,8,Styrian Grand Prix,2021-06-27,red_bull_ring,Red Bull Ring,Spielberg,Austria,47.2197,14.7647,tsunoda,TSU,Yuki Tsunoda,Japanese,22,2000-05-11,alphatauri,AlphaTauri,Italian,8,11,10,1.0,70,+1 Lap,0,0,1,0
2021,8,Styrian Grand Prix,2021-06-27,red_bull_ring,Red Bull Ring,Spielberg,Austria,47.2197,14.7647,raikkonen,RAI,Kimi Räikkönen,Finnish,7,1979-10-17,alfa,Alfa Romeo,Swiss,18,18,11,0.0,70,+1 Lap,0,0,0,0
2021,8,Styrian Grand Prix,2021-06-27,red_bull_ring,Red Bull Ring,Spielberg,Austria,47.2197,14.7647,vettel,VET,Sebastian Vettel,German,5,1987-07-03,aston_martin,Aston Martin,British,14,14,12,0.0,70,+1 Lap,0,0,0,0
2021,8,Styrian Grand Prix,2021-06-27,red_bull_ring,Red Bull Ring,Spielberg,Austria,47.2197,14.7647,ricciardo,RIC,Daniel Ricciardo,Australian,3,1989-07-01,mclaren,McLaren,British,13,13,13,0.0,70,+1 Lap,0,0,0,0
2021,8,Styrian Grand Prix,2021-06-27,red_bull_ring,Red Bull Ring,Spielberg,Austria,47.2197,14.7647,ocon,OCO,Esteban Ocon,French,31,1996-09-17,alpine,Alpine F1 Team,French,17,17,14,0.0,70,+1 Lap,0,0,0,0
2021,8,Styrian Grand Prix,2021-06-27,red_bull_ring,Red Bull Ring,Spielberg,Austria,47.2197,14.7647,giovinazzi,GIO,Antonio Giovinazzi,Italian,99,1993-12-14,alfa,Alfa Romeo,Swiss,15,15,15,0.0,70,+1 Lap,0,0,0,0
2021,8,Styrian Grand Prix,2021-06-27,red_bull_ring,Red Bull Ring,Spielberg,Austria,47.2197,14.7647,mick_schumacher,MSC,Mick Schumacher,German,47,1999-03-22,haas,Haas F1 Team,American,19,19,16,0.0,69,+2 Laps,0,0,0,0
2021,8,Styrian Grand Prix,2021-06-27,red_bull_ring,Red Bull Ring,Spielberg,Austria,47.2197,14.7647,latifi,LAT,Nicholas Latifi,Canadian,6,1995-06-29,williams,Williams,British,16,16,17,0.0,68,+3 Laps,0,0,0,0
2021,8,Styrian Grand Prix,2021-06-27,red_bull_ring,Red Bull Ring,Spielberg,Austria,47.2197,14.7647,mazepin,MAZ,Nikita Mazepin,Russian,9,1999-03-02,haas,Haas F1 Team,American,20,20,18,0.0,68,+3 Laps,0,0,0,0
2021,8,Styrian Grand Prix,2021-06-27,red_bull_ring,Red Bull Ring,Spielberg,Austria,47.2197,14.7647,russell,RUS,George Russell,British,63,1998-02-15,williams,Williams,British,11,10,19,0.0,36,Engine,0,0,0,1
2021,8,Styrian Grand Prix,2021-06-27,red_bull_ring,Red Bull Ring,Spielberg,Austria,47.2197,14.7647,gasly,GAS,Pierre Gasly,French,10,1996-02-07,alphatauri,AlphaTauri,Italian,6,6,20,0.0,1,Collision,0,0,0,1
2021,9,Austrian Grand Prix,2021-07-04,red_bull_ring,Red Bull Ring,Spielberg,Austria,47.2197,14.7647,max_verstappen,VER,Max Verstappen,Dutch,3,1997-09-30,red_bull,Red Bull,Austrian,1,1,1,26.0,71,Finished,1,1,1,0
2021,9,Austrian Grand Prix,2021-07-04,red_bull_ring,Red Bull Ring,Spielberg,Austria,47.2197,14.7647,bottas,BOT,Valtteri Bottas,Finnish,77,1989-08-28,mercedes,Mercedes,German,5,5,2,18.0,71,Finished,0,1,1,0
2021,9,Austrian Grand Prix,2021-07-04,red_bull_ring,Red Bull Ring,Spielberg,Austria,47.2197,14.7647,norris,NOR,Lando Norris,British,1,1999-11-13,mclaren,McLaren,British,2,2,3,15.0,71,Finished,0,1,1,0
2021,9,Austrian Grand Prix,2021-07-04,red_bull_ring,Red Bull Ring,Spielberg,Austria,47.2197,14.7647,hamilton,HAM,Lewis Hamilton,British,44,1985-01-07,mercedes,Mercedes,German,4,4,4,12.0,71,Finished,0,0,1,0
2021,9,Austrian Grand Prix,2021-07-04,red_bull_ring,Red Bull Ring,Spielberg,Austria,47.2197,14.7647,sainz,SAI,Carlos Sainz,Spanish,55,1994-09-01,ferrari,Ferrari,Italian,11,10,5,10.0,71,Finished,0,0,1,0
2021,9,Austrian Grand Prix,2021-07-04,red_bull_ring,Red Bull Ring,Spielberg,Austria,47.2197,14.7647,perez,PER,Sergio Pérez,Mexican,11,1990-01-26,red_bull,Red Bull,Austrian,3,3,6,8.0,71,Finished,0,0,1,0
2021,9,Austrian Grand Prix,2021-07-04,red_bull_ring,Red Bull Ring,Spielberg,Austria,47.2197,14.7647,ricciardo,RIC,Daniel Ricciardo,Australian,3,1989-07-01,mclaren,McLaren,British,13,13,7,6.0,71,Finished,0,0,1,0
2021,9,Austrian Grand Prix,2021-07-04,red_bull_ring,Red Bull Ring,Spielberg,Austria,47.2197,14.7647,leclerc,LEC,Charles Leclerc,Monegasque,16,1997-10-16,ferrari,Ferrari,Italian,12,12,8,4.0,71,Finished,0,0,1,0
2021,9,Austrian Grand Prix,2021-07-04,red_bull_ring,Red Bull Ring,Spielberg,Austria,47.2197,14.7647,gasly,GAS,Pierre Gasly,French,10,1996-02-07,alphatauri,AlphaTauri,Italian,6,6,9,2.0,71,Finished,0,0,1,0
2021,9,Austrian Grand Prix,2021-07-04,red_bull_ring,Red Bull Ring,Spielberg,Austria,47.2197,14.7647,alonso,ALO,Fernando Alonso,Spanish,14,1981-07-29,alpine,Alpine F1 Team,French,14,14,10,1.0,70,+1 Lap,0,0,1,0
2021,9,Austrian Grand Prix,2021-07-04,red_bull_ring,Red Bull Ring,Spielberg,Austria,47.2197,14.7647,russell,RUS,George Russell,British,63,1998-02-15,williams,Williams,British,9,8,11,0.0,70,+1 Lap,0,0,0,0
2021,9,Austrian Grand Prix,2021-07-04,red_bull_ring,Red Bull Ring,Spielberg,Austria,47.2197,14.7647,tsunoda,TSU,Yuki Tsunoda,Japanese,22,2000-05-11,alphatauri,AlphaTauri,Italian,7,7,12,0.0,70,+1 Lap,0,0,0,0
2021,9,Austrian Grand Prix,2021-07-04,red_bull_ring,Red Bull Ring,Spielberg,Austria,47.2197,14.7647,stroll,STR,Lance Stroll,Canadian,18,1998-10-29,aston_martin,Aston Martin,British,10,9,13,0.0,70,+1 Lap,0,0,0,0
2021,9,Austrian Grand Prix,2021-07-04,red_bull_ring,Red Bull Ring,Spielberg,Austria,47.2197,14.7647,giovinazzi,GIO,Antonio Giovinazzi,Italian,99,1993-12-14,alfa,Alfa Romeo,Swiss,15,15,14,0.0,70,+1 Lap,0,0,0,0
2021,9,Austrian Grand Prix,2021-07-04,red_bull_ring,Red Bull Ring,Spielberg,Austria,47.2197,14.7647,raikkonen,RAI,Kimi Räikkönen,Finnish,7,1979-10-17,alfa,Alfa Romeo,Swiss,16,16,15,0.0,70,+1 Lap,0,0,0,0
2021,9,Austrian Grand Prix,2021-07-04,red_bull_ring,Red Bull Ring,Spielberg,Austria,47.2197,14.7647,latifi,LAT,Nicholas Latifi,Canadian,6,1995-06-29,williams,Williams,British,18,18,16,0.0,70,+1 Lap,0,0,0,0
2021,9,Austrian Grand Prix,2021-07-04,red_bull_ring,Red Bull Ring,Spielberg,Austria,47.2197,14.7647,vettel,VET,Sebastian Vettel,German,5,1987-07-03,aston_martin,Aston Martin,British,8,11,17,0.0,69,Collision,0,0,0,1
2021,9,Austrian Grand Prix,2021-07-04,red_bull_ring,Red Bull Ring,Spielberg,Austria,47.2197,14.7647,mick_schumacher,MSC,Mick Schumacher,German,47,1999-03-22,haas,Haas F1 Team,American,19,19,18,0.0,69,+2 Laps,0,0,0,0
2021,9,Austrian Grand Prix,2021-07-04,red_bull_ring,Red Bull Ring,Spielberg,Austria,47.2197,14.7647,mazepin,MAZ,Nikita Mazepin,Russian,9,1999-03-02,haas,Haas F1 Team,American,20,20,19,0.0,69,+2 Laps,0,0,0,0
2021,9,Austrian Grand Prix,2021-07-04,red_bull_ring,Red Bull Ring,Spielberg,Austria,47.2197,14.7647,ocon,OCO,Esteban Ocon,French,31,1996-09-17,alpine,Alpine F1 Team,French,17,17,20,0.0,0,Collision,0,0,0,1
2021,10,British Grand Prix,2021-07-18,silverstone,Silverstone Circuit,Silverstone,UK,52.0786,-1.01694,hamilton,HAM,Lewis Hamilton,British,44,1985-01-07,mercedes,Mercedes,German,1,2,1,25.0,52,Finished,1,1,1,0
2021,10,British Grand Prix,2021-07-18,silverstone,Silverstone Circuit,Silverstone,UK,52.0786,-1.01694,leclerc,LEC,Charles Leclerc,Monegasque,16,1997-10-16,ferrari,Ferrari,Italian,4,4,2,18.0,52,Finished,0,1,1,0
2021,10,British Grand Prix,2021-07-18,silverstone,Silverstone Circuit,Silverstone,UK,52.0786,-1.01694,bottas,BOT,Valtteri Bottas,Finnish,77,1989-08-28,mercedes,Mercedes,German,3,3,3,15.0,52,Finished,0,1,1,0
2021,10,British Grand Prix,2021-07-18,silverstone,Silverstone Circuit,Silverstone,UK,52.0786,-1.01694,norris,NOR,Lando Norris,British,1,1999-11-13,mclaren,McLaren,British,6,5,4,12.0,52,Finished,0,0,1,0
2021,10,British Grand Prix,2021-07-18,silverstone,Silverstone Circuit,Silverstone,UK,52.0786,-1.01694,ricciardo,RIC,Daniel Ricciardo,Australian,3,1989-07-01,mclaren,McLaren,British,7,6,5,10.0,52,Finished,0,0,1,0
2021,10,British Grand Prix,2021-07-18,silverstone,Silverstone Circuit,Silverstone,UK,52.0786,-1.01694,sainz,SAI,Carlos Sainz,Spanish,55,1994-09-01,ferrari,Ferrari,Italian,9,10,6,8.0,52,Finished,0,0,1,0
2021,10,British Grand Prix,2021-07-18,silverstone,Silverstone Circuit,Silverstone,UK,52.0786,-1.01694,alonso,ALO,Fernando Alonso,Spanish,14,1981-07-29,alpine,Alpine F1 Team,French,11,7,7,6.0,52,Finished,0,0,1,0
2021,10,British Grand Prix,2021-07-18,silverstone,Silverstone Circuit,Silverstone,UK,52.0786,-1.01694,stroll,STR,Lance Stroll,Canadian,18,1998-10-29,aston_martin,Aston Martin,British,15,14,8,4.0,52,Finished,0,0,1,0
2021,10,British Grand Prix,2021-07-18,silverstone,Silverstone Circuit,Silverstone,UK,52.0786,-1.01694,ocon,OCO,Esteban Ocon,French,31,1996-09-17,alpine,Alpine F1 Team,French,13,9,9,2.0,52,Finished,0,0,1,0
2021,10,British Grand Prix,2021-07-18,silverstone,Silverstone Circuit,Silverstone,UK,52.0786,-1.01694,tsunoda,TSU,Yuki Tsunoda,Japanese,22,2000-05-11,alphatauri,AlphaTauri,Italian,16,16,10,1.0,52,Finished,0,0,1,0
2021,10,British Grand Prix,2021-07-18,silverstone,Silverstone Circuit,Silverstone,UK,52.0786,-1.01694,gasly,GAS,Pierre Gasly,French,10,1996-02-07,alphatauri,AlphaTauri,Italian,12,11,11,0.0,52,Finished,0,0,0,0
2021,10,British Grand Prix,2021-07-18,silverstone,Silverstone Circuit,Silverstone,UK,52.0786,-1.01694,russell,RUS,George Russell,British,63,1998-02-15,williams,Williams,British,8,12,12,0.0,51,+1 Lap,0,0,0,0
2021,10,British Grand Prix,2021-07-18,silverstone,Silverstone Circuit,Silverstone,UK,52.0786,-1.01694,giovinazzi,GIO,Antonio Giovinazzi,Italian,99,1993-12-14,alfa,Alfa Romeo,Swiss,14,15,13,0.0,51,+1 Lap,0,0,0,0
2021,10,British Grand Prix,2021-07-18,silverstone,Silverstone Circuit,Silverstone,UK,52.0786,-1.01694,latifi,LAT,Nicholas Latifi,Canadian,6,1995-06-29,williams,Williams,British,18,17,14,0.0,51,+1 Lap,0,0,0,0
2021,10,British Grand Prix,2021-07-18,silverstone,Silverstone Circuit,Silverstone,UK,52.0786,-1.01694,raikkonen,RAI,Kimi Räikkönen,Finnish,7,1979-10-17,alfa,Alfa Romeo,Swiss,17,13,15,0.0,51,+1 Lap,0,0,0,0
2021,10,British Grand Prix,2021-07-18,silverstone,Silverstone Circuit,Silverstone,UK,52.0786,-1.01694,perez,PER,Sergio Pérez,Mexican,11,1990-01-26,red_bull,Red Bull,Austrian,5,0,16,0.0,51,+1 Lap,0,0,0,0
2021,10,British Grand Prix,2021-07-18,silverstone,Silverstone Circuit,Silverstone,UK,52.0786,-1.01694,mazepin,MAZ,Nikita Mazepin,Russian,9,1999-03-02,haas,Haas F1 Team,American,20,19,17,0.0,51,+1 Lap,0,0,0,0
2021,10,British Grand Prix,2021-07-18,silverstone,Silverstone Circuit,Silverstone,UK,52.0786,-1.01694,mick_schumacher,MSC,Mick Schumacher,German,47,1999-03-22,haas,Haas F1 Team,American,19,18,18,0.0,51,+1 Lap,0,0,0,0
2021,10,British Grand Prix,2021-07-18,silverstone,Silverstone Circuit,Silverstone,UK,52.0786,-1.01694,vettel,VET,Sebastian Vettel,German,5,1987-07-03,aston_martin,Aston Martin,British,10,8,19,0.0,40,Retired,0,0,0,1
2021,10,British Grand Prix,2021-07-18,silverstone,Silverstone Circuit,Silverstone,UK,52.0786,-1.01694,max_verstappen,VER,Max Verstappen,Dutch,3,1997-09-30,red_bull,Red Bull,Austrian,2,1,20,0.0,0,Collision,0,0,0,1
2021,11,Hungarian Grand Prix,2021-08-01,hungaroring,Hungaroring,Budapest,Hungary,47.5789,19.2486,ocon,OCO,Esteban Ocon,French,31,1996-09-17,alpine,Alpine F1 Team,French,8,8,1,25.0,70,Finished,1,1,1,0
2021,11,Hungarian Grand Prix,2021-08-01,hungaroring,Hungaroring,Budapest,Hungary,47.5789,19.2486,hamilton,HAM,Lewis Hamilton,British,44,1985-01-07,mercedes,Mercedes,German,1,1,2,18.0,70,Finished,0,1,1,0
2021,11,Hungarian Grand Prix,2021-08-01,hungaroring,Hungaroring,Budapest,Hungary,47.5789,19.2486,sainz,SAI,Carlos Sainz,Spanish,55,1994-09-01,ferrari,Ferrari,Italian,15,15,3,15.0,70,Finished,0,1,1,0
2021,11,Hungarian Grand Prix,2021-08-01,hungaroring,Hungaroring,Budapest,Hungary,47.5789,19.2486,alonso,ALO,Fernando Alonso,Spanish,14,1981-07-29,alpine,Alpine F1 Team,French,9,9,4,12.0,70,Finished,0,0,1,0
2021,11,Hungarian Grand Prix,2021-08-01,hungaroring,Hungaroring,Budapest,Hungary,47.5789,19.2486,gasly,GAS,Pierre Gasly,French,10,1996-02-07,alphatauri,AlphaTauri,Italian,5,5,5,11.0,70,Finished,0,0,1,0
2021,11,Hungarian Grand Prix,2021-08-01,hungaroring,Hungaroring,Budapest,Hungary,47.5789,19.2486,tsunoda,TSU,Yuki Tsunoda,Japanese,22,2000-05-11,alphatauri,AlphaTauri,Italian,16,16,6,8.0,70,Finished,0,0,1,0
2021,11,Hungarian Grand Prix,2021-08-01,hungaroring,Hungaroring,Budapest,Hungary,47.5789,19.2486,latifi,LAT,Nicholas Latifi,Canadian,6,1995-06-29,williams,Williams,British,18,18,7,6.0,70,Finished,0,0,1,0
2021,11,Hungarian Grand Prix,2021-08-01,hungaroring,Hungaroring,Budapest,Hungary,47.5789,19.2486,russell,RUS,George Russell,British,63,1998-02-15,williams,Williams,British,17,17,8,4.0,70,Finished,0,0,1,0
2021,11,Hungarian Grand Prix,2021-08-01,hungaroring,Hungaroring,Budapest,Hungary,47.5789,19.2486,max_verstappen,VER,Max Verstappen,Dutch,3,1997-09-30,red_bull,Red Bull,Austrian,3,3,9,2.0,70,Finished,0,0,1,0
2021,11,Hungarian Grand Prix,2021-08-01,hungaroring,Hungaroring,Budapest,Hungary,47.5789,19.2486,raikkonen,RAI,Kimi Räikkönen,Finnish,7,1979-10-17,alfa,Alfa Romeo,Swiss,13,13,10,1.0,69,+1 Lap,0,0,1,0
2021,11,Hungarian Grand Prix,2021-08-01,hungaroring,Hungaroring,Budapest,Hungary,47.5789,19.2486,ricciardo,RIC,Daniel Ricciardo,Australian,3,1989-07-01,mclaren,McLaren,British,11,11,11,0.0,69,+1 Lap,0,0,0,0
2021,11,Hungarian Grand Prix,2021-08-01,hungaroring,Hungaroring,Budapest,Hungary,47.5789,19.2486,mick_schumacher,MSC,Mick Schumacher,German,47,1999-03-22,haas,Haas F1 Team,American,20,20,12,0.0,69,+1 Lap,0,0,0,0
2021,11,Hungarian Grand Prix,2021-08-01,hungaroring,Hungaroring,Budapest,Hungary,47.5789,19.2486,giovinazzi,GIO,Antonio Giovinazzi,Italian,99,1993-12-14,alfa,Alfa Romeo,Swiss,14,0,13,0.0,69,+1 Lap,0,0,0,0
2021,11,Hungarian Grand Prix,2021-08-01,hungaroring,Hungaroring,Budapest,Hungary,47.5789,19.2486,mazepin,MAZ,Nikita Mazepin,Russian,9,1999-03-02,haas,Haas F1 Team,American,19,19,14,0.0,3,Collision,0,0,0,1
2021,11,Hungarian Grand Prix,2021-08-01,hungaroring,Hungaroring,Budapest,Hungary,47.5789,19.2486,norris,NOR,Lando Norris,British,1,1999-11-13,mclaren,McLaren,British,6,6,15,0.0,2,Collision,0,0,0,1
2021,11,Hungarian Grand Prix,2021-08-01,hungaroring,Hungaroring,Budapest,Hungary,47.5789,19.2486,bottas,BOT,Valtteri Bottas,Finnish,77,1989-08-28,mercedes,Mercedes,German,2,2,16,0.0,0,Collision,0,0,0,1
2021,11,Hungarian Grand Prix,2021-08-01,hungaroring,Hungaroring,Budapest,Hungary,47.5789,19.2486,perez,PER,Sergio Pérez,Mexican,11,1990-01-26,red_bull,Red Bull,Austrian,4,4,17,0.0,0,Collision,0,0,0,1
2021,11,Hungarian Grand Prix,2021-08-01,hungaroring,Hungaroring,Budapest,Hungary,47.5789,19.2486,leclerc,LEC,Charles Leclerc,Monegasque,16,1997-10-16,ferrari,Ferrari,Italian,7,7,18,0.0,0,Collision,0,0,0,1
2021,11,Hungarian Grand Prix,2021-08-01,hungaroring,Hungaroring,Budapest,Hungary,47.5789,19.2486,stroll,STR,Lance Stroll,Canadian,18,1998-10-29,aston_martin,Aston Martin,British,12,12,19,0.0,0,Collision,0,0,0,1
2021,11,Hungarian Grand Prix,2021-08-01,hungaroring,Hungaroring,Budapest,Hungary,47.5789,19.2486,vettel,VET,Sebastian Vettel,German,5,1987-07-03,aston_martin,Aston Martin,British,10,10,20,0.0,70,Disqualified,0,0,0,0
2021,12,Belgian Grand Prix,2021-08-29,spa,Circuit de Spa-Francorchamps,Spa,Belgium,50.4372,5.97139,max_verstappen,VER,Max Verstappen,Dutch,3,1997-09-30,red_bull,Red Bull,Austrian,1,1,1,12.5,1,Finished,1,1,1,0
2021,12,Belgian Grand Prix,2021-08-29,spa,Circuit de Spa-Francorchamps,Spa,Belgium,50.4372,5.97139,russell,RUS,George Russell,British,63,1998-02-15,williams,Williams,British,2,2,2,9.0,1,Finished,0,1,1,0
2021,12,Belgian Grand Prix,2021-08-29,spa,Circuit de Spa-Francorchamps,Spa,Belgium,50.4372,5.97139,hamilton,HAM,Lewis Hamilton,British,44,1985-01-07,mercedes,Mercedes,German,3,3,3,7.5,1,Finished,0,1,1,0
2021,12,Belgian Grand Prix,2021-08-29,spa,Circuit de Spa-Francorchamps,Spa,Belgium,50.4372,5.97139,ricciardo,RIC,Daniel Ricciardo,Australian,3,1989-07-01,mclaren,McLaren,British,4,4,4,6.0,1,Finished,0,0,1,0
2021,12,Belgian Grand Prix,2021-08-29,spa,Circuit de Spa-Francorchamps,Spa,Belgium,50.4372,5.97139,vettel,VET,Sebastian Vettel,German,5,1987-07-03,aston_martin,Aston Martin,British,5,5,5,5.0,1,Finished,0,0,1,0
2021,12,Belgian Grand Prix,2021-08-29,spa,Circuit de Spa-Francorchamps,Spa,Belgium,50.4372,5.97139,gasly,GAS,Pierre Gasly,French,10,1996-02-07,alphatauri,AlphaTauri,Italian,6,6,6,4.0,1,Finished,0,0,1,0
2021,12,Belgian Grand Prix,2021-08-29,spa,Circuit de Spa-Francorchamps,Spa,Belgium,50.4372,5.97139,ocon,OCO,Esteban Ocon,French,31,1996-09-17,alpine,Alpine F1 Team,French,9,8,7,3.0,1,Finished,0,0,1,0
2021,12,Belgian Grand Prix,2021-08-29,spa,Circuit de Spa-Francorchamps,Spa,Belgium,50.4372,5.97139,leclerc,LEC,Charles Leclerc,Monegasque,16,1997-10-16,ferrari,Ferrari,Italian,11,9,8,2.0,1,Finished,0,0,1,0
2021,12,Belgian Grand Prix,2021-08-29,spa,Circuit de Spa-Francorchamps,Spa,Belgium,50.4372,5.97139,latifi,LAT,Nicholas Latifi,Canadian,6,1995-06-29,williams,Williams,British,12,10,9,1.0,1,Finished,0,0,1,0
2021,12,Belgian Grand Prix,2021-08-29,spa,Circuit de Spa-Francorchamps,Spa,Belgium,50.4372,5.97139,sainz,SAI,Carlos Sainz,Spanish,55,1994-09-01,ferrari,Ferrari,Italian,13,11,10,0.5,1,Finished,0,0,1,0
2021,12,Belgian Grand Prix,2021-08-29,spa,Circuit de Spa-Francorchamps,Spa,Belgium,50.4372,5.97139,alonso,ALO,Fernando Alonso,Spanish,14,1981-07-29,alpine,Alpine F1 Team,French,14,12,11,0.0,1,Finished,0,0,0,0
2021,12,Belgian Grand Prix,2021-08-29,spa,Circuit de Spa-Francorchamps,Spa,Belgium,50.4372,5.97139,bottas,BOT,Valtteri Bottas,Finnish,77,1989-08-28,mercedes,Mercedes,German,8,13,12,0.0,1,Finished,0,0,0,0
2021,12,Belgian Grand Prix,2021-08-29,spa,Circuit de Spa-Francorchamps,Spa,Belgium,50.4372,5.97139,giovinazzi,GIO,Antonio Giovinazzi,Italian,99,1993-12-14,alfa,Alfa Romeo,Swiss,16,14,13,0.0,1,Finished,0,0,0,0
2021,12,Belgian Grand Prix,2021-08-29,spa,Circuit de Spa-Francorchamps,Spa,Belgium,50.4372,5.97139,norris,NOR,Lando Norris,British,1,1999-11-13,mclaren,McLaren,British,10,15,14,0.0,1,Finished,0,0,0,0
2021,12,Belgian Grand Prix,2021-08-29,spa,Circuit de Spa-Francorchamps,Spa,Belgium,50.4372,5.97139,tsunoda,TSU,Yuki Tsunoda,Japanese,22,2000-05-11,alphatauri,AlphaTauri,Italian,17,16,15,0.0,1,Finished,0,0,0,0
2021,12,Belgian Grand Prix,2021-08-29,spa,Circuit de Spa-Francorchamps,Spa,Belgium,50.4372,5.97139,mick_schumacher,MSC,Mick Schumacher,German,47,1999-03-22,haas,Haas F1 Team,American,18,17,16,0.0,1,Finished,0,0,0,0
2021,12,Belgian Grand Prix,2021-08-29,spa,Circuit de Spa-Francorchamps,Spa,Belgium,50.4372,5.97139,mazepin,MAZ,Nikita Mazepin,Russian,9,1999-03-02,haas,Haas F1 Team,American,20,18,17,0.0,1,Finished,0,0,0,0
2021,12,Belgian Grand Prix,2021-08-29,spa,Circuit de Spa-Francorchamps,Spa,Belgium,50.4372,5.97139,raikkonen,RAI,Kimi Räikkönen,Finnish,7,1979-10-17,alfa,Alfa Romeo,Swiss,19,0,18,0.0,1,Finished,0,0,0,0
2021,12,Belgian Grand Prix,2021-08-29,spa,Circuit de Spa-Francorchamps,Spa,Belgium,50.4372,5.97139,perez,PER,Sergio Pérez,Mexican,11,1990-01-26,red_bull,Red Bull,Austrian,7,0,19,0.0,1,Finished,0,0,0,0
2021,12,Belgian Grand Prix,2021-08-29,spa,Circuit de Spa-Francorchamps,Spa,Belgium,50.4372,5.97139,stroll,STR,Lance Stroll,Canadian,18,1998-10-29,aston_martin,Aston Martin,British,15,19,20,0.0,1,Finished,0,0,0,0
2021,13,Dutch Grand Prix,2021-09-05,zandvoort,Circuit Park Zandvoort,Zandvoort,Netherlands,52.3888,4.54092,max_verstappen,VER,Max Verstappen,Dutch,3,1997-09-30,red_bull,Red Bull,Austrian,1,1,1,25.0,72,Finished,1,1,1,0
2021,13,Dutch Grand Prix,2021-09-05,zandvoort,Circuit Park Zandvoort,Zandvoort,Netherlands,52.3888,4.54092,hamilton,HAM,Lewis Hamilton,British,44,1985-01-07,mercedes,Mercedes,German,2,2,2,19.0,72,Finished,0,1,1,0
2021,13,Dutch Grand Prix,2021-09-05,zandvoort,Circuit Park Zandvoort,Zandvoort,Netherlands,52.3888,4.54092,bottas,BOT,Valtteri Bottas,Finnish,77,1989-08-28,mercedes,Mercedes,German,3,3,3,15.0,72,Finished,0,1,1,0
2021,13,Dutch Grand Prix,2021-09-05,zandvoort,Circuit Park Zandvoort,Zandvoort,Netherlands,52.3888,4.54092,gasly,GAS,Pierre Gasly,French,10,1996-02-07,alphatauri,AlphaTauri,Italian,4,4,4,12.0,71,+1 Lap,0,0,1,0
2021,13,Dutch Grand Prix,2021-09-05,zandvoort,Circuit Park Zandvoort,Zandvoort,Netherlands,52.3888,4.54092,leclerc,LEC,Charles Leclerc,Monegasque,16,1997-10-16,ferrari,Ferrari,Italian,5,5,5,10.0,71,+1 Lap,0,0,1,0
2021,13,Dutch Grand Prix,2021-09-05,zandvoort,Circuit Park Zandvoort,Zandvoort,Netherlands,52.3888,4.54092,alonso,ALO,Fernando Alonso,Spanish,14,1981-07-29,alpine,Alpine F1 Team,French,9,9,6,8.0,71,+1 Lap,0,0,1,0
2021,13,Dutch Grand Prix,2021-09-05,zandvoort,Circuit Park Zandvoort,Zandvoort,Netherlands,52.3888,4.54092,sainz,SAI,Carlos Sainz,Spanish,55,1994-09-01,ferrari,Ferrari,Italian,6,6,7,6.0,71,+1 Lap,0,0,1,0
2021,13,Dutch Grand Prix,2021-09-05,zandvoort,Circuit Park Zandvoort,Zandvoort,Netherlands,52.3888,4.54092,perez,PER,Sergio Pérez,Mexican,11,1990-01-26,red_bull,Red Bull,Austrian,16,0,8,4.0,71,+1 Lap,0,0,1,0
2021,13,Dutch Grand Prix,2021-09-05,zandvoort,Circuit Park Zandvoort,Zandvoort,Netherlands,52.3888,4.54092,ocon,OCO,Esteban Ocon,French,31,1996-09-17,alpine,Alpine F1 Team,French,8,8,9,2.0,71,+1 Lap,0,0,1,0
2021,13,Dutch Grand Prix,2021-09-05,zandvoort,Circuit Park Zandvoort,Zandvoort,Netherlands,52.3888,4.54092,norris,NOR,Lando Norris,British,1,1999-11-13,mclaren,McLaren,British,13,13,10,1.0,71,+1 Lap,0,0,1,0
2021,13,Dutch Grand Prix,2021-09-05,zandvoort,Circuit Park Zandvoort,Zandvoort,Netherlands,52.3888,4.54092,ricciardo,RIC,Daniel Ricciardo,Australian,3,1989-07-01,mclaren,McLaren,British,10,10,11,0.0,71,+1 Lap,0,0,0,0
2021,13,Dutch Grand Prix,2021-09-05,zandvoort,Circuit Park Zandvoort,Zandvoort,Netherlands,52.3888,4.54092,stroll,STR,Lance Stroll,Canadian,18,1998-10-29,aston_martin,Aston Martin,British,12,12,12,0.0,70,+2 Laps,0,0,0,0
2021,13,Dutch Grand Prix,2021-09-05,zandvoort,Circuit Park Zandvoort,Zandvoort,Netherlands,52.3888,4.54092,vettel,VET,Sebastian Vettel,German,5,1987-07-03,aston_martin,Aston Martin,British,17,15,13,0.0,70,+2 Laps,0,0,0,0
2021,13,Dutch Grand Prix,2021-09-05,zandvoort,Circuit Park Zandvoort,Zandvoort,Netherlands,52.3888,4.54092,giovinazzi,GIO,Antonio Giovinazzi,Italian,99,1993-12-14,alfa,Alfa Romeo,Swiss,7,7,14,0.0,70,+2 Laps,0,0,0,0
2021,13,Dutch Grand Prix,2021-09-05,zandvoort,Circuit Park Zandvoort,Zandvoort,Netherlands,52.3888,4.54092,kubica,KUB,Robert Kubica,Polish,88,1984-12-07,alfa,Alfa Romeo,Swiss,18,16,15,0.0,70,+2 Laps,0,0,0,0
2021,13,Dutch Grand Prix,2021-09-05,zandvoort,Circuit Park Zandvoort,Zandvoort,Netherlands,52.3888,4.54092,latifi,LAT,Nicholas Latifi,Canadian,6,1995-06-29,williams,Williams,British,14,0,16,0.0,70,+2 Laps,0,0,0,0
2021,13,Dutch Grand Prix,2021-09-05,zandvoort,Circuit Park Zandvoort,Zandvoort,Netherlands,52.3888,4.54092,russell,RUS,George Russell,British,63,1998-02-15,williams,Williams,British,11,11,17,0.0,69,Gearbox,0,0,0,1
2021,13,Dutch Grand Prix,2021-09-05,zandvoort,Circuit Park Zandvoort,Zandvoort,Netherlands,52.3888,4.54092,mick_schumacher,MSC,Mick Schumacher,German,47,1999-03-22,haas,Haas F1 Team,American,19,17,18,0.0,69,+3 Laps,0,0,0,0
2021,13,Dutch Grand Prix,2021-09-05,zandvoort,Circuit Park Zandvoort,Zandvoort,Netherlands,52.3888,4.54092,tsunoda,TSU,Yuki Tsunoda,Japanese,22,2000-05-11,alphatauri,AlphaTauri,Italian,15,14,19,0.0,48,Power Unit,0,0,0,0
2021,13,Dutch Grand Prix,2021-09-05,zandvoort,Circuit Park Zandvoort,Zandvoort,Netherlands,52.3888,4.54092,mazepin,MAZ,Nikita Mazepin,Russian,9,1999-03-02,haas,Haas F1 Team,American,20,18,20,0.0,41,Hydraulics,0,0,0,1
2021,14,Italian Grand Prix,2021-09-12,monza,Autodromo Nazionale di Monza,Monza,Italy,45.6156,9.28111,ricciardo,RIC,Daniel Ricciardo,Australian,3,1989-07-01,mclaren,McLaren,British,5,2,1,26.0,53,Finished,1,1,1,0
2021,14,Italian Grand Prix,2021-09-12,monza,Autodromo Nazionale di Monza,Monza,Italy,45.6156,9.28111,norris,NOR,Lando Norris,British,1,1999-11-13,mclaren,McLaren,British,4,3,2,18.0,53,Finished,0,1,1,0
2021,14,Italian Grand Prix,2021-09-12,monza,Autodromo Nazionale di Monza,Monza,Italy,45.6156,9.28111,bottas,BOT,Valtteri Bottas,Finnish,77,1989-08-28,mercedes,Mercedes,German,1,19,3,15.0,53,Finished,0,1,1,0
2021,14,Italian Grand Prix,2021-09-12,monza,Autodromo Nazionale di Monza,Monza,Italy,45.6156,9.28111,leclerc,LEC,Charles Leclerc,Monegasque,16,1997-10-16,ferrari,Ferrari,Italian,8,5,4,12.0,53,Finished,0,0,1,0
2021,14,Italian Grand Prix,2021-09-12,monza,Autodromo Nazionale di Monza,Monza,Italy,45.6156,9.28111,perez,PER,Sergio Pérez,Mexican,11,1990-01-26,red_bull,Red Bull,Austrian,9,8,5,10.0,53,Finished,0,0,1,0
2021,14,Italian Grand Prix,2021-09-12,monza,Autodromo Nazionale di Monza,Monza,Italy,45.6156,9.28111,sainz,SAI,Carlos Sainz,Spanish,55,1994-09-01,ferrari,Ferrari,Italian,7,6,6,8.0,53,Finished,0,0,1,0
2021,14,Italian Grand Prix,2021-09-12,monza,Autodromo Nazionale di Monza,Monza,Italy,45.6156,9.28111,stroll,STR,Lance Stroll,Canadian,18,1998-10-29,aston_martin,Aston Martin,British,12,9,7,6.0,53,Finished,0,0,1,0
2021,14,Italian Grand Prix,2021-09-12,monza,Autodromo Nazionale di Monza,Monza,Italy,45.6156,9.28111,alonso,ALO,Fernando Alonso,Spanish,14,1981-07-29,alpine,Alpine F1 Team,French,13,10,8,4.0,53,Finished,0,0,1,0
2021,14,Italian Grand Prix,2021-09-12,monza,Autodromo Nazionale di Monza,Monza,Italy,45.6156,9.28111,russell,RUS,George Russell,British,63,1998-02-15,williams,Williams,British,15,14,9,2.0,53,Finished,0,0,1,0
2021,14,Italian Grand Prix,2021-09-12,monza,Autodromo Nazionale di Monza,Monza,Italy,45.6156,9.28111,ocon,OCO,Esteban Ocon,French,31,1996-09-17,alpine,Alpine F1 Team,French,14,12,10,1.0,53,Finished,0,0,1,0
2021,14,Italian Grand Prix,2021-09-12,monza,Autodromo Nazionale di Monza,Monza,Italy,45.6156,9.28111,latifi,LAT,Nicholas Latifi,Canadian,6,1995-06-29,williams,Williams,British,16,13,11,0.0,53,Finished,0,0,0,0
2021,14,Italian Grand Prix,2021-09-12,monza,Autodromo Nazionale di Monza,Monza,Italy,45.6156,9.28111,vettel,VET,Sebastian Vettel,German,5,1987-07-03,aston_martin,Aston Martin,British,11,11,12,0.0,53,Finished,0,0,0,0
2021,14,Italian Grand Prix,2021-09-12,monza,Autodromo Nazionale di Monza,Monza,Italy,45.6156,9.28111,giovinazzi,GIO,Antonio Giovinazzi,Italian,99,1993-12-14,alfa,Alfa Romeo,Swiss,10,7,13,0.0,53,Finished,0,0,0,0
2021,14,Italian Grand Prix,2021-09-12,monza,Autodromo Nazionale di Monza,Monza,Italy,45.6156,9.28111,kubica,KUB,Robert Kubica,Polish,88,1984-12-07,alfa,Alfa Romeo,Swiss,19,17,14,0.0,53,Finished,0,0,0,0
2021,14,Italian Grand Prix,2021-09-12,monza,Autodromo Nazionale di Monza,Monza,Italy,45.6156,9.28111,mick_schumacher,MSC,Mick Schumacher,German,47,1999-03-22,haas,Haas F1 Team,American,18,18,15,0.0,53,Finished,0,0,0,0
2021,14,Italian Grand Prix,2021-09-12,monza,Autodromo Nazionale di Monza,Monza,Italy,45.6156,9.28111,mazepin,MAZ,Nikita Mazepin,Russian,9,1999-03-02,haas,Haas F1 Team,American,20,16,16,0.0,41,Power Unit,0,0,0,0
2021,14,Italian Grand Prix,2021-09-12,monza,Autodromo Nazionale di Monza,Monza,Italy,45.6156,9.28111,hamilton,HAM,Lewis Hamilton,British,44,1985-01-07,mercedes,Mercedes,German,2,4,17,0.0,25,Collision,0,0,0,1
2021,14,Italian Grand Prix,2021-09-12,monza,Autodromo Nazionale di Monza,Monza,Italy,45.6156,9.28111,max_verstappen,VER,Max Verstappen,Dutch,3,1997-09-30,red_bull,Red Bull,Austrian,3,1,18,0.0,25,Collision,0,0,0,1
2021,14,Italian Grand Prix,2021-09-12,monza,Autodromo Nazionale di Monza,Monza,Italy,45.6156,9.28111,gasly,GAS,Pierre Gasly,French,10,1996-02-07,alphatauri,AlphaTauri,Italian,6,0,19,0.0,3,Suspension,0,0,0,0
2021,14,Italian Grand Prix,2021-09-12,monza,Autodromo Nazionale di Monza,Monza,Italy,45.6156,9.28111,tsunoda,TSU,Yuki Tsunoda,Japanese,22,2000-05-11,alphatauri,AlphaTauri,Italian,17,0,20,0.0,0,Brakes,0,0,0,1
2021,15,Russian Grand Prix,2021-09-26,sochi,Sochi Autodrom,Sochi,Russia,43.4057,39.9578,hamilton,HAM,Lewis Hamilton,British,44,1985-01-07,mercedes,Mercedes,German,4,4,1,25.0,53,Finished,1,1,1,0
2021,15,Russian Grand Prix,2021-09-26,sochi,Sochi Autodrom,Sochi,Russia,43.4057,39.9578,max_verstappen,VER,Max Verstappen,Dutch,3,1997-09-30,red_bull,Red Bull,Austrian,20,20,2,18.0,53,Finished,0,1,1,0
2021,15,Russian Grand Prix,2021-09-26,sochi,Sochi Autodrom,Sochi,Russia,43.4057,39.9578,sainz,SAI,Carlos Sainz,Spanish,55,1994-09-01,ferrari,Ferrari,Italian,2,2,3,15.0,53,Finished,0,1,1,0
2021,15,Russian Grand Prix,2021-09-26,sochi,Sochi Autodrom,Sochi,Russia,43.4057,39.9578,ricciardo,RIC,Daniel Ricciardo,Australian,3,1989-07-01,mclaren,McLaren,British,5,5,4,12.0,53,Finished,0,0,1,0
2021,15,Russian Grand Prix,2021-09-26,sochi,Sochi Autodrom,Sochi,Russia,43.4057,39.9578,bottas,BOT,Valtteri Bottas,Finnish,77,1989-08-28,mercedes,Mercedes,German,7,16,5,10.0,53,Finished,0,0,1,0
2021,15,Russian Grand Prix,2021-09-26,sochi,Sochi Autodrom,Sochi,Russia,43.4057,39.9578,alonso,ALO,Fernando Alonso,Spanish,14,1981-07-29,alpine,Alpine F1 Team,French,6,6,6,8.0,53,Finished,0,0,1,0
2021,15,Russian Grand Prix,2021-09-26,sochi,Sochi Autodrom,Sochi,Russia,43.4057,39.9578,norris,NOR,Lando Norris,British,1,1999-11-13,mclaren,McLaren,British,1,1,7,7.0,53,Finished,0,0,1,0
2021,15,Russian Grand Prix,2021-09-26,sochi,Sochi Autodrom,Sochi,Russia,43.4057,39.9578,raikkonen,RAI,Kimi Räikkönen,Finnish,7,1979-10-17,alfa,Alfa Romeo,Swiss,16,13,8,4.0,53,Finished,0,0,1,0
2021,15,Russian Grand Prix,2021-09-26,sochi,Sochi Autodrom,Sochi,Russia,43.4057,39.9578,perez,PER,Sergio Pérez,Mexican,11,1990-01-26,red_bull,Red Bull,Austrian,9,8,9,2.0,53,Finished,0,0,1,0
2021,15,Russian Grand Prix,2021-09-26,sochi,Sochi Autodrom,Sochi,Russia,43.4057,39.9578,russell,RUS,George Russell,British,63,1998-02-15,williams,Williams,British,3,3,10,1.0,53,Finished,0,0,1,0
2021,15,Russian Grand Prix,2021-09-26,sochi,Sochi Autodrom,Sochi,Russia,43.4057,39.9578,stroll,STR,Lance Stroll,Canadian,18,1998-10-29,aston_martin,Aston Martin,British,8,7,11,0.0,53,Finished,0,0,0,0
2021,15,Russian Grand Prix,2021-09-26,sochi,Sochi Autodrom,Sochi,Russia,43.4057,39.9578,vettel,VET,Sebastian Vettel,German,5,1987-07-03,aston_martin,Aston Martin,British,11,10,12,0.0,52,+1 Lap,0,0,0,0
2021,15,Russian Grand Prix,2021-09-26,sochi,Sochi Autodrom,Sochi,Russia,43.4057,39.9578,gasly,GAS,Pierre Gasly,French,10,1996-02-07,alphatauri,AlphaTauri,Italian,12,11,13,0.0,52,+1 Lap,0,0,0,0
2021,15,Russian Grand Prix,2021-09-26,sochi,Sochi Autodrom,Sochi,Russia,43.4057,39.9578,ocon,OCO,Esteban Ocon,French,31,1996-09-17,alpine,Alpine F1 Team,French,10,9,14,0.0,52,+1 Lap,0,0,0,0
2021,15,Russian Grand Prix,2021-09-26,sochi,Sochi Autodrom,Sochi,Russia,43.4057,39.9578,leclerc,LEC,Charles Leclerc,Monegasque,16,1997-10-16,ferrari,Ferrari,Italian,15,19,15,0.0,52,+1 Lap,0,0,0,0
2021,15,Russian Grand Prix,2021-09-26,sochi,Sochi Autodrom,Sochi,Russia,43.4057,39.9578,giovinazzi,GIO,Antonio Giovinazzi,Italian,99,1993-12-14,alfa,Alfa Romeo,Swiss,18,17,16,0.0,52,+1 Lap,0,0,0,0
2021,15,Russian Grand Prix,2021-09-26,sochi,Sochi Autodrom,Sochi,Russia,43.4057,39.9578,tsunoda,TSU,Yuki Tsunoda,Japanese,22,2000-05-11,alphatauri,AlphaTauri,Italian,13,12,17,0.0,52,+1 Lap,0,0,0,0
2021,15,Russian Grand Prix,2021-09-26,sochi,Sochi Autodrom,Sochi,Russia,43.4057,39.9578,mazepin,MAZ,Nikita Mazepin,Russian,9,1999-03-02,haas,Haas F1 Team,American,19,15,18,0.0,51,+2 Laps,0,0,0,0
2021,15,Russian Grand Prix,2021-09-26,sochi,Sochi Autodrom,Sochi,Russia,43.4057,39.9578,latifi,LAT,Nicholas Latifi,Canadian,6,1995-06-29,williams,Williams,British,14,18,19,0.0,47,Accident,0,0,0,1
2021,15,Russian Grand Prix,2021-09-26,sochi,Sochi Autodrom,Sochi,Russia,43.4057,39.9578,mick_schumacher,MSC,Mick Schumacher,German,47,1999-03-22,haas,Haas F1 Team,American,17,14,20,0.0,32,Oil leak,0,0,0,0
2021,16,Turkish Grand Prix,2021-10-10,istanbul,Istanbul Park,Istanbul,Turkey,40.9517,29.405,bottas,BOT,Valtteri Bottas,Finnish,77,1989-08-28,mercedes,Mercedes,German,2,1,1,26.0,58,Finished,1,1,1,0
2021,16,Turkish Grand Prix,2021-10-10,istanbul,Istanbul Park,Istanbul,Turkey,40.9517,29.405,max_verstappen,VER,Max Verstappen,Dutch,3,1997-09-30,red_bull,Red Bull,Austrian,3,2,2,18.0,58,Finished,0,1,1,0
2021,16,Turkish Grand Prix,2021-10-10,istanbul,Istanbul Park,Istanbul,Turkey,40.9517,29.405,perez,PER,Sergio Pérez,Mexican,11,1990-01-26,red_bull,Red Bull,Austrian,7,6,3,15.0,58,Finished,0,1,1,0
2021,16,Turkish Grand Prix,2021-10-10,istanbul,Istanbul Park,Istanbul,Turkey,40.9517,29.405,leclerc,LEC,Charles Leclerc,Monegasque,16,1997-10-16,ferrari,Ferrari,Italian,4,3,4,12.0,58,Finished,0,0,1,0
2021,16,Turkish Grand Prix,2021-10-10,istanbul,Istanbul Park,Istanbul,Turkey,40.9517,29.405,hamilton,HAM,Lewis Hamilton,British,44,1985-01-07,mercedes,Mercedes,German,1,11,5,10.0,58,Finished,0,0,1,0
2021,16,Turkish Grand Prix,2021-10-10,istanbul,Istanbul Park,Istanbul,Turkey,40.9517,29.405,gasly,GAS,Pierre Gasly,French,10,1996-02-07,alphatauri,AlphaTauri,Italian,5,4,6,8.0,58,Finished,0,0,1,0
2021,16,Turkish Grand Prix,2021-10-10,istanbul,Istanbul Park,Istanbul,Turkey,40.9517,29.405,norris,NOR,Lando Norris,British,1,1999-11-13,mclaren,McLaren,British,8,7,7,6.0,58,Finished,0,0,1,0
2021,16,Turkish Grand Prix,2021-10-10,istanbul,Istanbul Park,Istanbul,Turkey,40.9517,29.405,sainz,SAI,Carlos Sainz,Spanish,55,1994-09-01,ferrari,Ferrari,Italian,15,19,8,4.0,58,Finished,0,0,1,0
2021,16,Turkish Grand Prix,2021-10-10,istanbul,Istanbul Park,Istanbul,Turkey,40.9517,29.405,stroll,STR,Lance Stroll,Canadian,18,1998-10-29,aston_martin,Aston Martin,British,9,8,9,2.0,58,Finished,0,0,1,0
2021,16,Turkish Grand Prix,2021-10-10,istanbul,Istanbul Park,Istanbul,Turkey,40.9517,29.405,ocon,OCO,Esteban Ocon,French,31,1996-09-17,alpine,Alpine F1 Team,French,12,12,10,1.0,57,+1 Lap,0,0,1,0
2021,16,Turkish Grand Prix,2021-10-10,istanbul,Istanbul Park,Istanbul,Turkey,40.9517,29.405,giovinazzi,GIO,Antonio Giovinazzi,Italian,99,1993-12-14,alfa,Alfa Romeo,Swiss,18,16,11,0.0,57,+1 Lap,0,0,0,0
2021,16,Turkish Grand Prix,2021-10-10,istanbul,Istanbul Park,Istanbul,Turkey,40.9517,29.405,raikkonen,RAI,Kimi Räikkönen,Finnish,7,1979-10-17,alfa,Alfa Romeo,Swiss,19,17,12,0.0,57,+1 Lap,0,0,0,0
2021,16,Turkish Grand Prix,2021-10-10,istanbul,Istanbul Park,Istanbul,Turkey,40.9517,29.405,ricciardo,RIC,Daniel Ricciardo,Australian,3,1989-07-01,mclaren,McLaren,British,16,20,13,0.0,57,+1 Lap,0,0,0,0
2021,16,Turkish Grand Prix,2021-10-10,istanbul,Istanbul Park,Istanbul,Turkey,40.9517,29.405,tsunoda,TSU,Yuki Tsunoda,Japanese,22,2000-05-11,alphatauri,AlphaTauri,Italian,10,9,14,0.0,57,+1 Lap,0,0,0,0
2021,16,Turkish Grand Prix,2021-10-10,istanbul,Istanbul Park,Istanbul,Turkey,40.9517,29.405,russell,RUS,George Russell,British,63,1998-02-15,williams,Williams,British,13,13,15,0.0,57,+1 Lap,0,0,0,0
2021,16,Turkish Grand Prix,2021-10-10,istanbul,Istanbul Park,Istanbul,Turkey,40.9517,29.405,alonso,ALO,Fernando Alonso,Spanish,14,1981-07-29,alpine,Alpine F1 Team,French,6,5,16,0.0,57,+1 Lap,0,0,0,0
2021,16,Turkish Grand Prix,2021-10-10,istanbul,Istanbul Park,Istanbul,Turkey,40.9517,29.405,latifi,LAT,Nicholas Latifi,Canadian,6,1995-06-29,williams,Williams,British,17,15,17,0.0,57,+1 Lap,0,0,0,0
2021,16,Turkish Grand Prix,2021-10-10,istanbul,Istanbul Park,Istanbul,Turkey,40.9517,29.405,vettel,VET,Sebastian Vettel,German,5,1987-07-03,aston_martin,Aston Martin,British,11,10,18,0.0,57,+1 Lap,0,0,0,0
2021,16,Turkish Grand Prix,2021-10-10,istanbul,Istanbul Park,Istanbul,Turkey,40.9517,29.405,mick_schumacher,MSC,Mick Schumacher,German,47,1999-03-22,haas,Haas F1 Team,American,14,14,19,0.0,56,+2 Laps,0,0,0,0
2021,16,Turkish Grand Prix,2021-10-10,istanbul,Istanbul Park,Istanbul,Turkey,40.9517,29.405,mazepin,MAZ,Nikita Mazepin,Russian,9,1999-03-02,haas,Haas F1 Team,American,20,18,20,0.0,56,+2 Laps,0,0,0,0
2021,17,United States Grand Prix,2021-10-24,americas,Circuit of the Americas,Austin,USA,30.1328,-97.6411,max_verstappen,VER,Max Verstappen,Dutch,3,1997-09-30,red_bull,Red Bull,Austrian,1,1,1,25.0,56,Finished,1,1,1,0
2021,17,United States Grand Prix,2021-10-24,americas,Circuit of the Americas,Austin,USA,30.1328,-97.6411,hamilton,HAM,Lewis Hamilton,British,44,1985-01-07,mercedes,Mercedes,German,2,2,2,19.0,56,Finished,0,1,1,0
2021,17,United States Grand Prix,2021-10-24,americas,Circuit of the Americas,Austin,USA,30.1328,-97.6411,perez,PER,Sergio Pérez,Mexican,11,1990-01-26,red_bull,Red Bull,Austrian,3,3,3,15.0,56,Finished,0,1,1,0
2021,17,United States Grand Prix,2021-10-24,americas,Circuit of the Americas,Austin,USA,30.1328,-97.6411,leclerc,LEC,Charles Leclerc,Monegasque,16,1997-10-16,ferrari,Ferrari,Italian,5,4,4,12.0,56,Finished,0,0,1,0
2021,17,United States Grand Prix,2021-10-24,americas,Circuit of the Americas,Austin,USA,30.1328,-97.6411,ricciardo,RIC,Daniel Ricciardo,Australian,3,1989-07-01,mclaren,McLaren,British,7,6,5,10.0,56,Finished,0,0,1,0
2021,17,United States Grand Prix,2021-10-24,americas,Circuit of the Americas,Austin,USA,30.1328,-97.6411,bottas,BOT,Valtteri Bottas,Finnish,77,1989-08-28,mercedes,Mercedes,German,4,9,6,8.0,56,Finished,0,0,1,0
2021,17,United States Grand Prix,2021-10-24,americas,Circuit of the Americas,Austin,USA,30.1328,-97.6411,sainz,SAI,Carlos Sainz,Spanish,55,1994-09-01,ferrari,Ferrari,Italian,6,5,7,6.0,56,Finished,0,0,1,0
2021,17,United States Grand Prix,2021-10-24,americas,Circuit of the Americas,Austin,USA,30.1328,-97.6411,norris,NOR,Lando Norris,British,1,1999-11-13,mclaren,McLaren,British,8,7,8,4.0,56,Finished,0,0,1,0
2021,17,United States Grand Prix,2021-10-24,americas,Circuit of the Americas,Austin,USA,30.1328,-97.6411,tsunoda,TSU,Yuki Tsunoda,Japanese,22,2000-05-11,alphatauri,AlphaTauri,Italian,10,10,9,2.0,55,+1 Lap,0,0,1,0
2021,17,United States Grand Prix,2021-10-24,americas,Circuit of the Americas,Austin,USA,30.1328,-97.6411,vettel,VET,Sebastian Vettel,German,5,1987-07-03,aston_martin,Aston Martin,British,12,18,10,1.0,55,+1 Lap,0,0,1,0
2021,17,United States Grand Prix,2021-10-24,americas,Circuit of the Americas,Austin,USA,30.1328,-97.6411,giovinazzi,GIO,Antonio Giovinazzi,Italian,99,1993-12-14,alfa,Alfa Romeo,Swiss,13,12,11,0.0,55,+1 Lap,0,0,0,0
2021,17,United States Grand Prix,2021-10-24,americas,Circuit of the Americas,Austin,USA,30.1328,-97.6411,stroll,STR,Lance Stroll,Canadian,18,1998-10-29,aston_martin,Aston Martin,British,16,13,12,0.0,55,+1 Lap,0,0,0,0
2021,17,United States Grand Prix,2021-10-24,americas,Circuit of the Americas,Austin,USA,30.1328,-97.6411,raikkonen,RAI,Kimi Räikkönen,Finnish,7,1979-10-17,alfa,Alfa Romeo,Swiss,18,15,13,0.0,55,+1 Lap,0,0,0,0
2021,17,United States Grand Prix,2021-10-24,americas,Circuit of the Americas,Austin,USA,30.1328,-97.6411,russell,RUS,George Russell,British,63,1998-02-15,williams,Williams,British,15,20,14,0.0,55,+1 Lap,0,0,0,0
2021,17,United States Grand Prix,2021-10-24,americas,Circuit of the Americas,Austin,USA,30.1328,-97.6411,latifi,LAT,Nicholas Latifi,Canadian,6,1995-06-29,williams,Williams,British,17,14,15,0.0,55,+1 Lap,0,0,0,0
2021,17,United States Grand Prix,2021-10-24,americas,Circuit of the Americas,Austin,USA,30.1328,-97.6411,mick_schumacher,MSC,Mick Schumacher,German,47,1999-03-22,haas,Haas F1 Team,American,19,16,16,0.0,54,+2 Laps,0,0,0,0
2021,17,United States Grand Prix,2021-10-24,americas,Circuit of the Americas,Austin,USA,30.1328,-97.6411,mazepin,MAZ,Nikita Mazepin,Russian,9,1999-03-02,haas,Haas F1 Team,American,20,17,17,0.0,54,+2 Laps,0,0,0,0
2021,17,United States Grand Prix,2021-10-24,americas,Circuit of the Americas,Austin,USA,30.1328,-97.6411,alonso,ALO,Fernando Alonso,Spanish,14,1981-07-29,alpine,Alpine F1 Team,French,14,19,18,0.0,49,Rear wing,0,0,0,0
2021,17,United States Grand Prix,2021-10-24,americas,Circuit of the Americas,Austin,USA,30.1328,-97.6411,ocon,OCO,Esteban Ocon,French,31,1996-09-17,alpine,Alpine F1 Team,French,11,11,19,0.0,40,Mechanical,0,0,0,0
2021,17,United States Grand Prix,2021-10-24,americas,Circuit of the Americas,Austin,USA,30.1328,-97.6411,gasly,GAS,Pierre Gasly,French,10,1996-02-07,alphatauri,AlphaTauri,Italian,9,8,20,0.0,14,Suspension,0,0,0,0
2021,18,Mexico City Grand Prix,2021-11-07,rodriguez,Autódromo Hermanos Rodríguez,Mexico City,Mexico,19.4042,-99.0907,max_verstappen,VER,Max Verstappen,Dutch,3,1997-09-30,red_bull,Red Bull,Austrian,3,3,1,25.0,71,Finished,1,1,1,0
2021,18,Mexico City Grand Prix,2021-11-07,rodriguez,Autódromo Hermanos Rodríguez,Mexico City,Mexico,19.4042,-99.0907,hamilton,HAM,Lewis Hamilton,British,44,1985-01-07,mercedes,Mercedes,German,2,2,2,18.0,71,Finished,0,1,1,0
2021,18,Mexico City Grand Prix,2021-11-07,rodriguez,Autódromo Hermanos Rodríguez,Mexico City,Mexico,19.4042,-99.0907,perez,PER,Sergio Pérez,Mexican,11,1990-01-26,red_bull,Red Bull,Austrian,4,4,3,15.0,71,Finished,0,1,1,0
2021,18,Mexico City Grand Prix,2021-11-07,rodriguez,Autódromo Hermanos Rodríguez,Mexico City,Mexico,19.4042,-99.0907,gasly,GAS,Pierre Gasly,French,10,1996-02-07,alphatauri,AlphaTauri,Italian,5,5,4,12.0,71,Finished,0,0,1,0
2021,18,Mexico City Grand Prix,2021-11-07,rodriguez,Autódromo Hermanos Rodríguez,Mexico City,Mexico,19.4042,-99.0907,leclerc,LEC,Charles Leclerc,Monegasque,16,1997-10-16,ferrari,Ferrari,Italian,8,8,5,10.0,71,Finished,0,0,1,0
2021,18,Mexico City Grand Prix,2021-11-07,rodriguez,Autódromo Hermanos Rodríguez,Mexico City,Mexico,19.4042,-99.0907,sainz,SAI,Carlos Sainz,Spanish,55,1994-09-01,ferrari,Ferrari,Italian,6,6,6,8.0,70,+1 Lap,0,0,1,0
2021,18,Mexico City Grand Prix,2021-11-07,rodriguez,Autódromo Hermanos Rodríguez,Mexico City,Mexico,19.4042,-99.0907,vettel,VET,Sebastian Vettel,German,5,1987-07-03,aston_martin,Aston Martin,British,11,9,7,6.0,70,+1 Lap,0,0,1,0
2021,18,Mexico City Grand Prix,2021-11-07,rodriguez,Autódromo Hermanos Rodríguez,Mexico City,Mexico,19.4042,-99.0907,raikkonen,RAI,Kimi Räikkönen,Finnish,7,1979-10-17,alfa,Alfa Romeo,Swiss,12,10,8,4.0,70,+1 Lap,0,0,1,0
2021,18,Mexico City Grand Prix,2021-11-07,rodriguez,Autódromo Hermanos Rodríguez,Mexico City,Mexico,19.4042,-99.0907,alonso,ALO,Fernando Alonso,Spanish,14,1981-07-29,alpine,Alpine F1 Team,French,16,12,9,2.0,70,+1 Lap,0,0,1,0
2021,18,Mexico City Grand Prix,2021-11-07,rodriguez,Autódromo Hermanos Rodríguez,Mexico City,Mexico,19.4042,-99.0907,norris,NOR,Lando Norris,British,1,1999-11-13,mclaren,McLaren,British,10,18,10,1.0,70,+1 Lap,0,0,1,0
2021,18,Mexico City Grand Prix,2021-11-07,rodriguez,Autódromo Hermanos Rodríguez,Mexico City,Mexico,19.4042,-99.0907,giovinazzi,GIO,Antonio Giovinazzi,Italian,99,1993-12-14,alfa,Alfa Romeo,Swiss,14,11,11,0.0,70,+1 Lap,0,0,0,0
2021,18,Mexico City Grand Prix,2021-11-07,rodriguez,Autódromo Hermanos Rodríguez,Mexico City,Mexico,19.4042,-99.0907,ricciardo,RIC,Daniel Ricciardo,Australian,3,1989-07-01,mclaren,McLaren,British,7,7,12,0.0,70,+1 Lap,0,0,0,0
2021,18,Mexico City Grand Prix,2021-11-07,rodriguez,Autódromo Hermanos Rodríguez,Mexico City,Mexico,19.4042,-99.0907,ocon,OCO,Esteban Ocon,French,31,1996-09-17,alpine,Alpine F1 Team,French,15,19,13,0.0,70,+1 Lap,0,0,0,0
2021,18,Mexico City Grand Prix,2021-11-07,rodriguez,Autódromo Hermanos Rodríguez,Mexico City,Mexico,19.4042,-99.0907,stroll,STR,Lance Stroll,Canadian,18,1998-10-29,aston_martin,Aston Martin,British,20,20,14,0.0,69,+2 Laps,0,0,0,0
2021,18,Mexico City Grand Prix,2021-11-07,rodriguez,Autódromo Hermanos Rodríguez,Mexico City,Mexico,19.4042,-99.0907,bottas,BOT,Valtteri Bottas,Finnish,77,1989-08-28,mercedes,Mercedes,German,1,1,15,0.0,69,+2 Laps,0,0,0,0
2021,18,Mexico City Grand Prix,2021-11-07,rodriguez,Autódromo Hermanos Rodríguez,Mexico City,Mexico,19.4042,-99.0907,russell,RUS,George Russell,British,63,1998-02-15,williams,Williams,British,13,16,16,0.0,69,+2 Laps,0,0,0,0
2021,18,Mexico City Grand Prix,2021-11-07,rodriguez,Autódromo Hermanos Rodríguez,Mexico City,Mexico,19.4042,-99.0907,latifi,LAT,Nicholas Latifi,Canadian,6,1995-06-29,williams,Williams,British,17,13,17,0.0,69,+2 Laps,0,0,0,0
2021,18,Mexico City Grand Prix,2021-11-07,rodriguez,Autódromo Hermanos Rodríguez,Mexico City,Mexico,19.4042,-99.0907,mazepin,MAZ,Nikita Mazepin,Russian,9,1999-03-02,haas,Haas F1 Team,American,19,15,18,0.0,68,+3 Laps,0,0,0,0
2021,18,Mexico City Grand Prix,2021-11-07,rodriguez,Autódromo Hermanos Rodríguez,Mexico City,Mexico,19.4042,-99.0907,mick_schumacher,MSC,Mick Schumacher,German,47,1999-03-22,haas,Haas F1 Team,American,18,14,19,0.0,0,Collision,0,0,0,1
2021,18,Mexico City Grand Prix,2021-11-07,rodriguez,Autódromo Hermanos Rodríguez,Mexico City,Mexico,19.4042,-99.0907,tsunoda,TSU,Yuki Tsunoda,Japanese,22,2000-05-11,alphatauri,AlphaTauri,Italian,9,17,20,0.0,0,Collision,0,0,0,1
2021,19,São Paulo Grand Prix,2021-11-14,interlagos,Autódromo José Carlos Pace,São Paulo,Brazil,-23.7036,-46.6997,hamilton,HAM,Lewis Hamilton,British,44,1985-01-07,mercedes,Mercedes,German,1,10,1,25.0,71,Finished,1,1,1,0
2021,19,São Paulo Grand Prix,2021-11-14,interlagos,Autódromo José Carlos Pace,São Paulo,Brazil,-23.7036,-46.6997,max_verstappen,VER,Max Verstappen,Dutch,3,1997-09-30,red_bull,Red Bull,Austrian,2,2,2,18.0,71,Finished,0,1,1,0
2021,19,São Paulo Grand Prix,2021-11-14,interlagos,Autódromo José Carlos Pace,São Paulo,Brazil,-23.7036,-46.6997,bottas,BOT,Valtteri Bottas,Finnish,77,1989-08-28,mercedes,Mercedes,German,3,1,3,15.0,71,Finished,0,1,1,0
2021,19,São Paulo Grand Prix,2021-11-14,interlagos,Autódromo José Carlos Pace,São Paulo,Brazil,-23.7036,-46.6997,perez,PER,Sergio Pérez,Mexican,11,1990-01-26,red_bull,Red Bull,Austrian,4,4,4,13.0,71,Finished,0,0,1,0
2021,19,São Paulo Grand Prix,2021-11-14,interlagos,Autódromo José Carlos Pace,São Paulo,Brazil,-23.7036,-46.6997,leclerc,LEC,Charles Leclerc,Monegasque,16,1997-10-16,ferrari,Ferrari,Italian,7,6,5,10.0,71,Finished,0,0,1,0
2021,19,São Paulo Grand Prix,2021-11-14,interlagos,Autódromo José Carlos Pace,São Paulo,Brazil,-23.7036,-46.6997,sainz,SAI,Carlos Sainz,Spanish,55,1994-09-01,ferrari,Ferrari,Italian,6,3,6,8.0,71,Finished,0,0,1,0
2021,19,São Paulo Grand Prix,2021-11-14,interlagos,Autódromo José Carlos Pace,São Paulo,Brazil,-23.7036,-46.6997,gasly,GAS,Pierre Gasly,French,10,1996-02-07,alphatauri,AlphaTauri,Italian,5,7,7,6.0,70,+1 Lap,0,0,1,0
2021,19,São Paulo Grand Prix,2021-11-14,interlagos,Autódromo José Carlos Pace,São Paulo,Brazil,-23.7036,-46.6997,ocon,OCO,Esteban Ocon,French,31,1996-09-17,alpine,Alpine F1 Team,French,11,8,8,4.0,70,+1 Lap,0,0,1,0
2021,19,São Paulo Grand Prix,2021-11-14,interlagos,Autódromo José Carlos Pace,São Paulo,Brazil,-23.7036,-46.6997,alonso,ALO,Fernando Alonso,Spanish,14,1981-07-29,alpine,Alpine F1 Team,French,10,12,9,2.0,70,+1 Lap,0,0,1,0
2021,19,São Paulo Grand Prix,2021-11-14,interlagos,Autódromo José Carlos Pace,São Paulo,Brazil,-23.7036,-46.6997,norris,NOR,Lando Norris,British,1,1999-11-13,mclaren,McLaren,British,8,5,10,1.0,70,+1 Lap,0,0,1,0
2021,19,São Paulo Grand Prix,2021-11-14,interlagos,Autódromo José Carlos Pace,São Paulo,Brazil,-23.7036,-46.6997,vettel,VET,Sebastian Vettel,German,5,1987-07-03,aston_martin,Aston Martin,British,12,9,11,0.0,70,+1 Lap,0,0,0,0
2021,19,São Paulo Grand Prix,2021-11-14,interlagos,Autódromo José Carlos Pace,São Paulo,Brazil,-23.7036,-46.6997,raikkonen,RAI,Kimi Räikkönen,Finnish,7,1979-10-17,alfa,Alfa Romeo,Swiss,14,0,12,0.0,70,+1 Lap,0,0,0,0
2021,19,São Paulo Grand Prix,2021-11-14,interlagos,Autódromo José Carlos Pace,São Paulo,Brazil,-23.7036,-46.6997,russell,RUS,George Russell,British,63,1998-02-15,williams,Williams,British,18,17,13,0.0,70,+1 Lap,0,0,0,0
2021,19,São Paulo Grand Prix,2021-11-14,interlagos,Autódromo José Carlos Pace,São Paulo,Brazil,-23.7036,-46.6997,giovinazzi,GIO,Antonio Giovinazzi,Italian,99,1993-12-14,alfa,Alfa Romeo,Swiss,15,13,14,0.0,70,+1 Lap,0,0,0,0
2021,19,São Paulo Grand Prix,2021-11-14,interlagos,Autódromo José Carlos Pace,São Paulo,Brazil,-23.7036,-46.6997,tsunoda,TSU,Yuki Tsunoda,Japanese,22,2000-05-11,alphatauri,AlphaTauri,Italian,13,15,15,0.0,70,+1 Lap,0,0,0,0
2021,19,São Paulo Grand Prix,2021-11-14,interlagos,Autódromo José Carlos Pace,São Paulo,Brazil,-23.7036,-46.6997,latifi,LAT,Nicholas Latifi,Canadian,6,1995-06-29,williams,Williams,British,17,16,16,0.0,70,+1 Lap,0,0,0,0
2021,19,São Paulo Grand Prix,2021-11-14,interlagos,Autódromo José Carlos Pace,São Paulo,Brazil,-23.7036,-46.6997,mazepin,MAZ,Nikita Mazepin,Russian,9,1999-03-02,haas,Haas F1 Team,American,20,19,17,0.0,69,+2 Laps,0,0,0,0
2021,19,São Paulo Grand Prix,2021-11-14,interlagos,Autódromo José Carlos Pace,São Paulo,Brazil,-23.7036,-46.6997,mick_schumacher,MSC,Mick Schumacher,German,47,1999-03-22,haas,Haas F1 Team,American,19,18,18,0.0,69,+2 Laps,0,0,0,0
2021,19,São Paulo Grand Prix,2021-11-14,interlagos,Autódromo José Carlos Pace,São Paulo,Brazil,-23.7036,-46.6997,ricciardo,RIC,Daniel Ricciardo,Australian,3,1989-07-01,mclaren,McLaren,British,9,11,19,0.0,49,Power loss,0,0,0,0
2021,19,São Paulo Grand Prix,2021-11-14,interlagos,Autódromo José Carlos Pace,São Paulo,Brazil,-23.7036,-46.6997,stroll,STR,Lance Stroll,Canadian,18,1998-10-29,aston_martin,Aston Martin,British,16,14,20,0.0,47,Collision damage,0,0,0,1
2021,20,Qatar Grand Prix,2021-11-21,losail,Losail International Circuit,Lusail,Qatar,25.49,51.4542,hamilton,HAM,Lewis Hamilton,British,44,1985-01-07,mercedes,Mercedes,German,1,1,1,25.0,57,Finished,1,1,1,0
2021,20,Qatar Grand Prix,2021-11-21,losail,Losail International Circuit,Lusail,Qatar,25.49,51.4542,max_verstappen,VER,Max Verstappen,Dutch,3,1997-09-30,red_bull,Red Bull,Austrian,2,7,2,19.0,57,Finished,0,1,1,0
2021,20,Qatar Grand Prix,2021-11-21,losail,Losail International Circuit,Lusail,Qatar,25.49,51.4542,alonso,ALO,Fernando Alonso,Spanish,14,1981-07-29,alpine,Alpine F1 Team,French,5,3,3,15.0,57,Finished,0,1,1,0
2021,20,Qatar Grand Prix,2021-11-21,losail,Losail International Circuit,Lusail,Qatar,25.49,51.4542,perez,PER,Sergio Pérez,Mexican,11,1990-01-26,red_bull,Red Bull,Austrian,11,11,4,12.0,57,Finished,0,0,1,0
2021,20,Qatar Grand Prix,2021-11-21,losail,Losail International Circuit,Lusail,Qatar,25.49,51.4542,ocon,OCO,Esteban Ocon,French,31,1996-09-17,alpine,Alpine F1 Team,French,9,9,5,10.0,57,Finished,0,0,1,0
2021,20,Qatar Grand Prix,2021-11-21,losail,Losail International Circuit,Lusail,Qatar,25.49,51.4542,stroll,STR,Lance Stroll,Canadian,18,1998-10-29,aston_martin,Aston Martin,British,12,12,6,8.0,57,Finished,0,0,1,0
2021,20,Qatar Grand Prix,2021-11-21,losail,Losail International Circuit,Lusail,Qatar,25.49,51.4542,sainz,SAI,Carlos Sainz,Spanish,55,1994-09-01,ferrari,Ferrari,Italian,7,5,7,6.0,57,Finished,0,0,1,0
2021,20,Qatar Grand Prix,2021-11-21,losail,Losail International Circuit,Lusail,Qatar,25.49,51.4542,leclerc,LEC,Charles Leclerc,Monegasque,16,1997-10-16,ferrari,Ferrari,Italian,13,13,8,4.0,57,Finished,0,0,1,0
2021,20,Qatar Grand Prix,2021-11-21,losail,Losail International Circuit,Lusail,Qatar,25.49,51.4542,norris,NOR,Lando Norris,British,1,1999-11-13,mclaren,McLaren,British,6,4,9,2.0,56,+1 Lap,0,0,1,0
2021,20,Qatar Grand Prix,2021-11-21,losail,Losail International Circuit,Lusail,Qatar,25.49,51.4542,vettel,VET,Sebastian Vettel,German,5,1987-07-03,aston_martin,Aston Martin,British,10,10,10,1.0,56,+1 Lap,0,0,1,0
2021,20,Qatar Grand Prix,2021-11-21,losail,Losail International Circuit,Lusail,Qatar,25.49,51.4542,gasly,GAS,Pierre Gasly,French,10,1996-02-07,alphatauri,AlphaTauri,Italian,4,2,11,0.0,56,+1 Lap,0,0,0,0
2021,20,Qatar Grand Prix,2021-11-21,losail,Losail International Circuit,Lusail,Qatar,25.49,51.4542,ricciardo,RIC,Daniel Ricciardo,Australian,3,1989-07-01,mclaren,McLaren,British,14,14,12,0.0,56,+1 Lap,0,0,0,0
2021,20,Qatar Grand Prix,2021-11-21,losail,Losail International Circuit,Lusail,Qatar,25.49,51.4542,tsunoda,TSU,Yuki Tsunoda,Japanese,22,2000-05-11,alphatauri,AlphaTauri,Italian,8,8,13,0.0,56,+1 Lap,0,0,0,0
2021,20,Qatar Grand Prix,2021-11-21,losail,Losail International Circuit,Lusail,Qatar,25.49,51.4542,raikkonen,RAI,Kimi Räikkönen,Finnish,7,1979-10-17,alfa,Alfa Romeo,Swiss,16,16,14,0.0,56,+1 Lap,0,0,0,0
2021,20,Qatar Grand Prix,2021-11-21,losail,Losail International Circuit,Lusail,Qatar,25.49,51.4542,giovinazzi,GIO,Antonio Giovinazzi,Italian,99,1993-12-14,alfa,Alfa Romeo,Swiss,18,18,15,0.0,56,+1 Lap,0,0,0,0
2021,20,Qatar Grand Prix,2021-11-21,losail,Losail International Circuit,Lusail,Qatar,25.49,51.4542,mick_schumacher,MSC,Mick Schumacher,German,47,1999-03-22,haas,Haas F1 Team,American,19,19,16,0.0,56,+1 Lap,0,0,0,0
2021,20,Qatar Grand Prix,2021-11-21,losail,Losail International Circuit,Lusail,Qatar,25.49,51.4542,russell,RUS,George Russell,British,63,1998-02-15,williams,Williams,British,15,15,17,0.0,55,+2 Laps,0,0,0,0
2021,20,Qatar Grand Prix,2021-11-21,losail,Losail International Circuit,Lusail,Qatar,25.49,51.4542,mazepin,MAZ,Nikita Mazepin,Russian,9,1999-03-02,haas,Haas F1 Team,American,20,20,18,0.0,55,+2 Laps,0,0,0,0
2021,20,Qatar Grand Prix,2021-11-21,losail,Losail International Circuit,Lusail,Qatar,25.49,51.4542,latifi,LAT,Nicholas Latifi,Canadian,6,1995-06-29,williams,Williams,British,17,17,19,0.0,50,Puncture,0,0,0,0
2021,20,Qatar Grand Prix,2021-11-21,losail,Losail International Circuit,Lusail,Qatar,25.49,51.4542,bottas,BOT,Valtteri Bottas,Finnish,77,1989-08-28,mercedes,Mercedes,German,3,6,20,0.0,48,Damage,0,0,0,0
2021,21,Saudi Arabian Grand Prix,2021-12-05,jeddah,Jeddah Corniche Circuit,Jeddah,Saudi Arabia,21.6319,39.1044,hamilton,HAM,Lewis Hamilton,British,44,1985-01-07,mercedes,Mercedes,German,1,1,1,26.0,50,Finished,1,1,1,0
2021,21,Saudi Arabian Grand Prix,2021-12-05,jeddah,Jeddah Corniche Circuit,Jeddah,Saudi Arabia,21.6319,39.1044,max_verstappen,VER,Max Verstappen,Dutch,3,1997-09-30,red_bull,Red Bull,Austrian,3,3,2,18.0,50,Finished,0,1,1,0
2021,21,Saudi Arabian Grand Prix,2021-12-05,jeddah,Jeddah Corniche Circuit,Jeddah,Saudi Arabia,21.6319,39.1044,bottas,BOT,Valtteri Bottas,Finnish,77,1989-08-28,mercedes,Mercedes,German,2,2,3,15.0,50,Finished,0,1,1,0
2021,21,Saudi Arabian Grand Prix,2021-12-05,jeddah,Jeddah Corniche Circuit,Jeddah,Saudi Arabia,21.6319,39.1044,ocon,OCO,Esteban Ocon,French,31,1996-09-17,alpine,Alpine F1 Team,French,9,9,4,12.0,50,Finished,0,0,1,0
2021,21,Saudi Arabian Grand Prix,2021-12-05,jeddah,Jeddah Corniche Circuit,Jeddah,Saudi Arabia,21.6319,39.1044,ricciardo,RIC,Daniel Ricciardo,Australian,3,1989-07-01,mclaren,McLaren,British,11,11,5,10.0,50,Finished,0,0,1,0
2021,21,Saudi Arabian Grand Prix,2021-12-05,jeddah,Jeddah Corniche Circuit,Jeddah,Saudi Arabia,21.6319,39.1044,gasly,GAS,Pierre Gasly,French,10,1996-02-07,alphatauri,AlphaTauri,Italian,6,6,6,8.0,50,Finished,0,0,1,0
2021,21,Saudi Arabian Grand Prix,2021-12-05,jeddah,Jeddah Corniche Circuit,Jeddah,Saudi Arabia,21.6319,39.1044,leclerc,LEC,Charles Leclerc,Monegasque,16,1997-10-16,ferrari,Ferrari,Italian,4,4,7,6.0,50,Finished,0,0,1,0
2021,21,Saudi Arabian Grand Prix,2021-12-05,jeddah,Jeddah Corniche Circuit,Jeddah,Saudi Arabia,21.6319,39.1044,sainz,SAI,Carlos Sainz,Spanish,55,1994-09-01,ferrari,Ferrari,Italian,15,15,8,4.0,50,Finished,0,0,1,0
2021,21,Saudi Arabian Grand Prix,2021-12-05,jeddah,Jeddah Corniche Circuit,Jeddah,Saudi Arabia,21.6319,39.1044,giovinazzi,GIO,Antonio Giovinazzi,Italian,99,1993-12-14,alfa,Alfa Romeo,Swiss,10,10,9,2.0,50,Finished,0,0,1,0
2021,21,Saudi Arabian Grand Prix,2021-12-05,jeddah,Jeddah Corniche Circuit,Jeddah,Saudi Arabia,21.6319,39.1044,norris,NOR,Lando Norris,British,1,1999-11-13,mclaren,McLaren,British,7,7,10,1.0,50,Finished,0,0,1,0
2021,21,Saudi Arabian Grand Prix,2021-12-05,jeddah,Jeddah Corniche Circuit,Jeddah,Saudi Arabia,21.6319,39.1044,stroll,STR,Lance Stroll,Canadian,18,1998-10-29,aston_martin,Aston Martin,British,18,18,11,0.0,50,Finished,0,0,0,0
2021,21,Saudi Arabian Grand Prix,2021-12-05,jeddah,Jeddah Corniche Circuit,Jeddah,Saudi Arabia,21.6319,39.1044,latifi,LAT,Nicholas Latifi,Canadian,6,1995-06-29,williams,Williams,British,16,16,12,0.0,50,Finished,0,0,0,0
2021,21,Saudi Arabian Grand Prix,2021-12-05,jeddah,Jeddah Corniche Circuit,Jeddah,Saudi Arabia,21.6319,39.1044,alonso,ALO,Fernando Alonso,Spanish,14,1981-07-29,alpine,Alpine F1 Team,French,13,13,13,0.0,49,+1 Lap,0,0,0,0
2021,21,Saudi Arabian Grand Prix,2021-12-05,jeddah,Jeddah Corniche Circuit,Jeddah,Saudi Arabia,21.6319,39.1044,tsunoda,TSU,Yuki Tsunoda,Japanese,22,2000-05-11,alphatauri,AlphaTauri,Italian,8,8,14,0.0,49,+1 Lap,0,0,0,0
2021,21,Saudi Arabian Grand Prix,2021-12-05,jeddah,Jeddah Corniche Circuit,Jeddah,Saudi Arabia,21.6319,39.1044,raikkonen,RAI,Kimi Räikkönen,Finnish,7,1979-10-17,alfa,Alfa Romeo,Swiss,12,12,15,0.0,49,+1 Lap,0,0,0,0
2021,21,Saudi Arabian Grand Prix,2021-12-05,jeddah,Jeddah Corniche Circuit,Jeddah,Saudi Arabia,21.6319,39.1044,vettel,VET,Sebastian Vettel,German,5,1987-07-03,aston_martin,Aston Martin,British,17,17,16,0.0,44,Collision damage,0,0,0,1
2021,21,Saudi Arabian Grand Prix,2021-12-05,jeddah,Jeddah Corniche Circuit,Jeddah,Saudi Arabia,21.6319,39.1044,perez,PER,Sergio Pérez,Mexican,11,1990-01-26,red_bull,Red Bull,Austrian,5,5,17,0.0,14,Collision,0,0,0,1
2021,21,Saudi Arabian Grand Prix,2021-12-05,jeddah,Jeddah Corniche Circuit,Jeddah,Saudi Arabia,21.6319,39.1044,mazepin,MAZ,Nikita Mazepin,Russian,9,1999-03-02,haas,Haas F1 Team,American,20,20,18,0.0,14,Collision,0,0,0,1
2021,21,Saudi Arabian Grand Prix,2021-12-05,jeddah,Jeddah Corniche Circuit,Jeddah,Saudi Arabia,21.6319,39.1044,russell,RUS,George Russell,British,63,1998-02-15,williams,Williams,British,14,14,19,0.0,14,Collision,0,0,0,1
2021,21,Saudi Arabian Grand Prix,2021-12-05,jeddah,Jeddah Corniche Circuit,Jeddah,Saudi Arabia,21.6319,39.1044,mick_schumacher,MSC,Mick Schumacher,German,47,1999-03-22,haas,Haas F1 Team,American,19,19,20,0.0,8,Accident,0,0,0,1
2021,22,Abu Dhabi Grand Prix,2021-12-12,yas_marina,Yas Marina Circuit,Abu Dhabi,UAE,24.4672,54.6031,max_verstappen,VER,Max Verstappen,Dutch,3,1997-09-30,red_bull,Red Bull,Austrian,1,1,1,26.0,58,Finished,1,1,1,0
2021,22,Abu Dhabi Grand Prix,2021-12-12,yas_marina,Yas Marina Circuit,Abu Dhabi,UAE,24.4672,54.6031,hamilton,HAM,Lewis Hamilton,British,44,1985-01-07,mercedes,Mercedes,German,2,2,2,18.0,58,Finished,0,1,1,0
2021,22,Abu Dhabi Grand Prix,2021-12-12,yas_marina,Yas Marina Circuit,Abu Dhabi,UAE,24.4672,54.6031,sainz,SAI,Carlos Sainz,Spanish,55,1994-09-01,ferrari,Ferrari,Italian,5,5,3,15.0,58,Finished,0,1,1,0
2021,22,Abu Dhabi Grand Prix,2021-12-12,yas_marina,Yas Marina Circuit,Abu Dhabi,UAE,24.4672,54.6031,tsunoda,TSU,Yuki Tsunoda,Japanese,22,2000-05-11,alphatauri,AlphaTauri,Italian,8,8,4,12.0,58,Finished,0,0,1,0
2021,22,Abu Dhabi Grand Prix,2021-12-12,yas_marina,Yas Marina Circuit,Abu Dhabi,UAE,24.4672,54.6031,gasly,GAS,Pierre Gasly,French,10,1996-02-07,alphatauri,AlphaTauri,Italian,12,12,5,10.0,58,Finished,0,0,1,0
2021,22,Abu Dhabi Grand Prix,2021-12-12,yas_marina,Yas Marina Circuit,Abu Dhabi,UAE,24.4672,54.6031,bottas,BOT,Valtteri Bottas,Finnish,77,1989-08-28,mercedes,Mercedes,German,6,6,6,8.0,58,Finished,0,0,1,0
2021,22,Abu Dhabi Grand Prix,2021-12-12,yas_marina,Yas Marina Circuit,Abu Dhabi,UAE,24.4672,54.6031,norris,NOR,Lando Norris,British,1,1999-11-13,mclaren,McLaren,British,3,3,7,6.0,58,Finished,0,0,1,0
2021,22,Abu Dhabi Grand Prix,2021-12-12,yas_marina,Yas Marina Circuit,Abu Dhabi,UAE,24.4672,54.6031,alonso,ALO,Fernando Alonso,Spanish,14,1981-07-29,alpine,Alpine F1 Team,French,11,11,8,4.0,58,Finished,0,0,1,0
2021,22,Abu Dhabi Grand Prix,2021-12-12,yas_marina,Yas Marina Circuit,Abu Dhabi,UAE,24.4672,54.6031,ocon,OCO,Esteban Ocon,French,31,1996-09-17,alpine,Alpine F1 Team,French,9,9,9,2.0,58,Finished,0,0,1,0
2021,22,Abu Dhabi Grand Prix,2021-12-12,yas_marina,Yas Marina Circuit,Abu Dhabi,UAE,24.4672,54.6031,leclerc,LEC,Charles Leclerc,Monegasque,16,1997-10-16,ferrari,Ferrari,Italian,7,7,10,1.0,58,Finished,0,0,1,0
2021,22,Abu Dhabi Grand Prix,2021-12-12,yas_marina,Yas Marina Circuit,Abu Dhabi,UAE,24.4672,54.6031,vettel,VET,Sebastian Vettel,German,5,1987-07-03,aston_martin,Aston Martin,British,15,15,11,0.0,58,Finished,0,0,0,0
2021,22,Abu Dhabi Grand Prix,2021-12-12,yas_marina,Yas Marina Circuit,Abu Dhabi,UAE,24.4672,54.6031,ricciardo,RIC,Daniel Ricciardo,Australian,3,1989-07-01,mclaren,McLaren,British,10,10,12,0.0,57,+1 Lap,0,0,0,0
2021,22,Abu Dhabi Grand Prix,2021-12-12,yas_marina,Yas Marina Circuit,Abu Dhabi,UAE,24.4672,54.6031,stroll,STR,Lance Stroll,Canadian,18,1998-10-29,aston_martin,Aston Martin,British,13,13,13,0.0,57,+1 Lap,0,0,0,0
2021,22,Abu Dhabi Grand Prix,2021-12-12,yas_marina,Yas Marina Circuit,Abu Dhabi,UAE,24.4672,54.6031,mick_schumacher,MSC,Mick Schumacher,German,47,1999-03-22,haas,Haas F1 Team,American,19,19,14,0.0,57,+1 Lap,0,0,0,0
2021,22,Abu Dhabi Grand Prix,2021-12-12,yas_marina,Yas Marina Circuit,Abu Dhabi,UAE,24.4672,54.6031,perez,PER,Sergio Pérez,Mexican,11,1990-01-26,red_bull,Red Bull,Austrian,4,4,15,0.0,55,Engine,0,0,0,1
2021,22,Abu Dhabi Grand Prix,2021-12-12,yas_marina,Yas Marina Circuit,Abu Dhabi,UAE,24.4672,54.6031,latifi,LAT,Nicholas Latifi,Canadian,6,1995-06-29,williams,Williams,British,16,16,16,0.0,50,Accident,0,0,0,1
2021,22,Abu Dhabi Grand Prix,2021-12-12,yas_marina,Yas Marina Circuit,Abu Dhabi,UAE,24.4672,54.6031,giovinazzi,GIO,Antonio Giovinazzi,Italian,99,1993-12-14,alfa,Alfa Romeo,Swiss,14,14,17,0.0,33,Gearbox,0,0,0,1
2021,22,Abu Dhabi Grand Prix,2021-12-12,yas_marina,Yas Marina Circuit,Abu Dhabi,UAE,24.4672,54.6031,russell,RUS,George Russell,British,63,1998-02-15,williams,Williams,British,17,17,18,0.0,26,Gearbox,0,0,0,1
2021,22,Abu Dhabi Grand Prix,2021-12-12,yas_marina,Yas Marina Circuit,Abu Dhabi,UAE,24.4672,54.6031,raikkonen,RAI,Kimi Räikkönen,Finnish,7,1979-10-17,alfa,Alfa Romeo,Swiss,18,18,19,0.0,25,Brakes,0,0,0,1
2021,22,Abu Dhabi Grand Prix,2021-12-12,yas_marina,Yas Marina Circuit,Abu Dhabi,UAE,24.4672,54.6031,mazepin,MAZ,Nikita Mazepin,Russian,9,1999-03-02,haas,Haas F1 Team,American,20,20,20,0.0,0,Illness,0,0,0,0
2022,1,Bahrain Grand Prix,2022-03-20,bahrain,Bahrain International Circuit,Sakhir,Bahrain,26.0325,50.5106,leclerc,LEC,Charles Leclerc,Monegasque,16,1997-10-16,ferrari,Ferrari,Italian,1,1,1,26.0,57,Finished,1,1,1,0
2022,1,Bahrain Grand Prix,2022-03-20,bahrain,Bahrain International Circuit,Sakhir,Bahrain,26.0325,50.5106,sainz,SAI,Carlos Sainz,Spanish,55,1994-09-01,ferrari,Ferrari,Italian,3,3,2,18.0,57,Finished,0,1,1,0
2022,1,Bahrain Grand Prix,2022-03-20,bahrain,Bahrain International Circuit,Sakhir,Bahrain,26.0325,50.5106,hamilton,HAM,Lewis Hamilton,British,44,1985-01-07,mercedes,Mercedes,German,5,5,3,15.0,57,Finished,0,1,1,0
2022,1,Bahrain Grand Prix,2022-03-20,bahrain,Bahrain International Circuit,Sakhir,Bahrain,26.0325,50.5106,russell,RUS,George Russell,British,63,1998-02-15,mercedes,Mercedes,German,9,9,4,12.0,57,Finished,0,0,1,0
2022,1,Bahrain Grand Prix,2022-03-20,bahrain,Bahrain International Circuit,Sakhir,Bahrain,26.0325,50.5106,kevin_magnussen,MAG,Kevin Magnussen,Danish,20,1992-10-05,haas,Haas F1 Team,American,7,7,5,10.0,57,Finished,0,0,1,0
2022,1,Bahrain Grand Prix,2022-03-20,bahrain,Bahrain International Circuit,Sakhir,Bahrain,26.0325,50.5106,bottas,BOT,Valtteri Bottas,Finnish,77,1989-08-28,alfa,Alfa Romeo,Swiss,6,6,6,8.0,57,Finished,0,0,1,0
2022,1,Bahrain Grand Prix,2022-03-20,bahrain,Bahrain International Circuit,Sakhir,Bahrain,26.0325,50.5106,ocon,OCO,Esteban Ocon,French,31,1996-09-17,alpine,Alpine F1 Team,French,11,11,7,6.0,57,Finished,0,0,1,0
2022,1,Bahrain Grand Prix,2022-03-20,bahrain,Bahrain International Circuit,Sakhir,Bahrain,26.0325,50.5106,tsunoda,TSU,Yuki Tsunoda,Japanese,22,2000-05-11,alphatauri,AlphaTauri,Italian,16,16,8,4.0,57,Finished,0,0,1,0
2022,1,Bahrain Grand Prix,2022-03-20,bahrain,Bahrain International Circuit,Sakhir,Bahrain,26.0325,50.5106,alonso,ALO,Fernando Alonso,Spanish,14,1981-07-29,alpine,Alpine F1 Team,French,8,8,9,2.0,57,Finished,0,0,1,0
2022,1,Bahrain Grand Prix,2022-03-20,bahrain,Bahrain International Circuit,Sakhir,Bahrain,26.0325,50.5106,zhou,ZHO,Guanyu Zhou,Chinese,24,1999-05-30,alfa,Alfa Romeo,Swiss,15,15,10,1.0,57,Finished,0,0,1,0
2022,1,Bahrain Grand Prix,2022-03-20,bahrain,Bahrain International Circuit,Sakhir,Bahrain,26.0325,50.5106,mick_schumacher,MSC,Mick Schumacher,German,47,1999-03-22,haas,Haas F1 Team,American,12,12,11,0.0,57,Finished,0,0,0,0
2022,1,Bahrain Grand Prix,2022-03-20,bahrain,Bahrain International Circuit,Sakhir,Bahrain,26.0325,50.5106,stroll,STR,Lance Stroll,Canadian,18,1998-10-29,aston_martin,Aston Martin,British,19,19,12,0.0,57,Finished,0,0,0,0
2022,1,Bahrain Grand Prix,2022-03-20,bahrain,Bahrain International Circuit,Sakhir,Bahrain,26.0325,50.5106,albon,ALB,Alexander Albon,Thai,23,1996-03-23,williams,Williams,British,14,14,13,0.0,57,Finished,0,0,0,0
2022,1,Bahrain Grand Prix,2022-03-20,bahrain,Bahrain International Circuit,Sakhir,Bahrain,26.0325,50.5106,ricciardo,RIC,Daniel Ricciardo,Australian,3,1989-07-01,mclaren,McLaren,British,18,18,14,0.0,57,Finished,0,0,0,0
2022,1,Bahrain Grand Prix,2022-03-20,bahrain,Bahrain International Circuit,Sakhir,Bahrain,26.0325,50.5106,norris,NOR,Lando Norris,British,1,1999-11-13,mclaren,McLaren,British,13,13,15,0.0,57,Finished,0,0,0,0
2022,1,Bahrain Grand Prix,2022-03-20,bahrain,Bahrain International Circuit,Sakhir,Bahrain,26.0325,50.5106,latifi,LAT,Nicholas Latifi,Canadian,6,1995-06-29,williams,Williams,British,20,20,16,0.0,57,Finished,0,0,0,0
2022,1,Bahrain Grand Prix,2022-03-20,bahrain,Bahrain International Circuit,Sakhir,Bahrain,26.0325,50.5106,hulkenberg,HUL,Nico Hülkenberg,German,27,1987-08-19,aston_martin,Aston Martin,British,17,17,17,0.0,57,Finished,0,0,0,0
2022,1,Bahrain Grand Prix,2022-03-20,bahrain,Bahrain International Circuit,Sakhir,Bahrain,26.0325,50.5106,perez,PER,Sergio Pérez,Mexican,11,1990-01-26,red_bull,Red Bull,Austrian,4,4,18,0.0,56,Fuel pressure,0,0,0,0
2022,1,Bahrain Grand Prix,2022-03-20,bahrain,Bahrain International Circuit,Sakhir,Bahrain,26.0325,50.5106,max_verstappen,VER,Max Verstappen,Dutch,3,1997-09-30,red_bull,Red Bull,Austrian,2,2,19,0.0,54,Fuel pressure,0,0,0,0
2022,1,Bahrain Grand Prix,2022-03-20,bahrain,Bahrain International Circuit,Sakhir,Bahrain,26.0325,50.5106,gasly,GAS,Pierre Gasly,French,10,1996-02-07,alphatauri,AlphaTauri,Italian,10,10,20,0.0,44,Power Unit,0,0,0,0
2022,2,Saudi Arabian Grand Prix,2022-03-27,jeddah,Jeddah Corniche Circuit,Jeddah,Saudi Arabia,21.6319,39.1044,max_verstappen,VER,Max Verstappen,Dutch,3,1997-09-30,red_bull,Red Bull,Austrian,4,4,1,25.0,50,Finished,1,1,1,0
2022,2,Saudi Arabian Grand Prix,2022-03-27,jeddah,Jeddah Corniche Circuit,Jeddah,Saudi Arabia,21.6319,39.1044,leclerc,LEC,Charles Leclerc,Monegasque,16,1997-10-16,ferrari,Ferrari,Italian,2,2,2,19.0,50,Finished,0,1,1,0
2022,2,Saudi Arabian Grand Prix,2022-03-27,jeddah,Jeddah Corniche Circuit,Jeddah,Saudi Arabia,21.6319,39.1044,sainz,SAI,Carlos Sainz,Spanish,55,1994-09-01,ferrari,Ferrari,Italian,3,3,3,15.0,50,Finished,0,1,1,0
2022,2,Saudi Arabian Grand Prix,2022-03-27,jeddah,Jeddah Corniche Circuit,Jeddah,Saudi Arabia,21.6319,39.1044,perez,PER,Sergio Pérez,Mexican,11,1990-01-26,red_bull,Red Bull,Austrian,1,1,4,12.0,50,Finished,0,0,1,0
2022,2,Saudi Arabian Grand Prix,2022-03-27,jeddah,Jeddah Corniche Circuit,Jeddah,Saudi Arabia,21.6319,39.1044,russell,RUS,George Russell,British,63,1998-02-15,mercedes,Mercedes,German,6,6,5,10.0,50,Finished,0,0,1,0
2022,2,Saudi Arabian Grand Prix,2022-03-27,jeddah,Jeddah Corniche Circuit,Jeddah,Saudi Arabia,21.6319,39.1044,ocon,OCO,Esteban Ocon,French,31,1996-09-17,alpine,Alpine F1 Team,French,5,5,6,8.0,50,Finished,0,0,1,0
2022,2,Saudi Arabian Grand Prix,2022-03-27,jeddah,Jeddah Corniche Circuit,Jeddah,Saudi Arabia,21.6319,39.1044,norris,NOR,Lando Norris,British,1,1999-11-13,mclaren,McLaren,British,11,11,7,6.0,50,Finished,0,0,1,0
2022,2,Saudi Arabian Grand Prix,2022-03-27,jeddah,Jeddah Corniche Circuit,Jeddah,Saudi Arabia,21.6319,39.1044,gasly,GAS,Pierre Gasly,French,10,1996-02-07,alphatauri,AlphaTauri,Italian,9,9,8,4.0,50,Finished,0,0,1,0
2022,2,Saudi Arabian Grand Prix,2022-03-27,jeddah,Jeddah Corniche Circuit,Jeddah,Saudi Arabia,21.6319,39.1044,kevin_magnussen,MAG,Kevin Magnussen,Danish,20,1992-10-05,haas,Haas F1 Team,American,10,10,9,2.0,50,Finished,0,0,1,0
2022,2,Saudi Arabian Grand Prix,2022-03-27,jeddah,Jeddah Corniche Circuit,Jeddah,Saudi Arabia,21.6319,39.1044,hamilton,HAM,Lewis Hamilton,British,44,1985-01-07,mercedes,Mercedes,German,16,15,10,1.0,50,Finished,0,0,1,0
2022,2,Saudi Arabian Grand Prix,2022-03-27,jeddah,Jeddah Corniche Circuit,Jeddah,Saudi Arabia,21.6319,39.1044,zhou,ZHO,Guanyu Zhou,Chinese,24,1999-05-30,alfa,Alfa Romeo,Swiss,13,12,11,0.0,50,Finished,0,0,0,0
2022,2,Saudi Arabian Grand Prix,2022-03-27,jeddah,Jeddah Corniche Circuit,Jeddah,Saudi Arabia,21.6319,39.1044,hulkenberg,HUL,Nico Hülkenberg,German,27,1987-08-19,aston_martin,Aston Martin,British,18,17,12,0.0,50,Finished,0,0,0,0
2022,2,Saudi Arabian Grand Prix,2022-03-27,jeddah,Jeddah Corniche Circuit,Jeddah,Saudi Arabia,21.6319,39.1044,stroll,STR,Lance Stroll,Canadian,18,1998-10-29,aston_martin,Aston Martin,British,15,13,13,0.0,49,+1 Lap,0,0,0,0
2022,2,Saudi Arabian Grand Prix,2022-03-27,jeddah,Jeddah Corniche Circuit,Jeddah,Saudi Arabia,21.6319,39.1044,albon,ALB,Alexander Albon,Thai,23,1996-03-23,williams,Williams,British,17,16,14,0.0,47,Collision damage,0,0,0,1
2022,2,Saudi Arabian Grand Prix,2022-03-27,jeddah,Jeddah Corniche Circuit,Jeddah,Saudi Arabia,21.6319,39.1044,bottas,BOT,Valtteri Bottas,Finnish,77,1989-08-28,alfa,Alfa Romeo,Swiss,8,8,15,0.0,36,Cooling system,0,0,0,0
2022,2,Saudi Arabian Grand Prix,2022-03-27,jeddah,Jeddah Corniche Circuit,Jeddah,Saudi Arabia,21.6319,39.1044,alonso,ALO,Fernando Alonso,Spanish,14,1981-07-29,alpine,Alpine F1 Team,French,7,7,16,0.0,35,Water pump,0,0,0,0
2022,2,Saudi Arabian Grand Prix,2022-03-27,jeddah,Jeddah Corniche Circuit,Jeddah,Saudi Arabia,21.6319,39.1044,ricciardo,RIC,Daniel Ricciardo,Australian,3,1989-07-01,mclaren,McLaren,British,12,14,17,0.0,35,Gearbox,0,0,0,1
2022,2,Saudi Arabian Grand Prix,2022-03-27,jeddah,Jeddah Corniche Circuit,Jeddah,Saudi Arabia,21.6319,39.1044,latifi,LAT,Nicholas Latifi,Canadian,6,1995-06-29,williams,Williams,British,19,18,18,0.0,14,Accident,0,0,0,1
2022,2,Saudi Arabian Grand Prix,2022-03-27,jeddah,Jeddah Corniche Circuit,Jeddah,Saudi Arabia,21.6319,39.1044,tsunoda,TSU,Yuki Tsunoda,Japanese,22,2000-05-11,alphatauri,AlphaTauri,Italian,20,19,19,0.0,0,Power Unit,0,0,0,0
2022,2,Saudi Arabian Grand Prix,2022-03-27,jeddah,Jeddah Corniche Circuit,Jeddah,Saudi Arabia,21.6319,39.1044,mick_schumacher,MSC,Mick Schumacher,German,47,1999-03-22,haas,Haas F1 Team,American,14,0,20,0.0,0,Withdrew,0,0,0,0
2022,3,Australian Grand Prix,2022-04-10,albert_park,Albert Park Grand Prix Circuit,Melbourne,Australia,-37.8497,144.968,leclerc,LEC,Charles Leclerc,Monegasque,16,1997-10-16,ferrari,Ferrari,Italian,1,1,1,26.0,58,Finished,1,1,1,0
2022,3,Australian Grand Prix,2022-04-10,albert_park,Albert Park Grand Prix Circuit,Melbourne,Australia,-37.8497,144.968,perez,PER,Sergio Pérez,Mexican,11,1990-01-26,red_bull,Red Bull,Austrian,3,3,2,18.0,58,Finished,0,1,1,0
2022,3,Australian Grand Prix,2022-04-10,albert_park,Albert Park Grand Prix Circuit,Melbourne,Australia,-37.8497,144.968,russell,RUS,George Russell,British,63,1998-02-15,mercedes,Mercedes,German,6,6,3,15.0,58,Finished,0,1,1,0
2022,3,Australian Grand Prix,2022-04-10,albert_park,Albert Park Grand Prix Circuit,Melbourne,Australia,-37.8497,144.968,hamilton,HAM,Lewis Hamilton,British,44,1985-01-07,mercedes,Mercedes,German,5,5,4,12.0,58,Finished,0,0,1,0
2022,3,Australian Grand Prix,2022-04-10,albert_park,Albert Park Grand Prix Circuit,Melbourne,Australia,-37.8497,144.968,norris,NOR,Lando Norris,British,1,1999-11-13,mclaren,McLaren,British,4,4,5,10.0,58,Finished,0,0,1,0
2022,3,Australian Grand Prix,2022-04-10,albert_park,Albert Park Grand Prix Circuit,Melbourne,Australia,-37.8497,144.968,ricciardo,RIC,Daniel Ricciardo,Australian,3,1989-07-01,mclaren,McLaren,British,7,7,6,8.0,58,Finished,0,0,1,0
2022,3,Australian Grand Prix,2022-04-10,albert_park,Albert Park Grand Prix Circuit,Melbourne,Australia,-37.8497,144.968,ocon,OCO,Esteban Ocon,French,31,1996-09-17,alpine,Alpine F1 Team,French,8,8,7,6.0,58,Finished,0,0,1,0
2022,3,Australian Grand Prix,2022-04-10,albert_park,Albert Park Grand Prix Circuit,Melbourne,Australia,-37.8497,144.968,bottas,BOT,Valtteri Bottas,Finnish,77,1989-08-28,alfa,Alfa Romeo,Swiss,12,12,8,4.0,58,Finished,0,0,1,0
2022,3,Australian Grand Prix,2022-04-10,albert_park,Albert Park Grand Prix Circuit,Melbourne,Australia,-37.8497,144.968,gasly,GAS,Pierre Gasly,French,10,1996-02-07,alphatauri,AlphaTauri,Italian,11,11,9,2.0,58,Finished,0,0,1,0
2022,3,Australian Grand Prix,2022-04-10,albert_park,Albert Park Grand Prix Circuit,Melbourne,Australia,-37.8497,144.968,albon,ALB,Alexander Albon,Thai,23,1996-03-23,williams,Williams,British,16,20,10,1.0,58,Finished,0,0,1,0
2022,3,Australian Grand Prix,2022-04-10,albert_park,Albert Park Grand Prix Circuit,Melbourne,Australia,-37.8497,144.968,zhou,ZHO,Guanyu Zhou,Chinese,24,1999-05-30,alfa,Alfa Romeo,Swiss,14,14,11,0.0,58,Finished,0,0,0,0
2022,3,Australian Grand Prix,2022-04-10,albert_park,Albert Park Grand Prix Circuit,Melbourne,Australia,-37.8497,144.968,stroll,STR,Lance Stroll,Canadian,18,1998-10-29,aston_martin,Aston Martin,British,20,19,12,0.0,58,Finished,0,0,0,0
2022,3,Australian Grand Prix,2022-04-10,albert_park,Albert Park Grand Prix Circuit,Melbourne,Australia,-37.8497,144.968,mick_schumacher,MSC,Mick Schumacher,German,47,1999-03-22,haas,Haas F1 Team,American,15,15,13,0.0,57,+1 Lap,0,0,0,0
2022,3,Australian Grand Prix,2022-04-10,albert_park,Albert Park Grand Prix Circuit,Melbourne,Australia,-37.8497,144.968,kevin_magnussen,MAG,Kevin Magnussen,Danish,20,1992-10-05,haas,Haas F1 Team,American,17,16,14,0.0,57,+1 Lap,0,0,0,0
2022,3,Australian Grand Prix,2022-04-10,albert_park,Albert Park Grand Prix Circuit,Melbourne,Australia,-37.8497,144.968,tsunoda,TSU,Yuki Tsunoda,Japanese,22,2000-05-11,alphatauri,AlphaTauri,Italian,13,13,15,0.0,57,+1 Lap,0,0,0,0
2022,3,Australian Grand Prix,2022-04-10,albert_park,Albert Park Grand Prix Circuit,Melbourne,Australia,-37.8497,144.968,latifi,LAT,Nicholas Latifi,Canadian,6,1995-06-29,williams,Williams,British,19,18,16,0.0,57,+1 Lap,0,0,0,0
2022,3,Australian Grand Prix,2022-04-10,albert_park,Albert Park Grand Prix Circuit,Melbourne,Australia,-37.8497,144.968,alonso,ALO,Fernando Alonso,Spanish,14,1981-07-29,alpine,Alpine F1 Team,French,10,10,17,0.0,57,+1 Lap,0,0,0,0
2022,3,Australian Grand Prix,2022-04-10,albert_park,Albert Park Grand Prix Circuit,Melbourne,Australia,-37.8497,144.968,max_verstappen,VER,Max Verstappen,Dutch,3,1997-09-30,red_bull,Red Bull,Austrian,2,2,18,0.0,38,Fuel leak,0,0,0,0
2022,3,Australian Grand Prix,2022-04-10,albert_park,Albert Park Grand Prix Circuit,Melbourne,Australia,-37.8497,144.968,vettel,VET,Sebastian Vettel,German,5,1987-07-03,aston_martin,Aston Martin,British,18,17,19,0.0,22,Accident,0,0,0,1
2022,3,Australian Grand Prix,2022-04-10,albert_park,Albert Park Grand Prix Circuit,Melbourne,Australia,-37.8497,144.968,sainz,SAI,Carlos Sainz,Spanish,55,1994-09-01,ferrari,Ferrari,Italian,9,9,20,0.0,1,Spun off,0,0,0,0
2022,4,Emilia Romagna Grand Prix,2022-04-24,imola,Autodromo Enzo e Dino Ferrari,Imola,Italy,44.3439,11.7167,max_verstappen,VER,Max Verstappen,Dutch,3,1997-09-30,red_bull,Red Bull,Austrian,1,1,1,26.0,63,Finished,1,1,1,0
2022,4,Emilia Romagna Grand Prix,2022-04-24,imola,Autodromo Enzo e Dino Ferrari,Imola,Italy,44.3439,11.7167,perez,PER,Sergio Pérez,Mexican,11,1990-01-26,red_bull,Red Bull,Austrian,7,3,2,18.0,63,Finished,0,1,1,0
2022,4,Emilia Romagna Grand Prix,2022-04-24,imola,Autodromo Enzo e Dino Ferrari,Imola,Italy,44.3439,11.7167,norris,NOR,Lando Norris,British,1,1999-11-13,mclaren,McLaren,British,3,5,3,15.0,63,Finished,0,1,1,0
2022,4,Emilia Romagna Grand Prix,2022-04-24,imola,Autodromo Enzo e Dino Ferrari,Imola,Italy,44.3439,11.7167,russell,RUS,George Russell,British,63,1998-02-15,mercedes,Mercedes,German,11,11,4,12.0,63,Finished,0,0,1,0
2022,4,Emilia Romagna Grand Prix,2022-04-24,imola,Autodromo Enzo e Dino Ferrari,Imola,Italy,44.3439,11.7167,bottas,BOT,Valtteri Bottas,Finnish,77,1989-08-28,alfa,Alfa Romeo,Swiss,8,7,5,10.0,63,Finished,0,0,1,0
2022,4,Emilia Romagna Grand Prix,2022-04-24,imola,Autodromo Enzo e Dino Ferrari,Imola,Italy,44.3439,11.7167,leclerc,LEC,Charles Leclerc,Monegasque,16,1997-10-16,ferrari,Ferrari,Italian,2,2,6,8.0,63,Finished,0,0,1,0
2022,4,Emilia Romagna Grand Prix,2022-04-24,imola,Autodromo Enzo e Dino Ferrari,Imola,Italy,44.3439,11.7167,tsunoda,TSU,Yuki Tsunoda,Japanese,22,2000-05-11,alphatauri,AlphaTauri,Italian,16,12,7,6.0,63,Finished,0,0,1,0
2022,4,Emilia Romagna Grand Prix,2022-04-24,imola,Autodromo Enzo e Dino Ferrari,Imola,Italy,44.3439,11.7167,vettel,VET,Sebastian Vettel,German,5,1987-07-03,aston_martin,Aston Martin,British,9,13,8,4.0,63,Finished,0,0,1,0
2022,4,Emilia Romagna Grand Prix,2022-04-24,imola,Autodromo Enzo e Dino Ferrari,Imola,Italy,44.3439,11.7167,kevin_magnussen,MAG,Kevin Magnussen,Danish,20,1992-10-05,haas,Haas F1 Team,American,4,8,9,2.0,63,Finished,0,0,1,0
2022,4,Emilia Romagna Grand Prix,2022-04-24,imola,Autodromo Enzo e Dino Ferrari,Imola,Italy,44.3439,11.7167,stroll,STR,Lance Stroll,Canadian,18,1998-10-29,aston_martin,Aston Martin,British,15,15,10,1.0,62,+1 Lap,0,0,1,0
2022,4,Emilia Romagna Grand Prix,2022-04-24,imola,Autodromo Enzo e Dino Ferrari,Imola,Italy,44.3439,11.7167,albon,ALB,Alexander Albon,Thai,23,1996-03-23,williams,Williams,British,20,18,11,0.0,62,+1 Lap,0,0,0,0
2022,4,Emilia Romagna Grand Prix,2022-04-24,imola,Autodromo Enzo e Dino Ferrari,Imola,Italy,44.3439,11.7167,gasly,GAS,Pierre Gasly,French,10,1996-02-07,alphatauri,AlphaTauri,Italian,17,17,12,0.0,62,+1 Lap,0,0,0,0
2022,4,Emilia Romagna Grand Prix,2022-04-24,imola,Autodromo Enzo e Dino Ferrari,Imola,Italy,44.3439,11.7167,hamilton,HAM,Lewis Hamilton,British,44,1985-01-07,mercedes,Mercedes,German,13,14,13,0.0,62,+1 Lap,0,0,0,0
2022,4,Emilia Romagna Grand Prix,2022-04-24,imola,Autodromo Enzo e Dino Ferrari,Imola,Italy,44.3439,11.7167,ocon,OCO,Esteban Ocon,French,31,1996-09-17,alpine,Alpine F1 Team,French,19,16,14,0.0,62,+1 Lap,0,0,0,0
2022,4,Emilia Romagna Grand Prix,2022-04-24,imola,Autodromo Enzo e Dino Ferrari,Imola,Italy,44.3439,11.7167,zhou,ZHO,Guanyu Zhou,Chinese,24,1999-05-30,alfa,Alfa Romeo,Swiss,14,0,15,0.0,62,+1 Lap,0,0,0,0
2022,4,Emilia Romagna Grand Prix,2022-04-24,imola,Autodromo Enzo e Dino Ferrari,Imola,Italy,44.3439,11.7167,latifi,LAT,Nicholas Latifi,Canadian,6,1995-06-29,williams,Williams,British,18,19,16,0.0,62,+1 Lap,0,0,0,0
2022,4,Emilia Romagna Grand Prix,2022-04-24,imola,Autodromo Enzo e Dino Ferrari,Imola,Italy,44.3439,11.7167,mick_schumacher,MSC,Mick Schumacher,German,47,1999-03-22,haas,Haas F1 Team,American,12,10,17,0.0,62,+1 Lap,0,0,0,0
2022,4,Emilia Romagna Grand Prix,2022-04-24,imola,Autodromo Enzo e Dino Ferrari,Imola,Italy,44.3439,11.7167,ricciardo,RIC,Daniel Ricciardo,Australian,3,1989-07-01,mclaren,McLaren,British,6,6,18,0.0,62,+1 Lap,0,0,0,0
2022,4,Emilia Romagna Grand Prix,2022-04-24,imola,Autodromo Enzo e Dino Ferrari,Imola,Italy,44.3439,11.7167,alonso,ALO,Fernando Alonso,Spanish,14,1981-07-29,alpine,Alpine F1 Team,French,5,9,19,0.0,6,Collision damage,0,0,0,1
2022,4,Emilia Romagna Grand Prix,2022-04-24,imola,Autodromo Enzo e Dino Ferrari,Imola,Italy,44.3439,11.7167,sainz,SAI,Carlos Sainz,Spanish,55,1994-09-01,ferrari,Ferrari,Italian,10,4,20,0.0,0,Collision,0,0,0,1
2022,5,Miami Grand Prix,2022-05-08,miami,Miami International Autodrome,Miami,USA,25.9581,-80.2389,max_verstappen,VER,Max Verstappen,Dutch,3,1997-09-30,red_bull,Red Bull,Austrian,3,3,1,26.0,57,Finished,1,1,1,0
2022,5,Miami Grand Prix,2022-05-08,miami,Miami International Autodrome,Miami,USA,25.9581,-80.2389,leclerc,LEC,Charles Leclerc,Monegasque,16,1997-10-16,ferrari,Ferrari,Italian,1,1,2,18.0,57,Finished,0,1,1,0
2022,5,Miami Grand Prix,2022-05-08,miami,Miami International Autodrome,Miami,USA,25.9581,-80.2389,sainz,SAI,Carlos Sainz,Spanish,55,1994-09-01,ferrari,Ferrari,Italian,2,2,3,15.0,57,Finished,0,1,1,0
2022,5,Miami Grand Prix,2022-05-08,miami,Miami International Autodrome,Miami,USA,25.9581,-80.2389,perez,PER,Sergio Pérez,Mexican,11,1990-01-26,red_bull,Red Bull,Austrian,4,4,4,12.0,57,Finished,0,0,1,0
2022,5,Miami Grand Prix,2022-05-08,miami,Miami International Autodrome,Miami,USA,25.9581,-80.2389,russell,RUS,George Russell,British,63,1998-02-15,mercedes,Mercedes,German,12,12,5,10.0,57,Finished,0,0,1,0
2022,5,Miami Grand Prix,2022-05-08,miami,Miami International Autodrome,Miami,USA,25.9581,-80.2389,hamilton,HAM,Lewis Hamilton,British,44,1985-01-07,mercedes,Mercedes,German,6,6,6,8.0,57,Finished,0,0,1,0
2022,5,Miami Grand Prix,2022-05-08,miami,Miami International Autodrome,Miami,USA,25.9581,-80.2389,bottas,BOT,Valtteri Bottas,Finnish,77,1989-08-28,alfa,Alfa Romeo,Swiss,5,5,7,6.0,57,Finished,0,0,1,0
2022,5,Miami Grand Prix,2022-05-08,miami,Miami International Autodrome,Miami,USA,25.9581,-80.2389,ocon,OCO,Esteban Ocon,French,31,1996-09-17,alpine,Alpine F1 Team,French,20,20,8,4.0,57,Finished,0,0,1,0
2022,5,Miami Grand Prix,2022-05-08,miami,Miami International Autodrome,Miami,USA,25.9581,-80.2389,albon,ALB,Alexander Albon,Thai,23,1996-03-23,williams,Williams,British,18,18,9,2.0,57,Finished,0,0,1,0
2022,5,Miami Grand Prix,2022-05-08,miami,Miami International Autodrome,Miami,USA,25.9581,-80.2389,stroll,STR,Lance Stroll,Canadian,18,1998-10-29,aston_martin,Aston Martin,British,10,0,10,1.0,57,Finished,0,0,1,0
2022,5,Miami Grand Prix,2022-05-08,miami,Miami International Autodrome,Miami,USA,25.9581,-80.2389,alonso,ALO,Fernando Alonso,Spanish,14,1981-07-29,alpine,Alpine F1 Team,French,11,11,11,0.0,57,Finished,0,0,0,0
2022,5,Miami Grand Prix,2022-05-08,miami,Miami International Autodrome,Miami,USA,25.9581,-80.2389,tsunoda,TSU,Yuki Tsunoda,Japanese,22,2000-05-11,alphatauri,AlphaTauri,Italian,9,9,12,0.0,57,Finished,0,0,0,0
2022,5,Miami Grand Prix,2022-05-08,miami,Miami International Autodrome,Miami,USA,25.9581,-80.2389,ricciardo,RIC,Daniel Ricciardo,Australian,3,1989-07-01,mclaren,McLaren,British,14,14,13,0.0,57,Finished,0,0,0,0
2022,5,Miami Grand Prix,2022-05-08,miami,Miami International Autodrome,Miami,USA,25.9581,-80.2389,latifi,LAT,Nicholas Latifi,Canadian,6,1995-06-29,williams,Williams,British,19,19,14,0.0,57,Finished,0,0,0,0
2022,5,Miami Grand Prix,2022-05-08,miami,Miami International Autodrome,Miami,USA,25.9581,-80.2389,mick_schumacher,MSC,Mick Schumacher,German,47,1999-03-22,haas,Haas F1 Team,American,15,15,15,0.0,57,Finished,0,0,0,0
2022,5,Miami Grand Prix,2022-05-08,miami,Miami International Autodrome,Miami,USA,25.9581,-80.2389,kevin_magnussen,MAG,Kevin Magnussen,Danish,20,1992-10-05,haas,Haas F1 Team,American,16,16,16,0.0,56,Front wing,0,0,0,0
2022,5,Miami Grand Prix,2022-05-08,miami,Miami International Autodrome,Miami,USA,25.9581,-80.2389,vettel,VET,Sebastian Vettel,German,5,1987-07-03,aston_martin,Aston Martin,British,13,0,17,0.0,54,Collision,0,0,0,1
2022,5,Miami Grand Prix,2022-05-08,miami,Miami International Autodrome,Miami,USA,25.9581,-80.2389,gasly,GAS,Pierre Gasly,French,10,1996-02-07,alphatauri,AlphaTauri,Italian,7,7,18,0.0,45,Suspension,0,0,0,0
2022,5,Miami Grand Prix,2022-05-08,miami,Miami International Autodrome,Miami,USA,25.9581,-80.2389,norris,NOR,Lando Norris,British,1,1999-11-13,mclaren,McLaren,British,8,8,19,0.0,39,Collision,0,0,0,1
2022,5,Miami Grand Prix,2022-05-08,miami,Miami International Autodrome,Miami,USA,25.9581,-80.2389,zhou,ZHO,Guanyu Zhou,Chinese,24,1999-05-30,alfa,Alfa Romeo,Swiss,17,17,20,0.0,6,Water leak,0,0,0,0
2022,6,Spanish Grand Prix,2022-05-22,catalunya,Circuit de Barcelona-Catalunya,Barcelona,Spain,41.57,2.26111,max_verstappen,VER,Max Verstappen,Dutch,3,1997-09-30,red_bull,Red Bull,Austrian,2,2,1,25.0,66,Finished,1,1,1,0
2022,6,Spanish Grand Prix,2022-05-22,catalunya,Circuit de Barcelona-Catalunya,Barcelona,Spain,41.57,2.26111,perez,PER,Sergio Pérez,Mexican,11,1990-01-26,red_bull,Red Bull,Austrian,5,5,2,19.0,66,Finished,0,1,1,0
2022,6,Spanish Grand Prix,2022-05-22,catalunya,Circuit de Barcelona-Catalunya,Barcelona,Spain,41.57,2.26111,russell,RUS,George Russell,British,63,1998-02-15,mercedes,Mercedes,German,4,4,3,15.0,66,Finished,0,1,1,0
2022,6,Spanish Grand Prix,2022-05-22,catalunya,Circuit de Barcelona-Catalunya,Barcelona,Spain,41.57,2.26111,sainz,SAI,Carlos Sainz,Spanish,55,1994-09-01,ferrari,Ferrari,Italian,3,3,4,12.0,66,Finished,0,0,1,0
2022,6,Spanish Grand Prix,2022-05-22,catalunya,Circuit de Barcelona-Catalunya,Barcelona,Spain,41.57,2.26111,hamilton,HAM,Lewis Hamilton,British,44,1985-01-07,mercedes,Mercedes,German,6,6,5,10.0,66,Finished,0,0,1,0
2022,6,Spanish Grand Prix,2022-05-22,catalunya,Circuit de Barcelona-Catalunya,Barcelona,Spain,41.57,2.26111,bottas,BOT,Valtteri Bottas,Finnish,77,1989-08-28,alfa,Alfa Romeo,Swiss,7,7,6,8.0,66,Finished,0,0,1,0
2022,6,Spanish Grand Prix,2022-05-22,catalunya,Circuit de Barcelona-Catalunya,Barcelona,Spain,41.57,2.26111,ocon,OCO,Esteban Ocon,French,31,1996-09-17,alpine,Alpine F1 Team,French,12,12,7,6.0,66,Finished,0,0,1,0
2022,6,Spanish Grand Prix,2022-05-22,catalunya,Circuit de Barcelona-Catalunya,Barcelona,Spain,41.57,2.26111,norris,NOR,Lando Norris,British,1,1999-11-13,mclaren,McLaren,British,11,11,8,4.0,66,Finished,0,0,1,0
2022,6,Spanish Grand Prix,2022-05-22,catalunya,Circuit de Barcelona-Catalunya,Barcelona,Spain,41.57,2.26111,alonso,ALO,Fernando Alonso,Spanish,14,1981-07-29,alpine,Alpine F1 Team,French,17,20,9,2.0,65,+1 Lap,0,0,1,0
2022,6,Spanish Grand Prix,2022-05-22,catalunya,Circuit de Barcelona-Catalunya,Barcelona,Spain,41.57,2.26111,tsunoda,TSU,Yuki Tsunoda,Japanese,22,2000-05-11,alphatauri,AlphaTauri,Italian,13,13,10,1.0,65,+1 Lap,0,0,1,0
2022,6,Spanish Grand Prix,2022-05-22,catalunya,Circuit de Barcelona-Catalunya,Barcelona,Spain,41.57,2.26111,vettel,VET,Sebastian Vettel,German,5,1987-07-03,aston_martin,Aston Martin,British,16,16,11,0.0,65,+1 Lap,0,0,0,0
2022,6,Spanish Grand Prix,2022-05-22,catalunya,Circuit de Barcelona-Catalunya,Barcelona,Spain,41.57,2.26111,ricciardo,RIC,Daniel Ricciardo,Australian,3,1989-07-01,mclaren,McLaren,British,9,9,12,0.0,65,+1 Lap,0,0,0,0
2022,6,Spanish Grand Prix,2022-05-22,catalunya,Circuit de Barcelona-Catalunya,Barcelona,Spain,41.57,2.26111,gasly,GAS,Pierre Gasly,French,10,1996-02-07,alphatauri,AlphaTauri,Italian,14,14,13,0.0,65,+1 Lap,0,0,0,0
2022,6,Spanish Grand Prix,2022-05-22,catalunya,Circuit de Barcelona-Catalunya,Barcelona,Spain,41.57,2.26111,mick_schumacher,MSC,Mick Schumacher,German,47,1999-03-22,haas,Haas F1 Team,American,10,10,14,0.0,65,+1 Lap,0,0,0,0
2022,6,Spanish Grand Prix,2022-05-22,catalunya,Circuit de Barcelona-Catalunya,Barcelona,Spain,41.57,2.26111,stroll,STR,Lance Stroll,Canadian,18,1998-10-29,aston_martin,Aston Martin,British,18,17,15,0.0,65,+1 Lap,0,0,0,0
2022,6,Spanish Grand Prix,2022-05-22,catalunya,Circuit de Barcelona-Catalunya,Barcelona,Spain,41.57,2.26111,latifi,LAT,Nicholas Latifi,Canadian,6,1995-06-29,williams,Williams,British,20,19,16,0.0,64,+2 Laps,0,0,0,0
2022,6,Spanish Grand Prix,2022-05-22,catalunya,Circuit de Barcelona-Catalunya,Barcelona,Spain,41.57,2.26111,kevin_magnussen,MAG,Kevin Magnussen,Danish,20,1992-10-05,haas,Haas F1 Team,American,8,8,17,0.0,64,+2 Laps,0,0,0,0
2022,6,Spanish Grand Prix,2022-05-22,catalunya,Circuit de Barcelona-Catalunya,Barcelona,Spain,41.57,2.26111,albon,ALB,Alexander Albon,Thai,23,1996-03-23,williams,Williams,British,19,18,18,0.0,64,+2 Laps,0,0,0,0
2022,6,Spanish Grand Prix,2022-05-22,catalunya,Circuit de Barcelona-Catalunya,Barcelona,Spain,41.57,2.26111,zhou,ZHO,Guanyu Zhou,Chinese,24,1999-05-30,alfa,Alfa Romeo,Swiss,15,15,19,0.0,28,Power loss,0,0,0,0
2022,6,Spanish Grand Prix,2022-05-22,catalunya,Circuit de Barcelona-Catalunya,Barcelona,Spain,41.57,2.26111,leclerc,LEC,Charles Leclerc,Monegasque,16,1997-10-16,ferrari,Ferrari,Italian,1,1,20,0.0,27,Turbo,0,0,0,0
2022,7,Monaco Grand Prix,2022-05-29,monaco,Circuit de Monaco,Monte Carlo,Monaco,43.7347,7.42056,perez,PER,Sergio Pérez,Mexican,11,1990-01-26,red_bull,Red Bull,Austrian,3,3,1,25.0,64,Finished,1,1,1,0
2022,7,Monaco Grand Prix,2022-05-29,monaco,Circuit de Monaco,Monte Carlo,Monaco,43.7347,7.42056,sainz,SAI,Carlos Sainz,Spanish,55,1994-09-01,ferrari,Ferrari,Italian,2,2,2,18.0,64,Finished,0,1,1,0
2022,7,Monaco Grand Prix,2022-05-29,monaco,Circuit de Monaco,Monte Carlo,Monaco,43.7347,7.42056,max_verstappen,VER,Max Verstappen,Dutch,3,1997-09-30,red_bull,Red Bull,Austrian,4,4,3,15.0,64,Finished,0,1,1,0
2022,7,Monaco Grand Prix,2022-05-29,monaco,Circuit de Monaco,Monte Carlo,Monaco,43.7347,7.42056,leclerc,LEC,Charles Leclerc,Monegasque,16,1997-10-16,ferrari,Ferrari,Italian,1,1,4,12.0,64,Finished,0,0,1,0
2022,7,Monaco Grand Prix,2022-05-29,monaco,Circuit de Monaco,Monte Carlo,Monaco,43.7347,7.42056,russell,RUS,George Russell,British,63,1998-02-15,mercedes,Mercedes,German,6,6,5,10.0,64,Finished,0,0,1,0
2022,7,Monaco Grand Prix,2022-05-29,monaco,Circuit de Monaco,Monte Carlo,Monaco,43.7347,7.42056,norris,NOR,Lando Norris,British,1,1999-11-13,mclaren,McLaren,British,5,5,6,9.0,64,Finished,0,0,1,0
2022,7,Monaco Grand Prix,2022-05-29,monaco,Circuit de Monaco,Monte Carlo,Monaco,43.7347,7.42056,alonso,ALO,Fernando Alonso,Spanish,14,1981-07-29,alpine,Alpine F1 Team,French,7,7,7,6.0,64,Finished,0,0,1,0
2022,7,Monaco Grand Prix,2022-05-29,monaco,Circuit de Monaco,Monte Carlo,Monaco,43.7347,7.42056,hamilton,HAM,Lewis Hamilton,British,44,1985-01-07,mercedes,Mercedes,German,8,8,8,4.0,64,Finished,0,0,1,0
2022,7,Monaco Grand Prix,2022-05-29,monaco,Circuit de Monaco,Monte Carlo,Monaco,43.7347,7.42056,bottas,BOT,Valtteri Bottas,Finnish,77,1989-08-28,alfa,Alfa Romeo,Swiss,12,12,9,2.0,64,Finished,0,0,1,0
2022,7,Monaco Grand Prix,2022-05-29,monaco,Circuit de Monaco,Monte Carlo,Monaco,43.7347,7.42056,vettel,VET,Sebastian Vettel,German,5,1987-07-03,aston_martin,Aston Martin,British,9,9,10,1.0,64,Finished,0,0,1,0
2022,7,Monaco Grand Prix,2022-05-29,monaco,Circuit de Monaco,Monte Carlo,Monaco,43.7347,7.42056,gasly,GAS,Pierre Gasly,French,10,1996-02-07,alphatauri,AlphaTauri,Italian,17,17,11,0.0,64,Finished,0,0,0,0
2022,7,Monaco Grand Prix,2022-05-29,monaco,Circuit de Monaco,Monte Carlo,Monaco,43.7347,7.42056,ocon,OCO,Esteban Ocon,French,31,1996-09-17,alpine,Alpine F1 Team,French,10,10,12,0.0,64,Finished,0,0,0,0
2022,7,Monaco Grand Prix,2022-05-29,monaco,Circuit de Monaco,Monte Carlo,Monaco,43.7347,7.42056,ricciardo,RIC,Daniel Ricciardo,Australian,3,1989-07-01,mclaren,McLaren,British,14,14,13,0.0,64,Finished,0,0,0,0
2022,7,Monaco Grand Prix,2022-05-29,monaco,Circuit de Monaco,Monte Carlo,Monaco,43.7347,7.42056,stroll,STR,Lance Stroll,Canadian,18,1998-10-29,aston_martin,Aston Martin,British,18,18,14,0.0,64,Finished,0,0,0,0
2022,7,Monaco Grand Prix,2022-05-29,monaco,Circuit de Monaco,Monte Carlo,Monaco,43.7347,7.42056,latifi,LAT,Nicholas Latifi,Canadian,6,1995-06-29,williams,Williams,British,19,19,15,0.0,63,+1 Lap,0,0,0,0
2022,7,Monaco Grand Prix,2022-05-29,monaco,Circuit de Monaco,Monte Carlo,Monaco,43.7347,7.42056,zhou,ZHO,Guanyu Zhou,Chinese,24,1999-05-30,alfa,Alfa Romeo,Swiss,20,20,16,0.0,63,+1 Lap,0,0,0,0
2022,7,Monaco Grand Prix,2022-05-29,monaco,Circuit de Monaco,Monte Carlo,Monaco,43.7347,7.42056,tsunoda,TSU,Yuki Tsunoda,Japanese,22,2000-05-11,alphatauri,AlphaTauri,Italian,11,11,17,0.0,63,+1 Lap,0,0,0,0
2022,7,Monaco Grand Prix,2022-05-29,monaco,Circuit de Monaco,Monte Carlo,Monaco,43.7347,7.42056,albon,ALB,Alexander Albon,Thai,23,1996-03-23,williams,Williams,British,16,16,18,0.0,48,Mechanical,0,0,0,0
2022,7,Monaco Grand Prix,2022-05-29,monaco,Circuit de Monaco,Monte Carlo,Monaco,43.7347,7.42056,mick_schumacher,MSC,Mick Schumacher,German,47,1999-03-22,haas,Haas F1 Team,American,15,15,19,0.0,24,Accident,0,0,0,1
2022,7,Monaco Grand Prix,2022-05-29,monaco,Circuit de Monaco,Monte Carlo,Monaco,43.7347,7.42056,kevin_magnussen,MAG,Kevin Magnussen,Danish,20,1992-10-05,haas,Haas F1 Team,American,13,13,20,0.0,19,Water pressure,0,0,0,0
2022,8,Azerbaijan Grand Prix,2022-06-12,baku,Baku City Circuit,Baku,Azerbaijan,40.3725,49.8533,max_verstappen,VER,Max Verstappen,Dutch,3,1997-09-30,red_bull,Red Bull,Austrian,3,3,1,25.0,51,Finished,1,1,1,0
2022,8,Azerbaijan Grand Prix,2022-06-12,baku,Baku City Circuit,Baku,Azerbaijan,40.3725,49.8533,perez,PER,Sergio Pérez,Mexican,11,1990-01-26,red_bull,Red Bull,Austrian,2,2,2,19.0,51,Finished,0,1,1,0
2022,8,Azerbaijan Grand Prix,2022-06-12,baku,Baku City Circuit,Baku,Azerbaijan,40.3725,49.8533,russell,RUS,George Russell,British,63,1998-02-15,mercedes,Mercedes,German,5,5,3,15.0,51,Finished,0,1,1,0
2022,8,Azerbaijan Grand Prix,2022-06-12,baku,Baku City Circuit,Baku,Azerbaijan,40.3725,49.8533,hamilton,HAM,Lewis Hamilton,British,44,1985-01-07,mercedes,Mercedes,German,7,7,4,12.0,51,Finished,0,0,1,0
2022,8,Azerbaijan Grand Prix,2022-06-12,baku,Baku City Circuit,Baku,Azerbaijan,40.3725,49.8533,gasly,GAS,Pierre Gasly,French,10,1996-02-07,alphatauri,AlphaTauri,Italian,6,6,5,10.0,51,Finished,0,0,1,0
2022,8,Azerbaijan Grand Prix,2022-06-12,baku,Baku City Circuit,Baku,Azerbaijan,40.3725,49.8533,vettel,VET,Sebastian Vettel,German,5,1987-07-03,aston_martin,Aston Martin,British,9,9,6,8.0,51,Finished,0,0,1,0
2022,8,Azerbaijan Grand Prix,2022-06-12,baku,Baku City Circuit,Baku,Azerbaijan,40.3725,49.8533,alonso,ALO,Fernando Alonso,Spanish,14,1981-07-29,alpine,Alpine F1 Team,French,10,10,7,6.0,51,Finished,0,0,1,0
2022,8,Azerbaijan Grand Prix,2022-06-12,baku,Baku City Circuit,Baku,Azerbaijan,40.3725,49.8533,ricciardo,RIC,Daniel Ricciardo,Australian,3,1989-07-01,mclaren,McLaren,British,12,12,8,4.0,51,Finished,0,0,1,0
2022,8,Azerbaijan Grand Prix,2022-06-12,baku,Baku City Circuit,Baku,Azerbaijan,40.3725,49.8533,norris,NOR,Lando Norris,British,1,1999-11-13,mclaren,McLaren,British,11,11,9,2.0,51,Finished,0,0,1,0
2022,8,Azerbaijan Grand Prix,2022-06-12,baku,Baku City Circuit,Baku,Azerbaijan,40.3725,49.8533,ocon,OCO,Esteban Ocon,French,31,1996-09-17,alpine,Alpine F1 Team,French,13,13,10,1.0,51,Finished,0,0,1,0
2022,8,Azerbaijan Grand Prix,2022-06-12,baku,Baku City Circuit,Baku,Azerbaijan,40.3725,49.8533,bottas,BOT,Valtteri Bottas,Finnish,77,1989-08-28,alfa,Alfa Romeo,Swiss,15,15,11,0.0,50,+1 Lap,0,0,0,0
2022,8,Azerbaijan Grand Prix,2022-06-12,baku,Baku City Circuit,Baku,Azerbaijan,40.3725,49.8533,albon,ALB,Alexander Albon,Thai,23,1996-03-23,williams,Williams,British,17,17,12,0.0,50,+1 Lap,0,0,0,0
2022,8,Azerbaijan Grand Prix,2022-06-12,baku,Baku City Circuit,Baku,Azerbaijan,40.3725,49.8533,tsunoda,TSU,Yuki Tsunoda,Japanese,22,2000-05-11,alphatauri,AlphaTauri,Italian,8,8,13,0.0,50,+1 Lap,0,0,0,0
2022,8,Azerbaijan Grand Prix,2022-06-12,baku,Baku City Circuit,Baku,Azerbaijan,40.3725,49.8533,mick_schumacher,MSC,Mick Schumacher,German,47,1999-03-22,haas,Haas F1 Team,American,20,20,14,0.0,50,+1 Lap,0,0,0,0
2022,8,Azerbaijan Grand Prix,2022-06-12,baku,Baku City Circuit,Baku,Azerbaijan,40.3725,49.8533,latifi,LAT,Nicholas Latifi,Canadian,6,1995-06-29,williams,Williams,British,18,18,15,0.0,50,+1 Lap,0,0,0,0
2022,8,Azerbaijan Grand Prix,2022-06-12,baku,Baku City Circuit,Baku,Azerbaijan,40.3725,49.8533,stroll,STR,Lance Stroll,Canadian,18,1998-10-29,aston_martin,Aston Martin,British,19,19,16,0.0,46,Vibrations,0,0,0,0
2022,8,Azerbaijan Grand Prix,2022-06-12,baku,Baku City Circuit,Baku,Azerbaijan,40.3725,49.8533,kevin_magnussen,MAG,Kevin Magnussen,Danish,20,1992-10-05,haas,Haas F1 Team,American,16,16,17,0.0,31,Power Unit,0,0,0,0
2022,8,Azerbaijan Grand Prix,2022-06-12,baku,Baku City Circuit,Baku,Azerbaijan,40.3725,49.8533,zhou,ZHO,Guanyu Zhou,Chinese,24,1999-05-30,alfa,Alfa Romeo,Swiss,14,14,18,0.0,23,Hydraulics,0,0,0,1
2022,8,Azerbaijan Grand Prix,2022-06-12,baku,Baku City Circuit,Baku,Azerbaijan,40.3725,49.8533,leclerc,LEC,Charles Leclerc,Monegasque,16,1997-10-16,ferrari,Ferrari,Italian,1,1,19,0.0,21,Power Unit,0,0,0,0
2022,8,Azerbaijan Grand Prix,2022-06-12,baku,Baku City Circuit,Baku,Azerbaijan,40.3725,49.8533,sainz,SAI,Carlos Sainz,Spanish,55,1994-09-01,ferrari,Ferrari,Italian,4,4,20,0.0,8,Hydraulics,0,0,0,1
2022,9,Canadian Grand Prix,2022-06-19,villeneuve,Circuit Gilles Villeneuve,Montreal,Canada,45.5,-73.5228,max_verstappen,VER,Max Verstappen,Dutch,3,1997-09-30,red_bull,Red Bull,Austrian,1,1,1,25.0,70,Finished,1,1,1,0
2022,9,Canadian Grand Prix,2022-06-19,villeneuve,Circuit Gilles Villeneuve,Montreal,Canada,45.5,-73.5228,sainz,SAI,Carlos Sainz,Spanish,55,1994-09-01,ferrari,Ferrari,Italian,3,3,2,19.0,70,Finished,0,1,1,0
2022,9,Canadian Grand Prix,2022-06-19,villeneuve,Circuit Gilles Villeneuve,Montreal,Canada,45.5,-73.5228,hamilton,HAM,Lewis Hamilton,British,44,1985-01-07,mercedes,Mercedes,German,4,4,3,15.0,70,Finished,0,1,1,0
2022,9,Canadian Grand Prix,2022-06-19,villeneuve,Circuit Gilles Villeneuve,Montreal,Canada,45.5,-73.5228,russell,RUS,George Russell,British,63,1998-02-15,mercedes,Mercedes,German,8,8,4,12.0,70,Finished,0,0,1,0
2022,9,Canadian Grand Prix,2022-06-19,villeneuve,Circuit Gilles Villeneuve,Montreal,Canada,45.5,-73.5228,leclerc,LEC,Charles Leclerc,Monegasque,16,1997-10-16,ferrari,Ferrari,Italian,15,19,5,10.0,70,Finished,0,0,1,0
2022,9,Canadian Grand Prix,2022-06-19,villeneuve,Circuit Gilles Villeneuve,Montreal,Canada,45.5,-73.5228,ocon,OCO,Esteban Ocon,French,31,1996-09-17,alpine,Alpine F1 Team,French,7,7,6,8.0,70,Finished,0,0,1,0
2022,9,Canadian Grand Prix,2022-06-19,villeneuve,Circuit Gilles Villeneuve,Montreal,Canada,45.5,-73.5228,bottas,BOT,Valtteri Bottas,Finnish,77,1989-08-28,alfa,Alfa Romeo,Swiss,11,11,7,6.0,70,Finished,0,0,1,0
2022,9,Canadian Grand Prix,2022-06-19,villeneuve,Circuit Gilles Villeneuve,Montreal,Canada,45.5,-73.5228,zhou,ZHO,Guanyu Zhou,Chinese,24,1999-05-30,alfa,Alfa Romeo,Swiss,10,10,8,4.0,70,Finished,0,0,1,0
2022,9,Canadian Grand Prix,2022-06-19,villeneuve,Circuit Gilles Villeneuve,Montreal,Canada,45.5,-73.5228,alonso,ALO,Fernando Alonso,Spanish,14,1981-07-29,alpine,Alpine F1 Team,French,2,2,9,2.0,70,Finished,0,0,1,0
2022,9,Canadian Grand Prix,2022-06-19,villeneuve,Circuit Gilles Villeneuve,Montreal,Canada,45.5,-73.5228,stroll,STR,Lance Stroll,Canadian,18,1998-10-29,aston_martin,Aston Martin,British,18,17,10,1.0,70,Finished,0,0,1,0
2022,9,Canadian Grand Prix,2022-06-19,villeneuve,Circuit Gilles Villeneuve,Montreal,Canada,45.5,-73.5228,ricciardo,RIC,Daniel Ricciardo,Australian,3,1989-07-01,mclaren,McLaren,British,9,9,11,0.0,70,Finished,0,0,0,0
2022,9,Canadian Grand Prix,2022-06-19,villeneuve,Circuit Gilles Villeneuve,Montreal,Canada,45.5,-73.5228,vettel,VET,Sebastian Vettel,German,5,1987-07-03,aston_martin,Aston Martin,British,17,16,12,0.0,70,Finished,0,0,0,0
2022,9,Canadian Grand Prix,2022-06-19,villeneuve,Circuit Gilles Villeneuve,Montreal,Canada,45.5,-73.5228,albon,ALB,Alexander Albon,Thai,23,1996-03-23,williams,Williams,British,12,12,13,0.0,70,Finished,0,0,0,0
2022,9,Canadian Grand Prix,2022-06-19,villeneuve,Circuit Gilles Villeneuve,Montreal,Canada,45.5,-73.5228,gasly,GAS,Pierre Gasly,French,10,1996-02-07,alphatauri,AlphaTauri,Italian,16,15,14,0.0,70,Finished,0,0,0,0
2022,9,Canadian Grand Prix,2022-06-19,villeneuve,Circuit Gilles Villeneuve,Montreal,Canada,45.5,-73.5228,norris,NOR,Lando Norris,British,1,1999-11-13,mclaren,McLaren,British,14,14,15,0.0,70,Finished,0,0,0,0
2022,9,Canadian Grand Prix,2022-06-19,villeneuve,Circuit Gilles Villeneuve,Montreal,Canada,45.5,-73.5228,latifi,LAT,Nicholas Latifi,Canadian,6,1995-06-29,williams,Williams,British,19,18,16,0.0,70,Finished,0,0,0,0
2022,9,Canadian Grand Prix,2022-06-19,villeneuve,Circuit Gilles Villeneuve,Montreal,Canada,45.5,-73.5228,kevin_magnussen,MAG,Kevin Magnussen,Danish,20,1992-10-05,haas,Haas F1 Team,American,5,5,17,0.0,70,Finished,0,0,0,0
2022,9,Canadian Grand Prix,2022-06-19,villeneuve,Circuit Gilles Villeneuve,Montreal,Canada,45.5,-73.5228,tsunoda,TSU,Yuki Tsunoda,Japanese,22,2000-05-11,alphatauri,AlphaTauri,Italian,20,20,18,0.0,47,Accident,0,0,0,1
2022,9,Canadian Grand Prix,2022-06-19,villeneuve,Circuit Gilles Villeneuve,Montreal,Canada,45.5,-73.5228,mick_schumacher,MSC,Mick Schumacher,German,47,1999-03-22,haas,Haas F1 Team,American,6,6,19,0.0,18,Engine,0,0,0,1
2022,9,Canadian Grand Prix,2022-06-19,villeneuve,Circuit Gilles Villeneuve,Montreal,Canada,45.5,-73.5228,perez,PER,Sergio Pérez,Mexican,11,1990-01-26,red_bull,Red Bull,Austrian,13,13,20,0.0,7,Gearbox,0,0,0,1
2022,10,British Grand Prix,2022-07-03,silverstone,Silverstone Circuit,Silverstone,UK,52.0786,-1.01694,sainz,SAI,Carlos Sainz,Spanish,55,1994-09-01,ferrari,Ferrari,Italian,1,1,1,25.0,52,Finished,1,1,1,0
2022,10,British Grand Prix,2022-07-03,silverstone,Silverstone Circuit,Silverstone,UK,52.0786,-1.01694,perez,PER,Sergio Pérez,Mexican,11,1990-01-26,red_bull,Red Bull,Austrian,4,4,2,18.0,52,Finished,0,1,1,0
2022,10,British Grand Prix,2022-07-03,silverstone,Silverstone Circuit,Silverstone,UK,52.0786,-1.01694,hamilton,HAM,Lewis Hamilton,British,44,1985-01-07,mercedes,Mercedes,German,5,5,3,16.0,52,Finished,0,1,1,0
2022,10,British Grand Prix,2022-07-03,silverstone,Silverstone Circuit,Silverstone,UK,52.0786,-1.01694,leclerc,LEC,Charles Leclerc,Monegasque,16,1997-10-16,ferrari,Ferrari,Italian,3,3,4,12.0,52,Finished,0,0,1,0
2022,10,British Grand Prix,2022-07-03,silverstone,Silverstone Circuit,Silverstone,UK,52.0786,-1.01694,alonso,ALO,Fernando Alonso,Spanish,14,1981-07-29,alpine,Alpine F1 Team,French,7,7,5,10.0,52,Finished,0,0,1,0
2022,10,British Grand Prix,2022-07-03,silverstone,Silverstone Circuit,Silverstone,UK,52.0786,-1.01694,norris,NOR,Lando Norris,British,1,1999-11-13,mclaren,McLaren,British,6,6,6,8.0,52,Finished,0,0,1,0
2022,10,British Grand Prix,2022-07-03,silverstone,Silverstone Circuit,Silverstone,UK,52.0786,-1.01694,max_verstappen,VER,Max Verstappen,Dutch,3,1997-09-30,red_bull,Red Bull,Austrian,2,2,7,6.0,52,Finished,0,0,1,0
2022,10,British Grand Prix,2022-07-03,silverstone,Silverstone Circuit,Silverstone,UK,52.0786,-1.01694,mick_schumacher,MSC,Mick Schumacher,German,47,1999-03-22,haas,Haas F1 Team,American,19,19,8,4.0,52,Finished,0,0,1,0
2022,10,British Grand Prix,2022-07-03,silverstone,Silverstone Circuit,Silverstone,UK,52.0786,-1.01694,vettel,VET,Sebastian Vettel,German,5,1987-07-03,aston_martin,Aston Martin,British,18,18,9,2.0,52,Finished,0,0,1,0
2022,10,British Grand Prix,2022-07-03,silverstone,Silverstone Circuit,Silverstone,UK,52.0786,-1.01694,kevin_magnussen,MAG,Kevin Magnussen,Danish,20,1992-10-05,haas,Haas F1 Team,American,17,17,10,1.0,52,Finished,0,0,1,0
2022,10,British Grand Prix,2022-07-03,silverstone,Silverstone Circuit,Silverstone,UK,52.0786,-1.01694,stroll,STR,Lance Stroll,Canadian,18,1998-10-29,aston_martin,Aston Martin,British,20,20,11,0.0,52,Finished,0,0,0,0
2022,10,British Grand Prix,2022-07-03,silverstone,Silverstone Circuit,Silverstone,UK,52.0786,-1.01694,latifi,LAT,Nicholas Latifi,Canadian,6,1995-06-29,williams,Williams,British,10,10,12,0.0,52,Finished,0,0,0,0
2022,10,British Grand Prix,2022-07-03,silverstone,Silverstone Circuit,Silverstone,UK,52.0786,-1.01694,ricciardo,RIC,Daniel Ricciardo,Australian,3,1989-07-01,mclaren,McLaren,British,14,14,13,0.0,52,Finished,0,0,0,0
2022,10,British Grand Prix,2022-07-03,silverstone,Silverstone Circuit,Silverstone,UK,52.0786,-1.01694,tsunoda,TSU,Yuki Tsunoda,Japanese,22,2000-05-11,alphatauri,AlphaTauri,Italian,13,13,14,0.0,52,Finished,0,0,0,0
2022,10,British Grand Prix,2022-07-03,silverstone,Silverstone Circuit,Silverstone,UK,52.0786,-1.01694,ocon,OCO,Esteban Ocon,French,31,1996-09-17,alpine,Alpine F1 Team,French,15,15,15,0.0,37,Fuel pump,0,0,0,0
2022,10,British Grand Prix,2022-07-03,silverstone,Silverstone Circuit,Silverstone,UK,52.0786,-1.01694,gasly,GAS,Pierre Gasly,French,10,1996-02-07,alphatauri,AlphaTauri,Italian,11,11,16,0.0,26,Collision damage,0,0,0,1
2022,10,British Grand Prix,2022-07-03,silverstone,Silverstone Circuit,Silverstone,UK,52.0786,-1.01694,bottas,BOT,Valtteri Bottas,Finnish,77,1989-08-28,alfa,Alfa Romeo,Swiss,12,12,17,0.0,20,Gearbox,0,0,0,1
2022,10,British Grand Prix,2022-07-03,silverstone,Silverstone Circuit,Silverstone,UK,52.0786,-1.01694,russell,RUS,George Russell,British,63,1998-02-15,mercedes,Mercedes,German,8,8,18,0.0,0,Collision,0,0,0,1
2022,10,British Grand Prix,2022-07-03,silverstone,Silverstone Circuit,Silverstone,UK,52.0786,-1.01694,zhou,ZHO,Guanyu Zhou,Chinese,24,1999-05-30,alfa,Alfa Romeo,Swiss,9,9,19,0.0,0,Collision,0,0,0,1
2022,10,British Grand Prix,2022-07-03,silverstone,Silverstone Circuit,Silverstone,UK,52.0786,-1.01694,albon,ALB,Alexander Albon,Thai,23,1996-03-23,williams,Williams,British,16,16,20,0.0,0,Collision,0,0,0,1
2022,11,Austrian Grand Prix,2022-07-10,red_bull_ring,Red Bull Ring,Spielberg,Austria,47.2197,14.7647,leclerc,LEC,Charles Leclerc,Monegasque,16,1997-10-16,ferrari,Ferrari,Italian,2,2,1,25.0,71,Finished,1,1,1,0
2022,11,Austrian Grand Prix,2022-07-10,red_bull_ring,Red Bull Ring,Spielberg,Austria,47.2197,14.7647,max_verstappen,VER,Max Verstappen,Dutch,3,1997-09-30,red_bull,Red Bull,Austrian,1,1,2,19.0,71,Finished,0,1,1,0
2022,11,Austrian Grand Prix,2022-07-10,red_bull_ring,Red Bull Ring,Spielberg,Austria,47.2197,14.7647,hamilton,HAM,Lewis Hamilton,British,44,1985-01-07,mercedes,Mercedes,German,9,8,3,15.0,71,Finished,0,1,1,0
2022,11,Austrian Grand Prix,2022-07-10,red_bull_ring,Red Bull Ring,Spielberg,Austria,47.2197,14.7647,russell,RUS,George Russell,British,63,1998-02-15,mercedes,Mercedes,German,4,4,4,12.0,71,Finished,0,0,1,0
2022,11,Austrian Grand Prix,2022-07-10,red_bull_ring,Red Bull Ring,Spielberg,Austria,47.2197,14.7647,ocon,OCO,Esteban Ocon,French,31,1996-09-17,alpine,Alpine F1 Team,French,5,6,5,10.0,71,Finished,0,0,1,0
2022,11,Austrian Grand Prix,2022-07-10,red_bull_ring,Red Bull Ring,Spielberg,Austria,47.2197,14.7647,mick_schumacher,MSC,Mick Schumacher,German,47,1999-03-22,haas,Haas F1 Team,American,7,9,6,8.0,70,+1 Lap,0,0,1,0
2022,11,Austrian Grand Prix,2022-07-10,red_bull_ring,Red Bull Ring,Spielberg,Austria,47.2197,14.7647,norris,NOR,Lando Norris,British,1,1999-11-13,mclaren,McLaren,British,15,10,7,6.0,70,+1 Lap,0,0,1,0
2022,11,Austrian Grand Prix,2022-07-10,red_bull_ring,Red Bull Ring,Spielberg,Austria,47.2197,14.7647,kevin_magnussen,MAG,Kevin Magnussen,Danish,20,1992-10-05,haas,Haas F1 Team,American,6,7,8,4.0,70,+1 Lap,0,0,1,0
2022,11,Austrian Grand Prix,2022-07-10,red_bull_ring,Red Bull Ring,Spielberg,Austria,47.2197,14.7647,ricciardo,RIC,Daniel Ricciardo,Australian,3,1989-07-01,mclaren,McLaren,British,16,11,9,2.0,70,+1 Lap,0,0,1,0
2022,11,Austrian Grand Prix,2022-07-10,red_bull_ring,Red Bull Ring,Spielberg,Austria,47.2197,14.7647,alonso,ALO,Fernando Alonso,Spanish,14,1981-07-29,alpine,Alpine F1 Team,French,8,19,10,1.0,70,+1 Lap,0,0,1,0
2022,11,Austrian Grand Prix,2022-07-10,red_bull_ring,Red Bull Ring,Spielberg,Austria,47.2197,14.7647,bottas,BOT,Valtteri Bottas,Finnish,77,1989-08-28,alfa,Alfa Romeo,Swiss,12,0,11,0.0,70,+1 Lap,0,0,0,0
2022,11,Austrian Grand Prix,2022-07-10,red_bull_ring,Red Bull Ring,Spielberg,Austria,47.2197,14.7647,albon,ALB,Alexander Albon,Thai,23,1996-03-23,williams,Williams,British,11,15,12,0.0,70,+1 Lap,0,0,0,0
2022,11,Austrian Grand Prix,2022-07-10,red_bull_ring,Red Bull Ring,Spielberg,Austria,47.2197,14.7647,stroll,STR,Lance Stroll,Canadian,18,1998-10-29,aston_martin,Aston Martin,British,17,12,13,0.0,70,+1 Lap,0,0,0,0
2022,11,Austrian Grand Prix,2022-07-10,red_bull_ring,Red Bull Ring,Spielberg,Austria,47.2197,14.7647,zhou,ZHO,Guanyu Zhou,Chinese,24,1999-05-30,alfa,Alfa Romeo,Swiss,18,13,14,0.0,70,+1 Lap,0,0,0,0
2022,11,Austrian Grand Prix,2022-07-10,red_bull_ring,Red Bull Ring,Spielberg,Austria,47.2197,14.7647,gasly,GAS,Pierre Gasly,French,10,1996-02-07,alphatauri,AlphaTauri,Italian,10,14,15,0.0,70,+1 Lap,0,0,0,0
2022,11,Austrian Grand Prix,2022-07-10,red_bull_ring,Red Bull Ring,Spielberg,Austria,47.2197,14.7647,tsunoda,TSU,Yuki Tsunoda,Japanese,22,2000-05-11,alphatauri,AlphaTauri,Italian,14,16,16,0.0,70,+1 Lap,0,0,0,0
2022,11,Austrian Grand Prix,2022-07-10,red_bull_ring,Red Bull Ring,Spielberg,Austria,47.2197,14.7647,vettel,VET,Sebastian Vettel,German,5,1987-07-03,aston_martin,Aston Martin,British,20,18,17,0.0,70,+1 Lap,0,0,0,0
2022,11,Austrian Grand Prix,2022-07-10,red_bull_ring,Red Bull Ring,Spielberg,Austria,47.2197,14.7647,sainz,SAI,Carlos Sainz,Spanish,55,1994-09-01,ferrari,Ferrari,Italian,3,3,18,0.0,56,Power Unit,0,0,0,0
2022,11,Austrian Grand Prix,2022-07-10,red_bull_ring,Red Bull Ring,Spielberg,Austria,47.2197,14.7647,latifi,LAT,Nicholas Latifi,Canadian,6,1995-06-29,williams,Williams,British,19,17,19,0.0,48,Undertray,0,0,0,0
2022,11,Austrian Grand Prix,2022-07-10,red_bull_ring,Red Bull Ring,Spielberg,Austria,47.2197,14.7647,perez,PER,Sergio Pérez,Mexican,11,1990-01-26,red_bull,Red Bull,Austrian,13,5,20,0.0,24,Collision damage,0,0,0,1
2022,12,French Grand Prix,2022-07-24,ricard,Circuit Paul Ricard,Le Castellet,France,43.2506,5.79167,max_verstappen,VER,Max Verstappen,Dutch,3,1997-09-30,red_bull,Red Bull,Austrian,2,2,1,25.0,53,Finished,1,1,1,0
2022,12,French Grand Prix,2022-07-24,ricard,Circuit Paul Ricard,Le Castellet,France,43.2506,5.79167,hamilton,HAM,Lewis Hamilton,British,44,1985-01-07,mercedes,Mercedes,German,4,4,2,18.0,53,Finished,0,1,1,0
2022,12,French Grand Prix,2022-07-24,ricard,Circuit Paul Ricard,Le Castellet,France,43.2506,5.79167,russell,RUS,George Russell,British,63,1998-02-15,mercedes,Mercedes,German,6,6,3,15.0,53,Finished,0,1,1,0
2022,12,French Grand Prix,2022-07-24,ricard,Circuit Paul Ricard,Le Castellet,France,43.2506,5.79167,perez,PER,Sergio Pérez,Mexican,11,1990-01-26,red_bull,Red Bull,Austrian,3,3,4,12.0,53,Finished,0,0,1,0
2022,12,French Grand Prix,2022-07-24,ricard,Circuit Paul Ricard,Le Castellet,France,43.2506,5.79167,sainz,SAI,Carlos Sainz,Spanish,55,1994-09-01,ferrari,Ferrari,Italian,9,19,5,11.0,53,Finished,0,0,1,0
2022,12,French Grand Prix,2022-07-24,ricard,Circuit Paul Ricard,Le Castellet,France,43.2506,5.79167,alonso,ALO,Fernando Alonso,Spanish,14,1981-07-29,alpine,Alpine F1 Team,French,7,7,6,8.0,53,Finished,0,0,1,0
2022,12,French Grand Prix,2022-07-24,ricard,Circuit Paul Ricard,Le Castellet,France,43.2506,5.79167,norris,NOR,Lando Norris,British,1,1999-11-13,mclaren,McLaren,British,5,5,7,6.0,53,Finished,0,0,1,0
2022,12,French Grand Prix,2022-07-24,ricard,Circuit Paul Ricard,Le Castellet,France,43.2506,5.79167,ocon,OCO,Esteban Ocon,French,31,1996-09-17,alpine,Alpine F1 Team,French,12,10,8,4.0,53,Finished,0,0,1,0
2022,12,French Grand Prix,2022-07-24,ricard,Circuit Paul Ricard,Le Castellet,France,43.2506,5.79167,ricciardo,RIC,Daniel Ricciardo,Australian,3,1989-07-01,mclaren,McLaren,British,11,9,9,2.0,53,Finished,0,0,1,0
2022,12,French Grand Prix,2022-07-24,ricard,Circuit Paul Ricard,Le Castellet,France,43.2506,5.79167,stroll,STR,Lance Stroll,Canadian,18,1998-10-29,aston_martin,Aston Martin,British,17,15,10,1.0,53,Finished,0,0,1,0
2022,12,French Grand Prix,2022-07-24,ricard,Circuit Paul Ricard,Le Castellet,France,43.2506,5.79167,vettel,VET,Sebastian Vettel,German,5,1987-07-03,aston_martin,Aston Martin,British,14,12,11,0.0,53,Finished,0,0,0,0
2022,12,French Grand Prix,2022-07-24,ricard,Circuit Paul Ricard,Le Castellet,France,43.2506,5.79167,gasly,GAS,Pierre Gasly,French,10,1996-02-07,alphatauri,AlphaTauri,Italian,16,14,12,0.0,53,Finished,0,0,0,0
2022,12,French Grand Prix,2022-07-24,ricard,Circuit Paul Ricard,Le Castellet,France,43.2506,5.79167,albon,ALB,Alexander Albon,Thai,23,1996-03-23,williams,Williams,British,15,13,13,0.0,53,Finished,0,0,0,0
2022,12,French Grand Prix,2022-07-24,ricard,Circuit Paul Ricard,Le Castellet,France,43.2506,5.79167,bottas,BOT,Valtteri Bottas,Finnish,77,1989-08-28,alfa,Alfa Romeo,Swiss,13,11,14,0.0,53,Finished,0,0,0,0
2022,12,French Grand Prix,2022-07-24,ricard,Circuit Paul Ricard,Le Castellet,France,43.2506,5.79167,mick_schumacher,MSC,Mick Schumacher,German,47,1999-03-22,haas,Haas F1 Team,American,19,17,15,0.0,53,Finished,0,0,0,0
2022,12,French Grand Prix,2022-07-24,ricard,Circuit Paul Ricard,Le Castellet,France,43.2506,5.79167,zhou,ZHO,Guanyu Zhou,Chinese,24,1999-05-30,alfa,Alfa Romeo,Swiss,18,16,16,0.0,47,+6 Laps,0,0,0,0
2022,12,French Grand Prix,2022-07-24,ricard,Circuit Paul Ricard,Le Castellet,France,43.2506,5.79167,latifi,LAT,Nicholas Latifi,Canadian,6,1995-06-29,williams,Williams,British,20,18,17,0.0,40,Collision damage,0,0,0,1
2022,12,French Grand Prix,2022-07-24,ricard,Circuit Paul Ricard,Le Castellet,France,43.2506,5.79167,kevin_magnussen,MAG,Kevin Magnussen,Danish,20,1992-10-05,haas,Haas F1 Team,American,10,20,18,0.0,37,Collision damage,0,0,0,1
2022,12,French Grand Prix,2022-07-24,ricard,Circuit Paul Ricard,Le Castellet,France,43.2506,5.79167,leclerc,LEC,Charles Leclerc,Monegasque,16,1997-10-16,ferrari,Ferrari,Italian,1,1,19,0.0,17,Accident,0,0,0,1
2022,12,French Grand Prix,2022-07-24,ricard,Circuit Paul Ricard,Le Castellet,France,43.2506,5.79167,tsunoda,TSU,Yuki Tsunoda,Japanese,22,2000-05-11,alphatauri,AlphaTauri,Italian,8,8,20,0.0,17,Undertray,0,0,0,0
2022,13,Hungarian Grand Prix,2022-07-31,hungaroring,Hungaroring,Budapest,Hungary,47.5789,19.2486,max_verstappen,VER,Max Verstappen,Dutch,3,1997-09-30,red_bull,Red Bull,Austrian,10,10,1,25.0,70,Finished,1,1,1,0
2022,13,Hungarian Grand Prix,2022-07-31,hungaroring,Hungaroring,Budapest,Hungary,47.5789,19.2486,hamilton,HAM,Lewis Hamilton,British,44,1985-01-07,mercedes,Mercedes,German,7,7,2,19.0,70,Finished,0,1,1,0
2022,13,Hungarian Grand Prix,2022-07-31,hungaroring,Hungaroring,Budapest,Hungary,47.5789,19.2486,russell,RUS,George Russell,British,63,1998-02-15,mercedes,Mercedes,German,1,1,3,15.0,70,Finished,0,1,1,0
2022,13,Hungarian Grand Prix,2022-07-31,hungaroring,Hungaroring,Budapest,Hungary,47.5789,19.2486,sainz,SAI,Carlos Sainz,Spanish,55,1994-09-01,ferrari,Ferrari,Italian,2,2,4,12.0,70,Finished,0,0,1,0
2022,13,Hungarian Grand Prix,2022-07-31,hungaroring,Hungaroring,Budapest,Hungary,47.5789,19.2486,perez,PER,Sergio Pérez,Mexican,11,1990-01-26,red_bull,Red Bull,Austrian,11,11,5,10.0,70,Finished,0,0,1,0
2022,13,Hungarian Grand Prix,2022-07-31,hungaroring,Hungaroring,Budapest,Hungary,47.5789,19.2486,leclerc,LEC,Charles Leclerc,Monegasque,16,1997-10-16,ferrari,Ferrari,Italian,3,3,6,8.0,70,Finished,0,0,1,0
2022,13,Hungarian Grand Prix,2022-07-31,hungaroring,Hungaroring,Budapest,Hungary,47.5789,19.2486,norris,NOR,Lando Norris,British,1,1999-11-13,mclaren,McLaren,British,4,4,7,6.0,70,Finished,0,0,1,0
2022,13,Hungarian Grand Prix,2022-07-31,hungaroring,Hungaroring,Budapest,Hungary,47.5789,19.2486,alonso,ALO,Fernando Alonso,Spanish,14,1981-07-29,alpine,Alpine F1 Team,French,6,6,8,4.0,69,+1 Lap,0,0,1,0
2022,13,Hungarian Grand Prix,2022-07-31,hungaroring,Hungaroring,Budapest,Hungary,47.5789,19.2486,ocon,OCO,Esteban Ocon,French,31,1996-09-17,alpine,Alpine F1 Team,French,5,5,9,2.0,69,+1 Lap,0,0,1,0
2022,13,Hungarian Grand Prix,2022-07-31,hungaroring,Hungaroring,Budapest,Hungary,47.5789,19.2486,vettel,VET,Sebastian Vettel,German,5,1987-07-03,aston_martin,Aston Martin,British,18,18,10,1.0,69,+1 Lap,0,0,1,0
2022,13,Hungarian Grand Prix,2022-07-31,hungaroring,Hungaroring,Budapest,Hungary,47.5789,19.2486,stroll,STR,Lance Stroll,Canadian,18,1998-10-29,aston_martin,Aston Martin,British,14,14,11,0.0,69,+1 Lap,0,0,0,0
2022,13,Hungarian Grand Prix,2022-07-31,hungaroring,Hungaroring,Budapest,Hungary,47.5789,19.2486,gasly,GAS,Pierre Gasly,French,10,1996-02-07,alphatauri,AlphaTauri,Italian,19,0,12,0.0,69,+1 Lap,0,0,0,0
2022,13,Hungarian Grand Prix,2022-07-31,hungaroring,Hungaroring,Budapest,Hungary,47.5789,19.2486,zhou,ZHO,Guanyu Zhou,Chinese,24,1999-05-30,alfa,Alfa Romeo,Swiss,12,12,13,0.0,69,+1 Lap,0,0,0,0
2022,13,Hungarian Grand Prix,2022-07-31,hungaroring,Hungaroring,Budapest,Hungary,47.5789,19.2486,mick_schumacher,MSC,Mick Schumacher,German,47,1999-03-22,haas,Haas F1 Team,American,15,15,14,0.0,69,+1 Lap,0,0,0,0
2022,13,Hungarian Grand Prix,2022-07-31,hungaroring,Hungaroring,Budapest,Hungary,47.5789,19.2486,ricciardo,RIC,Daniel Ricciardo,Australian,3,1989-07-01,mclaren,McLaren,British,9,9,15,0.0,69,+1 Lap,0,0,0,0
2022,13,Hungarian Grand Prix,2022-07-31,hungaroring,Hungaroring,Budapest,Hungary,47.5789,19.2486,kevin_magnussen,MAG,Kevin Magnussen,Danish,20,1992-10-05,haas,Haas F1 Team,American,13,13,16,0.0,69,+1 Lap,0,0,0,0
2022,13,Hungarian Grand Prix,2022-07-31,hungaroring,Hungaroring,Budapest,Hungary,47.5789,19.2486,albon,ALB,Alexander Albon,Thai,23,1996-03-23,williams,Williams,British,17,17,17,0.0,69,+1 Lap,0,0,0,0
2022,13,Hungarian Grand Prix,2022-07-31,hungaroring,Hungaroring,Budapest,Hungary,47.5789,19.2486,latifi,LAT,Nicholas Latifi,Canadian,6,1995-06-29,williams,Williams,British,20,19,18,0.0,69,+1 Lap,0,0,0,0
2022,13,Hungarian Grand Prix,2022-07-31,hungaroring,Hungaroring,Budapest,Hungary,47.5789,19.2486,tsunoda,TSU,Yuki Tsunoda,Japanese,22,2000-05-11,alphatauri,AlphaTauri,Italian,16,16,19,0.0,68,+2 Laps,0,0,0,0
2022,13,Hungarian Grand Prix,2022-07-31,hungaroring,Hungaroring,Budapest,Hungary,47.5789,19.2486,bottas,BOT,Valtteri Bottas,Finnish,77,1989-08-28,alfa,Alfa Romeo,Swiss,8,8,20,0.0,65,Power Unit,0,0,0,0
2022,14,Belgian Grand Prix,2022-08-28,spa,Circuit de Spa-Francorchamps,Spa,Belgium,50.4372,5.97139,max_verstappen,VER,Max Verstappen,Dutch,3,1997-09-30,red_bull,Red Bull,Austrian,1,14,1,26.0,44,Finished,1,1,1,0
2022,14,Belgian Grand Prix,2022-08-28,spa,Circuit de Spa-Francorchamps,Spa,Belgium,50.4372,5.97139,perez,PER,Sergio Pérez,Mexican,11,1990-01-26,red_bull,Red Bull,Austrian,3,2,2,18.0,44,Finished,0,1,1,0
2022,14,Belgian Grand Prix,2022-08-28,spa,Circuit de Spa-Francorchamps,Spa,Belgium,50.4372,5.97139,sainz,SAI,Carlos Sainz,Spanish,55,1994-09-01,ferrari,Ferrari,Italian,2,1,3,15.0,44,Finished,0,1,1,0
2022,14,Belgian Grand Prix,2022-08-28,spa,Circuit de Spa-Francorchamps,Spa,Belgium,50.4372,5.97139,russell,RUS,George Russell,British,63,1998-02-15,mercedes,Mercedes,German,8,5,4,12.0,44,Finished,0,0,1,0
2022,14,Belgian Grand Prix,2022-08-28,spa,Circuit de Spa-Francorchamps,Spa,Belgium,50.4372,5.97139,alonso,ALO,Fernando Alonso,Spanish,14,1981-07-29,alpine,Alpine F1 Team,French,6,3,5,10.0,44,Finished,0,0,1,0
2022,14,Belgian Grand Prix,2022-08-28,spa,Circuit de Spa-Francorchamps,Spa,Belgium,50.4372,5.97139,leclerc,LEC,Charles Leclerc,Monegasque,16,1997-10-16,ferrari,Ferrari,Italian,4,15,6,8.0,44,Finished,0,0,1,0
2022,14,Belgian Grand Prix,2022-08-28,spa,Circuit de Spa-Francorchamps,Spa,Belgium,50.4372,5.97139,ocon,OCO,Esteban Ocon,French,31,1996-09-17,alpine,Alpine F1 Team,French,5,16,7,6.0,44,Finished,0,0,1,0
2022,14,Belgian Grand Prix,2022-08-28,spa,Circuit de Spa-Francorchamps,Spa,Belgium,50.4372,5.97139,vettel,VET,Sebastian Vettel,German,5,1987-07-03,aston_martin,Aston Martin,British,16,10,8,4.0,44,Finished,0,0,1,0
2022,14,Belgian Grand Prix,2022-08-28,spa,Circuit de Spa-Francorchamps,Spa,Belgium,50.4372,5.97139,gasly,GAS,Pierre Gasly,French,10,1996-02-07,alphatauri,AlphaTauri,Italian,12,0,9,2.0,44,Finished,0,0,1,0
2022,14,Belgian Grand Prix,2022-08-28,spa,Circuit de Spa-Francorchamps,Spa,Belgium,50.4372,5.97139,albon,ALB,Alexander Albon,Thai,23,1996-03-23,williams,Williams,British,9,6,10,1.0,44,Finished,0,0,1,0
2022,14,Belgian Grand Prix,2022-08-28,spa,Circuit de Spa-Francorchamps,Spa,Belgium,50.4372,5.97139,stroll,STR,Lance Stroll,Canadian,18,1998-10-29,aston_martin,Aston Martin,British,14,9,11,0.0,44,Finished,0,0,0,0
2022,14,Belgian Grand Prix,2022-08-28,spa,Circuit de Spa-Francorchamps,Spa,Belgium,50.4372,5.97139,norris,NOR,Lando Norris,British,1,1999-11-13,mclaren,McLaren,British,10,17,12,0.0,44,Finished,0,0,0,0
2022,14,Belgian Grand Prix,2022-08-28,spa,Circuit de Spa-Francorchamps,Spa,Belgium,50.4372,5.97139,tsunoda,TSU,Yuki Tsunoda,Japanese,22,2000-05-11,alphatauri,AlphaTauri,Italian,19,0,13,0.0,44,Finished,0,0,0,0
2022,14,Belgian Grand Prix,2022-08-28,spa,Circuit de Spa-Francorchamps,Spa,Belgium,50.4372,5.97139,zhou,ZHO,Guanyu Zhou,Chinese,24,1999-05-30,alfa,Alfa Romeo,Swiss,13,18,14,0.0,44,Finished,0,0,0,0
2022,14,Belgian Grand Prix,2022-08-28,spa,Circuit de Spa-Francorchamps,Spa,Belgium,50.4372,5.97139,ricciardo,RIC,Daniel Ricciardo,Australian,3,1989-07-01,mclaren,McLaren,British,11,7,15,0.0,44,Finished,0,0,0,0
2022,14,Belgian Grand Prix,2022-08-28,spa,Circuit de Spa-Francorchamps,Spa,Belgium,50.4372,5.97139,kevin_magnussen,MAG,Kevin Magnussen,Danish,20,1992-10-05,haas,Haas F1 Team,American,18,12,16,0.0,43,+1 Lap,0,0,0,0
2022,14,Belgian Grand Prix,2022-08-28,spa,Circuit de Spa-Francorchamps,Spa,Belgium,50.4372,5.97139,mick_schumacher,MSC,Mick Schumacher,German,47,1999-03-22,haas,Haas F1 Team,American,15,19,17,0.0,43,+1 Lap,0,0,0,0
2022,14,Belgian Grand Prix,2022-08-28,spa,Circuit de Spa-Francorchamps,Spa,Belgium,50.4372,5.97139,latifi,LAT,Nicholas Latifi,Canadian,6,1995-06-29,williams,Williams,British,17,11,18,0.0,43,+1 Lap,0,0,0,0
2022,14,Belgian Grand Prix,2022-08-28,spa,Circuit de Spa-Francorchamps,Spa,Belgium,50.4372,5.97139,bottas,BOT,Valtteri Bottas,Finnish,77,1989-08-28,alfa,Alfa Romeo,Swiss,20,13,19,0.0,1,Accident,0,0,0,1
2022,14,Belgian Grand Prix,2022-08-28,spa,Circuit de Spa-Francorchamps,Spa,Belgium,50.4372,5.97139,hamilton,HAM,Lewis Hamilton,British,44,1985-01-07,mercedes,Mercedes,German,7,4,20,0.0,0,Collision damage,0,0,0,1
2022,15,Dutch Grand Prix,2022-09-04,zandvoort,Circuit Park Zandvoort,Zandvoort,Netherlands,52.3888,4.54092,max_verstappen,VER,Max Verstappen,Dutch,3,1997-09-30,red_bull,Red Bull,Austrian,1,1,1,26.0,72,Finished,1,1,1,0
2022,15,Dutch Grand Prix,2022-09-04,zandvoort,Circuit Park Zandvoort,Zandvoort,Netherlands,52.3888,4.54092,russell,RUS,George Russell,British,63,1998-02-15,mercedes,Mercedes,German,6,6,2,18.0,72,Finished,0,1,1,0
2022,15,Dutch Grand Prix,2022-09-04,zandvoort,Circuit Park Zandvoort,Zandvoort,Netherlands,52.3888,4.54092,leclerc,LEC,Charles Leclerc,Monegasque,16,1997-10-16,ferrari,Ferrari,Italian,2,2,3,15.0,72,Finished,0,1,1,0
2022,15,Dutch Grand Prix,2022-09-04,zandvoort,Circuit Park Zandvoort,Zandvoort,Netherlands,52.3888,4.54092,hamilton,HAM,Lewis Hamilton,British,44,1985-01-07,mercedes,Mercedes,German,4,4,4,12.0,72,Finished,0,0,1,0
2022,15,Dutch Grand Prix,2022-09-04,zandvoort,Circuit Park Zandvoort,Zandvoort,Netherlands,52.3888,4.54092,perez,PER,Sergio Pérez,Mexican,11,1990-01-26,red_bull,Red Bull,Austrian,5,5,5,10.0,72,Finished,0,0,1,0
2022,15,Dutch Grand Prix,2022-09-04,zandvoort,Circuit Park Zandvoort,Zandvoort,Netherlands,52.3888,4.54092,alonso,ALO,Fernando Alonso,Spanish,14,1981-07-29,alpine,Alpine F1 Team,French,13,13,6,8.0,72,Finished,0,0,1,0
2022,15,Dutch Grand Prix,2022-09-04,zandvoort,Circuit Park Zandvoort,Zandvoort,Netherlands,52.3888,4.54092,norris,NOR,Lando Norris,British,1,1999-11-13,mclaren,McLaren,British,7,7,7,6.0,72,Finished,0,0,1,0
2022,15,Dutch Grand Prix,2022-09-04,zandvoort,Circuit Park Zandvoort,Zandvoort,Netherlands,52.3888,4.54092,sainz,SAI,Carlos Sainz,Spanish,55,1994-09-01,ferrari,Ferrari,Italian,3,3,8,4.0,72,Finished,0,0,1,0
2022,15,Dutch Grand Prix,2022-09-04,zandvoort,Circuit Park Zandvoort,Zandvoort,Netherlands,52.3888,4.54092,ocon,OCO,Esteban Ocon,French,31,1996-09-17,alpine,Alpine F1 Team,French,12,12,9,2.0,72,Finished,0,0,1,0
2022,15,Dutch Grand Prix,2022-09-04,zandvoort,Circuit Park Zandvoort,Zandvoort,Netherlands,52.3888,4.54092,stroll,STR,Lance Stroll,Canadian,18,1998-10-29,aston_martin,Aston Martin,British,10,10,10,1.0,72,Finished,0,0,1,0
2022,15,Dutch Grand Prix,2022-09-04,zandvoort,Circuit Park Zandvoort,Zandvoort,Netherlands,52.3888,4.54092,gasly,GAS,Pierre Gasly,French,10,1996-02-07,alphatauri,AlphaTauri,Italian,11,11,11,0.0,72,Finished,0,0,0,0
2022,15,Dutch Grand Prix,2022-09-04,zandvoort,Circuit Park Zandvoort,Zandvoort,Netherlands,52.3888,4.54092,albon,ALB,Alexander Albon,Thai,23,1996-03-23,williams,Williams,British,15,15,12,0.0,72,Finished,0,0,0,0
2022,15,Dutch Grand Prix,2022-09-04,zandvoort,Circuit Park Zandvoort,Zandvoort,Netherlands,52.3888,4.54092,mick_schumacher,MSC,Mick Schumacher,German,47,1999-03-22,haas,Haas F1 Team,American,8,8,13,0.0,72,Finished,0,0,0,0
2022,15,Dutch Grand Prix,2022-09-04,zandvoort,Circuit Park Zandvoort,Zandvoort,Netherlands,52.3888,4.54092,vettel,VET,Sebastian Vettel,German,5,1987-07-03,aston_martin,Aston Martin,British,19,19,14,0.0,72,Finished,0,0,0,0
2022,15,Dutch Grand Prix,2022-09-04,zandvoort,Circuit Park Zandvoort,Zandvoort,Netherlands,52.3888,4.54092,kevin_magnussen,MAG,Kevin Magnussen,Danish,20,1992-10-05,haas,Haas F1 Team,American,18,18,15,0.0,72,Finished,0,0,0,0
2022,15,Dutch Grand Prix,2022-09-04,zandvoort,Circuit Park Zandvoort,Zandvoort,Netherlands,52.3888,4.54092,zhou,ZHO,Guanyu Zhou,Chinese,24,1999-05-30,alfa,Alfa Romeo,Swiss,14,14,16,0.0,72,Finished,0,0,0,0
2022,15,Dutch Grand Prix,2022-09-04,zandvoort,Circuit Park Zandvoort,Zandvoort,Netherlands,52.3888,4.54092,ricciardo,RIC,Daniel Ricciardo,Australian,3,1989-07-01,mclaren,McLaren,British,17,17,17,0.0,72,Finished,0,0,0,0
2022,15,Dutch Grand Prix,2022-09-04,zandvoort,Circuit Park Zandvoort,Zandvoort,Netherlands,52.3888,4.54092,latifi,LAT,Nicholas Latifi,Canadian,6,1995-06-29,williams,Williams,British,20,20,18,0.0,71,+1 Lap,0,0,0,0
2022,15,Dutch Grand Prix,2022-09-04,zandvoort,Circuit Park Zandvoort,Zandvoort,Netherlands,52.3888,4.54092,bottas,BOT,Valtteri Bottas,Finnish,77,1989-08-28,alfa,Alfa Romeo,Swiss,16,16,19,0.0,53,Engine,0,0,0,1
2022,15,Dutch Grand Prix,2022-09-04,zandvoort,Circuit Park Zandvoort,Zandvoort,Netherlands,52.3888,4.54092,tsunoda,TSU,Yuki Tsunoda,Japanese,22,2000-05-11,alphatauri,AlphaTauri,Italian,9,9,20,0.0,43,Differential,0,0,0,0
2022,16,Italian Grand Prix,2022-09-11,monza,Autodromo Nazionale di Monza,Monza,Italy,45.6156,9.28111,max_verstappen,VER,Max Verstappen,Dutch,3,1997-09-30,red_bull,Red Bull,Austrian,2,7,1,25.0,53,Finished,1,1,1,0
2022,16,Italian Grand Prix,2022-09-11,monza,Autodromo Nazionale di Monza,Monza,Italy,45.6156,9.28111,leclerc,LEC,Charles Leclerc,Monegasque,16,1997-10-16,ferrari,Ferrari,Italian,1,1,2,18.0,53,Finished,0,1,1,0
2022,16,Italian Grand Prix,2022-09-11,monza,Autodromo Nazionale di Monza,Monza,Italy,45.6156,9.28111,russell,RUS,George Russell,British,63,1998-02-15,mercedes,Mercedes,German,6,2,3,15.0,53,Finished,0,1,1,0
2022,16,Italian Grand Prix,2022-09-11,monza,Autodromo Nazionale di Monza,Monza,Italy,45.6156,9.28111,sainz,SAI,Carlos Sainz,Spanish,55,1994-09-01,ferrari,Ferrari,Italian,3,18,4,12.0,53,Finished,0,0,1,0
2022,16,Italian Grand Prix,2022-09-11,monza,Autodromo Nazionale di Monza,Monza,Italy,45.6156,9.28111,hamilton,HAM,Lewis Hamilton,British,44,1985-01-07,mercedes,Mercedes,German,5,19,5,10.0,53,Finished,0,0,1,0
2022,16,Italian Grand Prix,2022-09-11,monza,Autodromo Nazionale di Monza,Monza,Italy,45.6156,9.28111,perez,PER,Sergio Pérez,Mexican,11,1990-01-26,red_bull,Red Bull,Austrian,4,13,6,9.0,53,Finished,0,0,1,0
2022,16,Italian Grand Prix,2022-09-11,monza,Autodromo Nazionale di Monza,Monza,Italy,45.6156,9.28111,norris,NOR,Lando Norris,British,1,1999-11-13,mclaren,McLaren,British,7,3,7,6.0,53,Finished,0,0,1,0
2022,16,Italian Grand Prix,2022-09-11,monza,Autodromo Nazionale di Monza,Monza,Italy,45.6156,9.28111,gasly,GAS,Pierre Gasly,French,10,1996-02-07,alphatauri,AlphaTauri,Italian,9,5,8,4.0,53,Finished,0,0,1,0
2022,16,Italian Grand Prix,2022-09-11,monza,Autodromo Nazionale di Monza,Monza,Italy,45.6156,9.28111,de_vries,DEV,Nyck de Vries,Dutch,21,1995-02-06,williams,Williams,British,13,8,9,2.0,53,Finished,0,0,1,0
2022,16,Italian Grand Prix,2022-09-11,monza,Autodromo Nazionale di Monza,Monza,Italy,45.6156,9.28111,zhou,ZHO,Guanyu Zhou,Chinese,24,1999-05-30,alfa,Alfa Romeo,Swiss,14,9,10,1.0,53,Finished,0,0,1,0
2022,16,Italian Grand Prix,2022-09-11,monza,Autodromo Nazionale di Monza,Monza,Italy,45.6156,9.28111,ocon,OCO,Esteban Ocon,French,31,1996-09-17,alpine,Alpine F1 Team,French,11,14,11,0.0,53,Finished,0,0,0,0
2022,16,Italian Grand Prix,2022-09-11,monza,Autodromo Nazionale di Monza,Monza,Italy,45.6156,9.28111,mick_schumacher,MSC,Mick Schumacher,German,47,1999-03-22,haas,Haas F1 Team,American,20,17,12,0.0,53,Finished,0,0,0,0
2022,16,Italian Grand Prix,2022-09-11,monza,Autodromo Nazionale di Monza,Monza,Italy,45.6156,9.28111,bottas,BOT,Valtteri Bottas,Finnish,77,1989-08-28,alfa,Alfa Romeo,Swiss,12,15,13,0.0,52,+1 Lap,0,0,0,0
2022,16,Italian Grand Prix,2022-09-11,monza,Autodromo Nazionale di Monza,Monza,Italy,45.6156,9.28111,tsunoda,TSU,Yuki Tsunoda,Japanese,22,2000-05-11,alphatauri,AlphaTauri,Italian,15,20,14,0.0,52,+1 Lap,0,0,0,0
2022,16,Italian Grand Prix,2022-09-11,monza,Autodromo Nazionale di Monza,Monza,Italy,45.6156,9.28111,latifi,LAT,Nicholas Latifi,Canadian,6,1995-06-29,williams,Williams,British,16,10,15,0.0,52,+1 Lap,0,0,0,0
2022,16,Italian Grand Prix,2022-09-11,monza,Autodromo Nazionale di Monza,Monza,Italy,45.6156,9.28111,kevin_magnussen,MAG,Kevin Magnussen,Danish,20,1992-10-05,haas,Haas F1 Team,American,19,16,16,0.0,52,+1 Lap,0,0,0,0
2022,16,Italian Grand Prix,2022-09-11,monza,Autodromo Nazionale di Monza,Monza,Italy,45.6156,9.28111,ricciardo,RIC,Daniel Ricciardo,Australian,3,1989-07-01,mclaren,McLaren,British,8,4,17,0.0,45,Oil leak,0,0,0,0
2022,16,Italian Grand Prix,2022-09-11,monza,Autodromo Nazionale di Monza,Monza,Italy,45.6156,9.28111,stroll,STR,Lance Stroll,Canadian,18,1998-10-29,aston_martin,Aston Martin,British,18,12,18,0.0,39,Engine,0,0,0,1
2022,16,Italian Grand Prix,2022-09-11,monza,Autodromo Nazionale di Monza,Monza,Italy,45.6156,9.28111,alonso,ALO,Fernando Alonso,Spanish,14,1981-07-29,alpine,Alpine F1 Team,French,10,6,19,0.0,31,Water pressure,0,0,0,0
2022,16,Italian Grand Prix,2022-09-11,monza,Autodromo Nazionale di Monza,Monza,Italy,45.6156,9.28111,vettel,VET,Sebastian Vettel,German,5,1987-07-03,aston_martin,Aston Martin,British,17,11,20,0.0,10,Engine,0,0,0,1
2022,17,Singapore Grand Prix,2022-10-02,marina_bay,Marina Bay Street Circuit,Marina Bay,Singapore,1.2914,103.864,perez,PER,Sergio Pérez,Mexican,11,1990-01-26,red_bull,Red Bull,Austrian,2,2,1,25.0,59,Finished,1,1,1,0
2022,17,Singapore Grand Prix,2022-10-02,marina_bay,Marina Bay Street Circuit,Marina Bay,Singapore,1.2914,103.864,leclerc,LEC,Charles Leclerc,Monegasque,16,1997-10-16,ferrari,Ferrari,Italian,1,1,2,18.0,59,Finished,0,1,1,0
2022,17,Singapore Grand Prix,2022-10-02,marina_bay,Marina Bay Street Circuit,Marina Bay,Singapore,1.2914,103.864,sainz,SAI,Carlos Sainz,Spanish,55,1994-09-01,ferrari,Ferrari,Italian,4,4,3,15.0,59,Finished,0,1,1,0
2022,17,Singapore Grand Prix,2022-10-02,marina_bay,Marina Bay Street Circuit,Marina Bay,Singapore,1.2914,103.864,norris,NOR,Lando Norris,British,1,1999-11-13,mclaren,McLaren,British,6,6,4,12.0,59,Finished,0,0,1,0
2022,17,Singapore Grand Prix,2022-10-02,marina_bay,Marina Bay Street Circuit,Marina Bay,Singapore,1.2914,103.864,ricciardo,RIC,Daniel Ricciardo,Australian,3,1989-07-01,mclaren,McLaren,British,17,16,5,10.0,59,Finished,0,0,1,0
2022,17,Singapore Grand Prix,2022-10-02,marina_bay,Marina Bay Street Circuit,Marina Bay,Singapore,1.2914,103.864,stroll,STR,Lance Stroll,Canadian,18,1998-10-29,aston_martin,Aston Martin,British,12,11,6,8.0,59,Finished,0,0,1,0
2022,17,Singapore Grand Prix,2022-10-02,marina_bay,Marina Bay Street Circuit,Marina Bay,Singapore,1.2914,103.864,max_verstappen,VER,Max Verstappen,Dutch,3,1997-09-30,red_bull,Red Bull,Austrian,8,8,7,6.0,59,Finished,0,0,1,0
2022,17,Singapore Grand Prix,2022-10-02,marina_bay,Marina Bay Street Circuit,Marina Bay,Singapore,1.2914,103.864,vettel,VET,Sebastian Vettel,German,5,1987-07-03,aston_martin,Aston Martin,British,14,13,8,4.0,59,Finished,0,0,1,0
2022,17,Singapore Grand Prix,2022-10-02,marina_bay,Marina Bay Street Circuit,Marina Bay,Singapore,1.2914,103.864,hamilton,HAM,Lewis Hamilton,British,44,1985-01-07,mercedes,Mercedes,German,3,3,9,2.0,59,Finished,0,0,1,0
2022,17,Singapore Grand Prix,2022-10-02,marina_bay,Marina Bay Street Circuit,Marina Bay,Singapore,1.2914,103.864,gasly,GAS,Pierre Gasly,French,10,1996-02-07,alphatauri,AlphaTauri,Italian,7,7,10,1.0,59,Finished,0,0,1,0
2022,17,Singapore Grand Prix,2022-10-02,marina_bay,Marina Bay Street Circuit,Marina Bay,Singapore,1.2914,103.864,bottas,BOT,Valtteri Bottas,Finnish,77,1989-08-28,alfa,Alfa Romeo,Swiss,16,15,11,0.0,59,Finished,0,0,0,0
2022,17,Singapore Grand Prix,2022-10-02,marina_bay,Marina Bay Street Circuit,Marina Bay,Singapore,1.2914,103.864,kevin_magnussen,MAG,Kevin Magnussen,Danish,20,1992-10-05,haas,Haas F1 Team,American,9,9,12,0.0,59,Finished,0,0,0,0
2022,17,Singapore Grand Prix,2022-10-02,marina_bay,Marina Bay Street Circuit,Marina Bay,Singapore,1.2914,103.864,mick_schumacher,MSC,Mick Schumacher,German,47,1999-03-22,haas,Haas F1 Team,American,13,12,13,0.0,58,+1 Lap,0,0,0,0
2022,17,Singapore Grand Prix,2022-10-02,marina_bay,Marina Bay Street Circuit,Marina Bay,Singapore,1.2914,103.864,russell,RUS,George Russell,British,63,1998-02-15,mercedes,Mercedes,German,11,0,14,0.0,57,+2 Laps,0,0,0,0
2022,17,Singapore Grand Prix,2022-10-02,marina_bay,Marina Bay Street Circuit,Marina Bay,Singapore,1.2914,103.864,tsunoda,TSU,Yuki Tsunoda,Japanese,22,2000-05-11,alphatauri,AlphaTauri,Italian,10,10,15,0.0,34,Accident,0,0,0,1
2022,17,Singapore Grand Prix,2022-10-02,marina_bay,Marina Bay Street Circuit,Marina Bay,Singapore,1.2914,103.864,ocon,OCO,Esteban Ocon,French,31,1996-09-17,alpine,Alpine F1 Team,French,18,17,16,0.0,26,Engine,0,0,0,1
2022,17,Singapore Grand Prix,2022-10-02,marina_bay,Marina Bay Street Circuit,Marina Bay,Singapore,1.2914,103.864,albon,ALB,Alexander Albon,Thai,23,1996-03-23,williams,Williams,British,19,18,17,0.0,25,Collision damage,0,0,0,1
2022,17,Singapore Grand Prix,2022-10-02,marina_bay,Marina Bay Street Circuit,Marina Bay,Singapore,1.2914,103.864,alonso,ALO,Fernando Alonso,Spanish,14,1981-07-29,alpine,Alpine F1 Team,French,5,5,18,0.0,20,Engine,0,0,0,1
2022,17,Singapore Grand Prix,2022-10-02,marina_bay,Marina Bay Street Circuit,Marina Bay,Singapore,1.2914,103.864,latifi,LAT,Nicholas Latifi,Canadian,6,1995-06-29,williams,Williams,British,20,19,19,0.0,7,Collision damage,0,0,0,1
2022,17,Singapore Grand Prix,2022-10-02,marina_bay,Marina Bay Street Circuit,Marina Bay,Singapore,1.2914,103.864,zhou,ZHO,Guanyu Zhou,Chinese,24,1999-05-30,alfa,Alfa Romeo,Swiss,15,14,20,0.0,6,Collision,0,0,0,1
2022,18,Japanese Grand Prix,2022-10-09,suzuka,Suzuka Circuit,Suzuka,Japan,34.8431,136.541,max_verstappen,VER,Max Verstappen,Dutch,3,1997-09-30,red_bull,Red Bull,Austrian,1,1,1,25.0,28,Finished,1,1,1,0
2022,18,Japanese Grand Prix,2022-10-09,suzuka,Suzuka Circuit,Suzuka,Japan,34.8431,136.541,perez,PER,Sergio Pérez,Mexican,11,1990-01-26,red_bull,Red Bull,Austrian,4,4,2,18.0,28,Finished,0,1,1,0
2022,18,Japanese Grand Prix,2022-10-09,suzuka,Suzuka Circuit,Suzuka,Japan,34.8431,136.541,leclerc,LEC,Charles Leclerc,Monegasque,16,1997-10-16,ferrari,Ferrari,Italian,2,2,3,15.0,28,Finished,0,1,1,0
2022,18,Japanese Grand Prix,2022-10-09,suzuka,Suzuka Circuit,Suzuka,Japan,34.8431,136.541,ocon,OCO,Esteban Ocon,French,31,1996-09-17,alpine,Alpine F1 Team,French,5,5,4,12.0,28,Finished,0,0,1,0
2022,18,Japanese Grand Prix,2022-10-09,suzuka,Suzuka Circuit,Suzuka,Japan,34.8431,136.541,hamilton,HAM,Lewis Hamilton,British,44,1985-01-07,mercedes,Mercedes,German,6,6,5,10.0,28,Finished,0,0,1,0
2022,18,Japanese Grand Prix,2022-10-09,suzuka,Suzuka Circuit,Suzuka,Japan,34.8431,136.541,vettel,VET,Sebastian Vettel,German,5,1987-07-03,aston_martin,Aston Martin,British,9,9,6,8.0,28,Finished,0,0,1,0
2022,18,Japanese Grand Prix,2022-10-09,suzuka,Suzuka Circuit,Suzuka,Japan,34.8431,136.541,alonso,ALO,Fernando Alonso,Spanish,14,1981-07-29,alpine,Alpine F1 Team,French,7,7,7,6.0,28,Finished,0,0,1,0
2022,18,Japanese Grand Prix,2022-10-09,suzuka,Suzuka Circuit,Suzuka,Japan,34.8431,136.541,russell,RUS,George Russell,British,63,1998-02-15,mercedes,Mercedes,German,8,8,8,4.0,28,Finished,0,0,1,0
2022,18,Japanese Grand Prix,2022-10-09,suzuka,Suzuka Circuit,Suzuka,Japan,34.8431,136.541,latifi,LAT,Nicholas Latifi,Canadian,6,1995-06-29,williams,Williams,British,20,20,9,2.0,28,Finished,0,0,1,0
2022,18,Japanese Grand Prix,2022-10-09,suzuka,Suzuka Circuit,Suzuka,Japan,34.8431,136.541,norris,NOR,Lando Norris,British,1,1999-11-13,mclaren,McLaren,British,10,10,10,1.0,28,Finished,0,0,1,0
2022,18,Japanese Grand Prix,2022-10-09,suzuka,Suzuka Circuit,Suzuka,Japan,34.8431,136.541,ricciardo,RIC,Daniel Ricciardo,Australian,3,1989-07-01,mclaren,McLaren,British,11,11,11,0.0,28,Finished,0,0,0,0
2022,18,Japanese Grand Prix,2022-10-09,suzuka,Suzuka Circuit,Suzuka,Japan,34.8431,136.541,stroll,STR,Lance Stroll,Canadian,18,1998-10-29,aston_martin,Aston Martin,British,19,19,12,0.0,28,Finished,0,0,0,0
2022,18,Japanese Grand Prix,2022-10-09,suzuka,Suzuka Circuit,Suzuka,Japan,34.8431,136.541,tsunoda,TSU,Yuki Tsunoda,Japanese,22,2000-05-11,alphatauri,AlphaTauri,Italian,13,13,13,0.0,28,Finished,0,0,0,0
2022,18,Japanese Grand Prix,2022-10-09,suzuka,Suzuka Circuit,Suzuka,Japan,34.8431,136.541,kevin_magnussen,MAG,Kevin Magnussen,Danish,20,1992-10-05,haas,Haas F1 Team,American,18,18,14,0.0,28,Finished,0,0,0,0
2022,18,Japanese Grand Prix,2022-10-09,suzuka,Suzuka Circuit,Suzuka,Japan,34.8431,136.541,bottas,BOT,Valtteri Bottas,Finnish,77,1989-08-28,alfa,Alfa Romeo,Swiss,12,12,15,0.0,28,Finished,0,0,0,0
2022,18,Japanese Grand Prix,2022-10-09,suzuka,Suzuka Circuit,Suzuka,Japan,34.8431,136.541,zhou,ZHO,Guanyu Zhou,Chinese,24,1999-05-30,alfa,Alfa Romeo,Swiss,14,14,16,0.0,28,Finished,0,0,0,0
2022,18,Japanese Grand Prix,2022-10-09,suzuka,Suzuka Circuit,Suzuka,Japan,34.8431,136.541,mick_schumacher,MSC,Mick Schumacher,German,47,1999-03-22,haas,Haas F1 Team,American,15,15,17,0.0,28,Finished,0,0,0,0
2022,18,Japanese Grand Prix,2022-10-09,suzuka,Suzuka Circuit,Suzuka,Japan,34.8431,136.541,gasly,GAS,Pierre Gasly,French,10,1996-02-07,alphatauri,AlphaTauri,Italian,17,17,18,0.0,28,Finished,0,0,0,0
2022,18,Japanese Grand Prix,2022-10-09,suzuka,Suzuka Circuit,Suzuka,Japan,34.8431,136.541,sainz,SAI,Carlos Sainz,Spanish,55,1994-09-01,ferrari,Ferrari,Italian,3,3,19,0.0,0,Accident,0,0,0,1
2022,18,Japanese Grand Prix,2022-10-09,suzuka,Suzuka Circuit,Suzuka,Japan,34.8431,136.541,albon,ALB,Alexander Albon,Thai,23,1996-03-23,williams,Williams,British,16,16,20,0.0,0,Hydraulics,0,0,0,1
2022,19,United States Grand Prix,2022-10-23,americas,Circuit of the Americas,Austin,USA,30.1328,-97.6411,max_verstappen,VER,Max Verstappen,Dutch,3,1997-09-30,red_bull,Red Bull,Austrian,3,2,1,25.0,56,Finished,1,1,1,0
2022,19,United States Grand Prix,2022-10-23,americas,Circuit of the Americas,Austin,USA,30.1328,-97.6411,hamilton,HAM,Lewis Hamilton,British,44,1985-01-07,mercedes,Mercedes,German,5,3,2,18.0,56,Finished,0,1,1,0
2022,19,United States Grand Prix,2022-10-23,americas,Circuit of the Americas,Austin,USA,30.1328,-97.6411,leclerc,LEC,Charles Leclerc,Monegasque,16,1997-10-16,ferrari,Ferrari,Italian,2,12,3,15.0,56,Finished,0,1,1,0
2022,19,United States Grand Prix,2022-10-23,americas,Circuit of the Americas,Austin,USA,30.1328,-97.6411,perez,PER,Sergio Pérez,Mexican,11,1990-01-26,red_bull,Red Bull,Austrian,4,9,4,12.0,56,Finished,0,0,1,0
2022,19,United States Grand Prix,2022-10-23,americas,Circuit of the Americas,Austin,USA,30.1328,-97.6411,russell,RUS,George Russell,British,63,1998-02-15,mercedes,Mercedes,German,6,4,5,11.0,56,Finished,0,0,1,0
2022,19,United States Grand Prix,2022-10-23,americas,Circuit of the Americas,Austin,USA,30.1328,-97.6411,norris,NOR,Lando Norris,British,1,1999-11-13,mclaren,McLaren,British,8,6,6,8.0,56,Finished,0,0,1,0
2022,19,United States Grand Prix,2022-10-23,americas,Circuit of the Americas,Austin,USA,30.1328,-97.6411,alonso,ALO,Fernando Alonso,Spanish,14,1981-07-29,alpine,Alpine F1 Team,French,9,14,7,6.0,56,Finished,0,0,1,0
2022,19,United States Grand Prix,2022-10-23,americas,Circuit of the Americas,Austin,USA,30.1328,-97.6411,vettel,VET,Sebastian Vettel,German,5,1987-07-03,aston_martin,Aston Martin,British,12,10,8,4.0,56,Finished,0,0,1,0
2022,19,United States Grand Prix,2022-10-23,americas,Circuit of the Americas,Austin,USA,30.1328,-97.6411,kevin_magnussen,MAG,Kevin Magnussen,Danish,20,1992-10-05,haas,Haas F1 Team,American,16,13,9,2.0,56,Finished,0,0,1,0
2022,19,United States Grand Prix,2022-10-23,americas,Circuit of the Americas,Austin,USA,30.1328,-97.6411,tsunoda,TSU,Yuki Tsunoda,Japanese,22,2000-05-11,alphatauri,AlphaTauri,Italian,15,19,10,1.0,56,Finished,0,0,1,0
2022,19,United States Grand Prix,2022-10-23,americas,Circuit of the Americas,Austin,USA,30.1328,-97.6411,ocon,OCO,Esteban Ocon,French,31,1996-09-17,alpine,Alpine F1 Team,French,18,0,11,0.0,56,Finished,0,0,0,0
2022,19,United States Grand Prix,2022-10-23,americas,Circuit of the Americas,Austin,USA,30.1328,-97.6411,zhou,ZHO,Guanyu Zhou,Chinese,24,1999-05-30,alfa,Alfa Romeo,Swiss,14,18,12,0.0,56,Finished,0,0,0,0
2022,19,United States Grand Prix,2022-10-23,americas,Circuit of the Americas,Austin,USA,30.1328,-97.6411,albon,ALB,Alexander Albon,Thai,23,1996-03-23,williams,Williams,British,11,8,13,0.0,56,Finished,0,0,0,0
2022,19,United States Grand Prix,2022-10-23,americas,Circuit of the Americas,Austin,USA,30.1328,-97.6411,gasly,GAS,Pierre Gasly,French,10,1996-02-07,alphatauri,AlphaTauri,Italian,13,11,14,0.0,56,Finished,0,0,0,0
2022,19,United States Grand Prix,2022-10-23,americas,Circuit of the Americas,Austin,USA,30.1328,-97.6411,mick_schumacher,MSC,Mick Schumacher,German,47,1999-03-22,haas,Haas F1 Team,American,19,16,15,0.0,56,Finished,0,0,0,0
2022,19,United States Grand Prix,2022-10-23,americas,Circuit of the Americas,Austin,USA,30.1328,-97.6411,ricciardo,RIC,Daniel Ricciardo,Australian,3,1989-07-01,mclaren,McLaren,British,17,15,16,0.0,56,Finished,0,0,0,0
2022,19,United States Grand Prix,2022-10-23,americas,Circuit of the Americas,Austin,USA,30.1328,-97.6411,latifi,LAT,Nicholas Latifi,Canadian,6,1995-06-29,williams,Williams,British,20,17,17,0.0,56,Finished,0,0,0,0
2022,19,United States Grand Prix,2022-10-23,americas,Circuit of the Americas,Austin,USA,30.1328,-97.6411,stroll,STR,Lance Stroll,Canadian,18,1998-10-29,aston_martin,Aston Martin,British,7,5,18,0.0,21,Collision,0,0,0,1
2022,19,United States Grand Prix,2022-10-23,americas,Circuit of the Americas,Austin,USA,30.1328,-97.6411,bottas,BOT,Valtteri Bottas,Finnish,77,1989-08-28,alfa,Alfa Romeo,Swiss,10,7,19,0.0,16,Spun off,0,0,0,0
2022,19,United States Grand Prix,2022-10-23,americas,Circuit of the Americas,Austin,USA,30.1328,-97.6411,sainz,SAI,Carlos Sainz,Spanish,55,1994-09-01,ferrari,Ferrari,Italian,1,1,20,0.0,1,Collision damage,0,0,0,1
2022,20,Mexico City Grand Prix,2022-10-30,rodriguez,Autódromo Hermanos Rodríguez,Mexico City,Mexico,19.4042,-99.0907,max_verstappen,VER,Max Verstappen,Dutch,3,1997-09-30,red_bull,Red Bull,Austrian,1,1,1,25.0,71,Finished,1,1,1,0
2022,20,Mexico City Grand Prix,2022-10-30,rodriguez,Autódromo Hermanos Rodríguez,Mexico City,Mexico,19.4042,-99.0907,hamilton,HAM,Lewis Hamilton,British,44,1985-01-07,mercedes,Mercedes,German,3,3,2,18.0,71,Finished,0,1,1,0
2022,20,Mexico City Grand Prix,2022-10-30,rodriguez,Autódromo Hermanos Rodríguez,Mexico City,Mexico,19.4042,-99.0907,perez,PER,Sergio Pérez,Mexican,11,1990-01-26,red_bull,Red Bull,Austrian,4,4,3,15.0,71,Finished,0,1,1,0
2022,20,Mexico City Grand Prix,2022-10-30,rodriguez,Autódromo Hermanos Rodríguez,Mexico City,Mexico,19.4042,-99.0907,russell,RUS,George Russell,British,63,1998-02-15,mercedes,Mercedes,German,2,2,4,13.0,71,Finished,0,0,1,0
2022,20,Mexico City Grand Prix,2022-10-30,rodriguez,Autódromo Hermanos Rodríguez,Mexico City,Mexico,19.4042,-99.0907,sainz,SAI,Carlos Sainz,Spanish,55,1994-09-01,ferrari,Ferrari,Italian,5,5,5,10.0,71,Finished,0,0,1,0
2022,20,Mexico City Grand Prix,2022-10-30,rodriguez,Autódromo Hermanos Rodríguez,Mexico City,Mexico,19.4042,-99.0907,leclerc,LEC,Charles Leclerc,Monegasque,16,1997-10-16,ferrari,Ferrari,Italian,7,7,6,8.0,71,Finished,0,0,1,0
2022,20,Mexico City Grand Prix,2022-10-30,rodriguez,Autódromo Hermanos Rodríguez,Mexico City,Mexico,19.4042,-99.0907,ricciardo,RIC,Daniel Ricciardo,Australian,3,1989-07-01,mclaren,McLaren,British,11,11,7,6.0,70,+1 Lap,0,0,1,0
2022,20,Mexico City Grand Prix,2022-10-30,rodriguez,Autódromo Hermanos Rodríguez,Mexico City,Mexico,19.4042,-99.0907,ocon,OCO,Esteban Ocon,French,31,1996-09-17,alpine,Alpine F1 Team,French,10,10,8,4.0,70,+1 Lap,0,0,1,0
2022,20,Mexico City Grand Prix,2022-10-30,rodriguez,Autódromo Hermanos Rodríguez,Mexico City,Mexico,19.4042,-99.0907,norris,NOR,Lando Norris,British,1,1999-11-13,mclaren,McLaren,British,8,8,9,2.0,70,+1 Lap,0,0,1,0
2022,20,Mexico City Grand Prix,2022-10-30,rodriguez,Autódromo Hermanos Rodríguez,Mexico City,Mexico,19.4042,-99.0907,bottas,BOT,Valtteri Bottas,Finnish,77,1989-08-28,alfa,Alfa Romeo,Swiss,6,6,10,1.0,70,+1 Lap,0,0,1,0
2022,20,Mexico City Grand Prix,2022-10-30,rodriguez,Autódromo Hermanos Rodríguez,Mexico City,Mexico,19.4042,-99.0907,gasly,GAS,Pierre Gasly,French,10,1996-02-07,alphatauri,AlphaTauri,Italian,14,14,11,0.0,70,+1 Lap,0,0,0,0
2022,20,Mexico City Grand Prix,2022-10-30,rodriguez,Autódromo Hermanos Rodríguez,Mexico City,Mexico,19.4042,-99.0907,albon,ALB,Alexander Albon,Thai,23,1996-03-23,williams,Williams,British,19,17,12,0.0,70,+1 Lap,0,0,0,0
2022,20,Mexico City Grand Prix,2022-10-30,rodriguez,Autódromo Hermanos Rodríguez,Mexico City,Mexico,19.4042,-99.0907,zhou,ZHO,Guanyu Zhou,Chinese,24,1999-05-30,alfa,Alfa Romeo,Swiss,12,12,13,0.0,70,+1 Lap,0,0,0,0
2022,20,Mexico City Grand Prix,2022-10-30,rodriguez,Autódromo Hermanos Rodríguez,Mexico City,Mexico,19.4042,-99.0907,vettel,VET,Sebastian Vettel,German,5,1987-07-03,aston_martin,Aston Martin,British,17,16,14,0.0,70,+1 Lap,0,0,0,0
2022,20,Mexico City Grand Prix,2022-10-30,rodriguez,Autódromo Hermanos Rodríguez,Mexico City,Mexico,19.4042,-99.0907,stroll,STR,Lance Stroll,Canadian,18,1998-10-29,aston_martin,Aston Martin,British,18,20,15,0.0,70,+1 Lap,0,0,0,0
2022,20,Mexico City Grand Prix,2022-10-30,rodriguez,Autódromo Hermanos Rodríguez,Mexico City,Mexico,19.4042,-99.0907,mick_schumacher,MSC,Mick Schumacher,German,47,1999-03-22,haas,Haas F1 Team,American,16,15,16,0.0,70,+1 Lap,0,0,0,0
2022,20,Mexico City Grand Prix,2022-10-30,rodriguez,Autódromo Hermanos Rodríguez,Mexico City,Mexico,19.4042,-99.0907,kevin_magnussen,MAG,Kevin Magnussen,Danish,20,1992-10-05,haas,Haas F1 Team,American,15,19,17,0.0,70,+1 Lap,0,0,0,0
2022,20,Mexico City Grand Prix,2022-10-30,rodriguez,Autódromo Hermanos Rodríguez,Mexico City,Mexico,19.4042,-99.0907,latifi,LAT,Nicholas Latifi,Canadian,6,1995-06-29,williams,Williams,British,20,18,18,0.0,69,+2 Laps,0,0,0,0
2022,20,Mexico City Grand Prix,2022-10-30,rodriguez,Autódromo Hermanos Rodríguez,Mexico City,Mexico,19.4042,-99.0907,alonso,ALO,Fernando Alonso,Spanish,14,1981-07-29,alpine,Alpine F1 Team,French,9,9,19,0.0,63,Engine,0,0,0,1
2022,20,Mexico City Grand Prix,2022-10-30,rodriguez,Autódromo Hermanos Rodríguez,Mexico City,Mexico,19.4042,-99.0907,tsunoda,TSU,Yuki Tsunoda,Japanese,22,2000-05-11,alphatauri,AlphaTauri,Italian,13,13,20,0.0,50,Collision damage,0,0,0,1
2022,21,São Paulo Grand Prix,2022-11-13,interlagos,Autódromo José Carlos Pace,São Paulo,Brazil,-23.7036,-46.6997,russell,RUS,George Russell,British,63,1998-02-15,mercedes,Mercedes,German,3,1,1,26.0,71,Finished,1,1,1,0
2022,21,São Paulo Grand Prix,2022-11-13,interlagos,Autódromo José Carlos Pace,São Paulo,Brazil,-23.7036,-46.6997,hamilton,HAM,Lewis Hamilton,British,44,1985-01-07,mercedes,Mercedes,German,8,2,2,18.0,71,Finished,0,1,1,0
2022,21,São Paulo Grand Prix,2022-11-13,interlagos,Autódromo José Carlos Pace,São Paulo,Brazil,-23.7036,-46.6997,sainz,SAI,Carlos Sainz,Spanish,55,1994-09-01,ferrari,Ferrari,Italian,5,7,3,15.0,71,Finished,0,1,1,0
2022,21,São Paulo Grand Prix,2022-11-13,interlagos,Autódromo José Carlos Pace,São Paulo,Brazil,-23.7036,-46.6997,leclerc,LEC,Charles Leclerc,Monegasque,16,1997-10-16,ferrari,Ferrari,Italian,10,5,4,12.0,71,Finished,0,0,1,0
2022,21,São Paulo Grand Prix,2022-11-13,interlagos,Autódromo José Carlos Pace,São Paulo,Brazil,-23.7036,-46.6997,alonso,ALO,Fernando Alonso,Spanish,14,1981-07-29,alpine,Alpine F1 Team,French,7,17,5,10.0,71,Finished,0,0,1,0
2022,21,São Paulo Grand Prix,2022-11-13,interlagos,Autódromo José Carlos Pace,São Paulo,Brazil,-23.7036,-46.6997,max_verstappen,VER,Max Verstappen,Dutch,3,1997-09-30,red_bull,Red Bull,Austrian,2,3,6,8.0,71,Finished,0,0,1,0
2022,21,São Paulo Grand Prix,2022-11-13,interlagos,Autódromo José Carlos Pace,São Paulo,Brazil,-23.7036,-46.6997,perez,PER,Sergio Pérez,Mexican,11,1990-01-26,red_bull,Red Bull,Austrian,9,4,7,6.0,71,Finished,0,0,1,0
2022,21,São Paulo Grand Prix,2022-11-13,interlagos,Autódromo José Carlos Pace,São Paulo,Brazil,-23.7036,-46.6997,ocon,OCO,Esteban Ocon,French,31,1996-09-17,alpine,Alpine F1 Team,French,6,16,8,4.0,71,Finished,0,0,1,0
2022,21,São Paulo Grand Prix,2022-11-13,interlagos,Autódromo José Carlos Pace,São Paulo,Brazil,-23.7036,-46.6997,bottas,BOT,Valtteri Bottas,Finnish,77,1989-08-28,alfa,Alfa Romeo,Swiss,18,14,9,2.0,71,Finished,0,0,1,0
2022,21,São Paulo Grand Prix,2022-11-13,interlagos,Autódromo José Carlos Pace,São Paulo,Brazil,-23.7036,-46.6997,stroll,STR,Lance Stroll,Canadian,18,1998-10-29,aston_martin,Aston Martin,British,15,15,10,1.0,71,Finished,0,0,1,0
2022,21,São Paulo Grand Prix,2022-11-13,interlagos,Autódromo José Carlos Pace,São Paulo,Brazil,-23.7036,-46.6997,vettel,VET,Sebastian Vettel,German,5,1987-07-03,aston_martin,Aston Martin,British,13,9,11,0.0,71,Finished,0,0,0,0
2022,21,São Paulo Grand Prix,2022-11-13,interlagos,Autódromo José Carlos Pace,São Paulo,Brazil,-23.7036,-46.6997,zhou,ZHO,Guanyu Zhou,Chinese,24,1999-05-30,alfa,Alfa Romeo,Swiss,17,13,12,0.0,71,Finished,0,0,0,0
2022,21,São Paulo Grand Prix,2022-11-13,interlagos,Autódromo José Carlos Pace,São Paulo,Brazil,-23.7036,-46.6997,mick_schumacher,MSC,Mick Schumacher,German,47,1999-03-22,haas,Haas F1 Team,American,20,12,13,0.0,71,Finished,0,0,0,0
2022,21,São Paulo Grand Prix,2022-11-13,interlagos,Autódromo José Carlos Pace,São Paulo,Brazil,-23.7036,-46.6997,gasly,GAS,Pierre Gasly,French,10,1996-02-07,alphatauri,AlphaTauri,Italian,12,10,14,0.0,71,Finished,0,0,0,0
2022,21,São Paulo Grand Prix,2022-11-13,interlagos,Autódromo José Carlos Pace,São Paulo,Brazil,-23.7036,-46.6997,albon,ALB,Alexander Albon,Thai,23,1996-03-23,williams,Williams,British,11,19,15,0.0,71,Finished,0,0,0,0
2022,21,São Paulo Grand Prix,2022-11-13,interlagos,Autódromo José Carlos Pace,São Paulo,Brazil,-23.7036,-46.6997,latifi,LAT,Nicholas Latifi,Canadian,6,1995-06-29,williams,Williams,British,16,18,16,0.0,71,Finished,0,0,0,0
2022,21,São Paulo Grand Prix,2022-11-13,interlagos,Autódromo José Carlos Pace,São Paulo,Brazil,-23.7036,-46.6997,tsunoda,TSU,Yuki Tsunoda,Japanese,22,2000-05-11,alphatauri,AlphaTauri,Italian,19,0,17,0.0,70,+1 Lap,0,0,0,0
2022,21,São Paulo Grand Prix,2022-11-13,interlagos,Autódromo José Carlos Pace,São Paulo,Brazil,-23.7036,-46.6997,norris,NOR,Lando Norris,British,1,1999-11-13,mclaren,McLaren,British,4,6,18,0.0,50,Gearbox,0,0,0,1
2022,21,São Paulo Grand Prix,2022-11-13,interlagos,Autódromo José Carlos Pace,São Paulo,Brazil,-23.7036,-46.6997,kevin_magnussen,MAG,Kevin Magnussen,Danish,20,1992-10-05,haas,Haas F1 Team,American,1,8,19,0.0,0,Collision,0,0,0,1
2022,21,São Paulo Grand Prix,2022-11-13,interlagos,Autódromo José Carlos Pace,São Paulo,Brazil,-23.7036,-46.6997,ricciardo,RIC,Daniel Ricciardo,Australian,3,1989-07-01,mclaren,McLaren,British,14,11,20,0.0,0,Collision,0,0,0,1
2022,22,Abu Dhabi Grand Prix,2022-11-20,yas_marina,Yas Marina Circuit,Abu Dhabi,UAE,24.4672,54.6031,max_verstappen,VER,Max Verstappen,Dutch,3,1997-09-30,red_bull,Red Bull,Austrian,1,1,1,25.0,58,Finished,1,1,1,0
2022,22,Abu Dhabi Grand Prix,2022-11-20,yas_marina,Yas Marina Circuit,Abu Dhabi,UAE,24.4672,54.6031,leclerc,LEC,Charles Leclerc,Monegasque,16,1997-10-16,ferrari,Ferrari,Italian,3,3,2,18.0,58,Finished,0,1,1,0
2022,22,Abu Dhabi Grand Prix,2022-11-20,yas_marina,Yas Marina Circuit,Abu Dhabi,UAE,24.4672,54.6031,perez,PER,Sergio Pérez,Mexican,11,1990-01-26,red_bull,Red Bull,Austrian,2,2,3,15.0,58,Finished,0,1,1,0
2022,22,Abu Dhabi Grand Prix,2022-11-20,yas_marina,Yas Marina Circuit,Abu Dhabi,UAE,24.4672,54.6031,sainz,SAI,Carlos Sainz,Spanish,55,1994-09-01,ferrari,Ferrari,Italian,4,4,4,12.0,58,Finished,0,0,1,0
2022,22,Abu Dhabi Grand Prix,2022-11-20,yas_marina,Yas Marina Circuit,Abu Dhabi,UAE,24.4672,54.6031,russell,RUS,George Russell,British,63,1998-02-15,mercedes,Mercedes,German,6,6,5,10.0,58,Finished,0,0,1,0
2022,22,Abu Dhabi Grand Prix,2022-11-20,yas_marina,Yas Marina Circuit,Abu Dhabi,UAE,24.4672,54.6031,norris,NOR,Lando Norris,British,1,1999-11-13,mclaren,McLaren,British,7,7,6,9.0,58,Finished,0,0,1,0
2022,22,Abu Dhabi Grand Prix,2022-11-20,yas_marina,Yas Marina Circuit,Abu Dhabi,UAE,24.4672,54.6031,ocon,OCO,Esteban Ocon,French,31,1996-09-17,alpine,Alpine F1 Team,French,8,8,7,6.0,58,Finished,0,0,1,0
2022,22,Abu Dhabi Grand Prix,2022-11-20,yas_marina,Yas Marina Circuit,Abu Dhabi,UAE,24.4672,54.6031,stroll,STR,Lance Stroll,Canadian,18,1998-10-29,aston_martin,Aston Martin,British,14,14,8,4.0,58,Finished,0,0,1,0
2022,22,Abu Dhabi Grand Prix,2022-11-20,yas_marina,Yas Marina Circuit,Abu Dhabi,UAE,24.4672,54.6031,ricciardo,RIC,Daniel Ricciardo,Australian,3,1989-07-01,mclaren,McLaren,British,10,13,9,2.0,58,Finished,0,0,1,0
2022,22,Abu Dhabi Grand Prix,2022-11-20,yas_marina,Yas Marina Circuit,Abu Dhabi,UAE,24.4672,54.6031,vettel,VET,Sebastian Vettel,German,5,1987-07-03,aston_martin,Aston Martin,British,9,9,10,1.0,58,Finished,0,0,1,0
2022,22,Abu Dhabi Grand Prix,2022-11-20,yas_marina,Yas Marina Circuit,Abu Dhabi,UAE,24.4672,54.6031,tsunoda,TSU,Yuki Tsunoda,Japanese,22,2000-05-11,alphatauri,AlphaTauri,Italian,12,11,11,0.0,58,Finished,0,0,0,0
2022,22,Abu Dhabi Grand Prix,2022-11-20,yas_marina,Yas Marina Circuit,Abu Dhabi,UAE,24.4672,54.6031,zhou,ZHO,Guanyu Zhou,Chinese,24,1999-05-30,alfa,Alfa Romeo,Swiss,15,15,12,0.0,57,+1 Lap,0,0,0,0
2022,22,Abu Dhabi Grand Prix,2022-11-20,yas_marina,Yas Marina Circuit,Abu Dhabi,UAE,24.4672,54.6031,albon,ALB,Alexander Albon,Thai,23,1996-03-23,williams,Williams,British,19,19,13,0.0,57,+1 Lap,0,0,0,0
2022,22,Abu Dhabi Grand Prix,2022-11-20,yas_marina,Yas Marina Circuit,Abu Dhabi,UAE,24.4672,54.6031,gasly,GAS,Pierre Gasly,French,10,1996-02-07,alphatauri,AlphaTauri,Italian,17,17,14,0.0,57,+1 Lap,0,0,0,0
2022,22,Abu Dhabi Grand Prix,2022-11-20,yas_marina,Yas Marina Circuit,Abu Dhabi,UAE,24.4672,54.6031,bottas,BOT,Valtteri Bottas,Finnish,77,1989-08-28,alfa,Alfa Romeo,Swiss,18,18,15,0.0,57,+1 Lap,0,0,0,0
2022,22,Abu Dhabi Grand Prix,2022-11-20,yas_marina,Yas Marina Circuit,Abu Dhabi,UAE,24.4672,54.6031,mick_schumacher,MSC,Mick Schumacher,German,47,1999-03-22,haas,Haas F1 Team,American,13,12,16,0.0,57,+1 Lap,0,0,0,0
2022,22,Abu Dhabi Grand Prix,2022-11-20,yas_marina,Yas Marina Circuit,Abu Dhabi,UAE,24.4672,54.6031,kevin_magnussen,MAG,Kevin Magnussen,Danish,20,1992-10-05,haas,Haas F1 Team,American,16,16,17,0.0,57,+1 Lap,0,0,0,0
2022,22,Abu Dhabi Grand Prix,2022-11-20,yas_marina,Yas Marina Circuit,Abu Dhabi,UAE,24.4672,54.6031,hamilton,HAM,Lewis Hamilton,British,44,1985-01-07,mercedes,Mercedes,German,5,5,18,0.0,55,Hydraulics,0,0,0,1
2022,22,Abu Dhabi Grand Prix,2022-11-20,yas_marina,Yas Marina Circuit,Abu Dhabi,UAE,24.4672,54.6031,latifi,LAT,Nicholas Latifi,Canadian,6,1995-06-29,williams,Williams,British,20,20,19,0.0,55,Collision damage,0,0,0,1
2022,22,Abu Dhabi Grand Prix,2022-11-20,yas_marina,Yas Marina Circuit,Abu Dhabi,UAE,24.4672,54.6031,alonso,ALO,Fernando Alonso,Spanish,14,1981-07-29,alpine,Alpine F1 Team,French,11,10,20,0.0,27,Water leak,0,0,0,0
2023,1,Bahrain Grand Prix,2023-03-05,bahrain,Bahrain International Circuit,Sakhir,Bahrain,26.0325,50.5106,max_verstappen,VER,Max Verstappen,Dutch,3,1997-09-30,red_bull,Red Bull,Austrian,1,1,1,25.0,57,Finished,1,1,1,0
2023,1,Bahrain Grand Prix,2023-03-05,bahrain,Bahrain International Circuit,Sakhir,Bahrain,26.0325,50.5106,perez,PER,Sergio Pérez,Mexican,11,1990-01-26,red_bull,Red Bull,Austrian,2,2,2,18.0,57,Finished,0,1,1,0
2023,1,Bahrain Grand Prix,2023-03-05,bahrain,Bahrain International Circuit,Sakhir,Bahrain,26.0325,50.5106,alonso,ALO,Fernando Alonso,Spanish,14,1981-07-29,aston_martin,Aston Martin,British,5,5,3,15.0,57,Finished,0,1,1,0
2023,1,Bahrain Grand Prix,2023-03-05,bahrain,Bahrain International Circuit,Sakhir,Bahrain,26.0325,50.5106,sainz,SAI,Carlos Sainz,Spanish,55,1994-09-01,ferrari,Ferrari,Italian,4,4,4,12.0,57,Finished,0,0,1,0
2023,1,Bahrain Grand Prix,2023-03-05,bahrain,Bahrain International Circuit,Sakhir,Bahrain,26.0325,50.5106,hamilton,HAM,Lewis Hamilton,British,44,1985-01-07,mercedes,Mercedes,German,7,7,5,10.0,57,Finished,0,0,1,0
2023,1,Bahrain Grand Prix,2023-03-05,bahrain,Bahrain International Circuit,Sakhir,Bahrain,26.0325,50.5106,stroll,STR,Lance Stroll,Canadian,18,1998-10-29,aston_martin,Aston Martin,British,8,8,6,8.0,57,Finished,0,0,1,0
2023,1,Bahrain Grand Prix,2023-03-05,bahrain,Bahrain International Circuit,Sakhir,Bahrain,26.0325,50.5106,russell,RUS,George Russell,British,63,1998-02-15,mercedes,Mercedes,German,6,6,7,6.0,57,Finished,0,0,1,0
2023,1,Bahrain Grand Prix,2023-03-05,bahrain,Bahrain International Circuit,Sakhir,Bahrain,26.0325,50.5106,bottas,BOT,Valtteri Bottas,Finnish,77,1989-08-28,alfa,Alfa Romeo,Swiss,12,12,8,4.0,57,Finished,0,0,1,0
2023,1,Bahrain Grand Prix,2023-03-05,bahrain,Bahrain International Circuit,Sakhir,Bahrain,26.0325,50.5106,gasly,GAS,Pierre Gasly,French,10,1996-02-07,alpine,Alpine F1 Team,French,20,20,9,2.0,57,Finished,0,0,1,0
2023,1,Bahrain Grand Prix,2023-03-05,bahrain,Bahrain International Circuit,Sakhir,Bahrain,26.0325,50.5106,albon,ALB,Alexander Albon,Thai,23,1996-03-23,williams,Williams,British,15,15,10,1.0,57,Finished,0,0,1,0
2023,1,Bahrain Grand Prix,2023-03-05,bahrain,Bahrain International Circuit,Sakhir,Bahrain,26.0325,50.5106,tsunoda,TSU,Yuki Tsunoda,Japanese,22,2000-05-11,alphatauri,AlphaTauri,Italian,14,14,11,0.0,57,Finished,0,0,0,0
2023,1,Bahrain Grand Prix,2023-03-05,bahrain,Bahrain International Circuit,Sakhir,Bahrain,26.0325,50.5106,sargeant,SAR,Logan Sargeant,American,2,2000-12-31,williams,Williams,British,16,16,12,0.0,56,Lapped,0,0,0,0
2023,1,Bahrain Grand Prix,2023-03-05,bahrain,Bahrain International Circuit,Sakhir,Bahrain,26.0325,50.5106,kevin_magnussen,MAG,Kevin Magnussen,Danish,20,1992-10-05,haas,Haas F1 Team,American,17,17,13,0.0,56,Lapped,0,0,0,0
2023,1,Bahrain Grand Prix,2023-03-05,bahrain,Bahrain International Circuit,Sakhir,Bahrain,26.0325,50.5106,de_vries,DEV,Nyck de Vries,Dutch,21,1995-02-06,alphatauri,AlphaTauri,Italian,19,19,14,0.0,56,Lapped,0,0,0,0
2023,1,Bahrain Grand Prix,2023-03-05,bahrain,Bahrain International Circuit,Sakhir,Bahrain,26.0325,50.5106,hulkenberg,HUL,Nico Hülkenberg,German,27,1987-08-19,haas,Haas F1 Team,American,10,10,15,0.0,56,Lapped,0,0,0,0
2023,1,Bahrain Grand Prix,2023-03-05,bahrain,Bahrain International Circuit,Sakhir,Bahrain,26.0325,50.5106,zhou,ZHO,Guanyu Zhou,Chinese,24,1999-05-30,alfa,Alfa Romeo,Swiss,13,13,16,0.0,56,Lapped,0,0,0,0
2023,1,Bahrain Grand Prix,2023-03-05,bahrain,Bahrain International Circuit,Sakhir,Bahrain,26.0325,50.5106,norris,NOR,Lando Norris,British,1,1999-11-13,mclaren,McLaren,British,11,11,17,0.0,55,Lapped,0,0,0,0
2023,1,Bahrain Grand Prix,2023-03-05,bahrain,Bahrain International Circuit,Sakhir,Bahrain,26.0325,50.5106,ocon,OCO,Esteban Ocon,French,31,1996-09-17,alpine,Alpine F1 Team,French,9,9,18,0.0,41,Retired,0,0,0,1
2023,1,Bahrain Grand Prix,2023-03-05,bahrain,Bahrain International Circuit,Sakhir,Bahrain,26.0325,50.5106,leclerc,LEC,Charles Leclerc,Monegasque,16,1997-10-16,ferrari,Ferrari,Italian,3,3,19,0.0,39,Retired,0,0,0,1
2023,1,Bahrain Grand Prix,2023-03-05,bahrain,Bahrain International Circuit,Sakhir,Bahrain,26.0325,50.5106,piastri,PIA,Oscar Piastri,Australian,81,2001-04-06,mclaren,McLaren,British,18,18,20,0.0,13,Retired,0,0,0,1
2023,2,Saudi Arabian Grand Prix,2023-03-19,jeddah,Jeddah Corniche Circuit,Jeddah,Saudi Arabia,21.6319,39.1044,perez,PER,Sergio Pérez,Mexican,11,1990-01-26,red_bull,Red Bull,Austrian,1,1,1,25.0,50,Finished,1,1,1,0
2023,2,Saudi Arabian Grand Prix,2023-03-19,jeddah,Jeddah Corniche Circuit,Jeddah,Saudi Arabia,21.6319,39.1044,max_verstappen,VER,Max Verstappen,Dutch,3,1997-09-30,red_bull,Red Bull,Austrian,15,15,2,19.0,50,Finished,0,1,1,0
2023,2,Saudi Arabian Grand Prix,2023-03-19,jeddah,Jeddah Corniche Circuit,Jeddah,Saudi Arabia,21.6319,39.1044,alonso,ALO,Fernando Alonso,Spanish,14,1981-07-29,aston_martin,Aston Martin,British,3,2,3,15.0,50,Finished,0,1,1,0
2023,2,Saudi Arabian Grand Prix,2023-03-19,jeddah,Jeddah Corniche Circuit,Jeddah,Saudi Arabia,21.6319,39.1044,russell,RUS,George Russell,British,63,1998-02-15,mercedes,Mercedes,German,4,3,4,12.0,50,Finished,0,0,1,0
2023,2,Saudi Arabian Grand Prix,2023-03-19,jeddah,Jeddah Corniche Circuit,Jeddah,Saudi Arabia,21.6319,39.1044,hamilton,HAM,Lewis Hamilton,British,44,1985-01-07,mercedes,Mercedes,German,8,7,5,10.0,50,Finished,0,0,1,0
2023,2,Saudi Arabian Grand Prix,2023-03-19,jeddah,Jeddah Corniche Circuit,Jeddah,Saudi Arabia,21.6319,39.1044,sainz,SAI,Carlos Sainz,Spanish,55,1994-09-01,ferrari,Ferrari,Italian,5,4,6,8.0,50,Finished,0,0,1,0
2023,2,Saudi Arabian Grand Prix,2023-03-19,jeddah,Jeddah Corniche Circuit,Jeddah,Saudi Arabia,21.6319,39.1044,leclerc,LEC,Charles Leclerc,Monegasque,16,1997-10-16,ferrari,Ferrari,Italian,2,12,7,6.0,50,Finished,0,0,1,0
2023,2,Saudi Arabian Grand Prix,2023-03-19,jeddah,Jeddah Corniche Circuit,Jeddah,Saudi Arabia,21.6319,39.1044,ocon,OCO,Esteban Ocon,French,31,1996-09-17,alpine,Alpine F1 Team,French,7,6,8,4.0,50,Finished,0,0,1,0
2023,2,Saudi Arabian Grand Prix,2023-03-19,jeddah,Jeddah Corniche Circuit,Jeddah,Saudi Arabia,21.6319,39.1044,gasly,GAS,Pierre Gasly,French,10,1996-02-07,alpine,Alpine F1 Team,French,10,9,9,2.0,50,Finished,0,0,1,0
2023,2,Saudi Arabian Grand Prix,2023-03-19,jeddah,Jeddah Corniche Circuit,Jeddah,Saudi Arabia,21.6319,39.1044,kevin_magnussen,MAG,Kevin Magnussen,Danish,20,1992-10-05,haas,Haas F1 Team,American,13,13,10,1.0,50,Finished,0,0,1,0
2023,2,Saudi Arabian Grand Prix,2023-03-19,jeddah,Jeddah Corniche Circuit,Jeddah,Saudi Arabia,21.6319,39.1044,tsunoda,TSU,Yuki Tsunoda,Japanese,22,2000-05-11,alphatauri,AlphaTauri,Italian,16,16,11,0.0,50,Finished,0,0,0,0
2023,2,Saudi Arabian Grand Prix,2023-03-19,jeddah,Jeddah Corniche Circuit,Jeddah,Saudi Arabia,21.6319,39.1044,hulkenberg,HUL,Nico Hülkenberg,German,27,1987-08-19,haas,Haas F1 Team,American,11,10,12,0.0,50,Finished,0,0,0,0
2023,2,Saudi Arabian Grand Prix,2023-03-19,jeddah,Jeddah Corniche Circuit,Jeddah,Saudi Arabia,21.6319,39.1044,zhou,ZHO,Guanyu Zhou,Chinese,24,1999-05-30,alfa,Alfa Romeo,Swiss,12,11,13,0.0,50,Finished,0,0,0,0
2023,2,Saudi Arabian Grand Prix,2023-03-19,jeddah,Jeddah Corniche Circuit,Jeddah,Saudi Arabia,21.6319,39.1044,de_vries,DEV,Nyck de Vries,Dutch,21,1995-02-06,alphatauri,AlphaTauri,Italian,18,18,14,0.0,50,Finished,0,0,0,0
2023,2,Saudi Arabian Grand Prix,2023-03-19,jeddah,Jeddah Corniche Circuit,Jeddah,Saudi Arabia,21.6319,39.1044,piastri,PIA,Oscar Piastri,Australian,81,2001-04-06,mclaren,McLaren,British,9,8,15,0.0,50,Finished,0,0,0,0
2023,2,Saudi Arabian Grand Prix,2023-03-19,jeddah,Jeddah Corniche Circuit,Jeddah,Saudi Arabia,21.6319,39.1044,sargeant,SAR,Logan Sargeant,American,2,2000-12-31,williams,Williams,British,20,20,16,0.0,50,Finished,0,0,0,0
2023,2,Saudi Arabian Grand Prix,2023-03-19,jeddah,Jeddah Corniche Circuit,Jeddah,Saudi Arabia,21.6319,39.1044,norris,NOR,Lando Norris,British,1,1999-11-13,mclaren,McLaren,British,19,19,17,0.0,50,Finished,0,0,0,0
2023,2,Saudi Arabian Grand Prix,2023-03-19,jeddah,Jeddah Corniche Circuit,Jeddah,Saudi Arabia,21.6319,39.1044,bottas,BOT,Valtteri Bottas,Finnish,77,1989-08-28,alfa,Alfa Romeo,Swiss,14,14,18,0.0,49,Lapped,0,0,0,0
2023,2,Saudi Arabian Grand Prix,2023-03-19,jeddah,Jeddah Corniche Circuit,Jeddah,Saudi Arabia,21.6319,39.1044,albon,ALB,Alexander Albon,Thai,23,1996-03-23,williams,Williams,British,17,17,19,0.0,27,Retired,0,0,0,1
2023,2,Saudi Arabian Grand Prix,2023-03-19,jeddah,Jeddah Corniche Circuit,Jeddah,Saudi Arabia,21.6319,39.1044,stroll,STR,Lance Stroll,Canadian,18,1998-10-29,aston_martin,Aston Martin,British,6,5,20,0.0,16,Retired,0,0,0,1
2023,3,Australian Grand Prix,2023-04-02,albert_park,Albert Park Grand Prix Circuit,Melbourne,Australia,-37.8497,144.968,max_verstappen,VER,Max Verstappen,Dutch,3,1997-09-30,red_bull,Red Bull,Austrian,1,1,1,25.0,58,Finished,1,1,1,0
2023,3,Australian Grand Prix,2023-04-02,albert_park,Albert Park Grand Prix Circuit,Melbourne,Australia,-37.8497,144.968,hamilton,HAM,Lewis Hamilton,British,44,1985-01-07,mercedes,Mercedes,German,3,3,2,18.0,58,Finished,0,1,1,0
2023,3,Australian Grand Prix,2023-04-02,albert_park,Albert Park Grand Prix Circuit,Melbourne,Australia,-37.8497,144.968,alonso,ALO,Fernando Alonso,Spanish,14,1981-07-29,aston_martin,Aston Martin,British,4,4,3,15.0,58,Finished,0,1,1,0
2023,3,Australian Grand Prix,2023-04-02,albert_park,Albert Park Grand Prix Circuit,Melbourne,Australia,-37.8497,144.968,stroll,STR,Lance Stroll,Canadian,18,1998-10-29,aston_martin,Aston Martin,British,6,6,4,12.0,58,Finished,0,0,1,0
2023,3,Australian Grand Prix,2023-04-02,albert_park,Albert Park Grand Prix Circuit,Melbourne,Australia,-37.8497,144.968,perez,PER,Sergio Pérez,Mexican,11,1990-01-26,red_bull,Red Bull,Austrian,20,20,5,11.0,58,Finished,0,0,1,0
2023,3,Australian Grand Prix,2023-04-02,albert_park,Albert Park Grand Prix Circuit,Melbourne,Australia,-37.8497,144.968,norris,NOR,Lando Norris,British,1,1999-11-13,mclaren,McLaren,British,13,13,6,8.0,58,Finished,0,0,1,0
2023,3,Australian Grand Prix,2023-04-02,albert_park,Albert Park Grand Prix Circuit,Melbourne,Australia,-37.8497,144.968,hulkenberg,HUL,Nico Hülkenberg,German,27,1987-08-19,haas,Haas F1 Team,American,10,10,7,6.0,58,Finished,0,0,1,0
2023,3,Australian Grand Prix,2023-04-02,albert_park,Albert Park Grand Prix Circuit,Melbourne,Australia,-37.8497,144.968,piastri,PIA,Oscar Piastri,Australian,81,2001-04-06,mclaren,McLaren,British,16,16,8,4.0,58,Finished,0,0,1,0
2023,3,Australian Grand Prix,2023-04-02,albert_park,Albert Park Grand Prix Circuit,Melbourne,Australia,-37.8497,144.968,zhou,ZHO,Guanyu Zhou,Chinese,24,1999-05-30,alfa,Alfa Romeo,Swiss,17,17,9,2.0,58,Finished,0,0,1,0
2023,3,Australian Grand Prix,2023-04-02,albert_park,Albert Park Grand Prix Circuit,Melbourne,Australia,-37.8497,144.968,tsunoda,TSU,Yuki Tsunoda,Japanese,22,2000-05-11,alphatauri,AlphaTauri,Italian,12,12,10,1.0,58,Finished,0,0,1,0
2023,3,Australian Grand Prix,2023-04-02,albert_park,Albert Park Grand Prix Circuit,Melbourne,Australia,-37.8497,144.968,bottas,BOT,Valtteri Bottas,Finnish,77,1989-08-28,alfa,Alfa Romeo,Swiss,19,19,11,0.0,58,Finished,0,0,0,0
2023,3,Australian Grand Prix,2023-04-02,albert_park,Albert Park Grand Prix Circuit,Melbourne,Australia,-37.8497,144.968,sainz,SAI,Carlos Sainz,Spanish,55,1994-09-01,ferrari,Ferrari,Italian,5,5,12,0.0,58,Finished,0,0,0,0
2023,3,Australian Grand Prix,2023-04-02,albert_park,Albert Park Grand Prix Circuit,Melbourne,Australia,-37.8497,144.968,gasly,GAS,Pierre Gasly,French,10,1996-02-07,alpine,Alpine F1 Team,French,9,9,13,0.0,56,Retired,0,0,0,1
2023,3,Australian Grand Prix,2023-04-02,albert_park,Albert Park Grand Prix Circuit,Melbourne,Australia,-37.8497,144.968,ocon,OCO,Esteban Ocon,French,31,1996-09-17,alpine,Alpine F1 Team,French,11,11,14,0.0,56,Retired,0,0,0,1
2023,3,Australian Grand Prix,2023-04-02,albert_park,Albert Park Grand Prix Circuit,Melbourne,Australia,-37.8497,144.968,de_vries,DEV,Nyck de Vries,Dutch,21,1995-02-06,alphatauri,AlphaTauri,Italian,15,15,15,0.0,56,Retired,0,0,0,1
2023,3,Australian Grand Prix,2023-04-02,albert_park,Albert Park Grand Prix Circuit,Melbourne,Australia,-37.8497,144.968,sargeant,SAR,Logan Sargeant,American,2,2000-12-31,williams,Williams,British,18,18,16,0.0,56,Retired,0,0,0,1
2023,3,Australian Grand Prix,2023-04-02,albert_park,Albert Park Grand Prix Circuit,Melbourne,Australia,-37.8497,144.968,kevin_magnussen,MAG,Kevin Magnussen,Danish,20,1992-10-05,haas,Haas F1 Team,American,14,14,17,0.0,52,Retired,0,0,0,1
2023,3,Australian Grand Prix,2023-04-02,albert_park,Albert Park Grand Prix Circuit,Melbourne,Australia,-37.8497,144.968,russell,RUS,George Russell,British,63,1998-02-15,mercedes,Mercedes,German,2,2,18,0.0,17,Retired,0,0,0,1
2023,3,Australian Grand Prix,2023-04-02,albert_park,Albert Park Grand Prix Circuit,Melbourne,Australia,-37.8497,144.968,albon,ALB,Alexander Albon,Thai,23,1996-03-23,williams,Williams,British,8,8,19,0.0,6,Retired,0,0,0,1
2023,3,Australian Grand Prix,2023-04-02,albert_park,Albert Park Grand Prix Circuit,Melbourne,Australia,-37.8497,144.968,leclerc,LEC,Charles Leclerc,Monegasque,16,1997-10-16,ferrari,Ferrari,Italian,7,7,20,0.0,0,Retired,0,0,0,1
2023,4,Azerbaijan Grand Prix,2023-04-30,baku,Baku City Circuit,Baku,Azerbaijan,40.3725,49.8533,perez,PER,Sergio Pérez,Mexican,11,1990-01-26,red_bull,Red Bull,Austrian,3,3,1,25.0,51,Finished,1,1,1,0
2023,4,Azerbaijan Grand Prix,2023-04-30,baku,Baku City Circuit,Baku,Azerbaijan,40.3725,49.8533,max_verstappen,VER,Max Verstappen,Dutch,3,1997-09-30,red_bull,Red Bull,Austrian,2,2,2,18.0,51,Finished,0,1,1,0
2023,4,Azerbaijan Grand Prix,2023-04-30,baku,Baku City Circuit,Baku,Azerbaijan,40.3725,49.8533,leclerc,LEC,Charles Leclerc,Monegasque,16,1997-10-16,ferrari,Ferrari,Italian,1,1,3,15.0,51,Finished,0,1,1,0
2023,4,Azerbaijan Grand Prix,2023-04-30,baku,Baku City Circuit,Baku,Azerbaijan,40.3725,49.8533,alonso,ALO,Fernando Alonso,Spanish,14,1981-07-29,aston_martin,Aston Martin,British,6,6,4,12.0,51,Finished,0,0,1,0
2023,4,Azerbaijan Grand Prix,2023-04-30,baku,Baku City Circuit,Baku,Azerbaijan,40.3725,49.8533,sainz,SAI,Carlos Sainz,Spanish,55,1994-09-01,ferrari,Ferrari,Italian,4,4,5,10.0,51,Finished,0,0,1,0
2023,4,Azerbaijan Grand Prix,2023-04-30,baku,Baku City Circuit,Baku,Azerbaijan,40.3725,49.8533,hamilton,HAM,Lewis Hamilton,British,44,1985-01-07,mercedes,Mercedes,German,5,5,6,8.0,51,Finished,0,0,1,0
2023,4,Azerbaijan Grand Prix,2023-04-30,baku,Baku City Circuit,Baku,Azerbaijan,40.3725,49.8533,stroll,STR,Lance Stroll,Canadian,18,1998-10-29,aston_martin,Aston Martin,British,9,9,7,6.0,51,Finished,0,0,1,0
2023,4,Azerbaijan Grand Prix,2023-04-30,baku,Baku City Circuit,Baku,Azerbaijan,40.3725,49.8533,russell,RUS,George Russell,British,63,1998-02-15,mercedes,Mercedes,German,11,11,8,5.0,51,Finished,0,0,1,0
2023,4,Azerbaijan Grand Prix,2023-04-30,baku,Baku City Circuit,Baku,Azerbaijan,40.3725,49.8533,norris,NOR,Lando Norris,British,1,1999-11-13,mclaren,McLaren,British,7,7,9,2.0,51,Finished,0,0,1,0
2023,4,Azerbaijan Grand Prix,2023-04-30,baku,Baku City Circuit,Baku,Azerbaijan,40.3725,49.8533,tsunoda,TSU,Yuki Tsunoda,Japanese,22,2000-05-11,alphatauri,AlphaTauri,Italian,8,8,10,1.0,51,Finished,0,0,1,0
2023,4,Azerbaijan Grand Prix,2023-04-30,baku,Baku City Circuit,Baku,Azerbaijan,40.3725,49.8533,piastri,PIA,Oscar Piastri,Australian,81,2001-04-06,mclaren,McLaren,British,10,10,11,0.0,51,Finished,0,0,0,0
2023,4,Azerbaijan Grand Prix,2023-04-30,baku,Baku City Circuit,Baku,Azerbaijan,40.3725,49.8533,albon,ALB,Alexander Albon,Thai,23,1996-03-23,williams,Williams,British,13,12,12,0.0,51,Finished,0,0,0,0
2023,4,Azerbaijan Grand Prix,2023-04-30,baku,Baku City Circuit,Baku,Azerbaijan,40.3725,49.8533,kevin_magnussen,MAG,Kevin Magnussen,Danish,20,1992-10-05,haas,Haas F1 Team,American,18,16,13,0.0,51,Finished,0,0,0,0
2023,4,Azerbaijan Grand Prix,2023-04-30,baku,Baku City Circuit,Baku,Azerbaijan,40.3725,49.8533,gasly,GAS,Pierre Gasly,French,10,1996-02-07,alpine,Alpine F1 Team,French,19,17,14,0.0,51,Finished,0,0,0,0
2023,4,Azerbaijan Grand Prix,2023-04-30,baku,Baku City Circuit,Baku,Azerbaijan,40.3725,49.8533,ocon,OCO,Esteban Ocon,French,31,1996-09-17,alpine,Alpine F1 Team,French,12,19,15,0.0,51,Finished,0,0,0,0
2023,4,Azerbaijan Grand Prix,2023-04-30,baku,Baku City Circuit,Baku,Azerbaijan,40.3725,49.8533,sargeant,SAR,Logan Sargeant,American,2,2000-12-31,williams,Williams,British,15,14,16,0.0,51,Finished,0,0,0,0
2023,4,Azerbaijan Grand Prix,2023-04-30,baku,Baku City Circuit,Baku,Azerbaijan,40.3725,49.8533,hulkenberg,HUL,Nico Hülkenberg,German,27,1987-08-19,haas,Haas F1 Team,American,17,20,17,0.0,50,Lapped,0,0,0,0
2023,4,Azerbaijan Grand Prix,2023-04-30,baku,Baku City Circuit,Baku,Azerbaijan,40.3725,49.8533,bottas,BOT,Valtteri Bottas,Finnish,77,1989-08-28,alfa,Alfa Romeo,Swiss,14,13,18,0.0,50,Lapped,0,0,0,0
2023,4,Azerbaijan Grand Prix,2023-04-30,baku,Baku City Circuit,Baku,Azerbaijan,40.3725,49.8533,zhou,ZHO,Guanyu Zhou,Chinese,24,1999-05-30,alfa,Alfa Romeo,Swiss,16,15,19,0.0,36,Retired,0,0,0,1
2023,4,Azerbaijan Grand Prix,2023-04-30,baku,Baku City Circuit,Baku,Azerbaijan,40.3725,49.8533,de_vries,DEV,Nyck de Vries,Dutch,21,1995-02-06,alphatauri,AlphaTauri,Italian,20,18,20,0.0,9,Retired,0,0,0,1
2023,5,Miami Grand Prix,2023-05-07,miami,Miami International Autodrome,Miami,USA,25.9581,-80.2389,max_verstappen,VER,Max Verstappen,Dutch,3,1997-09-30,red_bull,Red Bull,Austrian,9,9,1,26.0,57,Finished,1,1,1,0
2023,5,Miami Grand Prix,2023-05-07,miami,Miami International Autodrome,Miami,USA,25.9581,-80.2389,perez,PER,Sergio Pérez,Mexican,11,1990-01-26,red_bull,Red Bull,Austrian,1,1,2,18.0,57,Finished,0,1,1,0
2023,5,Miami Grand Prix,2023-05-07,miami,Miami International Autodrome,Miami,USA,25.9581,-80.2389,alonso,ALO,Fernando Alonso,Spanish,14,1981-07-29,aston_martin,Aston Martin,British,2,2,3,15.0,57,Finished,0,1,1,0
2023,5,Miami Grand Prix,2023-05-07,miami,Miami International Autodrome,Miami,USA,25.9581,-80.2389,russell,RUS,George Russell,British,63,1998-02-15,mercedes,Mercedes,German,6,6,4,12.0,57,Finished,0,0,1,0
2023,5,Miami Grand Prix,2023-05-07,miami,Miami International Autodrome,Miami,USA,25.9581,-80.2389,sainz,SAI,Carlos Sainz,Spanish,55,1994-09-01,ferrari,Ferrari,Italian,3,3,5,10.0,57,Finished,0,0,1,0
2023,5,Miami Grand Prix,2023-05-07,miami,Miami International Autodrome,Miami,USA,25.9581,-80.2389,hamilton,HAM,Lewis Hamilton,British,44,1985-01-07,mercedes,Mercedes,German,13,13,6,8.0,57,Finished,0,0,1,0
2023,5,Miami Grand Prix,2023-05-07,miami,Miami International Autodrome,Miami,USA,25.9581,-80.2389,leclerc,LEC,Charles Leclerc,Monegasque,16,1997-10-16,ferrari,Ferrari,Italian,7,7,7,6.0,57,Finished,0,0,1,0
2023,5,Miami Grand Prix,2023-05-07,miami,Miami International Autodrome,Miami,USA,25.9581,-80.2389,gasly,GAS,Pierre Gasly,French,10,1996-02-07,alpine,Alpine F1 Team,French,5,5,8,4.0,57,Finished,0,0,1,0
2023,5,Miami Grand Prix,2023-05-07,miami,Miami International Autodrome,Miami,USA,25.9581,-80.2389,ocon,OCO,Esteban Ocon,French,31,1996-09-17,alpine,Alpine F1 Team,French,8,8,9,2.0,57,Finished,0,0,1,0
2023,5,Miami Grand Prix,2023-05-07,miami,Miami International Autodrome,Miami,USA,25.9581,-80.2389,kevin_magnussen,MAG,Kevin Magnussen,Danish,20,1992-10-05,haas,Haas F1 Team,American,4,4,10,1.0,57,Finished,0,0,1,0
2023,5,Miami Grand Prix,2023-05-07,miami,Miami International Autodrome,Miami,USA,25.9581,-80.2389,tsunoda,TSU,Yuki Tsunoda,Japanese,22,2000-05-11,alphatauri,AlphaTauri,Italian,17,17,11,0.0,57,Finished,0,0,0,0
2023,5,Miami Grand Prix,2023-05-07,miami,Miami International Autodrome,Miami,USA,25.9581,-80.2389,stroll,STR,Lance Stroll,Canadian,18,1998-10-29,aston_martin,Aston Martin,British,18,18,12,0.0,57,Finished,0,0,0,0
2023,5,Miami Grand Prix,2023-05-07,miami,Miami International Autodrome,Miami,USA,25.9581,-80.2389,bottas,BOT,Valtteri Bottas,Finnish,77,1989-08-28,alfa,Alfa Romeo,Swiss,10,10,13,0.0,57,Finished,0,0,0,0
2023,5,Miami Grand Prix,2023-05-07,miami,Miami International Autodrome,Miami,USA,25.9581,-80.2389,albon,ALB,Alexander Albon,Thai,23,1996-03-23,williams,Williams,British,11,11,14,0.0,57,Finished,0,0,0,0
2023,5,Miami Grand Prix,2023-05-07,miami,Miami International Autodrome,Miami,USA,25.9581,-80.2389,hulkenberg,HUL,Nico Hülkenberg,German,27,1987-08-19,haas,Haas F1 Team,American,12,12,15,0.0,57,Finished,0,0,0,0
2023,5,Miami Grand Prix,2023-05-07,miami,Miami International Autodrome,Miami,USA,25.9581,-80.2389,zhou,ZHO,Guanyu Zhou,Chinese,24,1999-05-30,alfa,Alfa Romeo,Swiss,14,14,16,0.0,57,Finished,0,0,0,0
2023,5,Miami Grand Prix,2023-05-07,miami,Miami International Autodrome,Miami,USA,25.9581,-80.2389,norris,NOR,Lando Norris,British,1,1999-11-13,mclaren,McLaren,British,16,16,17,0.0,57,Finished,0,0,0,0
2023,5,Miami Grand Prix,2023-05-07,miami,Miami International Autodrome,Miami,USA,25.9581,-80.2389,de_vries,DEV,Nyck de Vries,Dutch,21,1995-02-06,alphatauri,AlphaTauri,Italian,15,15,18,0.0,57,Finished,0,0,0,0
2023,5,Miami Grand Prix,2023-05-07,miami,Miami International Autodrome,Miami,USA,25.9581,-80.2389,piastri,PIA,Oscar Piastri,Australian,81,2001-04-06,mclaren,McLaren,British,19,19,19,0.0,56,Lapped,0,0,0,0
2023,5,Miami Grand Prix,2023-05-07,miami,Miami International Autodrome,Miami,USA,25.9581,-80.2389,sargeant,SAR,Logan Sargeant,American,2,2000-12-31,williams,Williams,British,20,20,20,0.0,56,Lapped,0,0,0,0
2023,6,Monaco Grand Prix,2023-05-28,monaco,Circuit de Monaco,Monte Carlo,Monaco,43.7347,7.42056,max_verstappen,VER,Max Verstappen,Dutch,3,1997-09-30,red_bull,Red Bull,Austrian,1,1,1,25.0,78,Finished,1,1,1,0
2023,6,Monaco Grand Prix,2023-05-28,monaco,Circuit de Monaco,Monte Carlo,Monaco,43.7347,7.42056,alonso,ALO,Fernando Alonso,Spanish,14,1981-07-29,aston_martin,Aston Martin,British,2,2,2,18.0,78,Finished,0,1,1,0
2023,6,Monaco Grand Prix,2023-05-28,monaco,Circuit de Monaco,Monte Carlo,Monaco,43.7347,7.42056,ocon,OCO,Esteban Ocon,French,31,1996-09-17,alpine,Alpine F1 Team,French,4,3,3,15.0,78,Finished,0,1,1,0
2023,6,Monaco Grand Prix,2023-05-28,monaco,Circuit de Monaco,Monte Carlo,Monaco,43.7347,7.42056,hamilton,HAM,Lewis Hamilton,British,44,1985-01-07,mercedes,Mercedes,German,6,5,4,13.0,78,Finished,0,0,1,0
2023,6,Monaco Grand Prix,2023-05-28,monaco,Circuit de Monaco,Monte Carlo,Monaco,43.7347,7.42056,russell,RUS,George Russell,British,63,1998-02-15,mercedes,Mercedes,German,8,8,5,10.0,78,Finished,0,0,1,0
2023,6,Monaco Grand Prix,2023-05-28,monaco,Circuit de Monaco,Monte Carlo,Monaco,43.7347,7.42056,leclerc,LEC,Charles Leclerc,Monegasque,16,1997-10-16,ferrari,Ferrari,Italian,3,6,6,8.0,78,Finished,0,0,1,0
2023,6,Monaco Grand Prix,2023-05-28,monaco,Circuit de Monaco,Monte Carlo,Monaco,43.7347,7.42056,gasly,GAS,Pierre Gasly,French,10,1996-02-07,alpine,Alpine F1 Team,French,7,7,7,6.0,78,Finished,0,0,1,0
2023,6,Monaco Grand Prix,2023-05-28,monaco,Circuit de Monaco,Monte Carlo,Monaco,43.7347,7.42056,sainz,SAI,Carlos Sainz,Spanish,55,1994-09-01,ferrari,Ferrari,Italian,5,4,8,4.0,78,Finished,0,0,1,0
2023,6,Monaco Grand Prix,2023-05-28,monaco,Circuit de Monaco,Monte Carlo,Monaco,43.7347,7.42056,norris,NOR,Lando Norris,British,1,1999-11-13,mclaren,McLaren,British,10,10,9,2.0,77,Lapped,0,0,1,0
2023,6,Monaco Grand Prix,2023-05-28,monaco,Circuit de Monaco,Monte Carlo,Monaco,43.7347,7.42056,piastri,PIA,Oscar Piastri,Australian,81,2001-04-06,mclaren,McLaren,British,11,11,10,1.0,77,Lapped,0,0,1,0
2023,6,Monaco Grand Prix,2023-05-28,monaco,Circuit de Monaco,Monte Carlo,Monaco,43.7347,7.42056,bottas,BOT,Valtteri Bottas,Finnish,77,1989-08-28,alfa,Alfa Romeo,Swiss,15,15,11,0.0,77,Lapped,0,0,0,0
2023,6,Monaco Grand Prix,2023-05-28,monaco,Circuit de Monaco,Monte Carlo,Monaco,43.7347,7.42056,de_vries,DEV,Nyck de Vries,Dutch,21,1995-02-06,alphatauri,AlphaTauri,Italian,12,12,12,0.0,77,Lapped,0,0,0,0
2023,6,Monaco Grand Prix,2023-05-28,monaco,Circuit de Monaco,Monte Carlo,Monaco,43.7347,7.42056,zhou,ZHO,Guanyu Zhou,Chinese,24,1999-05-30,alfa,Alfa Romeo,Swiss,19,19,13,0.0,77,Lapped,0,0,0,0
2023,6,Monaco Grand Prix,2023-05-28,monaco,Circuit de Monaco,Monte Carlo,Monaco,43.7347,7.42056,albon,ALB,Alexander Albon,Thai,23,1996-03-23,williams,Williams,British,13,13,14,0.0,77,Lapped,0,0,0,0
2023,6,Monaco Grand Prix,2023-05-28,monaco,Circuit de Monaco,Monte Carlo,Monaco,43.7347,7.42056,tsunoda,TSU,Yuki Tsunoda,Japanese,22,2000-05-11,alphatauri,AlphaTauri,Italian,9,9,15,0.0,76,Lapped,0,0,0,0
2023,6,Monaco Grand Prix,2023-05-28,monaco,Circuit de Monaco,Monte Carlo,Monaco,43.7347,7.42056,perez,PER,Sergio Pérez,Mexican,11,1990-01-26,red_bull,Red Bull,Austrian,20,20,16,0.0,76,Lapped,0,0,0,0
2023,6,Monaco Grand Prix,2023-05-28,monaco,Circuit de Monaco,Monte Carlo,Monaco,43.7347,7.42056,hulkenberg,HUL,Nico Hülkenberg,German,27,1987-08-19,haas,Haas F1 Team,American,18,18,17,0.0,76,Lapped,0,0,0,0
2023,6,Monaco Grand Prix,2023-05-28,monaco,Circuit de Monaco,Monte Carlo,Monaco,43.7347,7.42056,sargeant,SAR,Logan Sargeant,American,2,2000-12-31,williams,Williams,British,16,16,18,0.0,76,Lapped,0,0,0,0
2023,6,Monaco Grand Prix,2023-05-28,monaco,Circuit de Monaco,Monte Carlo,Monaco,43.7347,7.42056,kevin_magnussen,MAG,Kevin Magnussen,Danish,20,1992-10-05,haas,Haas F1 Team,American,17,17,19,0.0,70,Retired,0,0,0,1
2023,6,Monaco Grand Prix,2023-05-28,monaco,Circuit de Monaco,Monte Carlo,Monaco,43.7347,7.42056,stroll,STR,Lance Stroll,Canadian,18,1998-10-29,aston_martin,Aston Martin,British,14,14,20,0.0,53,Retired,0,0,0,1
2023,7,Spanish Grand Prix,2023-06-04,catalunya,Circuit de Barcelona-Catalunya,Barcelona,Spain,41.57,2.26111,max_verstappen,VER,Max Verstappen,Dutch,3,1997-09-30,red_bull,Red Bull,Austrian,1,1,1,26.0,66,Finished,1,1,1,0
2023,7,Spanish Grand Prix,2023-06-04,catalunya,Circuit de Barcelona-Catalunya,Barcelona,Spain,41.57,2.26111,hamilton,HAM,Lewis Hamilton,British,44,1985-01-07,mercedes,Mercedes,German,5,4,2,18.0,66,Finished,0,1,1,0
2023,7,Spanish Grand Prix,2023-06-04,catalunya,Circuit de Barcelona-Catalunya,Barcelona,Spain,41.57,2.26111,russell,RUS,George Russell,British,63,1998-02-15,mercedes,Mercedes,German,12,12,3,15.0,66,Finished,0,1,1,0
2023,7,Spanish Grand Prix,2023-06-04,catalunya,Circuit de Barcelona-Catalunya,Barcelona,Spain,41.57,2.26111,perez,PER,Sergio Pérez,Mexican,11,1990-01-26,red_bull,Red Bull,Austrian,11,11,4,12.0,66,Finished,0,0,1,0
2023,7,Spanish Grand Prix,2023-06-04,catalunya,Circuit de Barcelona-Catalunya,Barcelona,Spain,41.57,2.26111,sainz,SAI,Carlos Sainz,Spanish,55,1994-09-01,ferrari,Ferrari,Italian,2,2,5,10.0,66,Finished,0,0,1,0
2023,7,Spanish Grand Prix,2023-06-04,catalunya,Circuit de Barcelona-Catalunya,Barcelona,Spain,41.57,2.26111,stroll,STR,Lance Stroll,Canadian,18,1998-10-29,aston_martin,Aston Martin,British,6,5,6,8.0,66,Finished,0,0,1,0
2023,7,Spanish Grand Prix,2023-06-04,catalunya,Circuit de Barcelona-Catalunya,Barcelona,Spain,41.57,2.26111,alonso,ALO,Fernando Alonso,Spanish,14,1981-07-29,aston_martin,Aston Martin,British,9,8,7,6.0,66,Finished,0,0,1,0
2023,7,Spanish Grand Prix,2023-06-04,catalunya,Circuit de Barcelona-Catalunya,Barcelona,Spain,41.57,2.26111,ocon,OCO,Esteban Ocon,French,31,1996-09-17,alpine,Alpine F1 Team,French,7,6,8,4.0,66,Finished,0,0,1,0
2023,7,Spanish Grand Prix,2023-06-04,catalunya,Circuit de Barcelona-Catalunya,Barcelona,Spain,41.57,2.26111,zhou,ZHO,Guanyu Zhou,Chinese,24,1999-05-30,alfa,Alfa Romeo,Swiss,13,13,9,2.0,66,Finished,0,0,1,0
2023,7,Spanish Grand Prix,2023-06-04,catalunya,Circuit de Barcelona-Catalunya,Barcelona,Spain,41.57,2.26111,gasly,GAS,Pierre Gasly,French,10,1996-02-07,alpine,Alpine F1 Team,French,4,10,10,1.0,66,Finished,0,0,1,0
2023,7,Spanish Grand Prix,2023-06-04,catalunya,Circuit de Barcelona-Catalunya,Barcelona,Spain,41.57,2.26111,leclerc,LEC,Charles Leclerc,Monegasque,16,1997-10-16,ferrari,Ferrari,Italian,19,19,11,0.0,66,Finished,0,0,0,0
2023,7,Spanish Grand Prix,2023-06-04,catalunya,Circuit de Barcelona-Catalunya,Barcelona,Spain,41.57,2.26111,tsunoda,TSU,Yuki Tsunoda,Japanese,22,2000-05-11,alphatauri,AlphaTauri,Italian,15,15,12,0.0,66,Finished,0,0,0,0
2023,7,Spanish Grand Prix,2023-06-04,catalunya,Circuit de Barcelona-Catalunya,Barcelona,Spain,41.57,2.26111,piastri,PIA,Oscar Piastri,Australian,81,2001-04-06,mclaren,McLaren,British,10,9,13,0.0,65,Lapped,0,0,0,0
2023,7,Spanish Grand Prix,2023-06-04,catalunya,Circuit de Barcelona-Catalunya,Barcelona,Spain,41.57,2.26111,de_vries,DEV,Nyck de Vries,Dutch,21,1995-02-06,alphatauri,AlphaTauri,Italian,14,14,14,0.0,65,Lapped,0,0,0,0
2023,7,Spanish Grand Prix,2023-06-04,catalunya,Circuit de Barcelona-Catalunya,Barcelona,Spain,41.57,2.26111,hulkenberg,HUL,Nico Hülkenberg,German,27,1987-08-19,haas,Haas F1 Team,American,8,7,15,0.0,65,Lapped,0,0,0,0
2023,7,Spanish Grand Prix,2023-06-04,catalunya,Circuit de Barcelona-Catalunya,Barcelona,Spain,41.57,2.26111,albon,ALB,Alexander Albon,Thai,23,1996-03-23,williams,Williams,British,18,18,16,0.0,65,Lapped,0,0,0,0
2023,7,Spanish Grand Prix,2023-06-04,catalunya,Circuit de Barcelona-Catalunya,Barcelona,Spain,41.57,2.26111,norris,NOR,Lando Norris,British,1,1999-11-13,mclaren,McLaren,British,3,3,17,0.0,65,Lapped,0,0,0,0
2023,7,Spanish Grand Prix,2023-06-04,catalunya,Circuit de Barcelona-Catalunya,Barcelona,Spain,41.57,2.26111,kevin_magnussen,MAG,Kevin Magnussen,Danish,20,1992-10-05,haas,Haas F1 Team,American,17,17,18,0.0,65,Lapped,0,0,0,0
2023,7,Spanish Grand Prix,2023-06-04,catalunya,Circuit de Barcelona-Catalunya,Barcelona,Spain,41.57,2.26111,bottas,BOT,Valtteri Bottas,Finnish,77,1989-08-28,alfa,Alfa Romeo,Swiss,16,16,19,0.0,65,Lapped,0,0,0,0
2023,7,Spanish Grand Prix,2023-06-04,catalunya,Circuit de Barcelona-Catalunya,Barcelona,Spain,41.57,2.26111,sargeant,SAR,Logan Sargeant,American,2,2000-12-31,williams,Williams,British,20,20,20,0.0,65,Lapped,0,0,0,0
2023,8,Canadian Grand Prix,2023-06-18,villeneuve,Circuit Gilles Villeneuve,Montreal,Canada,45.5,-73.5228,max_verstappen,VER,Max Verstappen,Dutch,3,1997-09-30,red_bull,Red Bull,Austrian,1,1,1,25.0,70,Finished,1,1,1,0
2023,8,Canadian Grand Prix,2023-06-18,villeneuve,Circuit Gilles Villeneuve,Montreal,Canada,45.5,-73.5228,alonso,ALO,Fernando Alonso,Spanish,14,1981-07-29,aston_martin,Aston Martin,British,3,2,2,18.0,70,Finished,0,1,1,0
2023,8,Canadian Grand Prix,2023-06-18,villeneuve,Circuit Gilles Villeneuve,Montreal,Canada,45.5,-73.5228,hamilton,HAM,Lewis Hamilton,British,44,1985-01-07,mercedes,Mercedes,German,4,3,3,15.0,70,Finished,0,1,1,0
2023,8,Canadian Grand Prix,2023-06-18,villeneuve,Circuit Gilles Villeneuve,Montreal,Canada,45.5,-73.5228,leclerc,LEC,Charles Leclerc,Monegasque,16,1997-10-16,ferrari,Ferrari,Italian,11,10,4,12.0,70,Finished,0,0,1,0
2023,8,Canadian Grand Prix,2023-06-18,villeneuve,Circuit Gilles Villeneuve,Montreal,Canada,45.5,-73.5228,sainz,SAI,Carlos Sainz,Spanish,55,1994-09-01,ferrari,Ferrari,Italian,8,11,5,10.0,70,Finished,0,0,1,0
2023,8,Canadian Grand Prix,2023-06-18,villeneuve,Circuit Gilles Villeneuve,Montreal,Canada,45.5,-73.5228,perez,PER,Sergio Pérez,Mexican,11,1990-01-26,red_bull,Red Bull,Austrian,12,12,6,9.0,70,Finished,0,0,1,0
2023,8,Canadian Grand Prix,2023-06-18,villeneuve,Circuit Gilles Villeneuve,Montreal,Canada,45.5,-73.5228,albon,ALB,Alexander Albon,Thai,23,1996-03-23,williams,Williams,British,10,9,7,6.0,70,Finished,0,0,1,0
2023,8,Canadian Grand Prix,2023-06-18,villeneuve,Circuit Gilles Villeneuve,Montreal,Canada,45.5,-73.5228,ocon,OCO,Esteban Ocon,French,31,1996-09-17,alpine,Alpine F1 Team,French,6,6,8,4.0,70,Finished,0,0,1,0
2023,8,Canadian Grand Prix,2023-06-18,villeneuve,Circuit Gilles Villeneuve,Montreal,Canada,45.5,-73.5228,stroll,STR,Lance Stroll,Canadian,18,1998-10-29,aston_martin,Aston Martin,British,13,16,9,2.0,70,Finished,0,0,1,0
2023,8,Canadian Grand Prix,2023-06-18,villeneuve,Circuit Gilles Villeneuve,Montreal,Canada,45.5,-73.5228,bottas,BOT,Valtteri Bottas,Finnish,77,1989-08-28,alfa,Alfa Romeo,Swiss,15,14,10,1.0,70,Finished,0,0,1,0
2023,8,Canadian Grand Prix,2023-06-18,villeneuve,Circuit Gilles Villeneuve,Montreal,Canada,45.5,-73.5228,piastri,PIA,Oscar Piastri,Australian,81,2001-04-06,mclaren,McLaren,British,9,8,11,0.0,70,Finished,0,0,0,0
2023,8,Canadian Grand Prix,2023-06-18,villeneuve,Circuit Gilles Villeneuve,Montreal,Canada,45.5,-73.5228,gasly,GAS,Pierre Gasly,French,10,1996-02-07,alpine,Alpine F1 Team,French,17,15,12,0.0,70,Finished,0,0,0,0
2023,8,Canadian Grand Prix,2023-06-18,villeneuve,Circuit Gilles Villeneuve,Montreal,Canada,45.5,-73.5228,norris,NOR,Lando Norris,British,1,1999-11-13,mclaren,McLaren,British,7,7,13,0.0,70,Finished,0,0,0,0
2023,8,Canadian Grand Prix,2023-06-18,villeneuve,Circuit Gilles Villeneuve,Montreal,Canada,45.5,-73.5228,tsunoda,TSU,Yuki Tsunoda,Japanese,22,2000-05-11,alphatauri,AlphaTauri,Italian,16,19,14,0.0,70,Finished,0,0,0,0
2023,8,Canadian Grand Prix,2023-06-18,villeneuve,Circuit Gilles Villeneuve,Montreal,Canada,45.5,-73.5228,hulkenberg,HUL,Nico Hülkenberg,German,27,1987-08-19,haas,Haas F1 Team,American,2,5,15,0.0,69,Lapped,0,0,0,0
2023,8,Canadian Grand Prix,2023-06-18,villeneuve,Circuit Gilles Villeneuve,Montreal,Canada,45.5,-73.5228,zhou,ZHO,Guanyu Zhou,Chinese,24,1999-05-30,alfa,Alfa Romeo,Swiss,20,20,16,0.0,69,Lapped,0,0,0,0
2023,8,Canadian Grand Prix,2023-06-18,villeneuve,Circuit Gilles Villeneuve,Montreal,Canada,45.5,-73.5228,kevin_magnussen,MAG,Kevin Magnussen,Danish,20,1992-10-05,haas,Haas F1 Team,American,14,13,17,0.0,69,Lapped,0,0,0,0
2023,8,Canadian Grand Prix,2023-06-18,villeneuve,Circuit Gilles Villeneuve,Montreal,Canada,45.5,-73.5228,de_vries,DEV,Nyck de Vries,Dutch,21,1995-02-06,alphatauri,AlphaTauri,Italian,18,17,18,0.0,69,Lapped,0,0,0,0
2023,8,Canadian Grand Prix,2023-06-18,villeneuve,Circuit Gilles Villeneuve,Montreal,Canada,45.5,-73.5228,russell,RUS,George Russell,British,63,1998-02-15,mercedes,Mercedes,German,5,4,19,0.0,53,Retired,0,0,0,1
2023,8,Canadian Grand Prix,2023-06-18,villeneuve,Circuit Gilles Villeneuve,Montreal,Canada,45.5,-73.5228,sargeant,SAR,Logan Sargeant,American,2,2000-12-31,williams,Williams,British,19,18,20,0.0,6,Retired,0,0,0,1
2023,9,Austrian Grand Prix,2023-07-02,red_bull_ring,Red Bull Ring,Spielberg,Austria,47.2197,14.7647,max_verstappen,VER,Max Verstappen,Dutch,3,1997-09-30,red_bull,Red Bull,Austrian,1,1,1,26.0,71,Finished,1,1,1,0
2023,9,Austrian Grand Prix,2023-07-02,red_bull_ring,Red Bull Ring,Spielberg,Austria,47.2197,14.7647,leclerc,LEC,Charles Leclerc,Monegasque,16,1997-10-16,ferrari,Ferrari,Italian,2,2,2,18.0,71,Finished,0,1,1,0
2023,9,Austrian Grand Prix,2023-07-02,red_bull_ring,Red Bull Ring,Spielberg,Austria,47.2197,14.7647,perez,PER,Sergio Pérez,Mexican,11,1990-01-26,red_bull,Red Bull,Austrian,15,15,3,15.0,71,Finished,0,1,1,0
2023,9,Austrian Grand Prix,2023-07-02,red_bull_ring,Red Bull Ring,Spielberg,Austria,47.2197,14.7647,norris,NOR,Lando Norris,British,1,1999-11-13,mclaren,McLaren,British,4,4,4,12.0,71,Finished,0,0,1,0
2023,9,Austrian Grand Prix,2023-07-02,red_bull_ring,Red Bull Ring,Spielberg,Austria,47.2197,14.7647,alonso,ALO,Fernando Alonso,Spanish,14,1981-07-29,aston_martin,Aston Martin,British,7,7,5,10.0,71,Finished,0,0,1,0
2023,9,Austrian Grand Prix,2023-07-02,red_bull_ring,Red Bull Ring,Spielberg,Austria,47.2197,14.7647,sainz,SAI,Carlos Sainz,Spanish,55,1994-09-01,ferrari,Ferrari,Italian,3,3,6,8.0,71,Finished,0,0,1,0
2023,9,Austrian Grand Prix,2023-07-02,red_bull_ring,Red Bull Ring,Spielberg,Austria,47.2197,14.7647,russell,RUS,George Russell,British,63,1998-02-15,mercedes,Mercedes,German,11,11,7,6.0,71,Finished,0,0,1,0
2023,9,Austrian Grand Prix,2023-07-02,red_bull_ring,Red Bull Ring,Spielberg,Austria,47.2197,14.7647,hamilton,HAM,Lewis Hamilton,British,44,1985-01-07,mercedes,Mercedes,German,5,5,8,4.0,71,Finished,0,0,1,0
2023,9,Austrian Grand Prix,2023-07-02,red_bull_ring,Red Bull Ring,Spielberg,Austria,47.2197,14.7647,stroll,STR,Lance Stroll,Canadian,18,1998-10-29,aston_martin,Aston Martin,British,6,6,9,2.0,71,Finished,0,0,1,0
2023,9,Austrian Grand Prix,2023-07-02,red_bull_ring,Red Bull Ring,Spielberg,Austria,47.2197,14.7647,gasly,GAS,Pierre Gasly,French,10,1996-02-07,alpine,Alpine F1 Team,French,9,9,10,1.0,71,Finished,0,0,1,0
2023,9,Austrian Grand Prix,2023-07-02,red_bull_ring,Red Bull Ring,Spielberg,Austria,47.2197,14.7647,albon,ALB,Alexander Albon,Thai,23,1996-03-23,williams,Williams,British,10,10,11,0.0,71,Finished,0,0,0,0
2023,9,Austrian Grand Prix,2023-07-02,red_bull_ring,Red Bull Ring,Spielberg,Austria,47.2197,14.7647,zhou,ZHO,Guanyu Zhou,Chinese,24,1999-05-30,alfa,Alfa Romeo,Swiss,17,17,12,0.0,70,Lapped,0,0,0,0
2023,9,Austrian Grand Prix,2023-07-02,red_bull_ring,Red Bull Ring,Spielberg,Austria,47.2197,14.7647,sargeant,SAR,Logan Sargeant,American,2,2000-12-31,williams,Williams,British,18,18,13,0.0,70,Lapped,0,0,0,0
2023,9,Austrian Grand Prix,2023-07-02,red_bull_ring,Red Bull Ring,Spielberg,Austria,47.2197,14.7647,ocon,OCO,Esteban Ocon,French,31,1996-09-17,alpine,Alpine F1 Team,French,12,12,14,0.0,70,Lapped,0,0,0,0
2023,9,Austrian Grand Prix,2023-07-02,red_bull_ring,Red Bull Ring,Spielberg,Austria,47.2197,14.7647,bottas,BOT,Valtteri Bottas,Finnish,77,1989-08-28,alfa,Alfa Romeo,Swiss,14,14,15,0.0,70,Lapped,0,0,0,0
2023,9,Austrian Grand Prix,2023-07-02,red_bull_ring,Red Bull Ring,Spielberg,Austria,47.2197,14.7647,piastri,PIA,Oscar Piastri,Australian,81,2001-04-06,mclaren,McLaren,British,13,13,16,0.0,70,Lapped,0,0,0,0
2023,9,Austrian Grand Prix,2023-07-02,red_bull_ring,Red Bull Ring,Spielberg,Austria,47.2197,14.7647,de_vries,DEV,Nyck de Vries,Dutch,21,1995-02-06,alphatauri,AlphaTauri,Italian,20,20,17,0.0,70,Lapped,0,0,0,0
2023,9,Austrian Grand Prix,2023-07-02,red_bull_ring,Red Bull Ring,Spielberg,Austria,47.2197,14.7647,kevin_magnussen,MAG,Kevin Magnussen,Danish,20,1992-10-05,haas,Haas F1 Team,American,19,19,18,0.0,70,Lapped,0,0,0,0
2023,9,Austrian Grand Prix,2023-07-02,red_bull_ring,Red Bull Ring,Spielberg,Austria,47.2197,14.7647,tsunoda,TSU,Yuki Tsunoda,Japanese,22,2000-05-11,alphatauri,AlphaTauri,Italian,16,16,19,0.0,70,Lapped,0,0,0,0
2023,9,Austrian Grand Prix,2023-07-02,red_bull_ring,Red Bull Ring,Spielberg,Austria,47.2197,14.7647,hulkenberg,HUL,Nico Hülkenberg,German,27,1987-08-19,haas,Haas F1 Team,American,8,8,20,0.0,12,Retired,0,0,0,1
2023,10,British Grand Prix,2023-07-09,silverstone,Silverstone Circuit,Silverstone,UK,52.0786,-1.01694,max_verstappen,VER,Max Verstappen,Dutch,3,1997-09-30,red_bull,Red Bull,Austrian,1,1,1,26.0,52,Finished,1,1,1,0
2023,10,British Grand Prix,2023-07-09,silverstone,Silverstone Circuit,Silverstone,UK,52.0786,-1.01694,norris,NOR,Lando Norris,British,1,1999-11-13,mclaren,McLaren,British,2,2,2,18.0,52,Finished,0,1,1,0
2023,10,British Grand Prix,2023-07-09,silverstone,Silverstone Circuit,Silverstone,UK,52.0786,-1.01694,hamilton,HAM,Lewis Hamilton,British,44,1985-01-07,mercedes,Mercedes,German,7,7,3,15.0,52,Finished,0,1,1,0
2023,10,British Grand Prix,2023-07-09,silverstone,Silverstone Circuit,Silverstone,UK,52.0786,-1.01694,piastri,PIA,Oscar Piastri,Australian,81,2001-04-06,mclaren,McLaren,British,3,3,4,12.0,52,Finished,0,0,1,0
2023,10,British Grand Prix,2023-07-09,silverstone,Silverstone Circuit,Silverstone,UK,52.0786,-1.01694,russell,RUS,George Russell,British,63,1998-02-15,mercedes,Mercedes,German,6,6,5,10.0,52,Finished,0,0,1,0
2023,10,British Grand Prix,2023-07-09,silverstone,Silverstone Circuit,Silverstone,UK,52.0786,-1.01694,perez,PER,Sergio Pérez,Mexican,11,1990-01-26,red_bull,Red Bull,Austrian,15,15,6,8.0,52,Finished,0,0,1,0
2023,10,British Grand Prix,2023-07-09,silverstone,Silverstone Circuit,Silverstone,UK,52.0786,-1.01694,alonso,ALO,Fernando Alonso,Spanish,14,1981-07-29,aston_martin,Aston Martin,British,9,9,7,6.0,52,Finished,0,0,1,0
2023,10,British Grand Prix,2023-07-09,silverstone,Silverstone Circuit,Silverstone,UK,52.0786,-1.01694,albon,ALB,Alexander Albon,Thai,23,1996-03-23,williams,Williams,British,8,8,8,4.0,52,Finished,0,0,1,0
2023,10,British Grand Prix,2023-07-09,silverstone,Silverstone Circuit,Silverstone,UK,52.0786,-1.01694,leclerc,LEC,Charles Leclerc,Monegasque,16,1997-10-16,ferrari,Ferrari,Italian,4,4,9,2.0,52,Finished,0,0,1,0
2023,10,British Grand Prix,2023-07-09,silverstone,Silverstone Circuit,Silverstone,UK,52.0786,-1.01694,sainz,SAI,Carlos Sainz,Spanish,55,1994-09-01,ferrari,Ferrari,Italian,5,5,10,1.0,52,Finished,0,0,1,0
2023,10,British Grand Prix,2023-07-09,silverstone,Silverstone Circuit,Silverstone,UK,52.0786,-1.01694,sargeant,SAR,Logan Sargeant,American,2,2000-12-31,williams,Williams,British,14,14,11,0.0,52,Finished,0,0,0,0
2023,10,British Grand Prix,2023-07-09,silverstone,Silverstone Circuit,Silverstone,UK,52.0786,-1.01694,bottas,BOT,Valtteri Bottas,Finnish,77,1989-08-28,alfa,Alfa Romeo,Swiss,15,20,12,0.0,52,Finished,0,0,0,0
2023,10,British Grand Prix,2023-07-09,silverstone,Silverstone Circuit,Silverstone,UK,52.0786,-1.01694,hulkenberg,HUL,Nico Hülkenberg,German,27,1987-08-19,haas,Haas F1 Team,American,11,11,13,0.0,52,Finished,0,0,0,0
2023,10,British Grand Prix,2023-07-09,silverstone,Silverstone Circuit,Silverstone,UK,52.0786,-1.01694,stroll,STR,Lance Stroll,Canadian,18,1998-10-29,aston_martin,Aston Martin,British,12,12,14,0.0,52,Finished,0,0,0,0
2023,10,British Grand Prix,2023-07-09,silverstone,Silverstone Circuit,Silverstone,UK,52.0786,-1.01694,zhou,ZHO,Guanyu Zhou,Chinese,24,1999-05-30,alfa,Alfa Romeo,Swiss,17,17,15,0.0,52,Finished,0,0,0,0
2023,10,British Grand Prix,2023-07-09,silverstone,Silverstone Circuit,Silverstone,UK,52.0786,-1.01694,tsunoda,TSU,Yuki Tsunoda,Japanese,22,2000-05-11,alphatauri,AlphaTauri,Italian,16,16,16,0.0,52,Finished,0,0,0,0
2023,10,British Grand Prix,2023-07-09,silverstone,Silverstone Circuit,Silverstone,UK,52.0786,-1.01694,de_vries,DEV,Nyck de Vries,Dutch,21,1995-02-06,alphatauri,AlphaTauri,Italian,18,18,17,0.0,52,Finished,0,0,0,0
2023,10,British Grand Prix,2023-07-09,silverstone,Silverstone Circuit,Silverstone,UK,52.0786,-1.01694,gasly,GAS,Pierre Gasly,French,10,1996-02-07,alpine,Alpine F1 Team,French,10,10,18,0.0,46,Retired,0,0,0,1
2023,10,British Grand Prix,2023-07-09,silverstone,Silverstone Circuit,Silverstone,UK,52.0786,-1.01694,kevin_magnussen,MAG,Kevin Magnussen,Danish,20,1992-10-05,haas,Haas F1 Team,American,19,19,19,0.0,31,Retired,0,0,0,1
2023,10,British Grand Prix,2023-07-09,silverstone,Silverstone Circuit,Silverstone,UK,52.0786,-1.01694,ocon,OCO,Esteban Ocon,French,31,1996-09-17,alpine,Alpine F1 Team,French,13,13,20,0.0,9,Retired,0,0,0,1
2023,11,Hungarian Grand Prix,2023-07-23,hungaroring,Hungaroring,Budapest,Hungary,47.5789,19.2486,max_verstappen,VER,Max Verstappen,Dutch,3,1997-09-30,red_bull,Red Bull,Austrian,2,2,1,26.0,70,Finished,1,1,1,0
2023,11,Hungarian Grand Prix,2023-07-23,hungaroring,Hungaroring,Budapest,Hungary,47.5789,19.2486,norris,NOR,Lando Norris,British,1,1999-11-13,mclaren,McLaren,British,3,3,2,18.0,70,Finished,0,1,1,0
2023,11,Hungarian Grand Prix,2023-07-23,hungaroring,Hungaroring,Budapest,Hungary,47.5789,19.2486,perez,PER,Sergio Pérez,Mexican,11,1990-01-26,red_bull,Red Bull,Austrian,9,9,3,15.0,70,Finished,0,1,1,0
2023,11,Hungarian Grand Prix,2023-07-23,hungaroring,Hungaroring,Budapest,Hungary,47.5789,19.2486,hamilton,HAM,Lewis Hamilton,British,44,1985-01-07,mercedes,Mercedes,German,1,1,4,12.0,70,Finished,0,0,1,0
2023,11,Hungarian Grand Prix,2023-07-23,hungaroring,Hungaroring,Budapest,Hungary,47.5789,19.2486,piastri,PIA,Oscar Piastri,Australian,81,2001-04-06,mclaren,McLaren,British,4,4,5,10.0,70,Finished,0,0,1,0
2023,11,Hungarian Grand Prix,2023-07-23,hungaroring,Hungaroring,Budapest,Hungary,47.5789,19.2486,russell,RUS,George Russell,British,63,1998-02-15,mercedes,Mercedes,German,18,18,6,8.0,70,Finished,0,0,1,0
2023,11,Hungarian Grand Prix,2023-07-23,hungaroring,Hungaroring,Budapest,Hungary,47.5789,19.2486,leclerc,LEC,Charles Leclerc,Monegasque,16,1997-10-16,ferrari,Ferrari,Italian,6,6,7,6.0,70,Finished,0,0,1,0
2023,11,Hungarian Grand Prix,2023-07-23,hungaroring,Hungaroring,Budapest,Hungary,47.5789,19.2486,sainz,SAI,Carlos Sainz,Spanish,55,1994-09-01,ferrari,Ferrari,Italian,11,11,8,4.0,70,Finished,0,0,1,0
2023,11,Hungarian Grand Prix,2023-07-23,hungaroring,Hungaroring,Budapest,Hungary,47.5789,19.2486,alonso,ALO,Fernando Alonso,Spanish,14,1981-07-29,aston_martin,Aston Martin,British,8,8,9,2.0,70,Finished,0,0,1,0
2023,11,Hungarian Grand Prix,2023-07-23,hungaroring,Hungaroring,Budapest,Hungary,47.5789,19.2486,stroll,STR,Lance Stroll,Canadian,18,1998-10-29,aston_martin,Aston Martin,British,14,14,10,1.0,69,Lapped,0,0,1,0
2023,11,Hungarian Grand Prix,2023-07-23,hungaroring,Hungaroring,Budapest,Hungary,47.5789,19.2486,albon,ALB,Alexander Albon,Thai,23,1996-03-23,williams,Williams,British,16,16,11,0.0,69,Lapped,0,0,0,0
2023,11,Hungarian Grand Prix,2023-07-23,hungaroring,Hungaroring,Budapest,Hungary,47.5789,19.2486,bottas,BOT,Valtteri Bottas,Finnish,77,1989-08-28,alfa,Alfa Romeo,Swiss,7,7,12,0.0,69,Lapped,0,0,0,0
2023,11,Hungarian Grand Prix,2023-07-23,hungaroring,Hungaroring,Budapest,Hungary,47.5789,19.2486,ricciardo,RIC,Daniel Ricciardo,Australian,3,1989-07-01,alphatauri,AlphaTauri,Italian,13,13,13,0.0,69,Lapped,0,0,0,0
2023,11,Hungarian Grand Prix,2023-07-23,hungaroring,Hungaroring,Budapest,Hungary,47.5789,19.2486,hulkenberg,HUL,Nico Hülkenberg,German,27,1987-08-19,haas,Haas F1 Team,American,10,10,14,0.0,69,Lapped,0,0,0,0
2023,11,Hungarian Grand Prix,2023-07-23,hungaroring,Hungaroring,Budapest,Hungary,47.5789,19.2486,tsunoda,TSU,Yuki Tsunoda,Japanese,22,2000-05-11,alphatauri,AlphaTauri,Italian,17,17,15,0.0,69,Lapped,0,0,0,0
2023,11,Hungarian Grand Prix,2023-07-23,hungaroring,Hungaroring,Budapest,Hungary,47.5789,19.2486,zhou,ZHO,Guanyu Zhou,Chinese,24,1999-05-30,alfa,Alfa Romeo,Swiss,5,5,16,0.0,69,Lapped,0,0,0,0
2023,11,Hungarian Grand Prix,2023-07-23,hungaroring,Hungaroring,Budapest,Hungary,47.5789,19.2486,kevin_magnussen,MAG,Kevin Magnussen,Danish,20,1992-10-05,haas,Haas F1 Team,American,19,19,17,0.0,69,Lapped,0,0,0,0
2023,11,Hungarian Grand Prix,2023-07-23,hungaroring,Hungaroring,Budapest,Hungary,47.5789,19.2486,sargeant,SAR,Logan Sargeant,American,2,2000-12-31,williams,Williams,British,20,20,18,0.0,67,Retired,0,0,0,1
2023,11,Hungarian Grand Prix,2023-07-23,hungaroring,Hungaroring,Budapest,Hungary,47.5789,19.2486,ocon,OCO,Esteban Ocon,French,31,1996-09-17,alpine,Alpine F1 Team,French,12,12,19,0.0,2,Retired,0,0,0,1
2023,11,Hungarian Grand Prix,2023-07-23,hungaroring,Hungaroring,Budapest,Hungary,47.5789,19.2486,gasly,GAS,Pierre Gasly,French,10,1996-02-07,alpine,Alpine F1 Team,French,15,15,20,0.0,1,Retired,0,0,0,1
2023,12,Belgian Grand Prix,2023-07-30,spa,Circuit de Spa-Francorchamps,Spa,Belgium,50.4372,5.97139,max_verstappen,VER,Max Verstappen,Dutch,3,1997-09-30,red_bull,Red Bull,Austrian,1,6,1,25.0,44,Finished,1,1,1,0
2023,12,Belgian Grand Prix,2023-07-30,spa,Circuit de Spa-Francorchamps,Spa,Belgium,50.4372,5.97139,perez,PER,Sergio Pérez,Mexican,11,1990-01-26,red_bull,Red Bull,Austrian,3,2,2,18.0,44,Finished,0,1,1,0
2023,12,Belgian Grand Prix,2023-07-30,spa,Circuit de Spa-Francorchamps,Spa,Belgium,50.4372,5.97139,leclerc,LEC,Charles Leclerc,Monegasque,16,1997-10-16,ferrari,Ferrari,Italian,2,1,3,15.0,44,Finished,0,1,1,0
2023,12,Belgian Grand Prix,2023-07-30,spa,Circuit de Spa-Francorchamps,Spa,Belgium,50.4372,5.97139,hamilton,HAM,Lewis Hamilton,British,44,1985-01-07,mercedes,Mercedes,German,4,3,4,13.0,44,Finished,0,0,1,0
2023,12,Belgian Grand Prix,2023-07-30,spa,Circuit de Spa-Francorchamps,Spa,Belgium,50.4372,5.97139,alonso,ALO,Fernando Alonso,Spanish,14,1981-07-29,aston_martin,Aston Martin,British,9,9,5,10.0,44,Finished,0,0,1,0
2023,12,Belgian Grand Prix,2023-07-30,spa,Circuit de Spa-Francorchamps,Spa,Belgium,50.4372,5.97139,russell,RUS,George Russell,British,63,1998-02-15,mercedes,Mercedes,German,8,8,6,8.0,44,Finished,0,0,1,0
2023,12,Belgian Grand Prix,2023-07-30,spa,Circuit de Spa-Francorchamps,Spa,Belgium,50.4372,5.97139,norris,NOR,Lando Norris,British,1,1999-11-13,mclaren,McLaren,British,7,7,7,6.0,44,Finished,0,0,1,0
2023,12,Belgian Grand Prix,2023-07-30,spa,Circuit de Spa-Francorchamps,Spa,Belgium,50.4372,5.97139,ocon,OCO,Esteban Ocon,French,31,1996-09-17,alpine,Alpine F1 Team,French,15,14,8,4.0,44,Finished,0,0,1,0
2023,12,Belgian Grand Prix,2023-07-30,spa,Circuit de Spa-Francorchamps,Spa,Belgium,50.4372,5.97139,stroll,STR,Lance Stroll,Canadian,18,1998-10-29,aston_martin,Aston Martin,British,10,10,9,2.0,44,Finished,0,0,1,0
2023,12,Belgian Grand Prix,2023-07-30,spa,Circuit de Spa-Francorchamps,Spa,Belgium,50.4372,5.97139,tsunoda,TSU,Yuki Tsunoda,Japanese,22,2000-05-11,alphatauri,AlphaTauri,Italian,11,11,10,1.0,44,Finished,0,0,1,0
2023,12,Belgian Grand Prix,2023-07-30,spa,Circuit de Spa-Francorchamps,Spa,Belgium,50.4372,5.97139,gasly,GAS,Pierre Gasly,French,10,1996-02-07,alpine,Alpine F1 Team,French,12,12,11,0.0,44,Finished,0,0,0,0
2023,12,Belgian Grand Prix,2023-07-30,spa,Circuit de Spa-Francorchamps,Spa,Belgium,50.4372,5.97139,bottas,BOT,Valtteri Bottas,Finnish,77,1989-08-28,alfa,Alfa Romeo,Swiss,14,13,12,0.0,44,Finished,0,0,0,0
2023,12,Belgian Grand Prix,2023-07-30,spa,Circuit de Spa-Francorchamps,Spa,Belgium,50.4372,5.97139,zhou,ZHO,Guanyu Zhou,Chinese,24,1999-05-30,alfa,Alfa Romeo,Swiss,17,17,13,0.0,44,Finished,0,0,0,0
2023,12,Belgian Grand Prix,2023-07-30,spa,Circuit de Spa-Francorchamps,Spa,Belgium,50.4372,5.97139,albon,ALB,Alexander Albon,Thai,23,1996-03-23,williams,Williams,British,16,15,14,0.0,44,Finished,0,0,0,0
2023,12,Belgian Grand Prix,2023-07-30,spa,Circuit de Spa-Francorchamps,Spa,Belgium,50.4372,5.97139,kevin_magnussen,MAG,Kevin Magnussen,Danish,20,1992-10-05,haas,Haas F1 Team,American,13,16,15,0.0,44,Finished,0,0,0,0
2023,12,Belgian Grand Prix,2023-07-30,spa,Circuit de Spa-Francorchamps,Spa,Belgium,50.4372,5.97139,ricciardo,RIC,Daniel Ricciardo,Australian,3,1989-07-01,alphatauri,AlphaTauri,Italian,19,19,16,0.0,44,Finished,0,0,0,0
2023,12,Belgian Grand Prix,2023-07-30,spa,Circuit de Spa-Francorchamps,Spa,Belgium,50.4372,5.97139,sargeant,SAR,Logan Sargeant,American,2,2000-12-31,williams,Williams,British,18,18,17,0.0,44,Finished,0,0,0,0
2023,12,Belgian Grand Prix,2023-07-30,spa,Circuit de Spa-Francorchamps,Spa,Belgium,50.4372,5.97139,hulkenberg,HUL,Nico Hülkenberg,German,27,1987-08-19,haas,Haas F1 Team,American,20,20,18,0.0,44,Finished,0,0,0,0
2023,12,Belgian Grand Prix,2023-07-30,spa,Circuit de Spa-Francorchamps,Spa,Belgium,50.4372,5.97139,sainz,SAI,Carlos Sainz,Spanish,55,1994-09-01,ferrari,Ferrari,Italian,5,4,19,0.0,23,Retired,0,0,0,1
2023,12,Belgian Grand Prix,2023-07-30,spa,Circuit de Spa-Francorchamps,Spa,Belgium,50.4372,5.97139,piastri,PIA,Oscar Piastri,Australian,81,2001-04-06,mclaren,McLaren,British,6,5,20,0.0,0,Retired,0,0,0,1
2023,13,Dutch Grand Prix,2023-08-27,zandvoort,Circuit Park Zandvoort,Zandvoort,Netherlands,52.3888,4.54092,max_verstappen,VER,Max Verstappen,Dutch,3,1997-09-30,red_bull,Red Bull,Austrian,1,1,1,25.0,72,Finished,1,1,1,0
2023,13,Dutch Grand Prix,2023-08-27,zandvoort,Circuit Park Zandvoort,Zandvoort,Netherlands,52.3888,4.54092,alonso,ALO,Fernando Alonso,Spanish,14,1981-07-29,aston_martin,Aston Martin,British,5,5,2,19.0,72,Finished,0,1,1,0
2023,13,Dutch Grand Prix,2023-08-27,zandvoort,Circuit Park Zandvoort,Zandvoort,Netherlands,52.3888,4.54092,gasly,GAS,Pierre Gasly,French,10,1996-02-07,alpine,Alpine F1 Team,French,12,12,3,15.0,72,Finished,0,1,1,0
2023,13,Dutch Grand Prix,2023-08-27,zandvoort,Circuit Park Zandvoort,Zandvoort,Netherlands,52.3888,4.54092,perez,PER,Sergio Pérez,Mexican,11,1990-01-26,red_bull,Red Bull,Austrian,7,7,4,12.0,72,Finished,0,0,1,0
2023,13,Dutch Grand Prix,2023-08-27,zandvoort,Circuit Park Zandvoort,Zandvoort,Netherlands,52.3888,4.54092,sainz,SAI,Carlos Sainz,Spanish,55,1994-09-01,ferrari,Ferrari,Italian,6,6,5,10.0,72,Finished,0,0,1,0
2023,13,Dutch Grand Prix,2023-08-27,zandvoort,Circuit Park Zandvoort,Zandvoort,Netherlands,52.3888,4.54092,hamilton,HAM,Lewis Hamilton,British,44,1985-01-07,mercedes,Mercedes,German,13,13,6,8.0,72,Finished,0,0,1,0
2023,13,Dutch Grand Prix,2023-08-27,zandvoort,Circuit Park Zandvoort,Zandvoort,Netherlands,52.3888,4.54092,norris,NOR,Lando Norris,British,1,1999-11-13,mclaren,McLaren,British,2,2,7,6.0,72,Finished,0,0,1,0
2023,13,Dutch Grand Prix,2023-08-27,zandvoort,Circuit Park Zandvoort,Zandvoort,Netherlands,52.3888,4.54092,albon,ALB,Alexander Albon,Thai,23,1996-03-23,williams,Williams,British,4,4,8,4.0,72,Finished,0,0,1,0
2023,13,Dutch Grand Prix,2023-08-27,zandvoort,Circuit Park Zandvoort,Zandvoort,Netherlands,52.3888,4.54092,piastri,PIA,Oscar Piastri,Australian,81,2001-04-06,mclaren,McLaren,British,8,8,9,2.0,72,Finished,0,0,1,0
2023,13,Dutch Grand Prix,2023-08-27,zandvoort,Circuit Park Zandvoort,Zandvoort,Netherlands,52.3888,4.54092,ocon,OCO,Esteban Ocon,French,31,1996-09-17,alpine,Alpine F1 Team,French,17,16,10,1.0,72,Finished,0,0,1,0
2023,13,Dutch Grand Prix,2023-08-27,zandvoort,Circuit Park Zandvoort,Zandvoort,Netherlands,52.3888,4.54092,stroll,STR,Lance Stroll,Canadian,18,1998-10-29,aston_martin,Aston Martin,British,11,11,11,0.0,72,Finished,0,0,0,0
2023,13,Dutch Grand Prix,2023-08-27,zandvoort,Circuit Park Zandvoort,Zandvoort,Netherlands,52.3888,4.54092,hulkenberg,HUL,Nico Hülkenberg,German,27,1987-08-19,haas,Haas F1 Team,American,15,14,12,0.0,72,Finished,0,0,0,0
2023,13,Dutch Grand Prix,2023-08-27,zandvoort,Circuit Park Zandvoort,Zandvoort,Netherlands,52.3888,4.54092,lawson,LAW,Liam Lawson,New Zealander,30,2002-02-11,alphatauri,AlphaTauri,Italian,20,19,13,0.0,72,Finished,0,0,0,0
2023,13,Dutch Grand Prix,2023-08-27,zandvoort,Circuit Park Zandvoort,Zandvoort,Netherlands,52.3888,4.54092,bottas,BOT,Valtteri Bottas,Finnish,77,1989-08-28,alfa,Alfa Romeo,Swiss,19,18,14,0.0,72,Finished,0,0,0,0
2023,13,Dutch Grand Prix,2023-08-27,zandvoort,Circuit Park Zandvoort,Zandvoort,Netherlands,52.3888,4.54092,tsunoda,TSU,Yuki Tsunoda,Japanese,22,2000-05-11,alphatauri,AlphaTauri,Italian,14,17,15,0.0,72,Finished,0,0,0,0
2023,13,Dutch Grand Prix,2023-08-27,zandvoort,Circuit Park Zandvoort,Zandvoort,Netherlands,52.3888,4.54092,kevin_magnussen,MAG,Kevin Magnussen,Danish,20,1992-10-05,haas,Haas F1 Team,American,18,0,16,0.0,72,Finished,0,0,0,0
2023,13,Dutch Grand Prix,2023-08-27,zandvoort,Circuit Park Zandvoort,Zandvoort,Netherlands,52.3888,4.54092,russell,RUS,George Russell,British,63,1998-02-15,mercedes,Mercedes,German,3,3,17,0.0,72,Finished,0,0,0,0
2023,13,Dutch Grand Prix,2023-08-27,zandvoort,Circuit Park Zandvoort,Zandvoort,Netherlands,52.3888,4.54092,zhou,ZHO,Guanyu Zhou,Chinese,24,1999-05-30,alfa,Alfa Romeo,Swiss,16,15,18,0.0,62,Accident,0,0,0,1
2023,13,Dutch Grand Prix,2023-08-27,zandvoort,Circuit Park Zandvoort,Zandvoort,Netherlands,52.3888,4.54092,leclerc,LEC,Charles Leclerc,Monegasque,16,1997-10-16,ferrari,Ferrari,Italian,9,9,19,0.0,41,Undertray,0,0,0,0
2023,13,Dutch Grand Prix,2023-08-27,zandvoort,Circuit Park Zandvoort,Zandvoort,Netherlands,52.3888,4.54092,sargeant,SAR,Logan Sargeant,American,2,2000-12-31,williams,Williams,British,10,10,20,0.0,14,Accident,0,0,0,1
2023,14,Italian Grand Prix,2023-09-03,monza,Autodromo Nazionale di Monza,Monza,Italy,45.6156,9.28111,max_verstappen,VER,Max Verstappen,Dutch,3,1997-09-30,red_bull,Red Bull,Austrian,2,2,1,25.0,51,Finished,1,1,1,0
2023,14,Italian Grand Prix,2023-09-03,monza,Autodromo Nazionale di Monza,Monza,Italy,45.6156,9.28111,perez,PER,Sergio Pérez,Mexican,11,1990-01-26,red_bull,Red Bull,Austrian,5,5,2,18.0,51,Finished,0,1,1,0
2023,14,Italian Grand Prix,2023-09-03,monza,Autodromo Nazionale di Monza,Monza,Italy,45.6156,9.28111,sainz,SAI,Carlos Sainz,Spanish,55,1994-09-01,ferrari,Ferrari,Italian,1,1,3,15.0,51,Finished,0,1,1,0
2023,14,Italian Grand Prix,2023-09-03,monza,Autodromo Nazionale di Monza,Monza,Italy,45.6156,9.28111,leclerc,LEC,Charles Leclerc,Monegasque,16,1997-10-16,ferrari,Ferrari,Italian,3,3,4,12.0,51,Finished,0,0,1,0
2023,14,Italian Grand Prix,2023-09-03,monza,Autodromo Nazionale di Monza,Monza,Italy,45.6156,9.28111,russell,RUS,George Russell,British,63,1998-02-15,mercedes,Mercedes,German,4,4,5,10.0,51,Finished,0,0,1,0
2023,14,Italian Grand Prix,2023-09-03,monza,Autodromo Nazionale di Monza,Monza,Italy,45.6156,9.28111,hamilton,HAM,Lewis Hamilton,British,44,1985-01-07,mercedes,Mercedes,German,8,8,6,8.0,51,Finished,0,0,1,0
2023,14,Italian Grand Prix,2023-09-03,monza,Autodromo Nazionale di Monza,Monza,Italy,45.6156,9.28111,albon,ALB,Alexander Albon,Thai,23,1996-03-23,williams,Williams,British,6,6,7,6.0,51,Finished,0,0,1,0
2023,14,Italian Grand Prix,2023-09-03,monza,Autodromo Nazionale di Monza,Monza,Italy,45.6156,9.28111,norris,NOR,Lando Norris,British,1,1999-11-13,mclaren,McLaren,British,9,9,8,4.0,51,Finished,0,0,1,0
2023,14,Italian Grand Prix,2023-09-03,monza,Autodromo Nazionale di Monza,Monza,Italy,45.6156,9.28111,alonso,ALO,Fernando Alonso,Spanish,14,1981-07-29,aston_martin,Aston Martin,British,10,10,9,2.0,51,Finished,0,0,1,0
2023,14,Italian Grand Prix,2023-09-03,monza,Autodromo Nazionale di Monza,Monza,Italy,45.6156,9.28111,bottas,BOT,Valtteri Bottas,Finnish,77,1989-08-28,alfa,Alfa Romeo,Swiss,14,14,10,1.0,51,Finished,0,0,1,0
2023,14,Italian Grand Prix,2023-09-03,monza,Autodromo Nazionale di Monza,Monza,Italy,45.6156,9.28111,lawson,LAW,Liam Lawson,New Zealander,30,2002-02-11,alphatauri,AlphaTauri,Italian,12,12,11,0.0,51,Finished,0,0,0,0
2023,14,Italian Grand Prix,2023-09-03,monza,Autodromo Nazionale di Monza,Monza,Italy,45.6156,9.28111,piastri,PIA,Oscar Piastri,Australian,81,2001-04-06,mclaren,McLaren,British,7,7,12,0.0,51,Finished,0,0,0,0
2023,14,Italian Grand Prix,2023-09-03,monza,Autodromo Nazionale di Monza,Monza,Italy,45.6156,9.28111,sargeant,SAR,Logan Sargeant,American,2,2000-12-31,williams,Williams,British,15,15,13,0.0,51,Finished,0,0,0,0
2023,14,Italian Grand Prix,2023-09-03,monza,Autodromo Nazionale di Monza,Monza,Italy,45.6156,9.28111,zhou,ZHO,Guanyu Zhou,Chinese,24,1999-05-30,alfa,Alfa Romeo,Swiss,16,16,14,0.0,51,Finished,0,0,0,0
2023,14,Italian Grand Prix,2023-09-03,monza,Autodromo Nazionale di Monza,Monza,Italy,45.6156,9.28111,gasly,GAS,Pierre Gasly,French,10,1996-02-07,alpine,Alpine F1 Team,French,17,17,15,0.0,51,Finished,0,0,0,0
2023,14,Italian Grand Prix,2023-09-03,monza,Autodromo Nazionale di Monza,Monza,Italy,45.6156,9.28111,stroll,STR,Lance Stroll,Canadian,18,1998-10-29,aston_martin,Aston Martin,British,20,20,16,0.0,51,Finished,0,0,0,0
2023,14,Italian Grand Prix,2023-09-03,monza,Autodromo Nazionale di Monza,Monza,Italy,45.6156,9.28111,hulkenberg,HUL,Nico Hülkenberg,German,27,1987-08-19,haas,Haas F1 Team,American,13,13,17,0.0,50,Lapped,0,0,0,0
2023,14,Italian Grand Prix,2023-09-03,monza,Autodromo Nazionale di Monza,Monza,Italy,45.6156,9.28111,kevin_magnussen,MAG,Kevin Magnussen,Danish,20,1992-10-05,haas,Haas F1 Team,American,19,19,18,0.0,50,Lapped,0,0,0,0
2023,14,Italian Grand Prix,2023-09-03,monza,Autodromo Nazionale di Monza,Monza,Italy,45.6156,9.28111,ocon,OCO,Esteban Ocon,French,31,1996-09-17,alpine,Alpine F1 Team,French,18,18,19,0.0,39,Retired,0,0,0,1
2023,14,Italian Grand Prix,2023-09-03,monza,Autodromo Nazionale di Monza,Monza,Italy,45.6156,9.28111,tsunoda,TSU,Yuki Tsunoda,Japanese,22,2000-05-11,alphatauri,AlphaTauri,Italian,11,11,20,0.0,0,Did not start,0,0,0,0
2023,15,Singapore Grand Prix,2023-09-17,marina_bay,Marina Bay Street Circuit,Marina Bay,Singapore,1.2914,103.864,sainz,SAI,Carlos Sainz,Spanish,55,1994-09-01,ferrari,Ferrari,Italian,1,1,1,25.0,62,Finished,1,1,1,0
2023,15,Singapore Grand Prix,2023-09-17,marina_bay,Marina Bay Street Circuit,Marina Bay,Singapore,1.2914,103.864,norris,NOR,Lando Norris,British,1,1999-11-13,mclaren,McLaren,British,4,4,2,18.0,62,Finished,0,1,1,0
2023,15,Singapore Grand Prix,2023-09-17,marina_bay,Marina Bay Street Circuit,Marina Bay,Singapore,1.2914,103.864,hamilton,HAM,Lewis Hamilton,British,44,1985-01-07,mercedes,Mercedes,German,5,5,3,16.0,62,Finished,0,1,1,0
2023,15,Singapore Grand Prix,2023-09-17,marina_bay,Marina Bay Street Circuit,Marina Bay,Singapore,1.2914,103.864,leclerc,LEC,Charles Leclerc,Monegasque,16,1997-10-16,ferrari,Ferrari,Italian,3,3,4,12.0,62,Finished,0,0,1,0
2023,15,Singapore Grand Prix,2023-09-17,marina_bay,Marina Bay Street Circuit,Marina Bay,Singapore,1.2914,103.864,max_verstappen,VER,Max Verstappen,Dutch,3,1997-09-30,red_bull,Red Bull,Austrian,11,11,5,10.0,62,Finished,0,0,1,0
2023,15,Singapore Grand Prix,2023-09-17,marina_bay,Marina Bay Street Circuit,Marina Bay,Singapore,1.2914,103.864,gasly,GAS,Pierre Gasly,French,10,1996-02-07,alpine,Alpine F1 Team,French,12,12,6,8.0,62,Finished,0,0,1,0
2023,15,Singapore Grand Prix,2023-09-17,marina_bay,Marina Bay Street Circuit,Marina Bay,Singapore,1.2914,103.864,piastri,PIA,Oscar Piastri,Australian,81,2001-04-06,mclaren,McLaren,British,17,17,7,6.0,62,Finished,0,0,1,0
2023,15,Singapore Grand Prix,2023-09-17,marina_bay,Marina Bay Street Circuit,Marina Bay,Singapore,1.2914,103.864,perez,PER,Sergio Pérez,Mexican,11,1990-01-26,red_bull,Red Bull,Austrian,13,13,8,4.0,62,Finished,0,0,1,0
2023,15,Singapore Grand Prix,2023-09-17,marina_bay,Marina Bay Street Circuit,Marina Bay,Singapore,1.2914,103.864,lawson,LAW,Liam Lawson,New Zealander,30,2002-02-11,alphatauri,AlphaTauri,Italian,10,10,9,2.0,62,Finished,0,0,1,0
2023,15,Singapore Grand Prix,2023-09-17,marina_bay,Marina Bay Street Circuit,Marina Bay,Singapore,1.2914,103.864,kevin_magnussen,MAG,Kevin Magnussen,Danish,20,1992-10-05,haas,Haas F1 Team,American,6,6,10,1.0,62,Finished,0,0,1,0
2023,15,Singapore Grand Prix,2023-09-17,marina_bay,Marina Bay Street Circuit,Marina Bay,Singapore,1.2914,103.864,albon,ALB,Alexander Albon,Thai,23,1996-03-23,williams,Williams,British,14,14,11,0.0,62,Finished,0,0,0,0
2023,15,Singapore Grand Prix,2023-09-17,marina_bay,Marina Bay Street Circuit,Marina Bay,Singapore,1.2914,103.864,zhou,ZHO,Guanyu Zhou,Chinese,24,1999-05-30,alfa,Alfa Romeo,Swiss,19,19,12,0.0,62,Finished,0,0,0,0
2023,15,Singapore Grand Prix,2023-09-17,marina_bay,Marina Bay Street Circuit,Marina Bay,Singapore,1.2914,103.864,hulkenberg,HUL,Nico Hülkenberg,German,27,1987-08-19,haas,Haas F1 Team,American,9,9,13,0.0,62,Finished,0,0,0,0
2023,15,Singapore Grand Prix,2023-09-17,marina_bay,Marina Bay Street Circuit,Marina Bay,Singapore,1.2914,103.864,sargeant,SAR,Logan Sargeant,American,2,2000-12-31,williams,Williams,British,18,18,14,0.0,62,Finished,0,0,0,0
2023,15,Singapore Grand Prix,2023-09-17,marina_bay,Marina Bay Street Circuit,Marina Bay,Singapore,1.2914,103.864,alonso,ALO,Fernando Alonso,Spanish,14,1981-07-29,aston_martin,Aston Martin,British,7,7,15,0.0,62,Finished,0,0,0,0
2023,15,Singapore Grand Prix,2023-09-17,marina_bay,Marina Bay Street Circuit,Marina Bay,Singapore,1.2914,103.864,russell,RUS,George Russell,British,63,1998-02-15,mercedes,Mercedes,German,2,2,16,0.0,61,Retired,0,0,0,1
2023,15,Singapore Grand Prix,2023-09-17,marina_bay,Marina Bay Street Circuit,Marina Bay,Singapore,1.2914,103.864,bottas,BOT,Valtteri Bottas,Finnish,77,1989-08-28,alfa,Alfa Romeo,Swiss,16,16,17,0.0,51,Retired,0,0,0,1
2023,15,Singapore Grand Prix,2023-09-17,marina_bay,Marina Bay Street Circuit,Marina Bay,Singapore,1.2914,103.864,ocon,OCO,Esteban Ocon,French,31,1996-09-17,alpine,Alpine F1 Team,French,8,8,18,0.0,42,Retired,0,0,0,1
2023,15,Singapore Grand Prix,2023-09-17,marina_bay,Marina Bay Street Circuit,Marina Bay,Singapore,1.2914,103.864,tsunoda,TSU,Yuki Tsunoda,Japanese,22,2000-05-11,alphatauri,AlphaTauri,Italian,15,15,19,0.0,0,Retired,0,0,0,1
2023,15,Singapore Grand Prix,2023-09-17,marina_bay,Marina Bay Street Circuit,Marina Bay,Singapore,1.2914,103.864,stroll,STR,Lance Stroll,Canadian,18,1998-10-29,aston_martin,Aston Martin,British,20,0,20,0.0,0,Withdrew,0,0,0,0
2023,16,Japanese Grand Prix,2023-09-24,suzuka,Suzuka Circuit,Suzuka,Japan,34.8431,136.541,max_verstappen,VER,Max Verstappen,Dutch,3,1997-09-30,red_bull,Red Bull,Austrian,1,1,1,26.0,53,Finished,1,1,1,0
2023,16,Japanese Grand Prix,2023-09-24,suzuka,Suzuka Circuit,Suzuka,Japan,34.8431,136.541,norris,NOR,Lando Norris,British,1,1999-11-13,mclaren,McLaren,British,3,3,2,18.0,53,Finished,0,1,1,0
2023,16,Japanese Grand Prix,2023-09-24,suzuka,Suzuka Circuit,Suzuka,Japan,34.8431,136.541,piastri,PIA,Oscar Piastri,Australian,81,2001-04-06,mclaren,McLaren,British,2,2,3,15.0,53,Finished,0,1,1,0
2023,16,Japanese Grand Prix,2023-09-24,suzuka,Suzuka Circuit,Suzuka,Japan,34.8431,136.541,leclerc,LEC,Charles Leclerc,Monegasque,16,1997-10-16,ferrari,Ferrari,Italian,4,4,4,12.0,53,Finished,0,0,1,0
2023,16,Japanese Grand Prix,2023-09-24,suzuka,Suzuka Circuit,Suzuka,Japan,34.8431,136.541,hamilton,HAM,Lewis Hamilton,British,44,1985-01-07,mercedes,Mercedes,German,7,7,5,10.0,53,Finished,0,0,1,0
2023,16,Japanese Grand Prix,2023-09-24,suzuka,Suzuka Circuit,Suzuka,Japan,34.8431,136.541,sainz,SAI,Carlos Sainz,Spanish,55,1994-09-01,ferrari,Ferrari,Italian,6,6,6,8.0,53,Finished,0,0,1,0
2023,16,Japanese Grand Prix,2023-09-24,suzuka,Suzuka Circuit,Suzuka,Japan,34.8431,136.541,russell,RUS,George Russell,British,63,1998-02-15,mercedes,Mercedes,German,8,8,7,6.0,53,Finished,0,0,1,0
2023,16,Japanese Grand Prix,2023-09-24,suzuka,Suzuka Circuit,Suzuka,Japan,34.8431,136.541,alonso,ALO,Fernando Alonso,Spanish,14,1981-07-29,aston_martin,Aston Martin,British,10,10,8,4.0,53,Finished,0,0,1,0
2023,16,Japanese Grand Prix,2023-09-24,suzuka,Suzuka Circuit,Suzuka,Japan,34.8431,136.541,ocon,OCO,Esteban Ocon,French,31,1996-09-17,alpine,Alpine F1 Team,French,14,14,9,2.0,53,Finished,0,0,1,0
2023,16,Japanese Grand Prix,2023-09-24,suzuka,Suzuka Circuit,Suzuka,Japan,34.8431,136.541,gasly,GAS,Pierre Gasly,French,10,1996-02-07,alpine,Alpine F1 Team,French,12,12,10,1.0,53,Finished,0,0,1,0
2023,16,Japanese Grand Prix,2023-09-24,suzuka,Suzuka Circuit,Suzuka,Japan,34.8431,136.541,lawson,LAW,Liam Lawson,New Zealander,30,2002-02-11,alphatauri,AlphaTauri,Italian,11,11,11,0.0,52,Lapped,0,0,0,0
2023,16,Japanese Grand Prix,2023-09-24,suzuka,Suzuka Circuit,Suzuka,Japan,34.8431,136.541,tsunoda,TSU,Yuki Tsunoda,Japanese,22,2000-05-11,alphatauri,AlphaTauri,Italian,9,9,12,0.0,52,Lapped,0,0,0,0
2023,16,Japanese Grand Prix,2023-09-24,suzuka,Suzuka Circuit,Suzuka,Japan,34.8431,136.541,zhou,ZHO,Guanyu Zhou,Chinese,24,1999-05-30,alfa,Alfa Romeo,Swiss,19,19,13,0.0,52,Lapped,0,0,0,0
2023,16,Japanese Grand Prix,2023-09-24,suzuka,Suzuka Circuit,Suzuka,Japan,34.8431,136.541,hulkenberg,HUL,Nico Hülkenberg,German,27,1987-08-19,haas,Haas F1 Team,American,18,18,14,0.0,52,Lapped,0,0,0,0
2023,16,Japanese Grand Prix,2023-09-24,suzuka,Suzuka Circuit,Suzuka,Japan,34.8431,136.541,kevin_magnussen,MAG,Kevin Magnussen,Danish,20,1992-10-05,haas,Haas F1 Team,American,15,15,15,0.0,52,Lapped,0,0,0,0
2023,16,Japanese Grand Prix,2023-09-24,suzuka,Suzuka Circuit,Suzuka,Japan,34.8431,136.541,albon,ALB,Alexander Albon,Thai,23,1996-03-23,williams,Williams,British,13,13,16,0.0,26,Retired,0,0,0,1
2023,16,Japanese Grand Prix,2023-09-24,suzuka,Suzuka Circuit,Suzuka,Japan,34.8431,136.541,sargeant,SAR,Logan Sargeant,American,2,2000-12-31,williams,Williams,British,20,20,17,0.0,22,Retired,0,0,0,1
2023,16,Japanese Grand Prix,2023-09-24,suzuka,Suzuka Circuit,Suzuka,Japan,34.8431,136.541,stroll,STR,Lance Stroll,Canadian,18,1998-10-29,aston_martin,Aston Martin,British,17,17,18,0.0,20,Retired,0,0,0,1
2023,16,Japanese Grand Prix,2023-09-24,suzuka,Suzuka Circuit,Suzuka,Japan,34.8431,136.541,perez,PER,Sergio Pérez,Mexican,11,1990-01-26,red_bull,Red Bull,Austrian,5,5,19,0.0,15,Retired,0,0,0,1
2023,16,Japanese Grand Prix,2023-09-24,suzuka,Suzuka Circuit,Suzuka,Japan,34.8431,136.541,bottas,BOT,Valtteri Bottas,Finnish,77,1989-08-28,alfa,Alfa Romeo,Swiss,16,16,20,0.0,7,Retired,0,0,0,1
2023,17,Qatar Grand Prix,2023-10-08,losail,Losail International Circuit,Lusail,Qatar,25.49,51.4542,max_verstappen,VER,Max Verstappen,Dutch,3,1997-09-30,red_bull,Red Bull,Austrian,1,1,1,26.0,57,Finished,1,1,1,0
2023,17,Qatar Grand Prix,2023-10-08,losail,Losail International Circuit,Lusail,Qatar,25.49,51.4542,piastri,PIA,Oscar Piastri,Australian,81,2001-04-06,mclaren,McLaren,British,6,6,2,18.0,57,Finished,0,1,1,0
2023,17,Qatar Grand Prix,2023-10-08,losail,Losail International Circuit,Lusail,Qatar,25.49,51.4542,norris,NOR,Lando Norris,British,1,1999-11-13,mclaren,McLaren,British,10,10,3,15.0,57,Finished,0,1,1,0
2023,17,Qatar Grand Prix,2023-10-08,losail,Losail International Circuit,Lusail,Qatar,25.49,51.4542,russell,RUS,George Russell,British,63,1998-02-15,mercedes,Mercedes,German,2,2,4,12.0,57,Finished,0,0,1,0
2023,17,Qatar Grand Prix,2023-10-08,losail,Losail International Circuit,Lusail,Qatar,25.49,51.4542,leclerc,LEC,Charles Leclerc,Monegasque,16,1997-10-16,ferrari,Ferrari,Italian,5,5,5,10.0,57,Finished,0,0,1,0
2023,17,Qatar Grand Prix,2023-10-08,losail,Losail International Circuit,Lusail,Qatar,25.49,51.4542,alonso,ALO,Fernando Alonso,Spanish,14,1981-07-29,aston_martin,Aston Martin,British,4,4,6,8.0,57,Finished,0,0,1,0
2023,17,Qatar Grand Prix,2023-10-08,losail,Losail International Circuit,Lusail,Qatar,25.49,51.4542,ocon,OCO,Esteban Ocon,French,31,1996-09-17,alpine,Alpine F1 Team,French,8,8,7,6.0,57,Finished,0,0,1,0
2023,17,Qatar Grand Prix,2023-10-08,losail,Losail International Circuit,Lusail,Qatar,25.49,51.4542,bottas,BOT,Valtteri Bottas,Finnish,77,1989-08-28,alfa,Alfa Romeo,Swiss,9,9,8,4.0,57,Finished,0,0,1,0
2023,17,Qatar Grand Prix,2023-10-08,losail,Losail International Circuit,Lusail,Qatar,25.49,51.4542,zhou,ZHO,Guanyu Zhou,Chinese,24,1999-05-30,alfa,Alfa Romeo,Swiss,20,19,9,2.0,57,Finished,0,0,1,0
2023,17,Qatar Grand Prix,2023-10-08,losail,Losail International Circuit,Lusail,Qatar,25.49,51.4542,perez,PER,Sergio Pérez,Mexican,11,1990-01-26,red_bull,Red Bull,Austrian,13,20,10,1.0,57,Finished,0,0,1,0
2023,17,Qatar Grand Prix,2023-10-08,losail,Losail International Circuit,Lusail,Qatar,25.49,51.4542,stroll,STR,Lance Stroll,Canadian,18,1998-10-29,aston_martin,Aston Martin,British,17,16,11,0.0,57,Finished,0,0,0,0
2023,17,Qatar Grand Prix,2023-10-08,losail,Losail International Circuit,Lusail,Qatar,25.49,51.4542,gasly,GAS,Pierre Gasly,French,10,1996-02-07,alpine,Alpine F1 Team,French,7,7,12,0.0,57,Finished,0,0,0,0
2023,17,Qatar Grand Prix,2023-10-08,losail,Losail International Circuit,Lusail,Qatar,25.49,51.4542,albon,ALB,Alexander Albon,Thai,23,1996-03-23,williams,Williams,British,14,13,13,0.0,57,Finished,0,0,0,0
2023,17,Qatar Grand Prix,2023-10-08,losail,Losail International Circuit,Lusail,Qatar,25.49,51.4542,kevin_magnussen,MAG,Kevin Magnussen,Danish,20,1992-10-05,haas,Haas F1 Team,American,19,18,14,0.0,56,Lapped,0,0,0,0
2023,17,Qatar Grand Prix,2023-10-08,losail,Losail International Circuit,Lusail,Qatar,25.49,51.4542,tsunoda,TSU,Yuki Tsunoda,Japanese,22,2000-05-11,alphatauri,AlphaTauri,Italian,11,11,15,0.0,56,Lapped,0,0,0,0
2023,17,Qatar Grand Prix,2023-10-08,losail,Losail International Circuit,Lusail,Qatar,25.49,51.4542,hulkenberg,HUL,Nico Hülkenberg,German,27,1987-08-19,haas,Haas F1 Team,American,15,14,16,0.0,56,Lapped,0,0,0,0
2023,17,Qatar Grand Prix,2023-10-08,losail,Losail International Circuit,Lusail,Qatar,25.49,51.4542,lawson,LAW,Liam Lawson,New Zealander,30,2002-02-11,alphatauri,AlphaTauri,Italian,18,17,17,0.0,56,Lapped,0,0,0,0
2023,17,Qatar Grand Prix,2023-10-08,losail,Losail International Circuit,Lusail,Qatar,25.49,51.4542,sargeant,SAR,Logan Sargeant,American,2,2000-12-31,williams,Williams,British,16,15,18,0.0,40,Retired,0,0,0,1
2023,17,Qatar Grand Prix,2023-10-08,losail,Losail International Circuit,Lusail,Qatar,25.49,51.4542,hamilton,HAM,Lewis Hamilton,British,44,1985-01-07,mercedes,Mercedes,German,3,3,19,0.0,0,Retired,0,0,0,1
2023,17,Qatar Grand Prix,2023-10-08,losail,Losail International Circuit,Lusail,Qatar,25.49,51.4542,sainz,SAI,Carlos Sainz,Spanish,55,1994-09-01,ferrari,Ferrari,Italian,12,12,20,0.0,0,Did not start,0,0,0,0
2023,18,United States Grand Prix,2023-10-22,americas,Circuit of the Americas,Austin,USA,30.1328,-97.6411,max_verstappen,VER,Max Verstappen,Dutch,3,1997-09-30,red_bull,Red Bull,Austrian,6,6,1,25.0,56,Finished,1,1,1,0
2023,18,United States Grand Prix,2023-10-22,americas,Circuit of the Americas,Austin,USA,30.1328,-97.6411,norris,NOR,Lando Norris,British,1,1999-11-13,mclaren,McLaren,British,2,2,2,18.0,56,Finished,0,1,1,0
2023,18,United States Grand Prix,2023-10-22,americas,Circuit of the Americas,Austin,USA,30.1328,-97.6411,sainz,SAI,Carlos Sainz,Spanish,55,1994-09-01,ferrari,Ferrari,Italian,4,4,3,15.0,56,Finished,0,1,1,0
2023,18,United States Grand Prix,2023-10-22,americas,Circuit of the Americas,Austin,USA,30.1328,-97.6411,perez,PER,Sergio Pérez,Mexican,11,1990-01-26,red_bull,Red Bull,Austrian,9,9,4,12.0,56,Finished,0,0,1,0
2023,18,United States Grand Prix,2023-10-22,americas,Circuit of the Americas,Austin,USA,30.1328,-97.6411,russell,RUS,George Russell,British,63,1998-02-15,mercedes,Mercedes,German,5,5,5,10.0,56,Finished,0,0,1,0
2023,18,United States Grand Prix,2023-10-22,americas,Circuit of the Americas,Austin,USA,30.1328,-97.6411,gasly,GAS,Pierre Gasly,French,10,1996-02-07,alpine,Alpine F1 Team,French,7,7,6,8.0,56,Finished,0,0,1,0
2023,18,United States Grand Prix,2023-10-22,americas,Circuit of the Americas,Austin,USA,30.1328,-97.6411,stroll,STR,Lance Stroll,Canadian,18,1998-10-29,aston_martin,Aston Martin,British,19,20,7,6.0,56,Finished,0,0,1,0
2023,18,United States Grand Prix,2023-10-22,americas,Circuit of the Americas,Austin,USA,30.1328,-97.6411,tsunoda,TSU,Yuki Tsunoda,Japanese,22,2000-05-11,alphatauri,AlphaTauri,Italian,11,11,8,5.0,56,Finished,0,0,1,0
2023,18,United States Grand Prix,2023-10-22,americas,Circuit of the Americas,Austin,USA,30.1328,-97.6411,albon,ALB,Alexander Albon,Thai,23,1996-03-23,williams,Williams,British,18,15,9,2.0,56,Finished,0,0,1,0
2023,18,United States Grand Prix,2023-10-22,americas,Circuit of the Americas,Austin,USA,30.1328,-97.6411,sargeant,SAR,Logan Sargeant,American,2,2000-12-31,williams,Williams,British,20,16,10,1.0,56,Finished,0,0,1,0
2023,18,United States Grand Prix,2023-10-22,americas,Circuit of the Americas,Austin,USA,30.1328,-97.6411,hulkenberg,HUL,Nico Hülkenberg,German,27,1987-08-19,haas,Haas F1 Team,American,16,18,11,0.0,56,Finished,0,0,0,0
2023,18,United States Grand Prix,2023-10-22,americas,Circuit of the Americas,Austin,USA,30.1328,-97.6411,bottas,BOT,Valtteri Bottas,Finnish,77,1989-08-28,alfa,Alfa Romeo,Swiss,13,13,12,0.0,56,Finished,0,0,0,0
2023,18,United States Grand Prix,2023-10-22,americas,Circuit of the Americas,Austin,USA,30.1328,-97.6411,zhou,ZHO,Guanyu Zhou,Chinese,24,1999-05-30,alfa,Alfa Romeo,Swiss,12,12,13,0.0,55,Lapped,0,0,0,0
2023,18,United States Grand Prix,2023-10-22,americas,Circuit of the Americas,Austin,USA,30.1328,-97.6411,kevin_magnussen,MAG,Kevin Magnussen,Danish,20,1992-10-05,haas,Haas F1 Team,American,14,17,14,0.0,55,Lapped,0,0,0,0
2023,18,United States Grand Prix,2023-10-22,americas,Circuit of the Americas,Austin,USA,30.1328,-97.6411,ricciardo,RIC,Daniel Ricciardo,Australian,3,1989-07-01,alphatauri,AlphaTauri,Italian,15,14,15,0.0,55,Lapped,0,0,0,0
2023,18,United States Grand Prix,2023-10-22,americas,Circuit of the Americas,Austin,USA,30.1328,-97.6411,alonso,ALO,Fernando Alonso,Spanish,14,1981-07-29,aston_martin,Aston Martin,British,17,19,16,0.0,49,Retired,0,0,0,1
2023,18,United States Grand Prix,2023-10-22,americas,Circuit of the Americas,Austin,USA,30.1328,-97.6411,piastri,PIA,Oscar Piastri,Australian,81,2001-04-06,mclaren,McLaren,British,10,10,17,0.0,10,Retired,0,0,0,1
2023,18,United States Grand Prix,2023-10-22,americas,Circuit of the Americas,Austin,USA,30.1328,-97.6411,ocon,OCO,Esteban Ocon,French,31,1996-09-17,alpine,Alpine F1 Team,French,8,8,18,0.0,6,Retired,0,0,0,1
2023,18,United States Grand Prix,2023-10-22,americas,Circuit of the Americas,Austin,USA,30.1328,-97.6411,hamilton,HAM,Lewis Hamilton,British,44,1985-01-07,mercedes,Mercedes,German,3,3,19,0.0,56,Disqualified,0,0,0,0
2023,18,United States Grand Prix,2023-10-22,americas,Circuit of the Americas,Austin,USA,30.1328,-97.6411,leclerc,LEC,Charles Leclerc,Monegasque,16,1997-10-16,ferrari,Ferrari,Italian,1,1,20,0.0,56,Disqualified,0,0,0,0
2023,19,Mexico City Grand Prix,2023-10-29,rodriguez,Autódromo Hermanos Rodríguez,Mexico City,Mexico,19.4042,-99.0907,max_verstappen,VER,Max Verstappen,Dutch,3,1997-09-30,red_bull,Red Bull,Austrian,3,3,1,25.0,71,Finished,1,1,1,0
2023,19,Mexico City Grand Prix,2023-10-29,rodriguez,Autódromo Hermanos Rodríguez,Mexico City,Mexico,19.4042,-99.0907,hamilton,HAM,Lewis Hamilton,British,44,1985-01-07,mercedes,Mercedes,German,6,6,2,19.0,71,Finished,0,1,1,0
2023,19,Mexico City Grand Prix,2023-10-29,rodriguez,Autódromo Hermanos Rodríguez,Mexico City,Mexico,19.4042,-99.0907,leclerc,LEC,Charles Leclerc,Monegasque,16,1997-10-16,ferrari,Ferrari,Italian,1,1,3,15.0,71,Finished,0,1,1,0
2023,19,Mexico City Grand Prix,2023-10-29,rodriguez,Autódromo Hermanos Rodríguez,Mexico City,Mexico,19.4042,-99.0907,sainz,SAI,Carlos Sainz,Spanish,55,1994-09-01,ferrari,Ferrari,Italian,2,2,4,12.0,71,Finished,0,0,1,0
2023,19,Mexico City Grand Prix,2023-10-29,rodriguez,Autódromo Hermanos Rodríguez,Mexico City,Mexico,19.4042,-99.0907,norris,NOR,Lando Norris,British,1,1999-11-13,mclaren,McLaren,British,19,17,5,10.0,71,Finished,0,0,1,0
2023,19,Mexico City Grand Prix,2023-10-29,rodriguez,Autódromo Hermanos Rodríguez,Mexico City,Mexico,19.4042,-99.0907,russell,RUS,George Russell,British,63,1998-02-15,mercedes,Mercedes,German,8,8,6,8.0,71,Finished,0,0,1,0
2023,19,Mexico City Grand Prix,2023-10-29,rodriguez,Autódromo Hermanos Rodríguez,Mexico City,Mexico,19.4042,-99.0907,ricciardo,RIC,Daniel Ricciardo,Australian,3,1989-07-01,alphatauri,AlphaTauri,Italian,4,4,7,6.0,71,Finished,0,0,1,0
2023,19,Mexico City Grand Prix,2023-10-29,rodriguez,Autódromo Hermanos Rodríguez,Mexico City,Mexico,19.4042,-99.0907,piastri,PIA,Oscar Piastri,Australian,81,2001-04-06,mclaren,McLaren,British,7,7,8,4.0,71,Finished,0,0,1,0
2023,19,Mexico City Grand Prix,2023-10-29,rodriguez,Autódromo Hermanos Rodríguez,Mexico City,Mexico,19.4042,-99.0907,albon,ALB,Alexander Albon,Thai,23,1996-03-23,williams,Williams,British,14,14,9,2.0,71,Finished,0,0,1,0
2023,19,Mexico City Grand Prix,2023-10-29,rodriguez,Autódromo Hermanos Rodríguez,Mexico City,Mexico,19.4042,-99.0907,ocon,OCO,Esteban Ocon,French,31,1996-09-17,alpine,Alpine F1 Team,French,16,15,10,1.0,71,Finished,0,0,1,0
2023,19,Mexico City Grand Prix,2023-10-29,rodriguez,Autódromo Hermanos Rodríguez,Mexico City,Mexico,19.4042,-99.0907,gasly,GAS,Pierre Gasly,French,10,1996-02-07,alpine,Alpine F1 Team,French,11,11,11,0.0,71,Finished,0,0,0,0
2023,19,Mexico City Grand Prix,2023-10-29,rodriguez,Autódromo Hermanos Rodríguez,Mexico City,Mexico,19.4042,-99.0907,tsunoda,TSU,Yuki Tsunoda,Japanese,22,2000-05-11,alphatauri,AlphaTauri,Italian,15,18,12,0.0,71,Finished,0,0,0,0
2023,19,Mexico City Grand Prix,2023-10-29,rodriguez,Autódromo Hermanos Rodríguez,Mexico City,Mexico,19.4042,-99.0907,hulkenberg,HUL,Nico Hülkenberg,German,27,1987-08-19,haas,Haas F1 Team,American,12,12,13,0.0,71,Finished,0,0,0,0
2023,19,Mexico City Grand Prix,2023-10-29,rodriguez,Autódromo Hermanos Rodríguez,Mexico City,Mexico,19.4042,-99.0907,zhou,ZHO,Guanyu Zhou,Chinese,24,1999-05-30,alfa,Alfa Romeo,Swiss,10,10,14,0.0,71,Finished,0,0,0,0
2023,19,Mexico City Grand Prix,2023-10-29,rodriguez,Autódromo Hermanos Rodríguez,Mexico City,Mexico,19.4042,-99.0907,bottas,BOT,Valtteri Bottas,Finnish,77,1989-08-28,alfa,Alfa Romeo,Swiss,9,9,15,0.0,71,Finished,0,0,0,0
2023,19,Mexico City Grand Prix,2023-10-29,rodriguez,Autódromo Hermanos Rodríguez,Mexico City,Mexico,19.4042,-99.0907,sargeant,SAR,Logan Sargeant,American,2,2000-12-31,williams,Williams,British,20,19,16,0.0,70,Retired,0,0,0,1
2023,19,Mexico City Grand Prix,2023-10-29,rodriguez,Autódromo Hermanos Rodríguez,Mexico City,Mexico,19.4042,-99.0907,stroll,STR,Lance Stroll,Canadian,18,1998-10-29,aston_martin,Aston Martin,British,18,0,17,0.0,66,Collision damage,0,0,0,1
2023,19,Mexico City Grand Prix,2023-10-29,rodriguez,Autódromo Hermanos Rodríguez,Mexico City,Mexico,19.4042,-99.0907,alonso,ALO,Fernando Alonso,Spanish,14,1981-07-29,aston_martin,Aston Martin,British,13,13,18,0.0,47,Withdrew,0,0,0,0
2023,19,Mexico City Grand Prix,2023-10-29,rodriguez,Autódromo Hermanos Rodríguez,Mexico City,Mexico,19.4042,-99.0907,kevin_magnussen,MAG,Kevin Magnussen,Danish,20,1992-10-05,haas,Haas F1 Team,American,17,16,19,0.0,31,Accident,0,0,0,1
2023,19,Mexico City Grand Prix,2023-10-29,rodriguez,Autódromo Hermanos Rodríguez,Mexico City,Mexico,19.4042,-99.0907,perez,PER,Sergio Pérez,Mexican,11,1990-01-26,red_bull,Red Bull,Austrian,5,5,20,0.0,1,Collision damage,0,0,0,1
2023,20,São Paulo Grand Prix,2023-11-05,interlagos,Autódromo José Carlos Pace,São Paulo,Brazil,-23.7036,-46.6997,max_verstappen,VER,Max Verstappen,Dutch,3,1997-09-30,red_bull,Red Bull,Austrian,1,1,1,25.0,71,Finished,1,1,1,0
2023,20,São Paulo Grand Prix,2023-11-05,interlagos,Autódromo José Carlos Pace,São Paulo,Brazil,-23.7036,-46.6997,norris,NOR,Lando Norris,British,1,1999-11-13,mclaren,McLaren,British,7,6,2,19.0,71,Finished,0,1,1,0
2023,20,São Paulo Grand Prix,2023-11-05,interlagos,Autódromo José Carlos Pace,São Paulo,Brazil,-23.7036,-46.6997,alonso,ALO,Fernando Alonso,Spanish,14,1981-07-29,aston_martin,Aston Martin,British,4,4,3,15.0,71,Finished,0,1,1,0
2023,20,São Paulo Grand Prix,2023-11-05,interlagos,Autódromo José Carlos Pace,São Paulo,Brazil,-23.7036,-46.6997,perez,PER,Sergio Pérez,Mexican,11,1990-01-26,red_bull,Red Bull,Austrian,9,9,4,12.0,71,Finished,0,0,1,0
2023,20,São Paulo Grand Prix,2023-11-05,interlagos,Autódromo José Carlos Pace,São Paulo,Brazil,-23.7036,-46.6997,stroll,STR,Lance Stroll,Canadian,18,1998-10-29,aston_martin,Aston Martin,British,3,3,5,10.0,71,Finished,0,0,1,0
2023,20,São Paulo Grand Prix,2023-11-05,interlagos,Autódromo José Carlos Pace,São Paulo,Brazil,-23.7036,-46.6997,sainz,SAI,Carlos Sainz,Spanish,55,1994-09-01,ferrari,Ferrari,Italian,8,7,6,8.0,71,Finished,0,0,1,0
2023,20,São Paulo Grand Prix,2023-11-05,interlagos,Autódromo José Carlos Pace,São Paulo,Brazil,-23.7036,-46.6997,gasly,GAS,Pierre Gasly,French,10,1996-02-07,alpine,Alpine F1 Team,French,13,15,7,6.0,71,Finished,0,0,1,0
2023,20,São Paulo Grand Prix,2023-11-05,interlagos,Autódromo José Carlos Pace,São Paulo,Brazil,-23.7036,-46.6997,hamilton,HAM,Lewis Hamilton,British,44,1985-01-07,mercedes,Mercedes,German,5,5,8,4.0,71,Finished,0,0,1,0
2023,20,São Paulo Grand Prix,2023-11-05,interlagos,Autódromo José Carlos Pace,São Paulo,Brazil,-23.7036,-46.6997,tsunoda,TSU,Yuki Tsunoda,Japanese,22,2000-05-11,alphatauri,AlphaTauri,Italian,16,16,9,2.0,71,Finished,0,0,1,0
2023,20,São Paulo Grand Prix,2023-11-05,interlagos,Autódromo José Carlos Pace,São Paulo,Brazil,-23.7036,-46.6997,ocon,OCO,Esteban Ocon,French,31,1996-09-17,alpine,Alpine F1 Team,French,12,14,10,1.0,70,Lapped,0,0,1,0
2023,20,São Paulo Grand Prix,2023-11-05,interlagos,Autódromo José Carlos Pace,São Paulo,Brazil,-23.7036,-46.6997,sargeant,SAR,Logan Sargeant,American,2,2000-12-31,williams,Williams,British,19,19,11,0.0,70,Lapped,0,0,0,0
2023,20,São Paulo Grand Prix,2023-11-05,interlagos,Autódromo José Carlos Pace,São Paulo,Brazil,-23.7036,-46.6997,hulkenberg,HUL,Nico Hülkenberg,German,27,1987-08-19,haas,Haas F1 Team,American,11,11,12,0.0,70,Lapped,0,0,0,0
2023,20,São Paulo Grand Prix,2023-11-05,interlagos,Autódromo José Carlos Pace,São Paulo,Brazil,-23.7036,-46.6997,ricciardo,RIC,Daniel Ricciardo,Australian,3,1989-07-01,alphatauri,AlphaTauri,Italian,17,17,13,0.0,70,Lapped,0,0,0,0
2023,20,São Paulo Grand Prix,2023-11-05,interlagos,Autódromo José Carlos Pace,São Paulo,Brazil,-23.7036,-46.6997,piastri,PIA,Oscar Piastri,Australian,81,2001-04-06,mclaren,McLaren,British,10,10,14,0.0,69,Lapped,0,0,0,0
2023,20,São Paulo Grand Prix,2023-11-05,interlagos,Autódromo José Carlos Pace,São Paulo,Brazil,-23.7036,-46.6997,russell,RUS,George Russell,British,63,1998-02-15,mercedes,Mercedes,German,6,8,15,0.0,57,Retired,0,0,0,1
2023,20,São Paulo Grand Prix,2023-11-05,interlagos,Autódromo José Carlos Pace,São Paulo,Brazil,-23.7036,-46.6997,bottas,BOT,Valtteri Bottas,Finnish,77,1989-08-28,alfa,Alfa Romeo,Swiss,18,18,16,0.0,39,Retired,0,0,0,1
2023,20,São Paulo Grand Prix,2023-11-05,interlagos,Autódromo José Carlos Pace,São Paulo,Brazil,-23.7036,-46.6997,zhou,ZHO,Guanyu Zhou,Chinese,24,1999-05-30,alfa,Alfa Romeo,Swiss,20,20,17,0.0,22,Retired,0,0,0,1
2023,20,São Paulo Grand Prix,2023-11-05,interlagos,Autódromo José Carlos Pace,São Paulo,Brazil,-23.7036,-46.6997,kevin_magnussen,MAG,Kevin Magnussen,Danish,20,1992-10-05,haas,Haas F1 Team,American,14,12,18,0.0,0,Retired,0,0,0,1
2023,20,São Paulo Grand Prix,2023-11-05,interlagos,Autódromo José Carlos Pace,São Paulo,Brazil,-23.7036,-46.6997,albon,ALB,Alexander Albon,Thai,23,1996-03-23,williams,Williams,British,15,13,19,0.0,0,Retired,0,0,0,1
2023,20,São Paulo Grand Prix,2023-11-05,interlagos,Autódromo José Carlos Pace,São Paulo,Brazil,-23.7036,-46.6997,leclerc,LEC,Charles Leclerc,Monegasque,16,1997-10-16,ferrari,Ferrari,Italian,2,2,20,0.0,0,Did not start,0,0,0,0
2023,21,Las Vegas Grand Prix,2023-11-19,vegas,Las Vegas Strip Street Circuit,Las Vegas,USA,36.1147,-115.173,max_verstappen,VER,Max Verstappen,Dutch,3,1997-09-30,red_bull,Red Bull,Austrian,3,2,1,25.0,50,Finished,1,1,1,0
2023,21,Las Vegas Grand Prix,2023-11-19,vegas,Las Vegas Strip Street Circuit,Las Vegas,USA,36.1147,-115.173,leclerc,LEC,Charles Leclerc,Monegasque,16,1997-10-16,ferrari,Ferrari,Italian,1,1,2,18.0,50,Finished,0,1,1,0
2023,21,Las Vegas Grand Prix,2023-11-19,vegas,Las Vegas Strip Street Circuit,Las Vegas,USA,36.1147,-115.173,perez,PER,Sergio Pérez,Mexican,11,1990-01-26,red_bull,Red Bull,Austrian,12,11,3,15.0,50,Finished,0,1,1,0
2023,21,Las Vegas Grand Prix,2023-11-19,vegas,Las Vegas Strip Street Circuit,Las Vegas,USA,36.1147,-115.173,ocon,OCO,Esteban Ocon,French,31,1996-09-17,alpine,Alpine F1 Team,French,17,16,4,12.0,50,Finished,0,0,1,0
2023,21,Las Vegas Grand Prix,2023-11-19,vegas,Las Vegas Strip Street Circuit,Las Vegas,USA,36.1147,-115.173,stroll,STR,Lance Stroll,Canadian,18,1998-10-29,aston_martin,Aston Martin,British,14,19,5,10.0,50,Finished,0,0,1,0
2023,21,Las Vegas Grand Prix,2023-11-19,vegas,Las Vegas Strip Street Circuit,Las Vegas,USA,36.1147,-115.173,sainz,SAI,Carlos Sainz,Spanish,55,1994-09-01,ferrari,Ferrari,Italian,2,12,6,8.0,50,Finished,0,0,1,0
2023,21,Las Vegas Grand Prix,2023-11-19,vegas,Las Vegas Strip Street Circuit,Las Vegas,USA,36.1147,-115.173,hamilton,HAM,Lewis Hamilton,British,44,1985-01-07,mercedes,Mercedes,German,11,10,7,6.0,50,Finished,0,0,1,0
2023,21,Las Vegas Grand Prix,2023-11-19,vegas,Las Vegas Strip Street Circuit,Las Vegas,USA,36.1147,-115.173,russell,RUS,George Russell,British,63,1998-02-15,mercedes,Mercedes,German,4,3,8,4.0,50,Finished,0,0,1,0
2023,21,Las Vegas Grand Prix,2023-11-19,vegas,Las Vegas Strip Street Circuit,Las Vegas,USA,36.1147,-115.173,alonso,ALO,Fernando Alonso,Spanish,14,1981-07-29,aston_martin,Aston Martin,British,10,9,9,2.0,50,Finished,0,0,1,0
2023,21,Las Vegas Grand Prix,2023-11-19,vegas,Las Vegas Strip Street Circuit,Las Vegas,USA,36.1147,-115.173,piastri,PIA,Oscar Piastri,Australian,81,2001-04-06,mclaren,McLaren,British,19,18,10,2.0,50,Finished,0,0,1,0
2023,21,Las Vegas Grand Prix,2023-11-19,vegas,Las Vegas Strip Street Circuit,Las Vegas,USA,36.1147,-115.173,gasly,GAS,Pierre Gasly,French,10,1996-02-07,alpine,Alpine F1 Team,French,5,4,11,0.0,50,Finished,0,0,0,0
2023,21,Las Vegas Grand Prix,2023-11-19,vegas,Las Vegas Strip Street Circuit,Las Vegas,USA,36.1147,-115.173,albon,ALB,Alexander Albon,Thai,23,1996-03-23,williams,Williams,British,6,5,12,0.0,50,Finished,0,0,0,0
2023,21,Las Vegas Grand Prix,2023-11-19,vegas,Las Vegas Strip Street Circuit,Las Vegas,USA,36.1147,-115.173,kevin_magnussen,MAG,Kevin Magnussen,Danish,20,1992-10-05,haas,Haas F1 Team,American,9,8,13,0.0,50,Finished,0,0,0,0
2023,21,Las Vegas Grand Prix,2023-11-19,vegas,Las Vegas Strip Street Circuit,Las Vegas,USA,36.1147,-115.173,ricciardo,RIC,Daniel Ricciardo,Australian,3,1989-07-01,alphatauri,AlphaTauri,Italian,15,14,14,0.0,50,Finished,0,0,0,0
2023,21,Las Vegas Grand Prix,2023-11-19,vegas,Las Vegas Strip Street Circuit,Las Vegas,USA,36.1147,-115.173,zhou,ZHO,Guanyu Zhou,Chinese,24,1999-05-30,alfa,Alfa Romeo,Swiss,18,17,15,0.0,50,Finished,0,0,0,0
2023,21,Las Vegas Grand Prix,2023-11-19,vegas,Las Vegas Strip Street Circuit,Las Vegas,USA,36.1147,-115.173,sargeant,SAR,Logan Sargeant,American,2,2000-12-31,williams,Williams,British,7,6,16,0.0,50,Finished,0,0,0,0
2023,21,Las Vegas Grand Prix,2023-11-19,vegas,Las Vegas Strip Street Circuit,Las Vegas,USA,36.1147,-115.173,bottas,BOT,Valtteri Bottas,Finnish,77,1989-08-28,alfa,Alfa Romeo,Swiss,8,7,17,0.0,50,Finished,0,0,0,0
2023,21,Las Vegas Grand Prix,2023-11-19,vegas,Las Vegas Strip Street Circuit,Las Vegas,USA,36.1147,-115.173,tsunoda,TSU,Yuki Tsunoda,Japanese,22,2000-05-11,alphatauri,AlphaTauri,Italian,20,20,18,0.0,46,Retired,0,0,0,1
2023,21,Las Vegas Grand Prix,2023-11-19,vegas,Las Vegas Strip Street Circuit,Las Vegas,USA,36.1147,-115.173,hulkenberg,HUL,Nico Hülkenberg,German,27,1987-08-19,haas,Haas F1 Team,American,13,13,19,0.0,45,Retired,0,0,0,1
2023,21,Las Vegas Grand Prix,2023-11-19,vegas,Las Vegas Strip Street Circuit,Las Vegas,USA,36.1147,-115.173,norris,NOR,Lando Norris,British,1,1999-11-13,mclaren,McLaren,British,16,15,20,0.0,2,Retired,0,0,0,1
2023,22,Abu Dhabi Grand Prix,2023-11-26,yas_marina,Yas Marina Circuit,Abu Dhabi,UAE,24.4672,54.6031,max_verstappen,VER,Max Verstappen,Dutch,3,1997-09-30,red_bull,Red Bull,Austrian,1,1,1,26.0,58,Finished,1,1,1,0
2023,22,Abu Dhabi Grand Prix,2023-11-26,yas_marina,Yas Marina Circuit,Abu Dhabi,UAE,24.4672,54.6031,leclerc,LEC,Charles Leclerc,Monegasque,16,1997-10-16,ferrari,Ferrari,Italian,2,2,2,18.0,58,Finished,0,1,1,0
2023,22,Abu Dhabi Grand Prix,2023-11-26,yas_marina,Yas Marina Circuit,Abu Dhabi,UAE,24.4672,54.6031,russell,RUS,George Russell,British,63,1998-02-15,mercedes,Mercedes,German,4,4,3,15.0,58,Finished,0,1,1,0
2023,22,Abu Dhabi Grand Prix,2023-11-26,yas_marina,Yas Marina Circuit,Abu Dhabi,UAE,24.4672,54.6031,perez,PER,Sergio Pérez,Mexican,11,1990-01-26,red_bull,Red Bull,Austrian,9,9,4,12.0,58,Finished,0,0,1,0
2023,22,Abu Dhabi Grand Prix,2023-11-26,yas_marina,Yas Marina Circuit,Abu Dhabi,UAE,24.4672,54.6031,norris,NOR,Lando Norris,British,1,1999-11-13,mclaren,McLaren,British,5,5,5,10.0,58,Finished,0,0,1,0
2023,22,Abu Dhabi Grand Prix,2023-11-26,yas_marina,Yas Marina Circuit,Abu Dhabi,UAE,24.4672,54.6031,piastri,PIA,Oscar Piastri,Australian,81,2001-04-06,mclaren,McLaren,British,3,3,6,8.0,58,Finished,0,0,1,0
2023,22,Abu Dhabi Grand Prix,2023-11-26,yas_marina,Yas Marina Circuit,Abu Dhabi,UAE,24.4672,54.6031,alonso,ALO,Fernando Alonso,Spanish,14,1981-07-29,aston_martin,Aston Martin,British,7,7,7,6.0,58,Finished,0,0,1,0
2023,22,Abu Dhabi Grand Prix,2023-11-26,yas_marina,Yas Marina Circuit,Abu Dhabi,UAE,24.4672,54.6031,tsunoda,TSU,Yuki Tsunoda,Japanese,22,2000-05-11,alphatauri,AlphaTauri,Italian,6,6,8,4.0,58,Finished,0,0,1,0
2023,22,Abu Dhabi Grand Prix,2023-11-26,yas_marina,Yas Marina Circuit,Abu Dhabi,UAE,24.4672,54.6031,hamilton,HAM,Lewis Hamilton,British,44,1985-01-07,mercedes,Mercedes,German,11,11,9,2.0,58,Finished,0,0,1,0
2023,22,Abu Dhabi Grand Prix,2023-11-26,yas_marina,Yas Marina Circuit,Abu Dhabi,UAE,24.4672,54.6031,stroll,STR,Lance Stroll,Canadian,18,1998-10-29,aston_martin,Aston Martin,British,13,13,10,1.0,58,Finished,0,0,1,0
2023,22,Abu Dhabi Grand Prix,2023-11-26,yas_marina,Yas Marina Circuit,Abu Dhabi,UAE,24.4672,54.6031,ricciardo,RIC,Daniel Ricciardo,Australian,3,1989-07-01,alphatauri,AlphaTauri,Italian,15,15,11,0.0,58,Finished,0,0,0,0
2023,22,Abu Dhabi Grand Prix,2023-11-26,yas_marina,Yas Marina Circuit,Abu Dhabi,UAE,24.4672,54.6031,ocon,OCO,Esteban Ocon,French,31,1996-09-17,alpine,Alpine F1 Team,French,12,12,12,0.0,58,Finished,0,0,0,0
2023,22,Abu Dhabi Grand Prix,2023-11-26,yas_marina,Yas Marina Circuit,Abu Dhabi,UAE,24.4672,54.6031,gasly,GAS,Pierre Gasly,French,10,1996-02-07,alpine,Alpine F1 Team,French,10,10,13,0.0,58,Finished,0,0,0,0
2023,22,Abu Dhabi Grand Prix,2023-11-26,yas_marina,Yas Marina Circuit,Abu Dhabi,UAE,24.4672,54.6031,albon,ALB,Alexander Albon,Thai,23,1996-03-23,williams,Williams,British,14,14,14,0.0,58,Finished,0,0,0,0
2023,22,Abu Dhabi Grand Prix,2023-11-26,yas_marina,Yas Marina Circuit,Abu Dhabi,UAE,24.4672,54.6031,hulkenberg,HUL,Nico Hülkenberg,German,27,1987-08-19,haas,Haas F1 Team,American,8,8,15,0.0,58,Finished,0,0,0,0
2023,22,Abu Dhabi Grand Prix,2023-11-26,yas_marina,Yas Marina Circuit,Abu Dhabi,UAE,24.4672,54.6031,sargeant,SAR,Logan Sargeant,American,2,2000-12-31,williams,Williams,British,20,20,16,0.0,58,Finished,0,0,0,0
2023,22,Abu Dhabi Grand Prix,2023-11-26,yas_marina,Yas Marina Circuit,Abu Dhabi,UAE,24.4672,54.6031,zhou,ZHO,Guanyu Zhou,Chinese,24,1999-05-30,alfa,Alfa Romeo,Swiss,19,19,17,0.0,58,Finished,0,0,0,0
2023,22,Abu Dhabi Grand Prix,2023-11-26,yas_marina,Yas Marina Circuit,Abu Dhabi,UAE,24.4672,54.6031,sainz,SAI,Carlos Sainz,Spanish,55,1994-09-01,ferrari,Ferrari,Italian,16,16,18,0.0,57,Retired,0,0,0,1
2023,22,Abu Dhabi Grand Prix,2023-11-26,yas_marina,Yas Marina Circuit,Abu Dhabi,UAE,24.4672,54.6031,bottas,BOT,Valtteri Bottas,Finnish,77,1989-08-28,alfa,Alfa Romeo,Swiss,18,18,19,0.0,57,Lapped,0,0,0,0
2023,22,Abu Dhabi Grand Prix,2023-11-26,yas_marina,Yas Marina Circuit,Abu Dhabi,UAE,24.4672,54.6031,kevin_magnussen,MAG,Kevin Magnussen,Danish,20,1992-10-05,haas,Haas F1 Team,American,17,17,20,0.0,57,Lapped,0,0,0,0
2024,1,Bahrain Grand Prix,2024-03-02,bahrain,Bahrain International Circuit,Sakhir,Bahrain,26.0325,50.5106,max_verstappen,VER,Max Verstappen,Dutch,3,1997-09-30,red_bull,Red Bull,Austrian,1,1,1,26.0,57,Finished,1,1,1,0
2024,1,Bahrain Grand Prix,2024-03-02,bahrain,Bahrain International Circuit,Sakhir,Bahrain,26.0325,50.5106,perez,PER,Sergio Pérez,Mexican,11,1990-01-26,red_bull,Red Bull,Austrian,5,5,2,18.0,57,Finished,0,1,1,0
2024,1,Bahrain Grand Prix,2024-03-02,bahrain,Bahrain International Circuit,Sakhir,Bahrain,26.0325,50.5106,sainz,SAI,Carlos Sainz,Spanish,55,1994-09-01,ferrari,Ferrari,Italian,4,4,3,15.0,57,Finished,0,1,1,0
2024,1,Bahrain Grand Prix,2024-03-02,bahrain,Bahrain International Circuit,Sakhir,Bahrain,26.0325,50.5106,leclerc,LEC,Charles Leclerc,Monegasque,16,1997-10-16,ferrari,Ferrari,Italian,2,2,4,12.0,57,Finished,0,0,1,0
2024,1,Bahrain Grand Prix,2024-03-02,bahrain,Bahrain International Circuit,Sakhir,Bahrain,26.0325,50.5106,russell,RUS,George Russell,British,63,1998-02-15,mercedes,Mercedes,German,3,3,5,10.0,57,Finished,0,0,1,0
2024,1,Bahrain Grand Prix,2024-03-02,bahrain,Bahrain International Circuit,Sakhir,Bahrain,26.0325,50.5106,norris,NOR,Lando Norris,British,1,1999-11-13,mclaren,McLaren,British,7,7,6,8.0,57,Finished,0,0,1,0
2024,1,Bahrain Grand Prix,2024-03-02,bahrain,Bahrain International Circuit,Sakhir,Bahrain,26.0325,50.5106,hamilton,HAM,Lewis Hamilton,British,44,1985-01-07,mercedes,Mercedes,German,9,9,7,6.0,57,Finished,0,0,1,0
2024,1,Bahrain Grand Prix,2024-03-02,bahrain,Bahrain International Circuit,Sakhir,Bahrain,26.0325,50.5106,piastri,PIA,Oscar Piastri,Australian,81,2001-04-06,mclaren,McLaren,British,8,8,8,4.0,57,Finished,0,0,1,0
2024,1,Bahrain Grand Prix,2024-03-02,bahrain,Bahrain International Circuit,Sakhir,Bahrain,26.0325,50.5106,alonso,ALO,Fernando Alonso,Spanish,14,1981-07-29,aston_martin,Aston Martin,British,6,6,9,2.0,57,Finished,0,0,1,0
2024,1,Bahrain Grand Prix,2024-03-02,bahrain,Bahrain International Circuit,Sakhir,Bahrain,26.0325,50.5106,stroll,STR,Lance Stroll,Canadian,18,1998-10-29,aston_martin,Aston Martin,British,12,12,10,1.0,57,Finished,0,0,1,0
2024,1,Bahrain Grand Prix,2024-03-02,bahrain,Bahrain International Circuit,Sakhir,Bahrain,26.0325,50.5106,zhou,ZHO,Guanyu Zhou,Chinese,24,1999-05-30,sauber,Sauber,Swiss,17,17,11,0.0,56,Lapped,0,0,0,0
2024,1,Bahrain Grand Prix,2024-03-02,bahrain,Bahrain International Circuit,Sakhir,Bahrain,26.0325,50.5106,kevin_magnussen,MAG,Kevin Magnussen,Danish,20,1992-10-05,haas,Haas F1 Team,American,15,15,12,0.0,56,Lapped,0,0,0,0
2024,1,Bahrain Grand Prix,2024-03-02,bahrain,Bahrain International Circuit,Sakhir,Bahrain,26.0325,50.5106,ricciardo,RIC,Daniel Ricciardo,Australian,3,1989-07-01,rb,RB F1 Team,Italian,14,14,13,0.0,56,Lapped,0,0,0,0
2024,1,Bahrain Grand Prix,2024-03-02,bahrain,Bahrain International Circuit,Sakhir,Bahrain,26.0325,50.5106,tsunoda,TSU,Yuki Tsunoda,Japanese,22,2000-05-11,rb,RB F1 Team,Italian,11,11,14,0.0,56,Lapped,0,0,0,0
2024,1,Bahrain Grand Prix,2024-03-02,bahrain,Bahrain International Circuit,Sakhir,Bahrain,26.0325,50.5106,albon,ALB,Alexander Albon,Thai,23,1996-03-23,williams,Williams,British,13,13,15,0.0,56,Lapped,0,0,0,0
2024,1,Bahrain Grand Prix,2024-03-02,bahrain,Bahrain International Circuit,Sakhir,Bahrain,26.0325,50.5106,hulkenberg,HUL,Nico Hülkenberg,German,27,1987-08-19,haas,Haas F1 Team,American,10,10,16,0.0,56,Lapped,0,0,0,0
2024,1,Bahrain Grand Prix,2024-03-02,bahrain,Bahrain International Circuit,Sakhir,Bahrain,26.0325,50.5106,ocon,OCO,Esteban Ocon,French,31,1996-09-17,alpine,Alpine F1 Team,French,19,19,17,0.0,56,Lapped,0,0,0,0
2024,1,Bahrain Grand Prix,2024-03-02,bahrain,Bahrain International Circuit,Sakhir,Bahrain,26.0325,50.5106,gasly,GAS,Pierre Gasly,French,10,1996-02-07,alpine,Alpine F1 Team,French,20,20,18,0.0,56,Lapped,0,0,0,0
2024,1,Bahrain Grand Prix,2024-03-02,bahrain,Bahrain International Circuit,Sakhir,Bahrain,26.0325,50.5106,bottas,BOT,Valtteri Bottas,Finnish,77,1989-08-28,sauber,Sauber,Swiss,16,16,19,0.0,56,Lapped,0,0,0,0
2024,1,Bahrain Grand Prix,2024-03-02,bahrain,Bahrain International Circuit,Sakhir,Bahrain,26.0325,50.5106,sargeant,SAR,Logan Sargeant,American,2,2000-12-31,williams,Williams,British,18,18,20,0.0,55,Lapped,0,0,0,0
2024,2,Saudi Arabian Grand Prix,2024-03-09,jeddah,Jeddah Corniche Circuit,Jeddah,Saudi Arabia,21.6319,39.1044,max_verstappen,VER,Max Verstappen,Dutch,3,1997-09-30,red_bull,Red Bull,Austrian,1,1,1,25.0,50,Finished,1,1,1,0
2024,2,Saudi Arabian Grand Prix,2024-03-09,jeddah,Jeddah Corniche Circuit,Jeddah,Saudi Arabia,21.6319,39.1044,perez,PER,Sergio Pérez,Mexican,11,1990-01-26,red_bull,Red Bull,Austrian,3,3,2,18.0,50,Finished,0,1,1,0
2024,2,Saudi Arabian Grand Prix,2024-03-09,jeddah,Jeddah Corniche Circuit,Jeddah,Saudi Arabia,21.6319,39.1044,leclerc,LEC,Charles Leclerc,Monegasque,16,1997-10-16,ferrari,Ferrari,Italian,2,2,3,16.0,50,Finished,0,1,1,0
2024,2,Saudi Arabian Grand Prix,2024-03-09,jeddah,Jeddah Corniche Circuit,Jeddah,Saudi Arabia,21.6319,39.1044,piastri,PIA,Oscar Piastri,Australian,81,2001-04-06,mclaren,McLaren,British,5,5,4,12.0,50,Finished,0,0,1,0
2024,2,Saudi Arabian Grand Prix,2024-03-09,jeddah,Jeddah Corniche Circuit,Jeddah,Saudi Arabia,21.6319,39.1044,alonso,ALO,Fernando Alonso,Spanish,14,1981-07-29,aston_martin,Aston Martin,British,4,4,5,10.0,50,Finished,0,0,1,0
2024,2,Saudi Arabian Grand Prix,2024-03-09,jeddah,Jeddah Corniche Circuit,Jeddah,Saudi Arabia,21.6319,39.1044,russell,RUS,George Russell,British,63,1998-02-15,mercedes,Mercedes,German,7,7,6,8.0,50,Finished,0,0,1,0
2024,2,Saudi Arabian Grand Prix,2024-03-09,jeddah,Jeddah Corniche Circuit,Jeddah,Saudi Arabia,21.6319,39.1044,bearman,BEA,Oliver Bearman,British,87,2005-05-08,ferrari,Ferrari,Italian,11,11,7,6.0,50,Finished,0,0,1,0
2024,2,Saudi Arabian Grand Prix,2024-03-09,jeddah,Jeddah Corniche Circuit,Jeddah,Saudi Arabia,21.6319,39.1044,norris,NOR,Lando Norris,British,1,1999-11-13,mclaren,McLaren,British,6,6,8,4.0,50,Finished,0,0,1,0
2024,2,Saudi Arabian Grand Prix,2024-03-09,jeddah,Jeddah Corniche Circuit,Jeddah,Saudi Arabia,21.6319,39.1044,hamilton,HAM,Lewis Hamilton,British,44,1985-01-07,mercedes,Mercedes,German,8,8,9,2.0,50,Finished,0,0,1,0
2024,2,Saudi Arabian Grand Prix,2024-03-09,jeddah,Jeddah Corniche Circuit,Jeddah,Saudi Arabia,21.6319,39.1044,hulkenberg,HUL,Nico Hülkenberg,German,27,1987-08-19,haas,Haas F1 Team,American,15,15,10,1.0,50,Finished,0,0,1,0
2024,2,Saudi Arabian Grand Prix,2024-03-09,jeddah,Jeddah Corniche Circuit,Jeddah,Saudi Arabia,21.6319,39.1044,albon,ALB,Alexander Albon,Thai,23,1996-03-23,williams,Williams,British,12,12,11,0.0,50,Finished,0,0,0,0
2024,2,Saudi Arabian Grand Prix,2024-03-09,jeddah,Jeddah Corniche Circuit,Jeddah,Saudi Arabia,21.6319,39.1044,kevin_magnussen,MAG,Kevin Magnussen,Danish,20,1992-10-05,haas,Haas F1 Team,American,13,13,12,0.0,50,Finished,0,0,0,0
2024,2,Saudi Arabian Grand Prix,2024-03-09,jeddah,Jeddah Corniche Circuit,Jeddah,Saudi Arabia,21.6319,39.1044,ocon,OCO,Esteban Ocon,French,31,1996-09-17,alpine,Alpine F1 Team,French,17,17,13,0.0,49,Lapped,0,0,0,0
2024,2,Saudi Arabian Grand Prix,2024-03-09,jeddah,Jeddah Corniche Circuit,Jeddah,Saudi Arabia,21.6319,39.1044,sargeant,SAR,Logan Sargeant,American,2,2000-12-31,williams,Williams,British,19,19,14,0.0,49,Lapped,0,0,0,0
2024,2,Saudi Arabian Grand Prix,2024-03-09,jeddah,Jeddah Corniche Circuit,Jeddah,Saudi Arabia,21.6319,39.1044,tsunoda,TSU,Yuki Tsunoda,Japanese,22,2000-05-11,rb,RB F1 Team,Italian,9,9,15,0.0,49,Lapped,0,0,0,0
2024,2,Saudi Arabian Grand Prix,2024-03-09,jeddah,Jeddah Corniche Circuit,Jeddah,Saudi Arabia,21.6319,39.1044,ricciardo,RIC,Daniel Ricciardo,Australian,3,1989-07-01,rb,RB F1 Team,Italian,14,14,16,0.0,49,Lapped,0,0,0,0
2024,2,Saudi Arabian Grand Prix,2024-03-09,jeddah,Jeddah Corniche Circuit,Jeddah,Saudi Arabia,21.6319,39.1044,bottas,BOT,Valtteri Bottas,Finnish,77,1989-08-28,sauber,Sauber,Swiss,16,16,17,0.0,49,Lapped,0,0,0,0
2024,2,Saudi Arabian Grand Prix,2024-03-09,jeddah,Jeddah Corniche Circuit,Jeddah,Saudi Arabia,21.6319,39.1044,zhou,ZHO,Guanyu Zhou,Chinese,24,1999-05-30,sauber,Sauber,Swiss,20,20,18,0.0,49,Lapped,0,0,0,0
2024,2,Saudi Arabian Grand Prix,2024-03-09,jeddah,Jeddah Corniche Circuit,Jeddah,Saudi Arabia,21.6319,39.1044,stroll,STR,Lance Stroll,Canadian,18,1998-10-29,aston_martin,Aston Martin,British,10,10,19,0.0,5,Retired,0,0,0,1
2024,2,Saudi Arabian Grand Prix,2024-03-09,jeddah,Jeddah Corniche Circuit,Jeddah,Saudi Arabia,21.6319,39.1044,gasly,GAS,Pierre Gasly,French,10,1996-02-07,alpine,Alpine F1 Team,French,18,18,20,0.0,1,Retired,0,0,0,1
2024,3,Australian Grand Prix,2024-03-24,albert_park,Albert Park Grand Prix Circuit,Melbourne,Australia,-37.8497,144.968,sainz,SAI,Carlos Sainz,Spanish,55,1994-09-01,ferrari,Ferrari,Italian,2,2,1,25.0,58,Finished,1,1,1,0
2024,3,Australian Grand Prix,2024-03-24,albert_park,Albert Park Grand Prix Circuit,Melbourne,Australia,-37.8497,144.968,leclerc,LEC,Charles Leclerc,Monegasque,16,1997-10-16,ferrari,Ferrari,Italian,5,4,2,19.0,58,Finished,0,1,1,0
2024,3,Australian Grand Prix,2024-03-24,albert_park,Albert Park Grand Prix Circuit,Melbourne,Australia,-37.8497,144.968,norris,NOR,Lando Norris,British,1,1999-11-13,mclaren,McLaren,British,4,3,3,15.0,58,Finished,0,1,1,0
2024,3,Australian Grand Prix,2024-03-24,albert_park,Albert Park Grand Prix Circuit,Melbourne,Australia,-37.8497,144.968,piastri,PIA,Oscar Piastri,Australian,81,2001-04-06,mclaren,McLaren,British,6,5,4,12.0,58,Finished,0,0,1,0
2024,3,Australian Grand Prix,2024-03-24,albert_park,Albert Park Grand Prix Circuit,Melbourne,Australia,-37.8497,144.968,perez,PER,Sergio Pérez,Mexican,11,1990-01-26,red_bull,Red Bull,Austrian,3,6,5,10.0,58,Finished,0,0,1,0
2024,3,Australian Grand Prix,2024-03-24,albert_park,Albert Park Grand Prix Circuit,Melbourne,Australia,-37.8497,144.968,stroll,STR,Lance Stroll,Canadian,18,1998-10-29,aston_martin,Aston Martin,British,9,9,6,8.0,58,Finished,0,0,1,0
2024,3,Australian Grand Prix,2024-03-24,albert_park,Albert Park Grand Prix Circuit,Melbourne,Australia,-37.8497,144.968,tsunoda,TSU,Yuki Tsunoda,Japanese,22,2000-05-11,rb,RB F1 Team,Italian,8,8,7,6.0,58,Finished,0,0,1,0
2024,3,Australian Grand Prix,2024-03-24,albert_park,Albert Park Grand Prix Circuit,Melbourne,Australia,-37.8497,144.968,alonso,ALO,Fernando Alonso,Spanish,14,1981-07-29,aston_martin,Aston Martin,British,10,10,8,4.0,58,Finished,0,0,1,0
2024,3,Australian Grand Prix,2024-03-24,albert_park,Albert Park Grand Prix Circuit,Melbourne,Australia,-37.8497,144.968,hulkenberg,HUL,Nico Hülkenberg,German,27,1987-08-19,haas,Haas F1 Team,American,16,16,9,2.0,58,Finished,0,0,1,0
2024,3,Australian Grand Prix,2024-03-24,albert_park,Albert Park Grand Prix Circuit,Melbourne,Australia,-37.8497,144.968,kevin_magnussen,MAG,Kevin Magnussen,Danish,20,1992-10-05,haas,Haas F1 Team,American,14,14,10,1.0,57,Lapped,0,0,1,0
2024,3,Australian Grand Prix,2024-03-24,albert_park,Albert Park Grand Prix Circuit,Melbourne,Australia,-37.8497,144.968,albon,ALB,Alexander Albon,Thai,23,1996-03-23,williams,Williams,British,12,12,11,0.0,57,Lapped,0,0,0,0
2024,3,Australian Grand Prix,2024-03-24,albert_park,Albert Park Grand Prix Circuit,Melbourne,Australia,-37.8497,144.968,ricciardo,RIC,Daniel Ricciardo,Australian,3,1989-07-01,rb,RB F1 Team,Italian,18,18,12,0.0,57,Lapped,0,0,0,0
2024,3,Australian Grand Prix,2024-03-24,albert_park,Albert Park Grand Prix Circuit,Melbourne,Australia,-37.8497,144.968,gasly,GAS,Pierre Gasly,French,10,1996-02-07,alpine,Alpine F1 Team,French,17,17,13,0.0,57,Lapped,0,0,0,0
2024,3,Australian Grand Prix,2024-03-24,albert_park,Albert Park Grand Prix Circuit,Melbourne,Australia,-37.8497,144.968,bottas,BOT,Valtteri Bottas,Finnish,77,1989-08-28,sauber,Sauber,Swiss,13,13,14,0.0,57,Lapped,0,0,0,0
2024,3,Australian Grand Prix,2024-03-24,albert_park,Albert Park Grand Prix Circuit,Melbourne,Australia,-37.8497,144.968,zhou,ZHO,Guanyu Zhou,Chinese,24,1999-05-30,sauber,Sauber,Swiss,19,19,15,0.0,57,Lapped,0,0,0,0
2024,3,Australian Grand Prix,2024-03-24,albert_park,Albert Park Grand Prix Circuit,Melbourne,Australia,-37.8497,144.968,ocon,OCO,Esteban Ocon,French,31,1996-09-17,alpine,Alpine F1 Team,French,15,15,16,0.0,57,Lapped,0,0,0,0
2024,3,Australian Grand Prix,2024-03-24,albert_park,Albert Park Grand Prix Circuit,Melbourne,Australia,-37.8497,144.968,russell,RUS,George Russell,British,63,1998-02-15,mercedes,Mercedes,German,7,7,17,0.0,56,Retired,0,0,0,1
2024,3,Australian Grand Prix,2024-03-24,albert_park,Albert Park Grand Prix Circuit,Melbourne,Australia,-37.8497,144.968,hamilton,HAM,Lewis Hamilton,British,44,1985-01-07,mercedes,Mercedes,German,11,11,18,0.0,15,Retired,0,0,0,1
2024,3,Australian Grand Prix,2024-03-24,albert_park,Albert Park Grand Prix Circuit,Melbourne,Australia,-37.8497,144.968,max_verstappen,VER,Max Verstappen,Dutch,3,1997-09-30,red_bull,Red Bull,Austrian,1,1,19,0.0,3,Retired,0,0,0,1
2024,4,Japanese Grand Prix,2024-04-07,suzuka,Suzuka Circuit,Suzuka,Japan,34.8431,136.541,max_verstappen,VER,Max Verstappen,Dutch,3,1997-09-30,red_bull,Red Bull,Austrian,1,1,1,26.0,53,Finished,1,1,1,0
2024,4,Japanese Grand Prix,2024-04-07,suzuka,Suzuka Circuit,Suzuka,Japan,34.8431,136.541,perez,PER,Sergio Pérez,Mexican,11,1990-01-26,red_bull,Red Bull,Austrian,2,2,2,18.0,53,Finished,0,1,1,0
2024,4,Japanese Grand Prix,2024-04-07,suzuka,Suzuka Circuit,Suzuka,Japan,34.8431,136.541,sainz,SAI,Carlos Sainz,Spanish,55,1994-09-01,ferrari,Ferrari,Italian,4,4,3,15.0,53,Finished,0,1,1,0
2024,4,Japanese Grand Prix,2024-04-07,suzuka,Suzuka Circuit,Suzuka,Japan,34.8431,136.541,leclerc,LEC,Charles Leclerc,Monegasque,16,1997-10-16,ferrari,Ferrari,Italian,8,8,4,12.0,53,Finished,0,0,1,0
2024,4,Japanese Grand Prix,2024-04-07,suzuka,Suzuka Circuit,Suzuka,Japan,34.8431,136.541,norris,NOR,Lando Norris,British,1,1999-11-13,mclaren,McLaren,British,3,3,5,10.0,53,Finished,0,0,1,0
2024,4,Japanese Grand Prix,2024-04-07,suzuka,Suzuka Circuit,Suzuka,Japan,34.8431,136.541,alonso,ALO,Fernando Alonso,Spanish,14,1981-07-29,aston_martin,Aston Martin,British,5,5,6,8.0,53,Finished,0,0,1,0
2024,4,Japanese Grand Prix,2024-04-07,suzuka,Suzuka Circuit,Suzuka,Japan,34.8431,136.541,russell,RUS,George Russell,British,63,1998-02-15,mercedes,Mercedes,German,9,9,7,6.0,53,Finished,0,0,1,0
2024,4,Japanese Grand Prix,2024-04-07,suzuka,Suzuka Circuit,Suzuka,Japan,34.8431,136.541,piastri,PIA,Oscar Piastri,Australian,81,2001-04-06,mclaren,McLaren,British,6,6,8,4.0,53,Finished,0,0,1,0
2024,4,Japanese Grand Prix,2024-04-07,suzuka,Suzuka Circuit,Suzuka,Japan,34.8431,136.541,hamilton,HAM,Lewis Hamilton,British,44,1985-01-07,mercedes,Mercedes,German,7,7,9,2.0,53,Finished,0,0,1,0
2024,4,Japanese Grand Prix,2024-04-07,suzuka,Suzuka Circuit,Suzuka,Japan,34.8431,136.541,tsunoda,TSU,Yuki Tsunoda,Japanese,22,2000-05-11,rb,RB F1 Team,Italian,10,10,10,1.0,52,Lapped,0,0,1,0
2024,4,Japanese Grand Prix,2024-04-07,suzuka,Suzuka Circuit,Suzuka,Japan,34.8431,136.541,hulkenberg,HUL,Nico Hülkenberg,German,27,1987-08-19,haas,Haas F1 Team,American,12,12,11,0.0,52,Lapped,0,0,0,0
2024,4,Japanese Grand Prix,2024-04-07,suzuka,Suzuka Circuit,Suzuka,Japan,34.8431,136.541,stroll,STR,Lance Stroll,Canadian,18,1998-10-29,aston_martin,Aston Martin,British,16,16,12,0.0,52,Lapped,0,0,0,0
2024,4,Japanese Grand Prix,2024-04-07,suzuka,Suzuka Circuit,Suzuka,Japan,34.8431,136.541,kevin_magnussen,MAG,Kevin Magnussen,Danish,20,1992-10-05,haas,Haas F1 Team,American,18,18,13,0.0,52,Lapped,0,0,0,0
2024,4,Japanese Grand Prix,2024-04-07,suzuka,Suzuka Circuit,Suzuka,Japan,34.8431,136.541,bottas,BOT,Valtteri Bottas,Finnish,77,1989-08-28,sauber,Sauber,Swiss,13,13,14,0.0,52,Lapped,0,0,0,0
2024,4,Japanese Grand Prix,2024-04-07,suzuka,Suzuka Circuit,Suzuka,Japan,34.8431,136.541,ocon,OCO,Esteban Ocon,French,31,1996-09-17,alpine,Alpine F1 Team,French,15,15,15,0.0,52,Lapped,0,0,0,0
2024,4,Japanese Grand Prix,2024-04-07,suzuka,Suzuka Circuit,Suzuka,Japan,34.8431,136.541,gasly,GAS,Pierre Gasly,French,10,1996-02-07,alpine,Alpine F1 Team,French,17,17,16,0.0,52,Lapped,0,0,0,0
2024,4,Japanese Grand Prix,2024-04-07,suzuka,Suzuka Circuit,Suzuka,Japan,34.8431,136.541,sargeant,SAR,Logan Sargeant,American,2,2000-12-31,williams,Williams,British,19,19,17,0.0,52,Lapped,0,0,0,0
2024,4,Japanese Grand Prix,2024-04-07,suzuka,Suzuka Circuit,Suzuka,Japan,34.8431,136.541,zhou,ZHO,Guanyu Zhou,Chinese,24,1999-05-30,sauber,Sauber,Swiss,20,20,18,0.0,12,Retired,0,0,0,1
2024,4,Japanese Grand Prix,2024-04-07,suzuka,Suzuka Circuit,Suzuka,Japan,34.8431,136.541,ricciardo,RIC,Daniel Ricciardo,Australian,3,1989-07-01,rb,RB F1 Team,Italian,11,11,19,0.0,0,Retired,0,0,0,1
2024,4,Japanese Grand Prix,2024-04-07,suzuka,Suzuka Circuit,Suzuka,Japan,34.8431,136.541,albon,ALB,Alexander Albon,Thai,23,1996-03-23,williams,Williams,British,14,14,20,0.0,0,Retired,0,0,0,1
2024,5,Chinese Grand Prix,2024-04-21,shanghai,Shanghai International Circuit,Shanghai,China,31.3389,121.22,max_verstappen,VER,Max Verstappen,Dutch,3,1997-09-30,red_bull,Red Bull,Austrian,1,1,1,25.0,56,Finished,1,1,1,0
2024,5,Chinese Grand Prix,2024-04-21,shanghai,Shanghai International Circuit,Shanghai,China,31.3389,121.22,norris,NOR,Lando Norris,British,1,1999-11-13,mclaren,McLaren,British,4,4,2,18.0,56,Finished,0,1,1,0
2024,5,Chinese Grand Prix,2024-04-21,shanghai,Shanghai International Circuit,Shanghai,China,31.3389,121.22,perez,PER,Sergio Pérez,Mexican,11,1990-01-26,red_bull,Red Bull,Austrian,2,2,3,15.0,56,Finished,0,1,1,0
2024,5,Chinese Grand Prix,2024-04-21,shanghai,Shanghai International Circuit,Shanghai,China,31.3389,121.22,leclerc,LEC,Charles Leclerc,Monegasque,16,1997-10-16,ferrari,Ferrari,Italian,6,6,4,12.0,56,Finished,0,0,1,0
2024,5,Chinese Grand Prix,2024-04-21,shanghai,Shanghai International Circuit,Shanghai,China,31.3389,121.22,sainz,SAI,Carlos Sainz,Spanish,55,1994-09-01,ferrari,Ferrari,Italian,7,7,5,10.0,56,Finished,0,0,1,0
2024,5,Chinese Grand Prix,2024-04-21,shanghai,Shanghai International Circuit,Shanghai,China,31.3389,121.22,russell,RUS,George Russell,British,63,1998-02-15,mercedes,Mercedes,German,8,8,6,8.0,56,Finished,0,0,1,0
2024,5,Chinese Grand Prix,2024-04-21,shanghai,Shanghai International Circuit,Shanghai,China,31.3389,121.22,alonso,ALO,Fernando Alonso,Spanish,14,1981-07-29,aston_martin,Aston Martin,British,3,3,7,7.0,56,Finished,0,0,1,0
2024,5,Chinese Grand Prix,2024-04-21,shanghai,Shanghai International Circuit,Shanghai,China,31.3389,121.22,piastri,PIA,Oscar Piastri,Australian,81,2001-04-06,mclaren,McLaren,British,5,5,8,4.0,56,Finished,0,0,1,0
2024,5,Chinese Grand Prix,2024-04-21,shanghai,Shanghai International Circuit,Shanghai,China,31.3389,121.22,hamilton,HAM,Lewis Hamilton,British,44,1985-01-07,mercedes,Mercedes,German,18,18,9,2.0,56,Finished,0,0,1,0
2024,5,Chinese Grand Prix,2024-04-21,shanghai,Shanghai International Circuit,Shanghai,China,31.3389,121.22,hulkenberg,HUL,Nico Hülkenberg,German,27,1987-08-19,haas,Haas F1 Team,American,9,9,10,1.0,56,Finished,0,0,1,0
2024,5,Chinese Grand Prix,2024-04-21,shanghai,Shanghai International Circuit,Shanghai,China,31.3389,121.22,ocon,OCO,Esteban Ocon,French,31,1996-09-17,alpine,Alpine F1 Team,French,13,13,11,0.0,56,Finished,0,0,0,0
2024,5,Chinese Grand Prix,2024-04-21,shanghai,Shanghai International Circuit,Shanghai,China,31.3389,121.22,albon,ALB,Alexander Albon,Thai,23,1996-03-23,williams,Williams,British,14,14,12,0.0,56,Finished,0,0,0,0
2024,5,Chinese Grand Prix,2024-04-21,shanghai,Shanghai International Circuit,Shanghai,China,31.3389,121.22,gasly,GAS,Pierre Gasly,French,10,1996-02-07,alpine,Alpine F1 Team,French,15,15,13,0.0,56,Finished,0,0,0,0
2024,5,Chinese Grand Prix,2024-04-21,shanghai,Shanghai International Circuit,Shanghai,China,31.3389,121.22,zhou,ZHO,Guanyu Zhou,Chinese,24,1999-05-30,sauber,Sauber,Swiss,16,16,14,0.0,56,Finished,0,0,0,0
2024,5,Chinese Grand Prix,2024-04-21,shanghai,Shanghai International Circuit,Shanghai,China,31.3389,121.22,stroll,STR,Lance Stroll,Canadian,18,1998-10-29,aston_martin,Aston Martin,British,11,11,15,0.0,56,Finished,0,0,0,0
2024,5,Chinese Grand Prix,2024-04-21,shanghai,Shanghai International Circuit,Shanghai,China,31.3389,121.22,kevin_magnussen,MAG,Kevin Magnussen,Danish,20,1992-10-05,haas,Haas F1 Team,American,17,17,16,0.0,56,Finished,0,0,0,0
2024,5,Chinese Grand Prix,2024-04-21,shanghai,Shanghai International Circuit,Shanghai,China,31.3389,121.22,sargeant,SAR,Logan Sargeant,American,2,2000-12-31,williams,Williams,British,20,20,17,0.0,56,Finished,0,0,0,0
2024,5,Chinese Grand Prix,2024-04-21,shanghai,Shanghai International Circuit,Shanghai,China,31.3389,121.22,ricciardo,RIC,Daniel Ricciardo,Australian,3,1989-07-01,rb,RB F1 Team,Italian,12,12,18,0.0,33,Retired,0,0,0,1
2024,5,Chinese Grand Prix,2024-04-21,shanghai,Shanghai International Circuit,Shanghai,China,31.3389,121.22,tsunoda,TSU,Yuki Tsunoda,Japanese,22,2000-05-11,rb,RB F1 Team,Italian,19,19,19,0.0,26,Retired,0,0,0,1
2024,5,Chinese Grand Prix,2024-04-21,shanghai,Shanghai International Circuit,Shanghai,China,31.3389,121.22,bottas,BOT,Valtteri Bottas,Finnish,77,1989-08-28,sauber,Sauber,Swiss,10,10,20,0.0,19,Retired,0,0,0,1
2024,6,Miami Grand Prix,2024-05-05,miami,Miami International Autodrome,Miami,USA,25.9581,-80.2389,norris,NOR,Lando Norris,British,1,1999-11-13,mclaren,McLaren,British,5,5,1,25.0,57,Finished,1,1,1,0
2024,6,Miami Grand Prix,2024-05-05,miami,Miami International Autodrome,Miami,USA,25.9581,-80.2389,max_verstappen,VER,Max Verstappen,Dutch,3,1997-09-30,red_bull,Red Bull,Austrian,1,1,2,18.0,57,Finished,0,1,1,0
2024,6,Miami Grand Prix,2024-05-05,miami,Miami International Autodrome,Miami,USA,25.9581,-80.2389,leclerc,LEC,Charles Leclerc,Monegasque,16,1997-10-16,ferrari,Ferrari,Italian,2,2,3,15.0,57,Finished,0,1,1,0
2024,6,Miami Grand Prix,2024-05-05,miami,Miami International Autodrome,Miami,USA,25.9581,-80.2389,perez,PER,Sergio Pérez,Mexican,11,1990-01-26,red_bull,Red Bull,Austrian,4,4,4,12.0,57,Finished,0,0,1,0
2024,6,Miami Grand Prix,2024-05-05,miami,Miami International Autodrome,Miami,USA,25.9581,-80.2389,sainz,SAI,Carlos Sainz,Spanish,55,1994-09-01,ferrari,Ferrari,Italian,3,3,5,10.0,57,Finished,0,0,1,0
2024,6,Miami Grand Prix,2024-05-05,miami,Miami International Autodrome,Miami,USA,25.9581,-80.2389,hamilton,HAM,Lewis Hamilton,British,44,1985-01-07,mercedes,Mercedes,German,8,8,6,8.0,57,Finished,0,0,1,0
2024,6,Miami Grand Prix,2024-05-05,miami,Miami International Autodrome,Miami,USA,25.9581,-80.2389,tsunoda,TSU,Yuki Tsunoda,Japanese,22,2000-05-11,rb,RB F1 Team,Italian,10,10,7,6.0,57,Finished,0,0,1,0
2024,6,Miami Grand Prix,2024-05-05,miami,Miami International Autodrome,Miami,USA,25.9581,-80.2389,russell,RUS,George Russell,British,63,1998-02-15,mercedes,Mercedes,German,7,7,8,4.0,57,Finished,0,0,1,0
2024,6,Miami Grand Prix,2024-05-05,miami,Miami International Autodrome,Miami,USA,25.9581,-80.2389,alonso,ALO,Fernando Alonso,Spanish,14,1981-07-29,aston_martin,Aston Martin,British,15,15,9,2.0,57,Finished,0,0,1,0
2024,6,Miami Grand Prix,2024-05-05,miami,Miami International Autodrome,Miami,USA,25.9581,-80.2389,ocon,OCO,Esteban Ocon,French,31,1996-09-17,alpine,Alpine F1 Team,French,13,13,10,1.0,57,Finished,0,0,1,0
2024,6,Miami Grand Prix,2024-05-05,miami,Miami International Autodrome,Miami,USA,25.9581,-80.2389,hulkenberg,HUL,Nico Hülkenberg,German,27,1987-08-19,haas,Haas F1 Team,American,9,9,11,0.0,57,Finished,0,0,0,0
2024,6,Miami Grand Prix,2024-05-05,miami,Miami International Autodrome,Miami,USA,25.9581,-80.2389,gasly,GAS,Pierre Gasly,French,10,1996-02-07,alpine,Alpine F1 Team,French,12,12,12,0.0,57,Finished,0,0,0,0
2024,6,Miami Grand Prix,2024-05-05,miami,Miami International Autodrome,Miami,USA,25.9581,-80.2389,piastri,PIA,Oscar Piastri,Australian,81,2001-04-06,mclaren,McLaren,British,6,6,13,0.0,57,Finished,0,0,0,0
2024,6,Miami Grand Prix,2024-05-05,miami,Miami International Autodrome,Miami,USA,25.9581,-80.2389,zhou,ZHO,Guanyu Zhou,Chinese,24,1999-05-30,sauber,Sauber,Swiss,20,19,14,0.0,57,Finished,0,0,0,0
2024,6,Miami Grand Prix,2024-05-05,miami,Miami International Autodrome,Miami,USA,25.9581,-80.2389,ricciardo,RIC,Daniel Ricciardo,Australian,3,1989-07-01,rb,RB F1 Team,Italian,18,20,15,0.0,57,Finished,0,0,0,0
2024,6,Miami Grand Prix,2024-05-05,miami,Miami International Autodrome,Miami,USA,25.9581,-80.2389,bottas,BOT,Valtteri Bottas,Finnish,77,1989-08-28,sauber,Sauber,Swiss,16,16,16,0.0,57,Finished,0,0,0,0
2024,6,Miami Grand Prix,2024-05-05,miami,Miami International Autodrome,Miami,USA,25.9581,-80.2389,stroll,STR,Lance Stroll,Canadian,18,1998-10-29,aston_martin,Aston Martin,British,11,11,17,0.0,57,Finished,0,0,0,0
2024,6,Miami Grand Prix,2024-05-05,miami,Miami International Autodrome,Miami,USA,25.9581,-80.2389,albon,ALB,Alexander Albon,Thai,23,1996-03-23,williams,Williams,British,14,14,18,0.0,57,Finished,0,0,0,0
2024,6,Miami Grand Prix,2024-05-05,miami,Miami International Autodrome,Miami,USA,25.9581,-80.2389,kevin_magnussen,MAG,Kevin Magnussen,Danish,20,1992-10-05,haas,Haas F1 Team,American,19,18,19,0.0,57,Finished,0,0,0,0
2024,6,Miami Grand Prix,2024-05-05,miami,Miami International Autodrome,Miami,USA,25.9581,-80.2389,sargeant,SAR,Logan Sargeant,American,2,2000-12-31,williams,Williams,British,17,17,20,0.0,27,Retired,0,0,0,1
2024,7,Emilia Romagna Grand Prix,2024-05-19,imola,Autodromo Enzo e Dino Ferrari,Imola,Italy,44.3439,11.7167,max_verstappen,VER,Max Verstappen,Dutch,3,1997-09-30,red_bull,Red Bull,Austrian,1,1,1,25.0,63,Finished,1,1,1,0
2024,7,Emilia Romagna Grand Prix,2024-05-19,imola,Autodromo Enzo e Dino Ferrari,Imola,Italy,44.3439,11.7167,norris,NOR,Lando Norris,British,1,1999-11-13,mclaren,McLaren,British,3,2,2,18.0,63,Finished,0,1,1,0
2024,7,Emilia Romagna Grand Prix,2024-05-19,imola,Autodromo Enzo e Dino Ferrari,Imola,Italy,44.3439,11.7167,leclerc,LEC,Charles Leclerc,Monegasque,16,1997-10-16,ferrari,Ferrari,Italian,4,3,3,15.0,63,Finished,0,1,1,0
2024,7,Emilia Romagna Grand Prix,2024-05-19,imola,Autodromo Enzo e Dino Ferrari,Imola,Italy,44.3439,11.7167,piastri,PIA,Oscar Piastri,Australian,81,2001-04-06,mclaren,McLaren,British,2,5,4,12.0,63,Finished,0,0,1,0
2024,7,Emilia Romagna Grand Prix,2024-05-19,imola,Autodromo Enzo e Dino Ferrari,Imola,Italy,44.3439,11.7167,sainz,SAI,Carlos Sainz,Spanish,55,1994-09-01,ferrari,Ferrari,Italian,5,4,5,10.0,63,Finished,0,0,1,0
2024,7,Emilia Romagna Grand Prix,2024-05-19,imola,Autodromo Enzo e Dino Ferrari,Imola,Italy,44.3439,11.7167,hamilton,HAM,Lewis Hamilton,British,44,1985-01-07,mercedes,Mercedes,German,8,8,6,8.0,63,Finished,0,0,1,0
2024,7,Emilia Romagna Grand Prix,2024-05-19,imola,Autodromo Enzo e Dino Ferrari,Imola,Italy,44.3439,11.7167,russell,RUS,George Russell,British,63,1998-02-15,mercedes,Mercedes,German,6,6,7,7.0,63,Finished,0,0,1,0
2024,7,Emilia Romagna Grand Prix,2024-05-19,imola,Autodromo Enzo e Dino Ferrari,Imola,Italy,44.3439,11.7167,perez,PER,Sergio Pérez,Mexican,11,1990-01-26,red_bull,Red Bull,Austrian,11,11,8,4.0,63,Finished,0,0,1,0
2024,7,Emilia Romagna Grand Prix,2024-05-19,imola,Autodromo Enzo e Dino Ferrari,Imola,Italy,44.3439,11.7167,stroll,STR,Lance Stroll,Canadian,18,1998-10-29,aston_martin,Aston Martin,British,13,13,9,2.0,63,Finished,0,0,1,0
2024,7,Emilia Romagna Grand Prix,2024-05-19,imola,Autodromo Enzo e Dino Ferrari,Imola,Italy,44.3439,11.7167,tsunoda,TSU,Yuki Tsunoda,Japanese,22,2000-05-11,rb,RB F1 Team,Italian,7,7,10,1.0,62,Lapped,0,0,1,0
2024,7,Emilia Romagna Grand Prix,2024-05-19,imola,Autodromo Enzo e Dino Ferrari,Imola,Italy,44.3439,11.7167,hulkenberg,HUL,Nico Hülkenberg,German,27,1987-08-19,haas,Haas F1 Team,American,10,10,11,0.0,62,Lapped,0,0,0,0
2024,7,Emilia Romagna Grand Prix,2024-05-19,imola,Autodromo Enzo e Dino Ferrari,Imola,Italy,44.3439,11.7167,kevin_magnussen,MAG,Kevin Magnussen,Danish,20,1992-10-05,haas,Haas F1 Team,American,18,18,12,0.0,62,Lapped,0,0,0,0
2024,7,Emilia Romagna Grand Prix,2024-05-19,imola,Autodromo Enzo e Dino Ferrari,Imola,Italy,44.3439,11.7167,ricciardo,RIC,Daniel Ricciardo,Australian,3,1989-07-01,rb,RB F1 Team,Italian,9,9,13,0.0,62,Lapped,0,0,0,0
2024,7,Emilia Romagna Grand Prix,2024-05-19,imola,Autodromo Enzo e Dino Ferrari,Imola,Italy,44.3439,11.7167,ocon,OCO,Esteban Ocon,French,31,1996-09-17,alpine,Alpine F1 Team,French,12,12,14,0.0,62,Lapped,0,0,0,0
2024,7,Emilia Romagna Grand Prix,2024-05-19,imola,Autodromo Enzo e Dino Ferrari,Imola,Italy,44.3439,11.7167,zhou,ZHO,Guanyu Zhou,Chinese,24,1999-05-30,sauber,Sauber,Swiss,17,17,15,0.0,62,Lapped,0,0,0,0
2024,7,Emilia Romagna Grand Prix,2024-05-19,imola,Autodromo Enzo e Dino Ferrari,Imola,Italy,44.3439,11.7167,gasly,GAS,Pierre Gasly,French,10,1996-02-07,alpine,Alpine F1 Team,French,15,15,16,0.0,62,Lapped,0,0,0,0
2024,7,Emilia Romagna Grand Prix,2024-05-19,imola,Autodromo Enzo e Dino Ferrari,Imola,Italy,44.3439,11.7167,sargeant,SAR,Logan Sargeant,American,2,2000-12-31,williams,Williams,British,20,19,17,0.0,62,Lapped,0,0,0,0
2024,7,Emilia Romagna Grand Prix,2024-05-19,imola,Autodromo Enzo e Dino Ferrari,Imola,Italy,44.3439,11.7167,bottas,BOT,Valtteri Bottas,Finnish,77,1989-08-28,sauber,Sauber,Swiss,16,16,18,0.0,62,Lapped,0,0,0,0
2024,7,Emilia Romagna Grand Prix,2024-05-19,imola,Autodromo Enzo e Dino Ferrari,Imola,Italy,44.3439,11.7167,alonso,ALO,Fernando Alonso,Spanish,14,1981-07-29,aston_martin,Aston Martin,British,19,20,19,0.0,62,Lapped,0,0,0,0
2024,7,Emilia Romagna Grand Prix,2024-05-19,imola,Autodromo Enzo e Dino Ferrari,Imola,Italy,44.3439,11.7167,albon,ALB,Alexander Albon,Thai,23,1996-03-23,williams,Williams,British,14,14,20,0.0,51,Retired,0,0,0,1
2024,8,Monaco Grand Prix,2024-05-26,monaco,Circuit de Monaco,Monte Carlo,Monaco,43.7347,7.42056,leclerc,LEC,Charles Leclerc,Monegasque,16,1997-10-16,ferrari,Ferrari,Italian,1,1,1,25.0,78,Finished,1,1,1,0
2024,8,Monaco Grand Prix,2024-05-26,monaco,Circuit de Monaco,Monte Carlo,Monaco,43.7347,7.42056,piastri,PIA,Oscar Piastri,Australian,81,2001-04-06,mclaren,McLaren,British,2,2,2,18.0,78,Finished,0,1,1,0
2024,8,Monaco Grand Prix,2024-05-26,monaco,Circuit de Monaco,Monte Carlo,Monaco,43.7347,7.42056,sainz,SAI,Carlos Sainz,Spanish,55,1994-09-01,ferrari,Ferrari,Italian,3,3,3,15.0,78,Finished,0,1,1,0
2024,8,Monaco Grand Prix,2024-05-26,monaco,Circuit de Monaco,Monte Carlo,Monaco,43.7347,7.42056,norris,NOR,Lando Norris,British,1,1999-11-13,mclaren,McLaren,British,4,4,4,12.0,78,Finished,0,0,1,0
2024,8,Monaco Grand Prix,2024-05-26,monaco,Circuit de Monaco,Monte Carlo,Monaco,43.7347,7.42056,russell,RUS,George Russell,British,63,1998-02-15,mercedes,Mercedes,German,5,5,5,10.0,78,Finished,0,0,1,0
2024,8,Monaco Grand Prix,2024-05-26,monaco,Circuit de Monaco,Monte Carlo,Monaco,43.7347,7.42056,max_verstappen,VER,Max Verstappen,Dutch,3,1997-09-30,red_bull,Red Bull,Austrian,6,6,6,8.0,78,Finished,0,0,1,0
2024,8,Monaco Grand Prix,2024-05-26,monaco,Circuit de Monaco,Monte Carlo,Monaco,43.7347,7.42056,hamilton,HAM,Lewis Hamilton,British,44,1985-01-07,mercedes,Mercedes,German,7,7,7,7.0,78,Finished,0,0,1,0
2024,8,Monaco Grand Prix,2024-05-26,monaco,Circuit de Monaco,Monte Carlo,Monaco,43.7347,7.42056,tsunoda,TSU,Yuki Tsunoda,Japanese,22,2000-05-11,rb,RB F1 Team,Italian,8,8,8,4.0,77,Lapped,0,0,1,0
2024,8,Monaco Grand Prix,2024-05-26,monaco,Circuit de Monaco,Monte Carlo,Monaco,43.7347,7.42056,albon,ALB,Alexander Albon,Thai,23,1996-03-23,williams,Williams,British,9,9,9,2.0,77,Lapped,0,0,1,0
2024,8,Monaco Grand Prix,2024-05-26,monaco,Circuit de Monaco,Monte Carlo,Monaco,43.7347,7.42056,gasly,GAS,Pierre Gasly,French,10,1996-02-07,alpine,Alpine F1 Team,French,10,10,10,1.0,77,Lapped,0,0,1,0
2024,8,Monaco Grand Prix,2024-05-26,monaco,Circuit de Monaco,Monte Carlo,Monaco,43.7347,7.42056,alonso,ALO,Fernando Alonso,Spanish,14,1981-07-29,aston_martin,Aston Martin,British,14,14,11,0.0,76,Lapped,0,0,0,0
2024,8,Monaco Grand Prix,2024-05-26,monaco,Circuit de Monaco,Monte Carlo,Monaco,43.7347,7.42056,ricciardo,RIC,Daniel Ricciardo,Australian,3,1989-07-01,rb,RB F1 Team,Italian,12,12,12,0.0,76,Lapped,0,0,0,0
2024,8,Monaco Grand Prix,2024-05-26,monaco,Circuit de Monaco,Monte Carlo,Monaco,43.7347,7.42056,bottas,BOT,Valtteri Bottas,Finnish,77,1989-08-28,sauber,Sauber,Swiss,17,17,13,0.0,76,Lapped,0,0,0,0
2024,8,Monaco Grand Prix,2024-05-26,monaco,Circuit de Monaco,Monte Carlo,Monaco,43.7347,7.42056,stroll,STR,Lance Stroll,Canadian,18,1998-10-29,aston_martin,Aston Martin,British,13,13,14,0.0,76,Lapped,0,0,0,0
2024,8,Monaco Grand Prix,2024-05-26,monaco,Circuit de Monaco,Monte Carlo,Monaco,43.7347,7.42056,sargeant,SAR,Logan Sargeant,American,2,2000-12-31,williams,Williams,British,15,15,15,0.0,76,Lapped,0,0,0,0
2024,8,Monaco Grand Prix,2024-05-26,monaco,Circuit de Monaco,Monte Carlo,Monaco,43.7347,7.42056,zhou,ZHO,Guanyu Zhou,Chinese,24,1999-05-30,sauber,Sauber,Swiss,18,18,16,0.0,76,Lapped,0,0,0,0
2024,8,Monaco Grand Prix,2024-05-26,monaco,Circuit de Monaco,Monte Carlo,Monaco,43.7347,7.42056,ocon,OCO,Esteban Ocon,French,31,1996-09-17,alpine,Alpine F1 Team,French,11,11,17,0.0,0,Retired,0,0,0,1
2024,8,Monaco Grand Prix,2024-05-26,monaco,Circuit de Monaco,Monte Carlo,Monaco,43.7347,7.42056,perez,PER,Sergio Pérez,Mexican,11,1990-01-26,red_bull,Red Bull,Austrian,16,16,18,0.0,0,Retired,0,0,0,1
2024,8,Monaco Grand Prix,2024-05-26,monaco,Circuit de Monaco,Monte Carlo,Monaco,43.7347,7.42056,hulkenberg,HUL,Nico Hülkenberg,German,27,1987-08-19,haas,Haas F1 Team,American,14,19,19,0.0,0,Retired,0,0,0,1
2024,8,Monaco Grand Prix,2024-05-26,monaco,Circuit de Monaco,Monte Carlo,Monaco,43.7347,7.42056,kevin_magnussen,MAG,Kevin Magnussen,Danish,20,1992-10-05,haas,Haas F1 Team,American,15,20,20,0.0,0,Retired,0,0,0,1
2024,9,Canadian Grand Prix,2024-06-09,villeneuve,Circuit Gilles Villeneuve,Montreal,Canada,45.5,-73.5228,max_verstappen,VER,Max Verstappen,Dutch,3,1997-09-30,red_bull,Red Bull,Austrian,2,2,1,25.0,70,Finished,1,1,1,0
2024,9,Canadian Grand Prix,2024-06-09,villeneuve,Circuit Gilles Villeneuve,Montreal,Canada,45.5,-73.5228,norris,NOR,Lando Norris,British,1,1999-11-13,mclaren,McLaren,British,3,3,2,18.0,70,Finished,0,1,1,0
2024,9,Canadian Grand Prix,2024-06-09,villeneuve,Circuit Gilles Villeneuve,Montreal,Canada,45.5,-73.5228,russell,RUS,George Russell,British,63,1998-02-15,mercedes,Mercedes,German,1,1,3,15.0,70,Finished,0,1,1,0
2024,9,Canadian Grand Prix,2024-06-09,villeneuve,Circuit Gilles Villeneuve,Montreal,Canada,45.5,-73.5228,hamilton,HAM,Lewis Hamilton,British,44,1985-01-07,mercedes,Mercedes,German,7,7,4,13.0,70,Finished,0,0,1,0
2024,9,Canadian Grand Prix,2024-06-09,villeneuve,Circuit Gilles Villeneuve,Montreal,Canada,45.5,-73.5228,piastri,PIA,Oscar Piastri,Australian,81,2001-04-06,mclaren,McLaren,British,4,4,5,10.0,70,Finished,0,0,1,0
2024,9,Canadian Grand Prix,2024-06-09,villeneuve,Circuit Gilles Villeneuve,Montreal,Canada,45.5,-73.5228,alonso,ALO,Fernando Alonso,Spanish,14,1981-07-29,aston_martin,Aston Martin,British,6,6,6,8.0,70,Finished,0,0,1,0
2024,9,Canadian Grand Prix,2024-06-09,villeneuve,Circuit Gilles Villeneuve,Montreal,Canada,45.5,-73.5228,stroll,STR,Lance Stroll,Canadian,18,1998-10-29,aston_martin,Aston Martin,British,9,9,7,6.0,70,Finished,0,0,1,0
2024,9,Canadian Grand Prix,2024-06-09,villeneuve,Circuit Gilles Villeneuve,Montreal,Canada,45.5,-73.5228,ricciardo,RIC,Daniel Ricciardo,Australian,3,1989-07-01,rb,RB F1 Team,Italian,5,5,8,4.0,70,Finished,0,0,1,0
2024,9,Canadian Grand Prix,2024-06-09,villeneuve,Circuit Gilles Villeneuve,Montreal,Canada,45.5,-73.5228,gasly,GAS,Pierre Gasly,French,10,1996-02-07,alpine,Alpine F1 Team,French,15,15,9,2.0,70,Finished,0,0,1,0
2024,9,Canadian Grand Prix,2024-06-09,villeneuve,Circuit Gilles Villeneuve,Montreal,Canada,45.5,-73.5228,ocon,OCO,Esteban Ocon,French,31,1996-09-17,alpine,Alpine F1 Team,French,18,18,10,1.0,70,Finished,0,0,1,0
2024,9,Canadian Grand Prix,2024-06-09,villeneuve,Circuit Gilles Villeneuve,Montreal,Canada,45.5,-73.5228,hulkenberg,HUL,Nico Hülkenberg,German,27,1987-08-19,haas,Haas F1 Team,American,19,17,11,0.0,70,Finished,0,0,0,0
2024,9,Canadian Grand Prix,2024-06-09,villeneuve,Circuit Gilles Villeneuve,Montreal,Canada,45.5,-73.5228,kevin_magnussen,MAG,Kevin Magnussen,Danish,20,1992-10-05,haas,Haas F1 Team,American,14,14,12,0.0,70,Finished,0,0,0,0
2024,9,Canadian Grand Prix,2024-06-09,villeneuve,Circuit Gilles Villeneuve,Montreal,Canada,45.5,-73.5228,bottas,BOT,Valtteri Bottas,Finnish,77,1989-08-28,sauber,Sauber,Swiss,17,19,13,0.0,70,Finished,0,0,0,0
2024,9,Canadian Grand Prix,2024-06-09,villeneuve,Circuit Gilles Villeneuve,Montreal,Canada,45.5,-73.5228,tsunoda,TSU,Yuki Tsunoda,Japanese,22,2000-05-11,rb,RB F1 Team,Italian,8,8,14,0.0,70,Finished,0,0,0,0
2024,9,Canadian Grand Prix,2024-06-09,villeneuve,Circuit Gilles Villeneuve,Montreal,Canada,45.5,-73.5228,zhou,ZHO,Guanyu Zhou,Chinese,24,1999-05-30,sauber,Sauber,Swiss,20,20,15,0.0,69,Lapped,0,0,0,0
2024,9,Canadian Grand Prix,2024-06-09,villeneuve,Circuit Gilles Villeneuve,Montreal,Canada,45.5,-73.5228,sainz,SAI,Carlos Sainz,Spanish,55,1994-09-01,ferrari,Ferrari,Italian,12,12,16,0.0,52,Retired,0,0,0,1
2024,9,Canadian Grand Prix,2024-06-09,villeneuve,Circuit Gilles Villeneuve,Montreal,Canada,45.5,-73.5228,albon,ALB,Alexander Albon,Thai,23,1996-03-23,williams,Williams,British,10,10,17,0.0,52,Retired,0,0,0,1
2024,9,Canadian Grand Prix,2024-06-09,villeneuve,Circuit Gilles Villeneuve,Montreal,Canada,45.5,-73.5228,perez,PER,Sergio Pérez,Mexican,11,1990-01-26,red_bull,Red Bull,Austrian,16,16,18,0.0,51,Retired,0,0,0,1
2024,9,Canadian Grand Prix,2024-06-09,villeneuve,Circuit Gilles Villeneuve,Montreal,Canada,45.5,-73.5228,leclerc,LEC,Charles Leclerc,Monegasque,16,1997-10-16,ferrari,Ferrari,Italian,11,11,19,0.0,40,Retired,0,0,0,1
2024,9,Canadian Grand Prix,2024-06-09,villeneuve,Circuit Gilles Villeneuve,Montreal,Canada,45.5,-73.5228,sargeant,SAR,Logan Sargeant,American,2,2000-12-31,williams,Williams,British,13,13,20,0.0,23,Retired,0,0,0,1
2024,10,Spanish Grand Prix,2024-06-23,catalunya,Circuit de Barcelona-Catalunya,Barcelona,Spain,41.57,2.26111,max_verstappen,VER,Max Verstappen,Dutch,3,1997-09-30,red_bull,Red Bull,Austrian,2,2,1,25.0,66,Finished,1,1,1,0
2024,10,Spanish Grand Prix,2024-06-23,catalunya,Circuit de Barcelona-Catalunya,Barcelona,Spain,41.57,2.26111,norris,NOR,Lando Norris,British,1,1999-11-13,mclaren,McLaren,British,1,1,2,19.0,66,Finished,0,1,1,0
2024,10,Spanish Grand Prix,2024-06-23,catalunya,Circuit de Barcelona-Catalunya,Barcelona,Spain,41.57,2.26111,hamilton,HAM,Lewis Hamilton,British,44,1985-01-07,mercedes,Mercedes,German,3,3,3,15.0,66,Finished,0,1,1,0
2024,10,Spanish Grand Prix,2024-06-23,catalunya,Circuit de Barcelona-Catalunya,Barcelona,Spain,41.57,2.26111,russell,RUS,George Russell,British,63,1998-02-15,mercedes,Mercedes,German,4,4,4,12.0,66,Finished,0,0,1,0
2024,10,Spanish Grand Prix,2024-06-23,catalunya,Circuit de Barcelona-Catalunya,Barcelona,Spain,41.57,2.26111,leclerc,LEC,Charles Leclerc,Monegasque,16,1997-10-16,ferrari,Ferrari,Italian,5,5,5,10.0,66,Finished,0,0,1,0
2024,10,Spanish Grand Prix,2024-06-23,catalunya,Circuit de Barcelona-Catalunya,Barcelona,Spain,41.57,2.26111,sainz,SAI,Carlos Sainz,Spanish,55,1994-09-01,ferrari,Ferrari,Italian,6,6,6,8.0,66,Finished,0,0,1,0
2024,10,Spanish Grand Prix,2024-06-23,catalunya,Circuit de Barcelona-Catalunya,Barcelona,Spain,41.57,2.26111,piastri,PIA,Oscar Piastri,Australian,81,2001-04-06,mclaren,McLaren,British,10,9,7,6.0,66,Finished,0,0,1,0
2024,10,Spanish Grand Prix,2024-06-23,catalunya,Circuit de Barcelona-Catalunya,Barcelona,Spain,41.57,2.26111,perez,PER,Sergio Pérez,Mexican,11,1990-01-26,red_bull,Red Bull,Austrian,8,11,8,4.0,66,Finished,0,0,1,0
2024,10,Spanish Grand Prix,2024-06-23,catalunya,Circuit de Barcelona-Catalunya,Barcelona,Spain,41.57,2.26111,gasly,GAS,Pierre Gasly,French,10,1996-02-07,alpine,Alpine F1 Team,French,7,7,9,2.0,66,Finished,0,0,1,0
2024,10,Spanish Grand Prix,2024-06-23,catalunya,Circuit de Barcelona-Catalunya,Barcelona,Spain,41.57,2.26111,ocon,OCO,Esteban Ocon,French,31,1996-09-17,alpine,Alpine F1 Team,French,9,8,10,1.0,66,Finished,0,0,1,0
2024,10,Spanish Grand Prix,2024-06-23,catalunya,Circuit de Barcelona-Catalunya,Barcelona,Spain,41.57,2.26111,hulkenberg,HUL,Nico Hülkenberg,German,27,1987-08-19,haas,Haas F1 Team,American,13,13,11,0.0,66,Finished,0,0,0,0
2024,10,Spanish Grand Prix,2024-06-23,catalunya,Circuit de Barcelona-Catalunya,Barcelona,Spain,41.57,2.26111,alonso,ALO,Fernando Alonso,Spanish,14,1981-07-29,aston_martin,Aston Martin,British,11,10,12,0.0,65,Lapped,0,0,0,0
2024,10,Spanish Grand Prix,2024-06-23,catalunya,Circuit de Barcelona-Catalunya,Barcelona,Spain,41.57,2.26111,zhou,ZHO,Guanyu Zhou,Chinese,24,1999-05-30,sauber,Sauber,Swiss,15,15,13,0.0,65,Lapped,0,0,0,0
2024,10,Spanish Grand Prix,2024-06-23,catalunya,Circuit de Barcelona-Catalunya,Barcelona,Spain,41.57,2.26111,stroll,STR,Lance Stroll,Canadian,18,1998-10-29,aston_martin,Aston Martin,British,14,14,14,0.0,65,Lapped,0,0,0,0
2024,10,Spanish Grand Prix,2024-06-23,catalunya,Circuit de Barcelona-Catalunya,Barcelona,Spain,41.57,2.26111,ricciardo,RIC,Daniel Ricciardo,Australian,3,1989-07-01,rb,RB F1 Team,Italian,18,18,15,0.0,65,Lapped,0,0,0,0
2024,10,Spanish Grand Prix,2024-06-23,catalunya,Circuit de Barcelona-Catalunya,Barcelona,Spain,41.57,2.26111,bottas,BOT,Valtteri Bottas,Finnish,77,1989-08-28,sauber,Sauber,Swiss,12,12,16,0.0,65,Lapped,0,0,0,0
2024,10,Spanish Grand Prix,2024-06-23,catalunya,Circuit de Barcelona-Catalunya,Barcelona,Spain,41.57,2.26111,kevin_magnussen,MAG,Kevin Magnussen,Danish,20,1992-10-05,haas,Haas F1 Team,American,16,16,17,0.0,65,Lapped,0,0,0,0
2024,10,Spanish Grand Prix,2024-06-23,catalunya,Circuit de Barcelona-Catalunya,Barcelona,Spain,41.57,2.26111,albon,ALB,Alexander Albon,Thai,23,1996-03-23,williams,Williams,British,19,20,18,0.0,65,Lapped,0,0,0,0
2024,10,Spanish Grand Prix,2024-06-23,catalunya,Circuit de Barcelona-Catalunya,Barcelona,Spain,41.57,2.26111,tsunoda,TSU,Yuki Tsunoda,Japanese,22,2000-05-11,rb,RB F1 Team,Italian,17,17,19,0.0,65,Lapped,0,0,0,0
2024,10,Spanish Grand Prix,2024-06-23,catalunya,Circuit de Barcelona-Catalunya,Barcelona,Spain,41.57,2.26111,sargeant,SAR,Logan Sargeant,American,2,2000-12-31,williams,Williams,British,20,19,20,0.0,64,Lapped,0,0,0,0
2024,11,Austrian Grand Prix,2024-06-30,red_bull_ring,Red Bull Ring,Spielberg,Austria,47.2197,14.7647,russell,RUS,George Russell,British,63,1998-02-15,mercedes,Mercedes,German,3,3,1,25.0,71,Finished,1,1,1,0
2024,11,Austrian Grand Prix,2024-06-30,red_bull_ring,Red Bull Ring,Spielberg,Austria,47.2197,14.7647,piastri,PIA,Oscar Piastri,Australian,81,2001-04-06,mclaren,McLaren,British,7,7,2,18.0,71,Finished,0,1,1,0
2024,11,Austrian Grand Prix,2024-06-30,red_bull_ring,Red Bull Ring,Spielberg,Austria,47.2197,14.7647,sainz,SAI,Carlos Sainz,Spanish,55,1994-09-01,ferrari,Ferrari,Italian,4,4,3,15.0,71,Finished,0,1,1,0
2024,11,Austrian Grand Prix,2024-06-30,red_bull_ring,Red Bull Ring,Spielberg,Austria,47.2197,14.7647,hamilton,HAM,Lewis Hamilton,British,44,1985-01-07,mercedes,Mercedes,German,5,5,4,12.0,71,Finished,0,0,1,0
2024,11,Austrian Grand Prix,2024-06-30,red_bull_ring,Red Bull Ring,Spielberg,Austria,47.2197,14.7647,max_verstappen,VER,Max Verstappen,Dutch,3,1997-09-30,red_bull,Red Bull,Austrian,1,1,5,10.0,71,Finished,0,0,1,0
2024,11,Austrian Grand Prix,2024-06-30,red_bull_ring,Red Bull Ring,Spielberg,Austria,47.2197,14.7647,hulkenberg,HUL,Nico Hülkenberg,German,27,1987-08-19,haas,Haas F1 Team,American,9,9,6,8.0,71,Finished,0,0,1,0
2024,11,Austrian Grand Prix,2024-06-30,red_bull_ring,Red Bull Ring,Spielberg,Austria,47.2197,14.7647,perez,PER,Sergio Pérez,Mexican,11,1990-01-26,red_bull,Red Bull,Austrian,8,8,7,6.0,71,Finished,0,0,1,0
2024,11,Austrian Grand Prix,2024-06-30,red_bull_ring,Red Bull Ring,Spielberg,Austria,47.2197,14.7647,kevin_magnussen,MAG,Kevin Magnussen,Danish,20,1992-10-05,haas,Haas F1 Team,American,12,12,8,4.0,71,Finished,0,0,1,0
2024,11,Austrian Grand Prix,2024-06-30,red_bull_ring,Red Bull Ring,Spielberg,Austria,47.2197,14.7647,ricciardo,RIC,Daniel Ricciardo,Australian,3,1989-07-01,rb,RB F1 Team,Italian,11,11,9,2.0,71,Finished,0,0,1,0
2024,11,Austrian Grand Prix,2024-06-30,red_bull_ring,Red Bull Ring,Spielberg,Austria,47.2197,14.7647,gasly,GAS,Pierre Gasly,French,10,1996-02-07,alpine,Alpine F1 Team,French,13,13,10,1.0,71,Finished,0,0,1,0
2024,11,Austrian Grand Prix,2024-06-30,red_bull_ring,Red Bull Ring,Spielberg,Austria,47.2197,14.7647,leclerc,LEC,Charles Leclerc,Monegasque,16,1997-10-16,ferrari,Ferrari,Italian,6,6,11,0.0,71,Finished,0,0,0,0
2024,11,Austrian Grand Prix,2024-06-30,red_bull_ring,Red Bull Ring,Spielberg,Austria,47.2197,14.7647,ocon,OCO,Esteban Ocon,French,31,1996-09-17,alpine,Alpine F1 Team,French,10,10,12,0.0,71,Finished,0,0,0,0
2024,11,Austrian Grand Prix,2024-06-30,red_bull_ring,Red Bull Ring,Spielberg,Austria,47.2197,14.7647,stroll,STR,Lance Stroll,Canadian,18,1998-10-29,aston_martin,Aston Martin,British,17,17,13,0.0,70,Lapped,0,0,0,0
2024,11,Austrian Grand Prix,2024-06-30,red_bull_ring,Red Bull Ring,Spielberg,Austria,47.2197,14.7647,tsunoda,TSU,Yuki Tsunoda,Japanese,22,2000-05-11,rb,RB F1 Team,Italian,14,14,14,0.0,70,Lapped,0,0,0,0
2024,11,Austrian Grand Prix,2024-06-30,red_bull_ring,Red Bull Ring,Spielberg,Austria,47.2197,14.7647,albon,ALB,Alexander Albon,Thai,23,1996-03-23,williams,Williams,British,16,16,15,0.0,70,Lapped,0,0,0,0
2024,11,Austrian Grand Prix,2024-06-30,red_bull_ring,Red Bull Ring,Spielberg,Austria,47.2197,14.7647,bottas,BOT,Valtteri Bottas,Finnish,77,1989-08-28,sauber,Sauber,Swiss,18,18,16,0.0,70,Lapped,0,0,0,0
2024,11,Austrian Grand Prix,2024-06-30,red_bull_ring,Red Bull Ring,Spielberg,Austria,47.2197,14.7647,zhou,ZHO,Guanyu Zhou,Chinese,24,1999-05-30,sauber,Sauber,Swiss,20,20,17,0.0,70,Lapped,0,0,0,0
2024,11,Austrian Grand Prix,2024-06-30,red_bull_ring,Red Bull Ring,Spielberg,Austria,47.2197,14.7647,alonso,ALO,Fernando Alonso,Spanish,14,1981-07-29,aston_martin,Aston Martin,British,15,15,18,0.0,70,Lapped,0,0,0,0
2024,11,Austrian Grand Prix,2024-06-30,red_bull_ring,Red Bull Ring,Spielberg,Austria,47.2197,14.7647,sargeant,SAR,Logan Sargeant,American,2,2000-12-31,williams,Williams,British,19,19,19,0.0,69,Lapped,0,0,0,0
2024,11,Austrian Grand Prix,2024-06-30,red_bull_ring,Red Bull Ring,Spielberg,Austria,47.2197,14.7647,norris,NOR,Lando Norris,British,1,1999-11-13,mclaren,McLaren,British,2,2,20,0.0,64,Lapped,0,0,0,0
2024,12,British Grand Prix,2024-07-07,silverstone,Silverstone Circuit,Silverstone,UK,52.0786,-1.01694,hamilton,HAM,Lewis Hamilton,British,44,1985-01-07,mercedes,Mercedes,German,2,2,1,25.0,52,Finished,1,1,1,0
2024,12,British Grand Prix,2024-07-07,silverstone,Silverstone Circuit,Silverstone,UK,52.0786,-1.01694,max_verstappen,VER,Max Verstappen,Dutch,3,1997-09-30,red_bull,Red Bull,Austrian,4,4,2,18.0,52,Finished,0,1,1,0
2024,12,British Grand Prix,2024-07-07,silverstone,Silverstone Circuit,Silverstone,UK,52.0786,-1.01694,norris,NOR,Lando Norris,British,1,1999-11-13,mclaren,McLaren,British,3,3,3,15.0,52,Finished,0,1,1,0
2024,12,British Grand Prix,2024-07-07,silverstone,Silverstone Circuit,Silverstone,UK,52.0786,-1.01694,piastri,PIA,Oscar Piastri,Australian,81,2001-04-06,mclaren,McLaren,British,5,5,4,12.0,52,Finished,0,0,1,0
2024,12,British Grand Prix,2024-07-07,silverstone,Silverstone Circuit,Silverstone,UK,52.0786,-1.01694,sainz,SAI,Carlos Sainz,Spanish,55,1994-09-01,ferrari,Ferrari,Italian,7,7,5,11.0,52,Finished,0,0,1,0
2024,12,British Grand Prix,2024-07-07,silverstone,Silverstone Circuit,Silverstone,UK,52.0786,-1.01694,hulkenberg,HUL,Nico Hülkenberg,German,27,1987-08-19,haas,Haas F1 Team,American,6,6,6,8.0,52,Finished,0,0,1,0
2024,12,British Grand Prix,2024-07-07,silverstone,Silverstone Circuit,Silverstone,UK,52.0786,-1.01694,stroll,STR,Lance Stroll,Canadian,18,1998-10-29,aston_martin,Aston Martin,British,8,8,7,6.0,52,Finished,0,0,1,0
2024,12,British Grand Prix,2024-07-07,silverstone,Silverstone Circuit,Silverstone,UK,52.0786,-1.01694,alonso,ALO,Fernando Alonso,Spanish,14,1981-07-29,aston_martin,Aston Martin,British,10,10,8,4.0,52,Finished,0,0,1,0
2024,12,British Grand Prix,2024-07-07,silverstone,Silverstone Circuit,Silverstone,UK,52.0786,-1.01694,albon,ALB,Alexander Albon,Thai,23,1996-03-23,williams,Williams,British,9,9,9,2.0,52,Finished,0,0,1,0
2024,12,British Grand Prix,2024-07-07,silverstone,Silverstone Circuit,Silverstone,UK,52.0786,-1.01694,tsunoda,TSU,Yuki Tsunoda,Japanese,22,2000-05-11,rb,RB F1 Team,Italian,13,13,10,1.0,52,Finished,0,0,1,0
2024,12,British Grand Prix,2024-07-07,silverstone,Silverstone Circuit,Silverstone,UK,52.0786,-1.01694,sargeant,SAR,Logan Sargeant,American,2,2000-12-31,williams,Williams,British,12,12,11,0.0,52,Finished,0,0,0,0
2024,12,British Grand Prix,2024-07-07,silverstone,Silverstone Circuit,Silverstone,UK,52.0786,-1.01694,kevin_magnussen,MAG,Kevin Magnussen,Danish,20,1992-10-05,haas,Haas F1 Team,American,17,17,12,0.0,52,Finished,0,0,0,0
2024,12,British Grand Prix,2024-07-07,silverstone,Silverstone Circuit,Silverstone,UK,52.0786,-1.01694,ricciardo,RIC,Daniel Ricciardo,Australian,3,1989-07-01,rb,RB F1 Team,Italian,15,15,13,0.0,51,Lapped,0,0,0,0
2024,12,British Grand Prix,2024-07-07,silverstone,Silverstone Circuit,Silverstone,UK,52.0786,-1.01694,leclerc,LEC,Charles Leclerc,Monegasque,16,1997-10-16,ferrari,Ferrari,Italian,11,11,14,0.0,51,Lapped,0,0,0,0
2024,12,British Grand Prix,2024-07-07,silverstone,Silverstone Circuit,Silverstone,UK,52.0786,-1.01694,bottas,BOT,Valtteri Bottas,Finnish,77,1989-08-28,sauber,Sauber,Swiss,16,16,15,0.0,51,Lapped,0,0,0,0
2024,12,British Grand Prix,2024-07-07,silverstone,Silverstone Circuit,Silverstone,UK,52.0786,-1.01694,ocon,OCO,Esteban Ocon,French,31,1996-09-17,alpine,Alpine F1 Team,French,18,18,16,0.0,50,Lapped,0,0,0,0
2024,12,British Grand Prix,2024-07-07,silverstone,Silverstone Circuit,Silverstone,UK,52.0786,-1.01694,perez,PER,Sergio Pérez,Mexican,11,1990-01-26,red_bull,Red Bull,Austrian,19,20,17,0.0,50,Lapped,0,0,0,0
2024,12,British Grand Prix,2024-07-07,silverstone,Silverstone Circuit,Silverstone,UK,52.0786,-1.01694,zhou,ZHO,Guanyu Zhou,Chinese,24,1999-05-30,sauber,Sauber,Swiss,14,14,18,0.0,50,Lapped,0,0,0,0
2024,12,British Grand Prix,2024-07-07,silverstone,Silverstone Circuit,Silverstone,UK,52.0786,-1.01694,russell,RUS,George Russell,British,63,1998-02-15,mercedes,Mercedes,German,1,1,19,0.0,33,Retired,0,0,0,1
2024,12,British Grand Prix,2024-07-07,silverstone,Silverstone Circuit,Silverstone,UK,52.0786,-1.01694,gasly,GAS,Pierre Gasly,French,10,1996-02-07,alpine,Alpine F1 Team,French,20,19,20,0.0,0,Did not start,0,0,0,0
2024,13,Hungarian Grand Prix,2024-07-21,hungaroring,Hungaroring,Budapest,Hungary,47.5789,19.2486,piastri,PIA,Oscar Piastri,Australian,81,2001-04-06,mclaren,McLaren,British,2,2,1,25.0,70,Finished,1,1,1,0
2024,13,Hungarian Grand Prix,2024-07-21,hungaroring,Hungaroring,Budapest,Hungary,47.5789,19.2486,norris,NOR,Lando Norris,British,1,1999-11-13,mclaren,McLaren,British,1,1,2,18.0,70,Finished,0,1,1,0
2024,13,Hungarian Grand Prix,2024-07-21,hungaroring,Hungaroring,Budapest,Hungary,47.5789,19.2486,hamilton,HAM,Lewis Hamilton,British,44,1985-01-07,mercedes,Mercedes,German,5,5,3,15.0,70,Finished,0,1,1,0
2024,13,Hungarian Grand Prix,2024-07-21,hungaroring,Hungaroring,Budapest,Hungary,47.5789,19.2486,leclerc,LEC,Charles Leclerc,Monegasque,16,1997-10-16,ferrari,Ferrari,Italian,6,6,4,12.0,70,Finished,0,0,1,0
2024,13,Hungarian Grand Prix,2024-07-21,hungaroring,Hungaroring,Budapest,Hungary,47.5789,19.2486,max_verstappen,VER,Max Verstappen,Dutch,3,1997-09-30,red_bull,Red Bull,Austrian,3,3,5,10.0,70,Finished,0,0,1,0
2024,13,Hungarian Grand Prix,2024-07-21,hungaroring,Hungaroring,Budapest,Hungary,47.5789,19.2486,sainz,SAI,Carlos Sainz,Spanish,55,1994-09-01,ferrari,Ferrari,Italian,4,4,6,8.0,70,Finished,0,0,1,0
2024,13,Hungarian Grand Prix,2024-07-21,hungaroring,Hungaroring,Budapest,Hungary,47.5789,19.2486,perez,PER,Sergio Pérez,Mexican,11,1990-01-26,red_bull,Red Bull,Austrian,16,16,7,6.0,70,Finished,0,0,1,0
2024,13,Hungarian Grand Prix,2024-07-21,hungaroring,Hungaroring,Budapest,Hungary,47.5789,19.2486,russell,RUS,George Russell,British,63,1998-02-15,mercedes,Mercedes,German,17,17,8,5.0,70,Finished,0,0,1,0
2024,13,Hungarian Grand Prix,2024-07-21,hungaroring,Hungaroring,Budapest,Hungary,47.5789,19.2486,tsunoda,TSU,Yuki Tsunoda,Japanese,22,2000-05-11,rb,RB F1 Team,Italian,10,10,9,2.0,70,Finished,0,0,1,0
2024,13,Hungarian Grand Prix,2024-07-21,hungaroring,Hungaroring,Budapest,Hungary,47.5789,19.2486,stroll,STR,Lance Stroll,Canadian,18,1998-10-29,aston_martin,Aston Martin,British,8,8,10,1.0,70,Finished,0,0,1,0
2024,13,Hungarian Grand Prix,2024-07-21,hungaroring,Hungaroring,Budapest,Hungary,47.5789,19.2486,alonso,ALO,Fernando Alonso,Spanish,14,1981-07-29,aston_martin,Aston Martin,British,7,7,11,0.0,70,Finished,0,0,0,0
2024,13,Hungarian Grand Prix,2024-07-21,hungaroring,Hungaroring,Budapest,Hungary,47.5789,19.2486,ricciardo,RIC,Daniel Ricciardo,Australian,3,1989-07-01,rb,RB F1 Team,Italian,9,9,12,0.0,69,Lapped,0,0,0,0
2024,13,Hungarian Grand Prix,2024-07-21,hungaroring,Hungaroring,Budapest,Hungary,47.5789,19.2486,hulkenberg,HUL,Nico Hülkenberg,German,27,1987-08-19,haas,Haas F1 Team,American,11,11,13,0.0,69,Lapped,0,0,0,0
2024,13,Hungarian Grand Prix,2024-07-21,hungaroring,Hungaroring,Budapest,Hungary,47.5789,19.2486,albon,ALB,Alexander Albon,Thai,23,1996-03-23,williams,Williams,British,13,13,14,0.0,69,Lapped,0,0,0,0
2024,13,Hungarian Grand Prix,2024-07-21,hungaroring,Hungaroring,Budapest,Hungary,47.5789,19.2486,kevin_magnussen,MAG,Kevin Magnussen,Danish,20,1992-10-05,haas,Haas F1 Team,American,15,15,15,0.0,69,Lapped,0,0,0,0
2024,13,Hungarian Grand Prix,2024-07-21,hungaroring,Hungaroring,Budapest,Hungary,47.5789,19.2486,bottas,BOT,Valtteri Bottas,Finnish,77,1989-08-28,sauber,Sauber,Swiss,12,12,16,0.0,69,Lapped,0,0,0,0
2024,13,Hungarian Grand Prix,2024-07-21,hungaroring,Hungaroring,Budapest,Hungary,47.5789,19.2486,sargeant,SAR,Logan Sargeant,American,2,2000-12-31,williams,Williams,British,14,14,17,0.0,69,Lapped,0,0,0,0
2024,13,Hungarian Grand Prix,2024-07-21,hungaroring,Hungaroring,Budapest,Hungary,47.5789,19.2486,ocon,OCO,Esteban Ocon,French,31,1996-09-17,alpine,Alpine F1 Team,French,19,19,18,0.0,69,Lapped,0,0,0,0
2024,13,Hungarian Grand Prix,2024-07-21,hungaroring,Hungaroring,Budapest,Hungary,47.5789,19.2486,zhou,ZHO,Guanyu Zhou,Chinese,24,1999-05-30,sauber,Sauber,Swiss,18,18,19,0.0,69,Lapped,0,0,0,0
2024,13,Hungarian Grand Prix,2024-07-21,hungaroring,Hungaroring,Budapest,Hungary,47.5789,19.2486,gasly,GAS,Pierre Gasly,French,10,1996-02-07,alpine,Alpine F1 Team,French,20,20,20,0.0,33,Retired,0,0,0,1
2024,14,Belgian Grand Prix,2024-07-28,spa,Circuit de Spa-Francorchamps,Spa,Belgium,50.4372,5.97139,hamilton,HAM,Lewis Hamilton,British,44,1985-01-07,mercedes,Mercedes,German,4,3,1,25.0,44,Finished,1,1,1,0
2024,14,Belgian Grand Prix,2024-07-28,spa,Circuit de Spa-Francorchamps,Spa,Belgium,50.4372,5.97139,piastri,PIA,Oscar Piastri,Australian,81,2001-04-06,mclaren,McLaren,British,6,5,2,18.0,44,Finished,0,1,1,0
2024,14,Belgian Grand Prix,2024-07-28,spa,Circuit de Spa-Francorchamps,Spa,Belgium,50.4372,5.97139,leclerc,LEC,Charles Leclerc,Monegasque,16,1997-10-16,ferrari,Ferrari,Italian,2,1,3,15.0,44,Finished,0,1,1,0
2024,14,Belgian Grand Prix,2024-07-28,spa,Circuit de Spa-Francorchamps,Spa,Belgium,50.4372,5.97139,max_verstappen,VER,Max Verstappen,Dutch,3,1997-09-30,red_bull,Red Bull,Austrian,1,11,4,12.0,44,Finished,0,0,1,0
2024,14,Belgian Grand Prix,2024-07-28,spa,Circuit de Spa-Francorchamps,Spa,Belgium,50.4372,5.97139,norris,NOR,Lando Norris,British,1,1999-11-13,mclaren,McLaren,British,5,4,5,10.0,44,Finished,0,0,1,0
2024,14,Belgian Grand Prix,2024-07-28,spa,Circuit de Spa-Francorchamps,Spa,Belgium,50.4372,5.97139,sainz,SAI,Carlos Sainz,Spanish,55,1994-09-01,ferrari,Ferrari,Italian,8,7,6,8.0,44,Finished,0,0,1,0
2024,14,Belgian Grand Prix,2024-07-28,spa,Circuit de Spa-Francorchamps,Spa,Belgium,50.4372,5.97139,perez,PER,Sergio Pérez,Mexican,11,1990-01-26,red_bull,Red Bull,Austrian,3,2,7,7.0,44,Finished,0,0,1,0
2024,14,Belgian Grand Prix,2024-07-28,spa,Circuit de Spa-Francorchamps,Spa,Belgium,50.4372,5.97139,alonso,ALO,Fernando Alonso,Spanish,14,1981-07-29,aston_martin,Aston Martin,British,9,8,8,4.0,44,Finished,0,0,1,0
2024,14,Belgian Grand Prix,2024-07-28,spa,Circuit de Spa-Francorchamps,Spa,Belgium,50.4372,5.97139,ocon,OCO,Esteban Ocon,French,31,1996-09-17,alpine,Alpine F1 Team,French,10,9,9,2.0,44,Finished,0,0,1,0
2024,14,Belgian Grand Prix,2024-07-28,spa,Circuit de Spa-Francorchamps,Spa,Belgium,50.4372,5.97139,ricciardo,RIC,Daniel Ricciardo,Australian,3,1989-07-01,rb,RB F1 Team,Italian,13,13,10,1.0,44,Finished,0,0,1,0
2024,14,Belgian Grand Prix,2024-07-28,spa,Circuit de Spa-Francorchamps,Spa,Belgium,50.4372,5.97139,stroll,STR,Lance Stroll,Canadian,18,1998-10-29,aston_martin,Aston Martin,British,15,15,11,0.0,44,Finished,0,0,0,0
2024,14,Belgian Grand Prix,2024-07-28,spa,Circuit de Spa-Francorchamps,Spa,Belgium,50.4372,5.97139,albon,ALB,Alexander Albon,Thai,23,1996-03-23,williams,Williams,British,11,10,12,0.0,44,Finished,0,0,0,0
2024,14,Belgian Grand Prix,2024-07-28,spa,Circuit de Spa-Francorchamps,Spa,Belgium,50.4372,5.97139,gasly,GAS,Pierre Gasly,French,10,1996-02-07,alpine,Alpine F1 Team,French,12,12,13,0.0,44,Finished,0,0,0,0
2024,14,Belgian Grand Prix,2024-07-28,spa,Circuit de Spa-Francorchamps,Spa,Belgium,50.4372,5.97139,kevin_magnussen,MAG,Kevin Magnussen,Danish,20,1992-10-05,haas,Haas F1 Team,American,17,17,14,0.0,44,Finished,0,0,0,0
2024,14,Belgian Grand Prix,2024-07-28,spa,Circuit de Spa-Francorchamps,Spa,Belgium,50.4372,5.97139,bottas,BOT,Valtteri Bottas,Finnish,77,1989-08-28,sauber,Sauber,Swiss,14,14,15,0.0,44,Finished,0,0,0,0
2024,14,Belgian Grand Prix,2024-07-28,spa,Circuit de Spa-Francorchamps,Spa,Belgium,50.4372,5.97139,tsunoda,TSU,Yuki Tsunoda,Japanese,22,2000-05-11,rb,RB F1 Team,Italian,18,20,16,0.0,44,Finished,0,0,0,0
2024,14,Belgian Grand Prix,2024-07-28,spa,Circuit de Spa-Francorchamps,Spa,Belgium,50.4372,5.97139,sargeant,SAR,Logan Sargeant,American,2,2000-12-31,williams,Williams,British,19,18,17,0.0,44,Finished,0,0,0,0
2024,14,Belgian Grand Prix,2024-07-28,spa,Circuit de Spa-Francorchamps,Spa,Belgium,50.4372,5.97139,hulkenberg,HUL,Nico Hülkenberg,German,27,1987-08-19,haas,Haas F1 Team,American,16,16,18,0.0,44,Finished,0,0,0,0
2024,14,Belgian Grand Prix,2024-07-28,spa,Circuit de Spa-Francorchamps,Spa,Belgium,50.4372,5.97139,zhou,ZHO,Guanyu Zhou,Chinese,24,1999-05-30,sauber,Sauber,Swiss,20,19,19,0.0,5,Retired,0,0,0,1
2024,14,Belgian Grand Prix,2024-07-28,spa,Circuit de Spa-Francorchamps,Spa,Belgium,50.4372,5.97139,russell,RUS,George Russell,British,63,1998-02-15,mercedes,Mercedes,German,7,6,20,0.0,44,Disqualified,0,0,0,0
2024,15,Dutch Grand Prix,2024-08-25,zandvoort,Circuit Park Zandvoort,Zandvoort,Netherlands,52.3888,4.54092,norris,NOR,Lando Norris,British,1,1999-11-13,mclaren,McLaren,British,1,1,1,26.0,72,Finished,1,1,1,0
2024,15,Dutch Grand Prix,2024-08-25,zandvoort,Circuit Park Zandvoort,Zandvoort,Netherlands,52.3888,4.54092,max_verstappen,VER,Max Verstappen,Dutch,3,1997-09-30,red_bull,Red Bull,Austrian,2,2,2,18.0,72,Finished,0,1,1,0
2024,15,Dutch Grand Prix,2024-08-25,zandvoort,Circuit Park Zandvoort,Zandvoort,Netherlands,52.3888,4.54092,leclerc,LEC,Charles Leclerc,Monegasque,16,1997-10-16,ferrari,Ferrari,Italian,6,6,3,15.0,72,Finished,0,1,1,0
2024,15,Dutch Grand Prix,2024-08-25,zandvoort,Circuit Park Zandvoort,Zandvoort,Netherlands,52.3888,4.54092,piastri,PIA,Oscar Piastri,Australian,81,2001-04-06,mclaren,McLaren,British,3,3,4,12.0,72,Finished,0,0,1,0
2024,15,Dutch Grand Prix,2024-08-25,zandvoort,Circuit Park Zandvoort,Zandvoort,Netherlands,52.3888,4.54092,sainz,SAI,Carlos Sainz,Spanish,55,1994-09-01,ferrari,Ferrari,Italian,10,10,5,10.0,72,Finished,0,0,1,0
2024,15,Dutch Grand Prix,2024-08-25,zandvoort,Circuit Park Zandvoort,Zandvoort,Netherlands,52.3888,4.54092,perez,PER,Sergio Pérez,Mexican,11,1990-01-26,red_bull,Red Bull,Austrian,5,5,6,8.0,72,Finished,0,0,1,0
2024,15,Dutch Grand Prix,2024-08-25,zandvoort,Circuit Park Zandvoort,Zandvoort,Netherlands,52.3888,4.54092,russell,RUS,George Russell,British,63,1998-02-15,mercedes,Mercedes,German,4,4,7,6.0,72,Finished,0,0,1,0
2024,15,Dutch Grand Prix,2024-08-25,zandvoort,Circuit Park Zandvoort,Zandvoort,Netherlands,52.3888,4.54092,hamilton,HAM,Lewis Hamilton,British,44,1985-01-07,mercedes,Mercedes,German,11,14,8,4.0,72,Finished,0,0,1,0
2024,15,Dutch Grand Prix,2024-08-25,zandvoort,Circuit Park Zandvoort,Zandvoort,Netherlands,52.3888,4.54092,gasly,GAS,Pierre Gasly,French,10,1996-02-07,alpine,Alpine F1 Team,French,9,9,9,2.0,71,Lapped,0,0,1,0
2024,15,Dutch Grand Prix,2024-08-25,zandvoort,Circuit Park Zandvoort,Zandvoort,Netherlands,52.3888,4.54092,alonso,ALO,Fernando Alonso,Spanish,14,1981-07-29,aston_martin,Aston Martin,British,7,7,10,1.0,71,Lapped,0,0,1,0
2024,15,Dutch Grand Prix,2024-08-25,zandvoort,Circuit Park Zandvoort,Zandvoort,Netherlands,52.3888,4.54092,hulkenberg,HUL,Nico Hülkenberg,German,27,1987-08-19,haas,Haas F1 Team,American,13,12,11,0.0,71,Lapped,0,0,0,0
2024,15,Dutch Grand Prix,2024-08-25,zandvoort,Circuit Park Zandvoort,Zandvoort,Netherlands,52.3888,4.54092,ricciardo,RIC,Daniel Ricciardo,Australian,3,1989-07-01,rb,RB F1 Team,Italian,15,13,12,0.0,71,Lapped,0,0,0,0
2024,15,Dutch Grand Prix,2024-08-25,zandvoort,Circuit Park Zandvoort,Zandvoort,Netherlands,52.3888,4.54092,stroll,STR,Lance Stroll,Canadian,18,1998-10-29,aston_martin,Aston Martin,British,8,8,13,0.0,71,Lapped,0,0,0,0
2024,15,Dutch Grand Prix,2024-08-25,zandvoort,Circuit Park Zandvoort,Zandvoort,Netherlands,52.3888,4.54092,albon,ALB,Alexander Albon,Thai,23,1996-03-23,williams,Williams,British,10,19,14,0.0,71,Lapped,0,0,0,0
2024,15,Dutch Grand Prix,2024-08-25,zandvoort,Circuit Park Zandvoort,Zandvoort,Netherlands,52.3888,4.54092,ocon,OCO,Esteban Ocon,French,31,1996-09-17,alpine,Alpine F1 Team,French,16,15,15,0.0,71,Lapped,0,0,0,0
2024,15,Dutch Grand Prix,2024-08-25,zandvoort,Circuit Park Zandvoort,Zandvoort,Netherlands,52.3888,4.54092,sargeant,SAR,Logan Sargeant,American,2,2000-12-31,williams,Williams,British,20,18,16,0.0,71,Lapped,0,0,0,0
2024,15,Dutch Grand Prix,2024-08-25,zandvoort,Circuit Park Zandvoort,Zandvoort,Netherlands,52.3888,4.54092,tsunoda,TSU,Yuki Tsunoda,Japanese,22,2000-05-11,rb,RB F1 Team,Italian,12,11,17,0.0,71,Lapped,0,0,0,0
2024,15,Dutch Grand Prix,2024-08-25,zandvoort,Circuit Park Zandvoort,Zandvoort,Netherlands,52.3888,4.54092,kevin_magnussen,MAG,Kevin Magnussen,Danish,20,1992-10-05,haas,Haas F1 Team,American,14,20,18,0.0,71,Lapped,0,0,0,0
2024,15,Dutch Grand Prix,2024-08-25,zandvoort,Circuit Park Zandvoort,Zandvoort,Netherlands,52.3888,4.54092,bottas,BOT,Valtteri Bottas,Finnish,77,1989-08-28,sauber,Sauber,Swiss,17,16,19,0.0,70,Lapped,0,0,0,0
2024,15,Dutch Grand Prix,2024-08-25,zandvoort,Circuit Park Zandvoort,Zandvoort,Netherlands,52.3888,4.54092,zhou,ZHO,Guanyu Zhou,Chinese,24,1999-05-30,sauber,Sauber,Swiss,18,17,20,0.0,70,Lapped,0,0,0,0
2024,16,Italian Grand Prix,2024-09-01,monza,Autodromo Nazionale di Monza,Monza,Italy,45.6156,9.28111,leclerc,LEC,Charles Leclerc,Monegasque,16,1997-10-16,ferrari,Ferrari,Italian,4,4,1,25.0,53,Finished,1,1,1,0
2024,16,Italian Grand Prix,2024-09-01,monza,Autodromo Nazionale di Monza,Monza,Italy,45.6156,9.28111,piastri,PIA,Oscar Piastri,Australian,81,2001-04-06,mclaren,McLaren,British,2,2,2,18.0,53,Finished,0,1,1,0
2024,16,Italian Grand Prix,2024-09-01,monza,Autodromo Nazionale di Monza,Monza,Italy,45.6156,9.28111,norris,NOR,Lando Norris,British,1,1999-11-13,mclaren,McLaren,British,1,1,3,16.0,53,Finished,0,1,1,0
2024,16,Italian Grand Prix,2024-09-01,monza,Autodromo Nazionale di Monza,Monza,Italy,45.6156,9.28111,sainz,SAI,Carlos Sainz,Spanish,55,1994-09-01,ferrari,Ferrari,Italian,5,5,4,12.0,53,Finished,0,0,1,0
2024,16,Italian Grand Prix,2024-09-01,monza,Autodromo Nazionale di Monza,Monza,Italy,45.6156,9.28111,hamilton,HAM,Lewis Hamilton,British,44,1985-01-07,mercedes,Mercedes,German,6,6,5,10.0,53,Finished,0,0,1,0
2024,16,Italian Grand Prix,2024-09-01,monza,Autodromo Nazionale di Monza,Monza,Italy,45.6156,9.28111,max_verstappen,VER,Max Verstappen,Dutch,3,1997-09-30,red_bull,Red Bull,Austrian,7,7,6,8.0,53,Finished,0,0,1,0
2024,16,Italian Grand Prix,2024-09-01,monza,Autodromo Nazionale di Monza,Monza,Italy,45.6156,9.28111,russell,RUS,George Russell,British,63,1998-02-15,mercedes,Mercedes,German,3,3,7,6.0,53,Finished,0,0,1,0
2024,16,Italian Grand Prix,2024-09-01,monza,Autodromo Nazionale di Monza,Monza,Italy,45.6156,9.28111,perez,PER,Sergio Pérez,Mexican,11,1990-01-26,red_bull,Red Bull,Austrian,8,8,8,4.0,53,Finished,0,0,1,0
2024,16,Italian Grand Prix,2024-09-01,monza,Autodromo Nazionale di Monza,Monza,Italy,45.6156,9.28111,albon,ALB,Alexander Albon,Thai,23,1996-03-23,williams,Williams,British,9,9,9,2.0,53,Finished,0,0,1,0
2024,16,Italian Grand Prix,2024-09-01,monza,Autodromo Nazionale di Monza,Monza,Italy,45.6156,9.28111,kevin_magnussen,MAG,Kevin Magnussen,Danish,20,1992-10-05,haas,Haas F1 Team,American,13,13,10,1.0,53,Finished,0,0,1,0
2024,16,Italian Grand Prix,2024-09-01,monza,Autodromo Nazionale di Monza,Monza,Italy,45.6156,9.28111,alonso,ALO,Fernando Alonso,Spanish,14,1981-07-29,aston_martin,Aston Martin,British,11,11,11,0.0,53,Finished,0,0,0,0
2024,16,Italian Grand Prix,2024-09-01,monza,Autodromo Nazionale di Monza,Monza,Italy,45.6156,9.28111,colapinto,COL,Franco Colapinto,Argentine,43,2003-05-27,williams,Williams,British,18,18,12,0.0,53,Finished,0,0,0,0
2024,16,Italian Grand Prix,2024-09-01,monza,Autodromo Nazionale di Monza,Monza,Italy,45.6156,9.28111,ricciardo,RIC,Daniel Ricciardo,Australian,3,1989-07-01,rb,RB F1 Team,Italian,12,12,13,0.0,53,Finished,0,0,0,0
2024,16,Italian Grand Prix,2024-09-01,monza,Autodromo Nazionale di Monza,Monza,Italy,45.6156,9.28111,ocon,OCO,Esteban Ocon,French,31,1996-09-17,alpine,Alpine F1 Team,French,15,15,14,0.0,52,Lapped,0,0,0,0
2024,16,Italian Grand Prix,2024-09-01,monza,Autodromo Nazionale di Monza,Monza,Italy,45.6156,9.28111,gasly,GAS,Pierre Gasly,French,10,1996-02-07,alpine,Alpine F1 Team,French,14,14,15,0.0,52,Lapped,0,0,0,0
2024,16,Italian Grand Prix,2024-09-01,monza,Autodromo Nazionale di Monza,Monza,Italy,45.6156,9.28111,bottas,BOT,Valtteri Bottas,Finnish,77,1989-08-28,sauber,Sauber,Swiss,19,19,16,0.0,52,Lapped,0,0,0,0
2024,16,Italian Grand Prix,2024-09-01,monza,Autodromo Nazionale di Monza,Monza,Italy,45.6156,9.28111,hulkenberg,HUL,Nico Hülkenberg,German,27,1987-08-19,haas,Haas F1 Team,American,10,10,17,0.0,52,Lapped,0,0,0,0
2024,16,Italian Grand Prix,2024-09-01,monza,Autodromo Nazionale di Monza,Monza,Italy,45.6156,9.28111,zhou,ZHO,Guanyu Zhou,Chinese,24,1999-05-30,sauber,Sauber,Swiss,20,20,18,0.0,52,Lapped,0,0,0,0
2024,16,Italian Grand Prix,2024-09-01,monza,Autodromo Nazionale di Monza,Monza,Italy,45.6156,9.28111,stroll,STR,Lance Stroll,Canadian,18,1998-10-29,aston_martin,Aston Martin,British,17,17,19,0.0,52,Lapped,0,0,0,0
2024,16,Italian Grand Prix,2024-09-01,monza,Autodromo Nazionale di Monza,Monza,Italy,45.6156,9.28111,tsunoda,TSU,Yuki Tsunoda,Japanese,22,2000-05-11,rb,RB F1 Team,Italian,16,16,20,0.0,7,Retired,0,0,0,1
2024,17,Azerbaijan Grand Prix,2024-09-15,baku,Baku City Circuit,Baku,Azerbaijan,40.3725,49.8533,piastri,PIA,Oscar Piastri,Australian,81,2001-04-06,mclaren,McLaren,British,2,2,1,25.0,51,Finished,1,1,1,0
2024,17,Azerbaijan Grand Prix,2024-09-15,baku,Baku City Circuit,Baku,Azerbaijan,40.3725,49.8533,leclerc,LEC,Charles Leclerc,Monegasque,16,1997-10-16,ferrari,Ferrari,Italian,1,1,2,18.0,51,Finished,0,1,1,0
2024,17,Azerbaijan Grand Prix,2024-09-15,baku,Baku City Circuit,Baku,Azerbaijan,40.3725,49.8533,russell,RUS,George Russell,British,63,1998-02-15,mercedes,Mercedes,German,5,5,3,15.0,51,Finished,0,1,1,0
2024,17,Azerbaijan Grand Prix,2024-09-15,baku,Baku City Circuit,Baku,Azerbaijan,40.3725,49.8533,norris,NOR,Lando Norris,British,1,1999-11-13,mclaren,McLaren,British,16,15,4,13.0,51,Finished,0,0,1,0
2024,17,Azerbaijan Grand Prix,2024-09-15,baku,Baku City Circuit,Baku,Azerbaijan,40.3725,49.8533,max_verstappen,VER,Max Verstappen,Dutch,3,1997-09-30,red_bull,Red Bull,Austrian,6,6,5,10.0,51,Finished,0,0,1,0
2024,17,Azerbaijan Grand Prix,2024-09-15,baku,Baku City Circuit,Baku,Azerbaijan,40.3725,49.8533,alonso,ALO,Fernando Alonso,Spanish,14,1981-07-29,aston_martin,Aston Martin,British,8,7,6,8.0,51,Finished,0,0,1,0
2024,17,Azerbaijan Grand Prix,2024-09-15,baku,Baku City Circuit,Baku,Azerbaijan,40.3725,49.8533,albon,ALB,Alexander Albon,Thai,23,1996-03-23,williams,Williams,British,10,9,7,6.0,51,Finished,0,0,1,0
2024,17,Azerbaijan Grand Prix,2024-09-15,baku,Baku City Circuit,Baku,Azerbaijan,40.3725,49.8533,colapinto,COL,Franco Colapinto,Argentine,43,2003-05-27,williams,Williams,British,9,8,8,4.0,51,Finished,0,0,1,0
2024,17,Azerbaijan Grand Prix,2024-09-15,baku,Baku City Circuit,Baku,Azerbaijan,40.3725,49.8533,hamilton,HAM,Lewis Hamilton,British,44,1985-01-07,mercedes,Mercedes,German,7,19,9,2.0,51,Finished,0,0,1,0
2024,17,Azerbaijan Grand Prix,2024-09-15,baku,Baku City Circuit,Baku,Azerbaijan,40.3725,49.8533,bearman,BEA,Oliver Bearman,British,87,2005-05-08,haas,Haas F1 Team,American,11,10,10,1.0,51,Finished,0,0,1,0
2024,17,Azerbaijan Grand Prix,2024-09-15,baku,Baku City Circuit,Baku,Azerbaijan,40.3725,49.8533,hulkenberg,HUL,Nico Hülkenberg,German,27,1987-08-19,haas,Haas F1 Team,American,13,12,11,0.0,51,Finished,0,0,0,0
2024,17,Azerbaijan Grand Prix,2024-09-15,baku,Baku City Circuit,Baku,Azerbaijan,40.3725,49.8533,gasly,GAS,Pierre Gasly,French,10,1996-02-07,alpine,Alpine F1 Team,French,15,18,12,0.0,51,Finished,0,0,0,0
2024,17,Azerbaijan Grand Prix,2024-09-15,baku,Baku City Circuit,Baku,Azerbaijan,40.3725,49.8533,ricciardo,RIC,Daniel Ricciardo,Australian,3,1989-07-01,rb,RB F1 Team,Italian,15,14,13,0.0,51,Finished,0,0,0,0
2024,17,Azerbaijan Grand Prix,2024-09-15,baku,Baku City Circuit,Baku,Azerbaijan,40.3725,49.8533,zhou,ZHO,Guanyu Zhou,Chinese,24,1999-05-30,sauber,Sauber,Swiss,18,17,14,0.0,51,Finished,0,0,0,0
2024,17,Azerbaijan Grand Prix,2024-09-15,baku,Baku City Circuit,Baku,Azerbaijan,40.3725,49.8533,ocon,OCO,Esteban Ocon,French,31,1996-09-17,alpine,Alpine F1 Team,French,19,20,15,0.0,50,Lapped,0,0,0,0
2024,17,Azerbaijan Grand Prix,2024-09-15,baku,Baku City Circuit,Baku,Azerbaijan,40.3725,49.8533,bottas,BOT,Valtteri Bottas,Finnish,77,1989-08-28,sauber,Sauber,Swiss,17,16,16,0.0,50,Lapped,0,0,0,0
2024,17,Azerbaijan Grand Prix,2024-09-15,baku,Baku City Circuit,Baku,Azerbaijan,40.3725,49.8533,perez,PER,Sergio Pérez,Mexican,11,1990-01-26,red_bull,Red Bull,Austrian,4,4,17,0.0,49,Retired,0,0,0,1
2024,17,Azerbaijan Grand Prix,2024-09-15,baku,Baku City Circuit,Baku,Azerbaijan,40.3725,49.8533,sainz,SAI,Carlos Sainz,Spanish,55,1994-09-01,ferrari,Ferrari,Italian,3,3,18,0.0,49,Retired,0,0,0,1
2024,17,Azerbaijan Grand Prix,2024-09-15,baku,Baku City Circuit,Baku,Azerbaijan,40.3725,49.8533,stroll,STR,Lance Stroll,Canadian,18,1998-10-29,aston_martin,Aston Martin,British,14,13,19,0.0,45,Retired,0,0,0,1
2024,17,Azerbaijan Grand Prix,2024-09-15,baku,Baku City Circuit,Baku,Azerbaijan,40.3725,49.8533,tsunoda,TSU,Yuki Tsunoda,Japanese,22,2000-05-11,rb,RB F1 Team,Italian,12,11,20,0.0,14,Retired,0,0,0,1
2024,18,Singapore Grand Prix,2024-09-22,marina_bay,Marina Bay Street Circuit,Marina Bay,Singapore,1.2914,103.864,norris,NOR,Lando Norris,British,1,1999-11-13,mclaren,McLaren,British,1,1,1,25.0,62,Finished,1,1,1,0
2024,18,Singapore Grand Prix,2024-09-22,marina_bay,Marina Bay Street Circuit,Marina Bay,Singapore,1.2914,103.864,max_verstappen,VER,Max Verstappen,Dutch,3,1997-09-30,red_bull,Red Bull,Austrian,2,2,2,18.0,62,Finished,0,1,1,0
2024,18,Singapore Grand Prix,2024-09-22,marina_bay,Marina Bay Street Circuit,Marina Bay,Singapore,1.2914,103.864,piastri,PIA,Oscar Piastri,Australian,81,2001-04-06,mclaren,McLaren,British,5,5,3,15.0,62,Finished,0,1,1,0
2024,18,Singapore Grand Prix,2024-09-22,marina_bay,Marina Bay Street Circuit,Marina Bay,Singapore,1.2914,103.864,russell,RUS,George Russell,British,63,1998-02-15,mercedes,Mercedes,German,4,4,4,12.0,62,Finished,0,0,1,0
2024,18,Singapore Grand Prix,2024-09-22,marina_bay,Marina Bay Street Circuit,Marina Bay,Singapore,1.2914,103.864,leclerc,LEC,Charles Leclerc,Monegasque,16,1997-10-16,ferrari,Ferrari,Italian,9,9,5,10.0,62,Finished,0,0,1,0
2024,18,Singapore Grand Prix,2024-09-22,marina_bay,Marina Bay Street Circuit,Marina Bay,Singapore,1.2914,103.864,hamilton,HAM,Lewis Hamilton,British,44,1985-01-07,mercedes,Mercedes,German,3,3,6,8.0,62,Finished,0,0,1,0
2024,18,Singapore Grand Prix,2024-09-22,marina_bay,Marina Bay Street Circuit,Marina Bay,Singapore,1.2914,103.864,sainz,SAI,Carlos Sainz,Spanish,55,1994-09-01,ferrari,Ferrari,Italian,10,10,7,6.0,62,Finished,0,0,1,0
2024,18,Singapore Grand Prix,2024-09-22,marina_bay,Marina Bay Street Circuit,Marina Bay,Singapore,1.2914,103.864,alonso,ALO,Fernando Alonso,Spanish,14,1981-07-29,aston_martin,Aston Martin,British,7,7,8,4.0,61,Lapped,0,0,1,0
2024,18,Singapore Grand Prix,2024-09-22,marina_bay,Marina Bay Street Circuit,Marina Bay,Singapore,1.2914,103.864,hulkenberg,HUL,Nico Hülkenberg,German,27,1987-08-19,haas,Haas F1 Team,American,6,6,9,2.0,61,Lapped,0,0,1,0
2024,18,Singapore Grand Prix,2024-09-22,marina_bay,Marina Bay Street Circuit,Marina Bay,Singapore,1.2914,103.864,perez,PER,Sergio Pérez,Mexican,11,1990-01-26,red_bull,Red Bull,Austrian,13,13,10,1.0,61,Lapped,0,0,1,0
2024,18,Singapore Grand Prix,2024-09-22,marina_bay,Marina Bay Street Circuit,Marina Bay,Singapore,1.2914,103.864,colapinto,COL,Franco Colapinto,Argentine,43,2003-05-27,williams,Williams,British,12,12,11,0.0,61,Lapped,0,0,0,0
2024,18,Singapore Grand Prix,2024-09-22,marina_bay,Marina Bay Street Circuit,Marina Bay,Singapore,1.2914,103.864,tsunoda,TSU,Yuki Tsunoda,Japanese,22,2000-05-11,rb,RB F1 Team,Italian,8,8,12,0.0,61,Lapped,0,0,0,0
2024,18,Singapore Grand Prix,2024-09-22,marina_bay,Marina Bay Street Circuit,Marina Bay,Singapore,1.2914,103.864,ocon,OCO,Esteban Ocon,French,31,1996-09-17,alpine,Alpine F1 Team,French,15,15,13,0.0,61,Lapped,0,0,0,0
2024,18,Singapore Grand Prix,2024-09-22,marina_bay,Marina Bay Street Circuit,Marina Bay,Singapore,1.2914,103.864,stroll,STR,Lance Stroll,Canadian,18,1998-10-29,aston_martin,Aston Martin,British,17,17,14,0.0,61,Lapped,0,0,0,0
2024,18,Singapore Grand Prix,2024-09-22,marina_bay,Marina Bay Street Circuit,Marina Bay,Singapore,1.2914,103.864,zhou,ZHO,Guanyu Zhou,Chinese,24,1999-05-30,sauber,Sauber,Swiss,20,20,15,0.0,61,Lapped,0,0,0,0
2024,18,Singapore Grand Prix,2024-09-22,marina_bay,Marina Bay Street Circuit,Marina Bay,Singapore,1.2914,103.864,bottas,BOT,Valtteri Bottas,Finnish,77,1989-08-28,sauber,Sauber,Swiss,19,19,16,0.0,61,Lapped,0,0,0,0
2024,18,Singapore Grand Prix,2024-09-22,marina_bay,Marina Bay Street Circuit,Marina Bay,Singapore,1.2914,103.864,gasly,GAS,Pierre Gasly,French,10,1996-02-07,alpine,Alpine F1 Team,French,18,18,17,0.0,61,Lapped,0,0,0,0
2024,18,Singapore Grand Prix,2024-09-22,marina_bay,Marina Bay Street Circuit,Marina Bay,Singapore,1.2914,103.864,ricciardo,RIC,Daniel Ricciardo,Australian,3,1989-07-01,rb,RB F1 Team,Italian,16,16,18,0.0,61,Lapped,0,0,0,0
2024,18,Singapore Grand Prix,2024-09-22,marina_bay,Marina Bay Street Circuit,Marina Bay,Singapore,1.2914,103.864,kevin_magnussen,MAG,Kevin Magnussen,Danish,20,1992-10-05,haas,Haas F1 Team,American,14,14,19,0.0,57,Retired,0,0,0,1
2024,18,Singapore Grand Prix,2024-09-22,marina_bay,Marina Bay Street Circuit,Marina Bay,Singapore,1.2914,103.864,albon,ALB,Alexander Albon,Thai,23,1996-03-23,williams,Williams,British,11,11,20,0.0,15,Retired,0,0,0,1
2024,19,United States Grand Prix,2024-10-20,americas,Circuit of the Americas,Austin,USA,30.1328,-97.6411,leclerc,LEC,Charles Leclerc,Monegasque,16,1997-10-16,ferrari,Ferrari,Italian,4,4,1,25.0,56,Finished,1,1,1,0
2024,19,United States Grand Prix,2024-10-20,americas,Circuit of the Americas,Austin,USA,30.1328,-97.6411,sainz,SAI,Carlos Sainz,Spanish,55,1994-09-01,ferrari,Ferrari,Italian,3,3,2,18.0,56,Finished,0,1,1,0
2024,19,United States Grand Prix,2024-10-20,americas,Circuit of the Americas,Austin,USA,30.1328,-97.6411,max_verstappen,VER,Max Verstappen,Dutch,3,1997-09-30,red_bull,Red Bull,Austrian,2,2,3,15.0,56,Finished,0,1,1,0
2024,19,United States Grand Prix,2024-10-20,americas,Circuit of the Americas,Austin,USA,30.1328,-97.6411,norris,NOR,Lando Norris,British,1,1999-11-13,mclaren,McLaren,British,1,1,4,12.0,56,Finished,0,0,1,0
2024,19,United States Grand Prix,2024-10-20,americas,Circuit of the Americas,Austin,USA,30.1328,-97.6411,piastri,PIA,Oscar Piastri,Australian,81,2001-04-06,mclaren,McLaren,British,5,5,5,10.0,56,Finished,0,0,1,0
2024,19,United States Grand Prix,2024-10-20,americas,Circuit of the Americas,Austin,USA,30.1328,-97.6411,russell,RUS,George Russell,British,63,1998-02-15,mercedes,Mercedes,German,6,20,6,8.0,56,Finished,0,0,1,0
2024,19,United States Grand Prix,2024-10-20,americas,Circuit of the Americas,Austin,USA,30.1328,-97.6411,perez,PER,Sergio Pérez,Mexican,11,1990-01-26,red_bull,Red Bull,Austrian,10,9,7,6.0,56,Finished,0,0,1,0
2024,19,United States Grand Prix,2024-10-20,americas,Circuit of the Americas,Austin,USA,30.1328,-97.6411,hulkenberg,HUL,Nico Hülkenberg,German,27,1987-08-19,haas,Haas F1 Team,American,12,11,8,4.0,56,Finished,0,0,1,0
2024,19,United States Grand Prix,2024-10-20,americas,Circuit of the Americas,Austin,USA,30.1328,-97.6411,lawson,LAW,Liam Lawson,New Zealander,30,2002-02-11,rb,RB F1 Team,Italian,15,19,9,2.0,56,Finished,0,0,1,0
2024,19,United States Grand Prix,2024-10-20,americas,Circuit of the Americas,Austin,USA,30.1328,-97.6411,colapinto,COL,Franco Colapinto,Argentine,43,2003-05-27,williams,Williams,British,17,15,10,1.0,56,Finished,0,0,1,0
2024,19,United States Grand Prix,2024-10-20,americas,Circuit of the Americas,Austin,USA,30.1328,-97.6411,kevin_magnussen,MAG,Kevin Magnussen,Danish,20,1992-10-05,haas,Haas F1 Team,American,9,8,11,0.0,56,Finished,0,0,0,0
2024,19,United States Grand Prix,2024-10-20,americas,Circuit of the Americas,Austin,USA,30.1328,-97.6411,gasly,GAS,Pierre Gasly,French,10,1996-02-07,alpine,Alpine F1 Team,French,7,6,12,0.0,56,Finished,0,0,0,0
2024,19,United States Grand Prix,2024-10-20,americas,Circuit of the Americas,Austin,USA,30.1328,-97.6411,alonso,ALO,Fernando Alonso,Spanish,14,1981-07-29,aston_martin,Aston Martin,British,8,7,13,0.0,55,Lapped,0,0,0,0
2024,19,United States Grand Prix,2024-10-20,americas,Circuit of the Americas,Austin,USA,30.1328,-97.6411,tsunoda,TSU,Yuki Tsunoda,Japanese,22,2000-05-11,rb,RB F1 Team,Italian,11,10,14,0.0,55,Lapped,0,0,0,0
2024,19,United States Grand Prix,2024-10-20,americas,Circuit of the Americas,Austin,USA,30.1328,-97.6411,stroll,STR,Lance Stroll,Canadian,18,1998-10-29,aston_martin,Aston Martin,British,14,13,15,0.0,55,Lapped,0,0,0,0
2024,19,United States Grand Prix,2024-10-20,americas,Circuit of the Americas,Austin,USA,30.1328,-97.6411,albon,ALB,Alexander Albon,Thai,23,1996-03-23,williams,Williams,British,16,14,16,0.0,55,Lapped,0,0,0,0
2024,19,United States Grand Prix,2024-10-20,americas,Circuit of the Americas,Austin,USA,30.1328,-97.6411,bottas,BOT,Valtteri Bottas,Finnish,77,1989-08-28,sauber,Sauber,Swiss,18,16,17,0.0,55,Lapped,0,0,0,0
2024,19,United States Grand Prix,2024-10-20,americas,Circuit of the Americas,Austin,USA,30.1328,-97.6411,ocon,OCO,Esteban Ocon,French,31,1996-09-17,alpine,Alpine F1 Team,French,13,12,18,0.0,55,Lapped,0,0,0,0
2024,19,United States Grand Prix,2024-10-20,americas,Circuit of the Americas,Austin,USA,30.1328,-97.6411,zhou,ZHO,Guanyu Zhou,Chinese,24,1999-05-30,sauber,Sauber,Swiss,20,18,19,0.0,55,Lapped,0,0,0,0
2024,19,United States Grand Prix,2024-10-20,americas,Circuit of the Americas,Austin,USA,30.1328,-97.6411,hamilton,HAM,Lewis Hamilton,British,44,1985-01-07,mercedes,Mercedes,German,19,17,20,0.0,1,Retired,0,0,0,1
2024,20,Mexico City Grand Prix,2024-10-27,rodriguez,Autódromo Hermanos Rodríguez,Mexico City,Mexico,19.4042,-99.0907,sainz,SAI,Carlos Sainz,Spanish,55,1994-09-01,ferrari,Ferrari,Italian,1,1,1,25.0,71,Finished,1,1,1,0
2024,20,Mexico City Grand Prix,2024-10-27,rodriguez,Autódromo Hermanos Rodríguez,Mexico City,Mexico,19.4042,-99.0907,norris,NOR,Lando Norris,British,1,1999-11-13,mclaren,McLaren,British,3,3,2,18.0,71,Finished,0,1,1,0
2024,20,Mexico City Grand Prix,2024-10-27,rodriguez,Autódromo Hermanos Rodríguez,Mexico City,Mexico,19.4042,-99.0907,leclerc,LEC,Charles Leclerc,Monegasque,16,1997-10-16,ferrari,Ferrari,Italian,4,4,3,16.0,71,Finished,0,1,1,0
2024,20,Mexico City Grand Prix,2024-10-27,rodriguez,Autódromo Hermanos Rodríguez,Mexico City,Mexico,19.4042,-99.0907,hamilton,HAM,Lewis Hamilton,British,44,1985-01-07,mercedes,Mercedes,German,6,6,4,12.0,71,Finished,0,0,1,0
2024,20,Mexico City Grand Prix,2024-10-27,rodriguez,Autódromo Hermanos Rodríguez,Mexico City,Mexico,19.4042,-99.0907,russell,RUS,George Russell,British,63,1998-02-15,mercedes,Mercedes,German,5,5,5,10.0,71,Finished,0,0,1,0
2024,20,Mexico City Grand Prix,2024-10-27,rodriguez,Autódromo Hermanos Rodríguez,Mexico City,Mexico,19.4042,-99.0907,max_verstappen,VER,Max Verstappen,Dutch,3,1997-09-30,red_bull,Red Bull,Austrian,2,2,6,8.0,71,Finished,0,0,1,0
2024,20,Mexico City Grand Prix,2024-10-27,rodriguez,Autódromo Hermanos Rodríguez,Mexico City,Mexico,19.4042,-99.0907,kevin_magnussen,MAG,Kevin Magnussen,Danish,20,1992-10-05,haas,Haas F1 Team,American,7,7,7,6.0,71,Finished,0,0,1,0
2024,20,Mexico City Grand Prix,2024-10-27,rodriguez,Autódromo Hermanos Rodríguez,Mexico City,Mexico,19.4042,-99.0907,piastri,PIA,Oscar Piastri,Australian,81,2001-04-06,mclaren,McLaren,British,17,17,8,4.0,71,Finished,0,0,1,0
2024,20,Mexico City Grand Prix,2024-10-27,rodriguez,Autódromo Hermanos Rodríguez,Mexico City,Mexico,19.4042,-99.0907,hulkenberg,HUL,Nico Hülkenberg,German,27,1987-08-19,haas,Haas F1 Team,American,10,10,9,2.0,70,Lapped,0,0,1,0
2024,20,Mexico City Grand Prix,2024-10-27,rodriguez,Autódromo Hermanos Rodríguez,Mexico City,Mexico,19.4042,-99.0907,gasly,GAS,Pierre Gasly,French,10,1996-02-07,alpine,Alpine F1 Team,French,8,8,10,1.0,70,Lapped,0,0,1,0
2024,20,Mexico City Grand Prix,2024-10-27,rodriguez,Autódromo Hermanos Rodríguez,Mexico City,Mexico,19.4042,-99.0907,stroll,STR,Lance Stroll,Canadian,18,1998-10-29,aston_martin,Aston Martin,British,14,14,11,0.0,70,Lapped,0,0,0,0
2024,20,Mexico City Grand Prix,2024-10-27,rodriguez,Autódromo Hermanos Rodríguez,Mexico City,Mexico,19.4042,-99.0907,colapinto,COL,Franco Colapinto,Argentine,43,2003-05-27,williams,Williams,British,16,16,12,0.0,70,Lapped,0,0,0,0
2024,20,Mexico City Grand Prix,2024-10-27,rodriguez,Autódromo Hermanos Rodríguez,Mexico City,Mexico,19.4042,-99.0907,ocon,OCO,Esteban Ocon,French,31,1996-09-17,alpine,Alpine F1 Team,French,19,0,13,0.0,70,Lapped,0,0,0,0
2024,20,Mexico City Grand Prix,2024-10-27,rodriguez,Autódromo Hermanos Rodríguez,Mexico City,Mexico,19.4042,-99.0907,bottas,BOT,Valtteri Bottas,Finnish,77,1989-08-28,sauber,Sauber,Swiss,15,15,14,0.0,70,Lapped,0,0,0,0
2024,20,Mexico City Grand Prix,2024-10-27,rodriguez,Autódromo Hermanos Rodríguez,Mexico City,Mexico,19.4042,-99.0907,zhou,ZHO,Guanyu Zhou,Chinese,24,1999-05-30,sauber,Sauber,Swiss,20,19,15,0.0,70,Lapped,0,0,0,0
2024,20,Mexico City Grand Prix,2024-10-27,rodriguez,Autódromo Hermanos Rodríguez,Mexico City,Mexico,19.4042,-99.0907,lawson,LAW,Liam Lawson,New Zealander,30,2002-02-11,rb,RB F1 Team,Italian,12,12,16,0.0,70,Lapped,0,0,0,0
2024,20,Mexico City Grand Prix,2024-10-27,rodriguez,Autódromo Hermanos Rodríguez,Mexico City,Mexico,19.4042,-99.0907,perez,PER,Sergio Pérez,Mexican,11,1990-01-26,red_bull,Red Bull,Austrian,18,18,17,0.0,70,Lapped,0,0,0,0
2024,20,Mexico City Grand Prix,2024-10-27,rodriguez,Autódromo Hermanos Rodríguez,Mexico City,Mexico,19.4042,-99.0907,alonso,ALO,Fernando Alonso,Spanish,14,1981-07-29,aston_martin,Aston Martin,British,13,13,18,0.0,15,Retired,0,0,0,1
2024,20,Mexico City Grand Prix,2024-10-27,rodriguez,Autódromo Hermanos Rodríguez,Mexico City,Mexico,19.4042,-99.0907,albon,ALB,Alexander Albon,Thai,23,1996-03-23,williams,Williams,British,9,9,19,0.0,0,Retired,0,0,0,1
2024,20,Mexico City Grand Prix,2024-10-27,rodriguez,Autódromo Hermanos Rodríguez,Mexico City,Mexico,19.4042,-99.0907,tsunoda,TSU,Yuki Tsunoda,Japanese,22,2000-05-11,rb,RB F1 Team,Italian,11,11,20,0.0,0,Retired,0,0,0,1
2024,21,São Paulo Grand Prix,2024-11-03,interlagos,Autódromo José Carlos Pace,São Paulo,Brazil,-23.7036,-46.6997,max_verstappen,VER,Max Verstappen,Dutch,3,1997-09-30,red_bull,Red Bull,Austrian,12,17,1,26.0,69,Finished,1,1,1,0
2024,21,São Paulo Grand Prix,2024-11-03,interlagos,Autódromo José Carlos Pace,São Paulo,Brazil,-23.7036,-46.6997,ocon,OCO,Esteban Ocon,French,31,1996-09-17,alpine,Alpine F1 Team,French,4,4,2,18.0,69,Finished,0,1,1,0
2024,21,São Paulo Grand Prix,2024-11-03,interlagos,Autódromo José Carlos Pace,São Paulo,Brazil,-23.7036,-46.6997,gasly,GAS,Pierre Gasly,French,10,1996-02-07,alpine,Alpine F1 Team,French,15,13,3,15.0,69,Finished,0,1,1,0
2024,21,São Paulo Grand Prix,2024-11-03,interlagos,Autódromo José Carlos Pace,São Paulo,Brazil,-23.7036,-46.6997,russell,RUS,George Russell,British,63,1998-02-15,mercedes,Mercedes,German,2,2,4,12.0,69,Finished,0,0,1,0
2024,21,São Paulo Grand Prix,2024-11-03,interlagos,Autódromo José Carlos Pace,São Paulo,Brazil,-23.7036,-46.6997,leclerc,LEC,Charles Leclerc,Monegasque,16,1997-10-16,ferrari,Ferrari,Italian,6,6,5,10.0,69,Finished,0,0,1,0
2024,21,São Paulo Grand Prix,2024-11-03,interlagos,Autódromo José Carlos Pace,São Paulo,Brazil,-23.7036,-46.6997,norris,NOR,Lando Norris,British,1,1999-11-13,mclaren,McLaren,British,1,1,6,8.0,69,Finished,0,0,1,0
2024,21,São Paulo Grand Prix,2024-11-03,interlagos,Autódromo José Carlos Pace,São Paulo,Brazil,-23.7036,-46.6997,tsunoda,TSU,Yuki Tsunoda,Japanese,22,2000-05-11,rb,RB F1 Team,Italian,3,3,7,6.0,69,Finished,0,0,1,0
2024,21,São Paulo Grand Prix,2024-11-03,interlagos,Autódromo José Carlos Pace,São Paulo,Brazil,-23.7036,-46.6997,piastri,PIA,Oscar Piastri,Australian,81,2001-04-06,mclaren,McLaren,British,8,8,8,4.0,69,Finished,0,0,1,0
2024,21,São Paulo Grand Prix,2024-11-03,interlagos,Autódromo José Carlos Pace,São Paulo,Brazil,-23.7036,-46.6997,lawson,LAW,Liam Lawson,New Zealander,30,2002-02-11,rb,RB F1 Team,Italian,5,5,9,2.0,69,Finished,0,0,1,0
2024,21,São Paulo Grand Prix,2024-11-03,interlagos,Autódromo José Carlos Pace,São Paulo,Brazil,-23.7036,-46.6997,hamilton,HAM,Lewis Hamilton,British,44,1985-01-07,mercedes,Mercedes,German,16,14,10,1.0,69,Finished,0,0,1,0
2024,21,São Paulo Grand Prix,2024-11-03,interlagos,Autódromo José Carlos Pace,São Paulo,Brazil,-23.7036,-46.6997,perez,PER,Sergio Pérez,Mexican,11,1990-01-26,red_bull,Red Bull,Austrian,13,12,11,0.0,69,Finished,0,0,0,0
2024,21,São Paulo Grand Prix,2024-11-03,interlagos,Autódromo José Carlos Pace,São Paulo,Brazil,-23.7036,-46.6997,bearman,BEA,Oliver Bearman,British,87,2005-05-08,haas,Haas F1 Team,American,17,15,12,0.0,69,Finished,0,0,0,0
2024,21,São Paulo Grand Prix,2024-11-03,interlagos,Autódromo José Carlos Pace,São Paulo,Brazil,-23.7036,-46.6997,bottas,BOT,Valtteri Bottas,Finnish,77,1989-08-28,sauber,Sauber,Swiss,11,11,13,0.0,69,Finished,0,0,0,0
2024,21,São Paulo Grand Prix,2024-11-03,interlagos,Autódromo José Carlos Pace,São Paulo,Brazil,-23.7036,-46.6997,alonso,ALO,Fernando Alonso,Spanish,14,1981-07-29,aston_martin,Aston Martin,British,9,9,14,0.0,69,Finished,0,0,0,0
2024,21,São Paulo Grand Prix,2024-11-03,interlagos,Autódromo José Carlos Pace,São Paulo,Brazil,-23.7036,-46.6997,zhou,ZHO,Guanyu Zhou,Chinese,24,1999-05-30,sauber,Sauber,Swiss,20,19,15,0.0,69,Finished,0,0,0,0
2024,21,São Paulo Grand Prix,2024-11-03,interlagos,Autódromo José Carlos Pace,São Paulo,Brazil,-23.7036,-46.6997,sainz,SAI,Carlos Sainz,Spanish,55,1994-09-01,ferrari,Ferrari,Italian,14,20,16,0.0,38,Retired,0,0,0,1
2024,21,São Paulo Grand Prix,2024-11-03,interlagos,Autódromo José Carlos Pace,São Paulo,Brazil,-23.7036,-46.6997,colapinto,COL,Franco Colapinto,Argentine,43,2003-05-27,williams,Williams,British,18,16,17,0.0,30,Retired,0,0,0,1
2024,21,São Paulo Grand Prix,2024-11-03,interlagos,Autódromo José Carlos Pace,São Paulo,Brazil,-23.7036,-46.6997,albon,ALB,Alexander Albon,Thai,23,1996-03-23,williams,Williams,British,7,7,18,0.0,0,Did not start,0,0,0,0
2024,21,São Paulo Grand Prix,2024-11-03,interlagos,Autódromo José Carlos Pace,São Paulo,Brazil,-23.7036,-46.6997,stroll,STR,Lance Stroll,Canadian,18,1998-10-29,aston_martin,Aston Martin,British,10,10,19,0.0,0,Did not start,0,0,0,0
2024,21,São Paulo Grand Prix,2024-11-03,interlagos,Autódromo José Carlos Pace,São Paulo,Brazil,-23.7036,-46.6997,hulkenberg,HUL,Nico Hülkenberg,German,27,1987-08-19,haas,Haas F1 Team,American,19,18,20,0.0,0,Disqualified,0,0,0,0
2024,22,Las Vegas Grand Prix,2024-11-23,vegas,Las Vegas Strip Street Circuit,Las Vegas,USA,36.1147,-115.173,russell,RUS,George Russell,British,63,1998-02-15,mercedes,Mercedes,German,1,1,1,25.0,50,Finished,1,1,1,0
2024,22,Las Vegas Grand Prix,2024-11-23,vegas,Las Vegas Strip Street Circuit,Las Vegas,USA,36.1147,-115.173,hamilton,HAM,Lewis Hamilton,British,44,1985-01-07,mercedes,Mercedes,German,10,10,2,18.0,50,Finished,0,1,1,0
2024,22,Las Vegas Grand Prix,2024-11-23,vegas,Las Vegas Strip Street Circuit,Las Vegas,USA,36.1147,-115.173,sainz,SAI,Carlos Sainz,Spanish,55,1994-09-01,ferrari,Ferrari,Italian,2,2,3,15.0,50,Finished,0,1,1,0
2024,22,Las Vegas Grand Prix,2024-11-23,vegas,Las Vegas Strip Street Circuit,Las Vegas,USA,36.1147,-115.173,leclerc,LEC,Charles Leclerc,Monegasque,16,1997-10-16,ferrari,Ferrari,Italian,4,4,4,12.0,50,Finished,0,0,1,0
2024,22,Las Vegas Grand Prix,2024-11-23,vegas,Las Vegas Strip Street Circuit,Las Vegas,USA,36.1147,-115.173,max_verstappen,VER,Max Verstappen,Dutch,3,1997-09-30,red_bull,Red Bull,Austrian,5,5,5,10.0,50,Finished,0,0,1,0
2024,22,Las Vegas Grand Prix,2024-11-23,vegas,Las Vegas Strip Street Circuit,Las Vegas,USA,36.1147,-115.173,norris,NOR,Lando Norris,British,1,1999-11-13,mclaren,McLaren,British,6,6,6,9.0,50,Finished,0,0,1,0
2024,22,Las Vegas Grand Prix,2024-11-23,vegas,Las Vegas Strip Street Circuit,Las Vegas,USA,36.1147,-115.173,piastri,PIA,Oscar Piastri,Australian,81,2001-04-06,mclaren,McLaren,British,8,8,7,6.0,50,Finished,0,0,1,0
2024,22,Las Vegas Grand Prix,2024-11-23,vegas,Las Vegas Strip Street Circuit,Las Vegas,USA,36.1147,-115.173,hulkenberg,HUL,Nico Hülkenberg,German,27,1987-08-19,haas,Haas F1 Team,American,9,9,8,4.0,50,Finished,0,0,1,0
2024,22,Las Vegas Grand Prix,2024-11-23,vegas,Las Vegas Strip Street Circuit,Las Vegas,USA,36.1147,-115.173,tsunoda,TSU,Yuki Tsunoda,Japanese,22,2000-05-11,rb,RB F1 Team,Italian,7,7,9,2.0,50,Finished,0,0,1,0
2024,22,Las Vegas Grand Prix,2024-11-23,vegas,Las Vegas Strip Street Circuit,Las Vegas,USA,36.1147,-115.173,perez,PER,Sergio Pérez,Mexican,11,1990-01-26,red_bull,Red Bull,Austrian,16,15,10,1.0,50,Finished,0,0,1,0
2024,22,Las Vegas Grand Prix,2024-11-23,vegas,Las Vegas Strip Street Circuit,Las Vegas,USA,36.1147,-115.173,alonso,ALO,Fernando Alonso,Spanish,14,1981-07-29,aston_martin,Aston Martin,British,17,16,11,0.0,50,Finished,0,0,0,0
2024,22,Las Vegas Grand Prix,2024-11-23,vegas,Las Vegas Strip Street Circuit,Las Vegas,USA,36.1147,-115.173,kevin_magnussen,MAG,Kevin Magnussen,Danish,20,1992-10-05,haas,Haas F1 Team,American,12,12,12,0.0,50,Finished,0,0,0,0
2024,22,Las Vegas Grand Prix,2024-11-23,vegas,Las Vegas Strip Street Circuit,Las Vegas,USA,36.1147,-115.173,zhou,ZHO,Guanyu Zhou,Chinese,24,1999-05-30,sauber,Sauber,Swiss,13,13,13,0.0,50,Finished,0,0,0,0
2024,22,Las Vegas Grand Prix,2024-11-23,vegas,Las Vegas Strip Street Circuit,Las Vegas,USA,36.1147,-115.173,colapinto,COL,Franco Colapinto,Argentine,43,2003-05-27,williams,Williams,British,14,20,14,0.0,50,Finished,0,0,0,0
2024,22,Las Vegas Grand Prix,2024-11-23,vegas,Las Vegas Strip Street Circuit,Las Vegas,USA,36.1147,-115.173,stroll,STR,Lance Stroll,Canadian,18,1998-10-29,aston_martin,Aston Martin,British,20,18,15,0.0,50,Finished,0,0,0,0
2024,22,Las Vegas Grand Prix,2024-11-23,vegas,Las Vegas Strip Street Circuit,Las Vegas,USA,36.1147,-115.173,lawson,LAW,Liam Lawson,New Zealander,30,2002-02-11,rb,RB F1 Team,Italian,15,14,16,0.0,50,Finished,0,0,0,0
2024,22,Las Vegas Grand Prix,2024-11-23,vegas,Las Vegas Strip Street Circuit,Las Vegas,USA,36.1147,-115.173,ocon,OCO,Esteban Ocon,French,31,1996-09-17,alpine,Alpine F1 Team,French,11,11,17,0.0,49,Lapped,0,0,0,0
2024,22,Las Vegas Grand Prix,2024-11-23,vegas,Las Vegas Strip Street Circuit,Las Vegas,USA,36.1147,-115.173,bottas,BOT,Valtteri Bottas,Finnish,77,1989-08-28,sauber,Sauber,Swiss,19,19,18,0.0,49,Lapped,0,0,0,0
2024,22,Las Vegas Grand Prix,2024-11-23,vegas,Las Vegas Strip Street Circuit,Las Vegas,USA,36.1147,-115.173,albon,ALB,Alexander Albon,Thai,23,1996-03-23,williams,Williams,British,18,17,19,0.0,25,Retired,0,0,0,1
2024,22,Las Vegas Grand Prix,2024-11-23,vegas,Las Vegas Strip Street Circuit,Las Vegas,USA,36.1147,-115.173,gasly,GAS,Pierre Gasly,French,10,1996-02-07,alpine,Alpine F1 Team,French,3,3,20,0.0,15,Retired,0,0,0,1
2024,23,Qatar Grand Prix,2024-12-01,losail,Losail International Circuit,Lusail,Qatar,25.49,51.4542,max_verstappen,VER,Max Verstappen,Dutch,3,1997-09-30,red_bull,Red Bull,Austrian,1,2,1,25.0,57,Finished,1,1,1,0
2024,23,Qatar Grand Prix,2024-12-01,losail,Losail International Circuit,Lusail,Qatar,25.49,51.4542,leclerc,LEC,Charles Leclerc,Monegasque,16,1997-10-16,ferrari,Ferrari,Italian,5,5,2,18.0,57,Finished,0,1,1,0
2024,23,Qatar Grand Prix,2024-12-01,losail,Losail International Circuit,Lusail,Qatar,25.49,51.4542,piastri,PIA,Oscar Piastri,Australian,81,2001-04-06,mclaren,McLaren,British,4,4,3,15.0,57,Finished,0,1,1,0
2024,23,Qatar Grand Prix,2024-12-01,losail,Losail International Circuit,Lusail,Qatar,25.49,51.4542,russell,RUS,George Russell,British,63,1998-02-15,mercedes,Mercedes,German,2,1,4,12.0,57,Finished,0,0,1,0
2024,23,Qatar Grand Prix,2024-12-01,losail,Losail International Circuit,Lusail,Qatar,25.49,51.4542,gasly,GAS,Pierre Gasly,French,10,1996-02-07,alpine,Alpine F1 Team,French,11,11,5,10.0,57,Finished,0,0,1,0
2024,23,Qatar Grand Prix,2024-12-01,losail,Losail International Circuit,Lusail,Qatar,25.49,51.4542,sainz,SAI,Carlos Sainz,Spanish,55,1994-09-01,ferrari,Ferrari,Italian,7,7,6,8.0,57,Finished,0,0,1,0
2024,23,Qatar Grand Prix,2024-12-01,losail,Losail International Circuit,Lusail,Qatar,25.49,51.4542,alonso,ALO,Fernando Alonso,Spanish,14,1981-07-29,aston_martin,Aston Martin,British,8,8,7,6.0,57,Finished,0,0,1,0
2024,23,Qatar Grand Prix,2024-12-01,losail,Losail International Circuit,Lusail,Qatar,25.49,51.4542,zhou,ZHO,Guanyu Zhou,Chinese,24,1999-05-30,sauber,Sauber,Swiss,12,12,8,4.0,57,Finished,0,0,1,0
2024,23,Qatar Grand Prix,2024-12-01,losail,Losail International Circuit,Lusail,Qatar,25.49,51.4542,kevin_magnussen,MAG,Kevin Magnussen,Danish,20,1992-10-05,haas,Haas F1 Team,American,10,10,9,2.0,57,Finished,0,0,1,0
2024,23,Qatar Grand Prix,2024-12-01,losail,Losail International Circuit,Lusail,Qatar,25.49,51.4542,norris,NOR,Lando Norris,British,1,1999-11-13,mclaren,McLaren,British,3,3,10,2.0,57,Finished,0,0,1,0
2024,23,Qatar Grand Prix,2024-12-01,losail,Losail International Circuit,Lusail,Qatar,25.49,51.4542,bottas,BOT,Valtteri Bottas,Finnish,77,1989-08-28,sauber,Sauber,Swiss,13,13,11,0.0,57,Finished,0,0,0,0
2024,23,Qatar Grand Prix,2024-12-01,losail,Losail International Circuit,Lusail,Qatar,25.49,51.4542,hamilton,HAM,Lewis Hamilton,British,44,1985-01-07,mercedes,Mercedes,German,6,6,12,0.0,57,Finished,0,0,0,0
2024,23,Qatar Grand Prix,2024-12-01,losail,Losail International Circuit,Lusail,Qatar,25.49,51.4542,tsunoda,TSU,Yuki Tsunoda,Japanese,22,2000-05-11,rb,RB F1 Team,Italian,14,14,13,0.0,57,Finished,0,0,0,0
2024,23,Qatar Grand Prix,2024-12-01,losail,Losail International Circuit,Lusail,Qatar,25.49,51.4542,lawson,LAW,Liam Lawson,New Zealander,30,2002-02-11,rb,RB F1 Team,Italian,17,17,14,0.0,57,Finished,0,0,0,0
2024,23,Qatar Grand Prix,2024-12-01,losail,Losail International Circuit,Lusail,Qatar,25.49,51.4542,albon,ALB,Alexander Albon,Thai,23,1996-03-23,williams,Williams,British,16,16,15,0.0,56,Lapped,0,0,0,0
2024,23,Qatar Grand Prix,2024-12-01,losail,Losail International Circuit,Lusail,Qatar,25.49,51.4542,hulkenberg,HUL,Nico Hülkenberg,German,27,1987-08-19,haas,Haas F1 Team,American,18,18,16,0.0,39,Retired,0,0,0,1
2024,23,Qatar Grand Prix,2024-12-01,losail,Losail International Circuit,Lusail,Qatar,25.49,51.4542,perez,PER,Sergio Pérez,Mexican,11,1990-01-26,red_bull,Red Bull,Austrian,9,9,17,0.0,38,Retired,0,0,0,1
2024,23,Qatar Grand Prix,2024-12-01,losail,Losail International Circuit,Lusail,Qatar,25.49,51.4542,stroll,STR,Lance Stroll,Canadian,18,1998-10-29,aston_martin,Aston Martin,British,15,15,18,0.0,8,Retired,0,0,0,1
2024,23,Qatar Grand Prix,2024-12-01,losail,Losail International Circuit,Lusail,Qatar,25.49,51.4542,colapinto,COL,Franco Colapinto,Argentine,43,2003-05-27,williams,Williams,British,19,19,19,0.0,0,Retired,0,0,0,1
2024,23,Qatar Grand Prix,2024-12-01,losail,Losail International Circuit,Lusail,Qatar,25.49,51.4542,ocon,OCO,Esteban Ocon,French,31,1996-09-17,alpine,Alpine F1 Team,French,20,20,20,0.0,0,Retired,0,0,0,1
2024,24,Abu Dhabi Grand Prix,2024-12-08,yas_marina,Yas Marina Circuit,Abu Dhabi,UAE,24.4672,54.6031,norris,NOR,Lando Norris,British,1,1999-11-13,mclaren,McLaren,British,1,1,1,25.0,58,Finished,1,1,1,0
2024,24,Abu Dhabi Grand Prix,2024-12-08,yas_marina,Yas Marina Circuit,Abu Dhabi,UAE,24.4672,54.6031,sainz,SAI,Carlos Sainz,Spanish,55,1994-09-01,ferrari,Ferrari,Italian,3,3,2,18.0,58,Finished,0,1,1,0
2024,24,Abu Dhabi Grand Prix,2024-12-08,yas_marina,Yas Marina Circuit,Abu Dhabi,UAE,24.4672,54.6031,leclerc,LEC,Charles Leclerc,Monegasque,16,1997-10-16,ferrari,Ferrari,Italian,14,19,3,15.0,58,Finished,0,1,1,0
2024,24,Abu Dhabi Grand Prix,2024-12-08,yas_marina,Yas Marina Circuit,Abu Dhabi,UAE,24.4672,54.6031,hamilton,HAM,Lewis Hamilton,British,44,1985-01-07,mercedes,Mercedes,German,18,16,4,12.0,58,Finished,0,0,1,0
2024,24,Abu Dhabi Grand Prix,2024-12-08,yas_marina,Yas Marina Circuit,Abu Dhabi,UAE,24.4672,54.6031,russell,RUS,George Russell,British,63,1998-02-15,mercedes,Mercedes,German,7,6,5,10.0,58,Finished,0,0,1,0
2024,24,Abu Dhabi Grand Prix,2024-12-08,yas_marina,Yas Marina Circuit,Abu Dhabi,UAE,24.4672,54.6031,max_verstappen,VER,Max Verstappen,Dutch,3,1997-09-30,red_bull,Red Bull,Austrian,5,4,6,8.0,58,Finished,0,0,1,0
2024,24,Abu Dhabi Grand Prix,2024-12-08,yas_marina,Yas Marina Circuit,Abu Dhabi,UAE,24.4672,54.6031,gasly,GAS,Pierre Gasly,French,10,1996-02-07,alpine,Alpine F1 Team,French,6,5,7,6.0,58,Finished,0,0,1,0
2024,24,Abu Dhabi Grand Prix,2024-12-08,yas_marina,Yas Marina Circuit,Abu Dhabi,UAE,24.4672,54.6031,hulkenberg,HUL,Nico Hülkenberg,German,27,1987-08-19,haas,Haas F1 Team,American,4,7,8,4.0,58,Finished,0,0,1,0
2024,24,Abu Dhabi Grand Prix,2024-12-08,yas_marina,Yas Marina Circuit,Abu Dhabi,UAE,24.4672,54.6031,alonso,ALO,Fernando Alonso,Spanish,14,1981-07-29,aston_martin,Aston Martin,British,8,8,9,2.0,58,Finished,0,0,1,0
2024,24,Abu Dhabi Grand Prix,2024-12-08,yas_marina,Yas Marina Circuit,Abu Dhabi,UAE,24.4672,54.6031,piastri,PIA,Oscar Piastri,Australian,81,2001-04-06,mclaren,McLaren,British,2,2,10,1.0,58,Finished,0,0,1,0
2024,24,Abu Dhabi Grand Prix,2024-12-08,yas_marina,Yas Marina Circuit,Abu Dhabi,UAE,24.4672,54.6031,albon,ALB,Alexander Albon,Thai,23,1996-03-23,williams,Williams,British,16,18,11,0.0,57,Lapped,0,0,0,0
2024,24,Abu Dhabi Grand Prix,2024-12-08,yas_marina,Yas Marina Circuit,Abu Dhabi,UAE,24.4672,54.6031,tsunoda,TSU,Yuki Tsunoda,Japanese,22,2000-05-11,rb,RB F1 Team,Italian,11,11,12,0.0,57,Lapped,0,0,0,0
2024,24,Abu Dhabi Grand Prix,2024-12-08,yas_marina,Yas Marina Circuit,Abu Dhabi,UAE,24.4672,54.6031,zhou,ZHO,Guanyu Zhou,Chinese,24,1999-05-30,sauber,Sauber,Swiss,17,15,13,0.0,57,Lapped,0,0,0,0
2024,24,Abu Dhabi Grand Prix,2024-12-08,yas_marina,Yas Marina Circuit,Abu Dhabi,UAE,24.4672,54.6031,stroll,STR,Lance Stroll,Canadian,18,1998-10-29,aston_martin,Aston Martin,British,13,13,14,0.0,57,Lapped,0,0,0,0
2024,24,Abu Dhabi Grand Prix,2024-12-08,yas_marina,Yas Marina Circuit,Abu Dhabi,UAE,24.4672,54.6031,doohan,DOO,Jack Doohan,Australian,7,2003-01-20,alpine,Alpine F1 Team,French,20,17,15,0.0,57,Lapped,0,0,0,0
2024,24,Abu Dhabi Grand Prix,2024-12-08,yas_marina,Yas Marina Circuit,Abu Dhabi,UAE,24.4672,54.6031,kevin_magnussen,MAG,Kevin Magnussen,Danish,20,1992-10-05,haas,Haas F1 Team,American,15,14,16,0.0,57,Lapped,0,0,0,0
2024,24,Abu Dhabi Grand Prix,2024-12-08,yas_marina,Yas Marina Circuit,Abu Dhabi,UAE,24.4672,54.6031,lawson,LAW,Liam Lawson,New Zealander,30,2002-02-11,rb,RB F1 Team,Italian,12,12,17,0.0,55,Retired,0,0,0,1
2024,24,Abu Dhabi Grand Prix,2024-12-08,yas_marina,Yas Marina Circuit,Abu Dhabi,UAE,24.4672,54.6031,bottas,BOT,Valtteri Bottas,Finnish,77,1989-08-28,sauber,Sauber,Swiss,9,9,18,0.0,30,Retired,0,0,0,1
2024,24,Abu Dhabi Grand Prix,2024-12-08,yas_marina,Yas Marina Circuit,Abu Dhabi,UAE,24.4672,54.6031,colapinto,COL,Franco Colapinto,Argentine,43,2003-05-27,williams,Williams,British,19,20,19,0.0,26,Retired,0,0,0,1
2024,24,Abu Dhabi Grand Prix,2024-12-08,yas_marina,Yas Marina Circuit,Abu Dhabi,UAE,24.4672,54.6031,perez,PER,Sergio Pérez,Mexican,11,1990-01-26,red_bull,Red Bull,Austrian,10,10,20,0.0,0,Retired,0,0,0,1
2025,1,Australian Grand Prix,2025-03-16,albert_park,Albert Park Grand Prix Circuit,Melbourne,Australia,-37.8497,144.968,norris,NOR,Lando Norris,British,1,1999-11-13,mclaren,McLaren,British,1,1,1,25.0,57,Finished,1,1,1,0
2025,1,Australian Grand Prix,2025-03-16,albert_park,Albert Park Grand Prix Circuit,Melbourne,Australia,-37.8497,144.968,max_verstappen,VER,Max Verstappen,Dutch,3,1997-09-30,red_bull,Red Bull,Austrian,3,3,2,18.0,57,Finished,0,1,1,0
2025,1,Australian Grand Prix,2025-03-16,albert_park,Albert Park Grand Prix Circuit,Melbourne,Australia,-37.8497,144.968,russell,RUS,George Russell,British,63,1998-02-15,mercedes,Mercedes,German,4,4,3,15.0,57,Finished,0,1,1,0
2025,1,Australian Grand Prix,2025-03-16,albert_park,Albert Park Grand Prix Circuit,Melbourne,Australia,-37.8497,144.968,antonelli,ANT,Andrea Kimi Antonelli,Italian,12,2006-08-25,mercedes,Mercedes,German,16,16,4,12.0,57,Finished,0,0,1,0
2025,1,Australian Grand Prix,2025-03-16,albert_park,Albert Park Grand Prix Circuit,Melbourne,Australia,-37.8497,144.968,albon,ALB,Alexander Albon,Thai,23,1996-03-23,williams,Williams,British,6,6,5,10.0,57,Finished,0,0,1,0
2025,1,Australian Grand Prix,2025-03-16,albert_park,Albert Park Grand Prix Circuit,Melbourne,Australia,-37.8497,144.968,stroll,STR,Lance Stroll,Canadian,18,1998-10-29,aston_martin,Aston Martin,British,13,13,6,8.0,57,Finished,0,0,1,0
2025,1,Australian Grand Prix,2025-03-16,albert_park,Albert Park Grand Prix Circuit,Melbourne,Australia,-37.8497,144.968,hulkenberg,HUL,Nico Hülkenberg,German,27,1987-08-19,sauber,Sauber,Swiss,17,17,7,6.0,57,Finished,0,0,1,0
2025,1,Australian Grand Prix,2025-03-16,albert_park,Albert Park Grand Prix Circuit,Melbourne,Australia,-37.8497,144.968,leclerc,LEC,Charles Leclerc,Monegasque,16,1997-10-16,ferrari,Ferrari,Italian,7,7,8,4.0,57,Finished,0,0,1,0
2025,1,Australian Grand Prix,2025-03-16,albert_park,Albert Park Grand Prix Circuit,Melbourne,Australia,-37.8497,144.968,piastri,PIA,Oscar Piastri,Australian,81,2001-04-06,mclaren,McLaren,British,2,2,9,2.0,57,Finished,0,0,1,0
2025,1,Australian Grand Prix,2025-03-16,albert_park,Albert Park Grand Prix Circuit,Melbourne,Australia,-37.8497,144.968,hamilton,HAM,Lewis Hamilton,British,44,1985-01-07,ferrari,Ferrari,Italian,8,8,10,1.0,57,Finished,0,0,1,0
2025,1,Australian Grand Prix,2025-03-16,albert_park,Albert Park Grand Prix Circuit,Melbourne,Australia,-37.8497,144.968,gasly,GAS,Pierre Gasly,French,10,1996-02-07,alpine,Alpine F1 Team,French,9,9,11,0.0,57,Finished,0,0,0,0
2025,1,Australian Grand Prix,2025-03-16,albert_park,Albert Park Grand Prix Circuit,Melbourne,Australia,-37.8497,144.968,tsunoda,TSU,Yuki Tsunoda,Japanese,22,2000-05-11,rb,RB F1 Team,Italian,5,5,12,0.0,57,Finished,0,0,0,0
2025,1,Australian Grand Prix,2025-03-16,albert_park,Albert Park Grand Prix Circuit,Melbourne,Australia,-37.8497,144.968,ocon,OCO,Esteban Ocon,French,31,1996-09-17,haas,Haas F1 Team,American,19,19,13,0.0,57,Finished,0,0,0,0
2025,1,Australian Grand Prix,2025-03-16,albert_park,Albert Park Grand Prix Circuit,Melbourne,Australia,-37.8497,144.968,bearman,BEA,Oliver Bearman,British,87,2005-05-08,haas,Haas F1 Team,American,20,20,14,0.0,57,Finished,0,0,0,0
2025,1,Australian Grand Prix,2025-03-16,albert_park,Albert Park Grand Prix Circuit,Melbourne,Australia,-37.8497,144.968,lawson,LAW,Liam Lawson,New Zealander,30,2002-02-11,red_bull,Red Bull,Austrian,18,18,15,0.0,46,Retired,0,0,0,1
2025,1,Australian Grand Prix,2025-03-16,albert_park,Albert Park Grand Prix Circuit,Melbourne,Australia,-37.8497,144.968,bortoleto,BOR,Gabriel Bortoleto,Brazilian,5,2004-10-14,sauber,Sauber,Swiss,15,15,16,0.0,45,Retired,0,0,0,1
2025,1,Australian Grand Prix,2025-03-16,albert_park,Albert Park Grand Prix Circuit,Melbourne,Australia,-37.8497,144.968,alonso,ALO,Fernando Alonso,Spanish,14,1981-07-29,aston_martin,Aston Martin,British,12,12,17,0.0,32,Retired,0,0,0,1
2025,1,Australian Grand Prix,2025-03-16,albert_park,Albert Park Grand Prix Circuit,Melbourne,Australia,-37.8497,144.968,sainz,SAI,Carlos Sainz,Spanish,55,1994-09-01,williams,Williams,British,10,10,18,0.0,0,Retired,0,0,0,1
2025,1,Australian Grand Prix,2025-03-16,albert_park,Albert Park Grand Prix Circuit,Melbourne,Australia,-37.8497,144.968,doohan,DOO,Jack Doohan,Australian,7,2003-01-20,alpine,Alpine F1 Team,French,14,14,19,0.0,0,Retired,0,0,0,1
2025,1,Australian Grand Prix,2025-03-16,albert_park,Albert Park Grand Prix Circuit,Melbourne,Australia,-37.8497,144.968,hadjar,HAD,Isack Hadjar,French,6,2004-09-28,rb,RB F1 Team,Italian,11,11,20,0.0,0,Retired,0,0,0,1
2025,2,Chinese Grand Prix,2025-03-23,shanghai,Shanghai International Circuit,Shanghai,China,31.3389,121.22,piastri,PIA,Oscar Piastri,Australian,81,2001-04-06,mclaren,McLaren,British,1,1,1,25.0,56,Finished,1,1,1,0
2025,2,Chinese Grand Prix,2025-03-23,shanghai,Shanghai International Circuit,Shanghai,China,31.3389,121.22,norris,NOR,Lando Norris,British,1,1999-11-13,mclaren,McLaren,British,3,3,2,18.0,56,Finished,0,1,1,0
2025,2,Chinese Grand Prix,2025-03-23,shanghai,Shanghai International Circuit,Shanghai,China,31.3389,121.22,russell,RUS,George Russell,British,63,1998-02-15,mercedes,Mercedes,German,2,2,3,15.0,56,Finished,0,1,1,0
2025,2,Chinese Grand Prix,2025-03-23,shanghai,Shanghai International Circuit,Shanghai,China,31.3389,121.22,max_verstappen,VER,Max Verstappen,Dutch,3,1997-09-30,red_bull,Red Bull,Austrian,4,4,4,12.0,56,Finished,0,0,1,0
2025,2,Chinese Grand Prix,2025-03-23,shanghai,Shanghai International Circuit,Shanghai,China,31.3389,121.22,ocon,OCO,Esteban Ocon,French,31,1996-09-17,haas,Haas F1 Team,American,11,11,5,10.0,56,Finished,0,0,1,0
2025,2,Chinese Grand Prix,2025-03-23,shanghai,Shanghai International Circuit,Shanghai,China,31.3389,121.22,antonelli,ANT,Andrea Kimi Antonelli,Italian,12,2006-08-25,mercedes,Mercedes,German,8,8,6,8.0,56,Finished,0,0,1,0
2025,2,Chinese Grand Prix,2025-03-23,shanghai,Shanghai International Circuit,Shanghai,China,31.3389,121.22,albon,ALB,Alexander Albon,Thai,23,1996-03-23,williams,Williams,British,10,10,7,6.0,56,Finished,0,0,1,0
2025,2,Chinese Grand Prix,2025-03-23,shanghai,Shanghai International Circuit,Shanghai,China,31.3389,121.22,bearman,BEA,Oliver Bearman,British,87,2005-05-08,haas,Haas F1 Team,American,17,17,8,4.0,56,Finished,0,0,1,0
2025,2,Chinese Grand Prix,2025-03-23,shanghai,Shanghai International Circuit,Shanghai,China,31.3389,121.22,stroll,STR,Lance Stroll,Canadian,18,1998-10-29,aston_martin,Aston Martin,British,14,14,9,2.0,56,Finished,0,0,1,0
2025,2,Chinese Grand Prix,2025-03-23,shanghai,Shanghai International Circuit,Shanghai,China,31.3389,121.22,sainz,SAI,Carlos Sainz,Spanish,55,1994-09-01,williams,Williams,British,15,15,10,1.0,56,Finished,0,0,1,0
2025,2,Chinese Grand Prix,2025-03-23,shanghai,Shanghai International Circuit,Shanghai,China,31.3389,121.22,hadjar,HAD,Isack Hadjar,French,6,2004-09-28,rb,RB F1 Team,Italian,7,7,11,0.0,56,Finished,0,0,0,0
2025,2,Chinese Grand Prix,2025-03-23,shanghai,Shanghai International Circuit,Shanghai,China,31.3389,121.22,lawson,LAW,Liam Lawson,New Zealander,30,2002-02-11,red_bull,Red Bull,Austrian,20,20,12,0.0,56,Finished,0,0,0,0
2025,2,Chinese Grand Prix,2025-03-23,shanghai,Shanghai International Circuit,Shanghai,China,31.3389,121.22,doohan,DOO,Jack Doohan,Australian,7,2003-01-20,alpine,Alpine F1 Team,French,18,18,13,0.0,56,Finished,0,0,0,0
2025,2,Chinese Grand Prix,2025-03-23,shanghai,Shanghai International Circuit,Shanghai,China,31.3389,121.22,bortoleto,BOR,Gabriel Bortoleto,Brazilian,5,2004-10-14,sauber,Sauber,Swiss,19,19,14,0.0,55,Lapped,0,0,0,0
2025,2,Chinese Grand Prix,2025-03-23,shanghai,Shanghai International Circuit,Shanghai,China,31.3389,121.22,hulkenberg,HUL,Nico Hülkenberg,German,27,1987-08-19,sauber,Sauber,Swiss,12,12,15,0.0,55,Lapped,0,0,0,0
2025,2,Chinese Grand Prix,2025-03-23,shanghai,Shanghai International Circuit,Shanghai,China,31.3389,121.22,tsunoda,TSU,Yuki Tsunoda,Japanese,22,2000-05-11,rb,RB F1 Team,Italian,9,9,16,0.0,55,Lapped,0,0,0,0
2025,2,Chinese Grand Prix,2025-03-23,shanghai,Shanghai International Circuit,Shanghai,China,31.3389,121.22,alonso,ALO,Fernando Alonso,Spanish,14,1981-07-29,aston_martin,Aston Martin,British,13,13,17,0.0,4,Retired,0,0,0,1
2025,2,Chinese Grand Prix,2025-03-23,shanghai,Shanghai International Circuit,Shanghai,China,31.3389,121.22,leclerc,LEC,Charles Leclerc,Monegasque,16,1997-10-16,ferrari,Ferrari,Italian,6,6,18,0.0,0,Disqualified,0,0,0,0
2025,2,Chinese Grand Prix,2025-03-23,shanghai,Shanghai International Circuit,Shanghai,China,31.3389,121.22,hamilton,HAM,Lewis Hamilton,British,44,1985-01-07,ferrari,Ferrari,Italian,5,5,19,0.0,0,Disqualified,0,0,0,0
2025,2,Chinese Grand Prix,2025-03-23,shanghai,Shanghai International Circuit,Shanghai,China,31.3389,121.22,gasly,GAS,Pierre Gasly,French,10,1996-02-07,alpine,Alpine F1 Team,French,16,16,20,0.0,0,Disqualified,0,0,0,0
2025,3,Japanese Grand Prix,2025-04-06,suzuka,Suzuka Circuit,Suzuka,Japan,34.8431,136.541,max_verstappen,VER,Max Verstappen,Dutch,3,1997-09-30,red_bull,Red Bull,Austrian,1,1,1,25.0,53,Finished,1,1,1,0
2025,3,Japanese Grand Prix,2025-04-06,suzuka,Suzuka Circuit,Suzuka,Japan,34.8431,136.541,norris,NOR,Lando Norris,British,1,1999-11-13,mclaren,McLaren,British,2,2,2,18.0,53,Finished,0,1,1,0
2025,3,Japanese Grand Prix,2025-04-06,suzuka,Suzuka Circuit,Suzuka,Japan,34.8431,136.541,piastri,PIA,Oscar Piastri,Australian,81,2001-04-06,mclaren,McLaren,British,3,3,3,15.0,53,Finished,0,1,1,0
2025,3,Japanese Grand Prix,2025-04-06,suzuka,Suzuka Circuit,Suzuka,Japan,34.8431,136.541,leclerc,LEC,Charles Leclerc,Monegasque,16,1997-10-16,ferrari,Ferrari,Italian,4,4,4,12.0,53,Finished,0,0,1,0
2025,3,Japanese Grand Prix,2025-04-06,suzuka,Suzuka Circuit,Suzuka,Japan,34.8431,136.541,russell,RUS,George Russell,British,63,1998-02-15,mercedes,Mercedes,German,5,5,5,10.0,53,Finished,0,0,1,0
2025,3,Japanese Grand Prix,2025-04-06,suzuka,Suzuka Circuit,Suzuka,Japan,34.8431,136.541,antonelli,ANT,Andrea Kimi Antonelli,Italian,12,2006-08-25,mercedes,Mercedes,German,6,6,6,8.0,53,Finished,0,0,1,0
2025,3,Japanese Grand Prix,2025-04-06,suzuka,Suzuka Circuit,Suzuka,Japan,34.8431,136.541,hamilton,HAM,Lewis Hamilton,British,44,1985-01-07,ferrari,Ferrari,Italian,8,8,7,6.0,53,Finished,0,0,1,0
2025,3,Japanese Grand Prix,2025-04-06,suzuka,Suzuka Circuit,Suzuka,Japan,34.8431,136.541,hadjar,HAD,Isack Hadjar,French,6,2004-09-28,rb,RB F1 Team,Italian,7,7,8,4.0,53,Finished,0,0,1,0
2025,3,Japanese Grand Prix,2025-04-06,suzuka,Suzuka Circuit,Suzuka,Japan,34.8431,136.541,albon,ALB,Alexander Albon,Thai,23,1996-03-23,williams,Williams,British,9,9,9,2.0,53,Finished,0,0,1,0
2025,3,Japanese Grand Prix,2025-04-06,suzuka,Suzuka Circuit,Suzuka,Japan,34.8431,136.541,bearman,BEA,Oliver Bearman,British,87,2005-05-08,haas,Haas F1 Team,American,10,10,10,1.0,53,Finished,0,0,1,0
2025,3,Japanese Grand Prix,2025-04-06,suzuka,Suzuka Circuit,Suzuka,Japan,34.8431,136.541,alonso,ALO,Fernando Alonso,Spanish,14,1981-07-29,aston_martin,Aston Martin,British,13,12,11,0.0,53,Finished,0,0,0,0
2025,3,Japanese Grand Prix,2025-04-06,suzuka,Suzuka Circuit,Suzuka,Japan,34.8431,136.541,tsunoda,TSU,Yuki Tsunoda,Japanese,22,2000-05-11,red_bull,Red Bull,Austrian,15,14,12,0.0,53,Finished,0,0,0,0
2025,3,Japanese Grand Prix,2025-04-06,suzuka,Suzuka Circuit,Suzuka,Japan,34.8431,136.541,gasly,GAS,Pierre Gasly,French,10,1996-02-07,alpine,Alpine F1 Team,French,11,11,13,0.0,53,Finished,0,0,0,0
2025,3,Japanese Grand Prix,2025-04-06,suzuka,Suzuka Circuit,Suzuka,Japan,34.8431,136.541,sainz,SAI,Carlos Sainz,Spanish,55,1994-09-01,williams,Williams,British,12,15,14,0.0,53,Finished,0,0,0,0
2025,3,Japanese Grand Prix,2025-04-06,suzuka,Suzuka Circuit,Suzuka,Japan,34.8431,136.541,doohan,DOO,Jack Doohan,Australian,7,2003-01-20,alpine,Alpine F1 Team,French,19,19,15,0.0,53,Finished,0,0,0,0
2025,3,Japanese Grand Prix,2025-04-06,suzuka,Suzuka Circuit,Suzuka,Japan,34.8431,136.541,hulkenberg,HUL,Nico Hülkenberg,German,27,1987-08-19,sauber,Sauber,Swiss,16,16,16,0.0,53,Finished,0,0,0,0
2025,3,Japanese Grand Prix,2025-04-06,suzuka,Suzuka Circuit,Suzuka,Japan,34.8431,136.541,lawson,LAW,Liam Lawson,New Zealander,30,2002-02-11,rb,RB F1 Team,Italian,14,13,17,0.0,53,Finished,0,0,0,0
2025,3,Japanese Grand Prix,2025-04-06,suzuka,Suzuka Circuit,Suzuka,Japan,34.8431,136.541,ocon,OCO,Esteban Ocon,French,31,1996-09-17,haas,Haas F1 Team,American,18,18,18,0.0,53,Finished,0,0,0,0
2025,3,Japanese Grand Prix,2025-04-06,suzuka,Suzuka Circuit,Suzuka,Japan,34.8431,136.541,bortoleto,BOR,Gabriel Bortoleto,Brazilian,5,2004-10-14,sauber,Sauber,Swiss,17,17,19,0.0,53,Finished,0,0,0,0
2025,3,Japanese Grand Prix,2025-04-06,suzuka,Suzuka Circuit,Suzuka,Japan,34.8431,136.541,stroll,STR,Lance Stroll,Canadian,18,1998-10-29,aston_martin,Aston Martin,British,20,20,20,0.0,52,Lapped,0,0,0,0
2025,4,Bahrain Grand Prix,2025-04-13,bahrain,Bahrain International Circuit,Sakhir,Bahrain,26.0325,50.5106,piastri,PIA,Oscar Piastri,Australian,81,2001-04-06,mclaren,McLaren,British,1,1,1,25.0,57,Finished,1,1,1,0
2025,4,Bahrain Grand Prix,2025-04-13,bahrain,Bahrain International Circuit,Sakhir,Bahrain,26.0325,50.5106,russell,RUS,George Russell,British,63,1998-02-15,mercedes,Mercedes,German,2,3,2,18.0,57,Finished,0,1,1,0
2025,4,Bahrain Grand Prix,2025-04-13,bahrain,Bahrain International Circuit,Sakhir,Bahrain,26.0325,50.5106,norris,NOR,Lando Norris,British,1,1999-11-13,mclaren,McLaren,British,6,6,3,15.0,57,Finished,0,1,1,0
2025,4,Bahrain Grand Prix,2025-04-13,bahrain,Bahrain International Circuit,Sakhir,Bahrain,26.0325,50.5106,leclerc,LEC,Charles Leclerc,Monegasque,16,1997-10-16,ferrari,Ferrari,Italian,3,2,4,12.0,57,Finished,0,0,1,0
2025,4,Bahrain Grand Prix,2025-04-13,bahrain,Bahrain International Circuit,Sakhir,Bahrain,26.0325,50.5106,hamilton,HAM,Lewis Hamilton,British,44,1985-01-07,ferrari,Ferrari,Italian,9,9,5,10.0,57,Finished,0,0,1,0
2025,4,Bahrain Grand Prix,2025-04-13,bahrain,Bahrain International Circuit,Sakhir,Bahrain,26.0325,50.5106,max_verstappen,VER,Max Verstappen,Dutch,3,1997-09-30,red_bull,Red Bull,Austrian,7,7,6,8.0,57,Finished,0,0,1,0
2025,4,Bahrain Grand Prix,2025-04-13,bahrain,Bahrain International Circuit,Sakhir,Bahrain,26.0325,50.5106,gasly,GAS,Pierre Gasly,French,10,1996-02-07,alpine,Alpine F1 Team,French,5,4,7,6.0,57,Finished,0,0,1,0
2025,4,Bahrain Grand Prix,2025-04-13,bahrain,Bahrain International Circuit,Sakhir,Bahrain,26.0325,50.5106,ocon,OCO,Esteban Ocon,French,31,1996-09-17,haas,Haas F1 Team,American,14,14,8,4.0,57,Finished,0,0,1,0
2025,4,Bahrain Grand Prix,2025-04-13,bahrain,Bahrain International Circuit,Sakhir,Bahrain,26.0325,50.5106,tsunoda,TSU,Yuki Tsunoda,Japanese,22,2000-05-11,red_bull,Red Bull,Austrian,10,10,9,2.0,57,Finished,0,0,1,0
2025,4,Bahrain Grand Prix,2025-04-13,bahrain,Bahrain International Circuit,Sakhir,Bahrain,26.0325,50.5106,bearman,BEA,Oliver Bearman,British,87,2005-05-08,haas,Haas F1 Team,American,20,20,10,1.0,57,Finished,0,0,1,0
2025,4,Bahrain Grand Prix,2025-04-13,bahrain,Bahrain International Circuit,Sakhir,Bahrain,26.0325,50.5106,antonelli,ANT,Andrea Kimi Antonelli,Italian,12,2006-08-25,mercedes,Mercedes,German,4,5,11,0.0,57,Finished,0,0,0,0
2025,4,Bahrain Grand Prix,2025-04-13,bahrain,Bahrain International Circuit,Sakhir,Bahrain,26.0325,50.5106,albon,ALB,Alexander Albon,Thai,23,1996-03-23,williams,Williams,British,15,15,12,0.0,57,Finished,0,0,0,0
2025,4,Bahrain Grand Prix,2025-04-13,bahrain,Bahrain International Circuit,Sakhir,Bahrain,26.0325,50.5106,hadjar,HAD,Isack Hadjar,French,6,2004-09-28,rb,RB F1 Team,Italian,12,12,13,0.0,57,Finished,0,0,0,0
2025,4,Bahrain Grand Prix,2025-04-13,bahrain,Bahrain International Circuit,Sakhir,Bahrain,26.0325,50.5106,doohan,DOO,Jack Doohan,Australian,7,2003-01-20,alpine,Alpine F1 Team,French,11,11,14,0.0,57,Finished,0,0,0,0
2025,4,Bahrain Grand Prix,2025-04-13,bahrain,Bahrain International Circuit,Sakhir,Bahrain,26.0325,50.5106,alonso,ALO,Fernando Alonso,Spanish,14,1981-07-29,aston_martin,Aston Martin,British,13,13,15,0.0,57,Finished,0,0,0,0
2025,4,Bahrain Grand Prix,2025-04-13,bahrain,Bahrain International Circuit,Sakhir,Bahrain,26.0325,50.5106,lawson,LAW,Liam Lawson,New Zealander,30,2002-02-11,rb,RB F1 Team,Italian,17,17,16,0.0,57,Finished,0,0,0,0
2025,4,Bahrain Grand Prix,2025-04-13,bahrain,Bahrain International Circuit,Sakhir,Bahrain,26.0325,50.5106,stroll,STR,Lance Stroll,Canadian,18,1998-10-29,aston_martin,Aston Martin,British,19,19,17,0.0,57,Finished,0,0,0,0
2025,4,Bahrain Grand Prix,2025-04-13,bahrain,Bahrain International Circuit,Sakhir,Bahrain,26.0325,50.5106,bortoleto,BOR,Gabriel Bortoleto,Brazilian,5,2004-10-14,sauber,Sauber,Swiss,18,18,18,0.0,57,Finished,0,0,0,0
2025,4,Bahrain Grand Prix,2025-04-13,bahrain,Bahrain International Circuit,Sakhir,Bahrain,26.0325,50.5106,sainz,SAI,Carlos Sainz,Spanish,55,1994-09-01,williams,Williams,British,8,8,19,0.0,45,Retired,0,0,0,1
2025,4,Bahrain Grand Prix,2025-04-13,bahrain,Bahrain International Circuit,Sakhir,Bahrain,26.0325,50.5106,hulkenberg,HUL,Nico Hülkenberg,German,27,1987-08-19,sauber,Sauber,Swiss,16,16,20,0.0,0,Disqualified,0,0,0,0
2025,5,Saudi Arabian Grand Prix,2025-04-20,jeddah,Jeddah Corniche Circuit,Jeddah,Saudi Arabia,21.6319,39.1044,piastri,PIA,Oscar Piastri,Australian,81,2001-04-06,mclaren,McLaren,British,2,2,1,25.0,50,Finished,1,1,1,0
2025,5,Saudi Arabian Grand Prix,2025-04-20,jeddah,Jeddah Corniche Circuit,Jeddah,Saudi Arabia,21.6319,39.1044,max_verstappen,VER,Max Verstappen,Dutch,3,1997-09-30,red_bull,Red Bull,Austrian,1,1,2,18.0,50,Finished,0,1,1,0
2025,5,Saudi Arabian Grand Prix,2025-04-20,jeddah,Jeddah Corniche Circuit,Jeddah,Saudi Arabia,21.6319,39.1044,leclerc,LEC,Charles Leclerc,Monegasque,16,1997-10-16,ferrari,Ferrari,Italian,4,4,3,15.0,50,Finished,0,1,1,0
2025,5,Saudi Arabian Grand Prix,2025-04-20,jeddah,Jeddah Corniche Circuit,Jeddah,Saudi Arabia,21.6319,39.1044,norris,NOR,Lando Norris,British,1,1999-11-13,mclaren,McLaren,British,10,10,4,12.0,50,Finished,0,0,1,0
2025,5,Saudi Arabian Grand Prix,2025-04-20,jeddah,Jeddah Corniche Circuit,Jeddah,Saudi Arabia,21.6319,39.1044,russell,RUS,George Russell,British,63,1998-02-15,mercedes,Mercedes,German,3,3,5,10.0,50,Finished,0,0,1,0
2025,5,Saudi Arabian Grand Prix,2025-04-20,jeddah,Jeddah Corniche Circuit,Jeddah,Saudi Arabia,21.6319,39.1044,antonelli,ANT,Andrea Kimi Antonelli,Italian,12,2006-08-25,mercedes,Mercedes,German,5,5,6,8.0,50,Finished,0,0,1,0
2025,5,Saudi Arabian Grand Prix,2025-04-20,jeddah,Jeddah Corniche Circuit,Jeddah,Saudi Arabia,21.6319,39.1044,hamilton,HAM,Lewis Hamilton,British,44,1985-01-07,ferrari,Ferrari,Italian,7,7,7,6.0,50,Finished,0,0,1,0
2025,5,Saudi Arabian Grand Prix,2025-04-20,jeddah,Jeddah Corniche Circuit,Jeddah,Saudi Arabia,21.6319,39.1044,sainz,SAI,Carlos Sainz,Spanish,55,1994-09-01,williams,Williams,British,6,6,8,4.0,50,Finished,0,0,1,0
2025,5,Saudi Arabian Grand Prix,2025-04-20,jeddah,Jeddah Corniche Circuit,Jeddah,Saudi Arabia,21.6319,39.1044,albon,ALB,Alexander Albon,Thai,23,1996-03-23,williams,Williams,British,11,11,9,2.0,50,Finished,0,0,1,0
2025,5,Saudi Arabian Grand Prix,2025-04-20,jeddah,Jeddah Corniche Circuit,Jeddah,Saudi Arabia,21.6319,39.1044,hadjar,HAD,Isack Hadjar,French,6,2004-09-28,rb,RB F1 Team,Italian,14,14,10,1.0,50,Finished,0,0,1,0
2025,5,Saudi Arabian Grand Prix,2025-04-20,jeddah,Jeddah Corniche Circuit,Jeddah,Saudi Arabia,21.6319,39.1044,alonso,ALO,Fernando Alonso,Spanish,14,1981-07-29,aston_martin,Aston Martin,British,13,13,11,0.0,50,Finished,0,0,0,0
2025,5,Saudi Arabian Grand Prix,2025-04-20,jeddah,Jeddah Corniche Circuit,Jeddah,Saudi Arabia,21.6319,39.1044,lawson,LAW,Liam Lawson,New Zealander,30,2002-02-11,rb,RB F1 Team,Italian,12,12,12,0.0,50,Finished,0,0,0,0
2025,5,Saudi Arabian Grand Prix,2025-04-20,jeddah,Jeddah Corniche Circuit,Jeddah,Saudi Arabia,21.6319,39.1044,bearman,BEA,Oliver Bearman,British,87,2005-05-08,haas,Haas F1 Team,American,15,15,13,0.0,50,Finished,0,0,0,0
2025,5,Saudi Arabian Grand Prix,2025-04-20,jeddah,Jeddah Corniche Circuit,Jeddah,Saudi Arabia,21.6319,39.1044,ocon,OCO,Esteban Ocon,French,31,1996-09-17,haas,Haas F1 Team,American,19,19,14,0.0,50,Finished,0,0,0,0
2025,5,Saudi Arabian Grand Prix,2025-04-20,jeddah,Jeddah Corniche Circuit,Jeddah,Saudi Arabia,21.6319,39.1044,hulkenberg,HUL,Nico Hülkenberg,German,27,1987-08-19,sauber,Sauber,Swiss,18,18,15,0.0,49,Lapped,0,0,0,0
2025,5,Saudi Arabian Grand Prix,2025-04-20,jeddah,Jeddah Corniche Circuit,Jeddah,Saudi Arabia,21.6319,39.1044,stroll,STR,Lance Stroll,Canadian,18,1998-10-29,aston_martin,Aston Martin,British,16,16,16,0.0,49,Lapped,0,0,0,0
2025,5,Saudi Arabian Grand Prix,2025-04-20,jeddah,Jeddah Corniche Circuit,Jeddah,Saudi Arabia,21.6319,39.1044,doohan,DOO,Jack Doohan,Australian,7,2003-01-20,alpine,Alpine F1 Team,French,17,17,17,0.0,49,Lapped,0,0,0,0
2025,5,Saudi Arabian Grand Prix,2025-04-20,jeddah,Jeddah Corniche Circuit,Jeddah,Saudi Arabia,21.6319,39.1044,bortoleto,BOR,Gabriel Bortoleto,Brazilian,5,2004-10-14,sauber,Sauber,Swiss,20,20,18,0.0,49,Lapped,0,0,0,0
2025,5,Saudi Arabian Grand Prix,2025-04-20,jeddah,Jeddah Corniche Circuit,Jeddah,Saudi Arabia,21.6319,39.1044,tsunoda,TSU,Yuki Tsunoda,Japanese,22,2000-05-11,red_bull,Red Bull,Austrian,8,8,19,0.0,1,Retired,0,0,0,1
2025,5,Saudi Arabian Grand Prix,2025-04-20,jeddah,Jeddah Corniche Circuit,Jeddah,Saudi Arabia,21.6319,39.1044,gasly,GAS,Pierre Gasly,French,10,1996-02-07,alpine,Alpine F1 Team,French,9,9,20,0.0,0,Retired,0,0,0,1
2025,6,Miami Grand Prix,2025-05-04,miami,Miami International Autodrome,Miami,USA,25.9581,-80.2389,piastri,PIA,Oscar Piastri,Australian,81,2001-04-06,mclaren,McLaren,British,4,4,1,25.0,57,Finished,1,1,1,0
2025,6,Miami Grand Prix,2025-05-04,miami,Miami International Autodrome,Miami,USA,25.9581,-80.2389,norris,NOR,Lando Norris,British,1,1999-11-13,mclaren,McLaren,British,2,2,2,18.0,57,Finished,0,1,1,0
2025,6,Miami Grand Prix,2025-05-04,miami,Miami International Autodrome,Miami,USA,25.9581,-80.2389,russell,RUS,George Russell,British,63,1998-02-15,mercedes,Mercedes,German,5,5,3,15.0,57,Finished,0,1,1,0
2025,6,Miami Grand Prix,2025-05-04,miami,Miami International Autodrome,Miami,USA,25.9581,-80.2389,max_verstappen,VER,Max Verstappen,Dutch,3,1997-09-30,red_bull,Red Bull,Austrian,1,1,4,12.0,57,Finished,0,0,1,0
2025,6,Miami Grand Prix,2025-05-04,miami,Miami International Autodrome,Miami,USA,25.9581,-80.2389,albon,ALB,Alexander Albon,Thai,23,1996-03-23,williams,Williams,British,7,7,5,10.0,57,Finished,0,0,1,0
2025,6,Miami Grand Prix,2025-05-04,miami,Miami International Autodrome,Miami,USA,25.9581,-80.2389,antonelli,ANT,Andrea Kimi Antonelli,Italian,12,2006-08-25,mercedes,Mercedes,German,3,3,6,8.0,57,Finished,0,0,1,0
2025,6,Miami Grand Prix,2025-05-04,miami,Miami International Autodrome,Miami,USA,25.9581,-80.2389,leclerc,LEC,Charles Leclerc,Monegasque,16,1997-10-16,ferrari,Ferrari,Italian,8,8,7,6.0,57,Finished,0,0,1,0
2025,6,Miami Grand Prix,2025-05-04,miami,Miami International Autodrome,Miami,USA,25.9581,-80.2389,hamilton,HAM,Lewis Hamilton,British,44,1985-01-07,ferrari,Ferrari,Italian,12,12,8,4.0,57,Finished,0,0,1,0
2025,6,Miami Grand Prix,2025-05-04,miami,Miami International Autodrome,Miami,USA,25.9581,-80.2389,sainz,SAI,Carlos Sainz,Spanish,55,1994-09-01,williams,Williams,British,6,6,9,2.0,57,Finished,0,0,1,0
2025,6,Miami Grand Prix,2025-05-04,miami,Miami International Autodrome,Miami,USA,25.9581,-80.2389,tsunoda,TSU,Yuki Tsunoda,Japanese,22,2000-05-11,red_bull,Red Bull,Austrian,10,10,10,1.0,57,Finished,0,0,1,0
2025,6,Miami Grand Prix,2025-05-04,miami,Miami International Autodrome,Miami,USA,25.9581,-80.2389,hadjar,HAD,Isack Hadjar,French,6,2004-09-28,rb,RB F1 Team,Italian,11,11,11,0.0,57,Finished,0,0,0,0
2025,6,Miami Grand Prix,2025-05-04,miami,Miami International Autodrome,Miami,USA,25.9581,-80.2389,ocon,OCO,Esteban Ocon,French,31,1996-09-17,haas,Haas F1 Team,American,9,9,12,0.0,57,Finished,0,0,0,0
2025,6,Miami Grand Prix,2025-05-04,miami,Miami International Autodrome,Miami,USA,25.9581,-80.2389,gasly,GAS,Pierre Gasly,French,10,1996-02-07,alpine,Alpine F1 Team,French,18,20,13,0.0,57,Finished,0,0,0,0
2025,6,Miami Grand Prix,2025-05-04,miami,Miami International Autodrome,Miami,USA,25.9581,-80.2389,hulkenberg,HUL,Nico Hülkenberg,German,27,1987-08-19,sauber,Sauber,Swiss,16,16,14,0.0,56,Lapped,0,0,0,0
2025,6,Miami Grand Prix,2025-05-04,miami,Miami International Autodrome,Miami,USA,25.9581,-80.2389,alonso,ALO,Fernando Alonso,Spanish,14,1981-07-29,aston_martin,Aston Martin,British,17,17,15,0.0,56,Lapped,0,0,0,0
2025,6,Miami Grand Prix,2025-05-04,miami,Miami International Autodrome,Miami,USA,25.9581,-80.2389,stroll,STR,Lance Stroll,Canadian,18,1998-10-29,aston_martin,Aston Martin,British,19,18,16,0.0,56,Lapped,0,0,0,0
2025,6,Miami Grand Prix,2025-05-04,miami,Miami International Autodrome,Miami,USA,25.9581,-80.2389,lawson,LAW,Liam Lawson,New Zealander,30,2002-02-11,rb,RB F1 Team,Italian,15,15,17,0.0,36,Retired,0,0,0,1
2025,6,Miami Grand Prix,2025-05-04,miami,Miami International Autodrome,Miami,USA,25.9581,-80.2389,bortoleto,BOR,Gabriel Bortoleto,Brazilian,5,2004-10-14,sauber,Sauber,Swiss,13,13,18,0.0,30,Retired,0,0,0,1
2025,6,Miami Grand Prix,2025-05-04,miami,Miami International Autodrome,Miami,USA,25.9581,-80.2389,bearman,BEA,Oliver Bearman,British,87,2005-05-08,haas,Haas F1 Team,American,20,19,19,0.0,27,Retired,0,0,0,1
2025,6,Miami Grand Prix,2025-05-04,miami,Miami International Autodrome,Miami,USA,25.9581,-80.2389,doohan,DOO,Jack Doohan,Australian,7,2003-01-20,alpine,Alpine F1 Team,French,14,14,20,0.0,0,Retired,0,0,0,1
2025,7,Emilia Romagna Grand Prix,2025-05-18,imola,Autodromo Enzo e Dino Ferrari,Imola,Italy,44.3439,11.7167,max_verstappen,VER,Max Verstappen,Dutch,3,1997-09-30,red_bull,Red Bull,Austrian,2,2,1,25.0,63,Finished,1,1,1,0
2025,7,Emilia Romagna Grand Prix,2025-05-18,imola,Autodromo Enzo e Dino Ferrari,Imola,Italy,44.3439,11.7167,norris,NOR,Lando Norris,British,1,1999-11-13,mclaren,McLaren,British,4,4,2,18.0,63,Finished,0,1,1,0
2025,7,Emilia Romagna Grand Prix,2025-05-18,imola,Autodromo Enzo e Dino Ferrari,Imola,Italy,44.3439,11.7167,piastri,PIA,Oscar Piastri,Australian,81,2001-04-06,mclaren,McLaren,British,1,1,3,15.0,63,Finished,0,1,1,0
2025,7,Emilia Romagna Grand Prix,2025-05-18,imola,Autodromo Enzo e Dino Ferrari,Imola,Italy,44.3439,11.7167,hamilton,HAM,Lewis Hamilton,British,44,1985-01-07,ferrari,Ferrari,Italian,12,12,4,12.0,63,Finished,0,0,1,0
2025,7,Emilia Romagna Grand Prix,2025-05-18,imola,Autodromo Enzo e Dino Ferrari,Imola,Italy,44.3439,11.7167,albon,ALB,Alexander Albon,Thai,23,1996-03-23,williams,Williams,British,7,7,5,10.0,63,Finished,0,0,1,0
2025,7,Emilia Romagna Grand Prix,2025-05-18,imola,Autodromo Enzo e Dino Ferrari,Imola,Italy,44.3439,11.7167,leclerc,LEC,Charles Leclerc,Monegasque,16,1997-10-16,ferrari,Ferrari,Italian,11,11,6,8.0,63,Finished,0,0,1,0
2025,7,Emilia Romagna Grand Prix,2025-05-18,imola,Autodromo Enzo e Dino Ferrari,Imola,Italy,44.3439,11.7167,russell,RUS,George Russell,British,63,1998-02-15,mercedes,Mercedes,German,3,3,7,6.0,63,Finished,0,0,1,0
2025,7,Emilia Romagna Grand Prix,2025-05-18,imola,Autodromo Enzo e Dino Ferrari,Imola,Italy,44.3439,11.7167,sainz,SAI,Carlos Sainz,Spanish,55,1994-09-01,williams,Williams,British,6,6,8,4.0,63,Finished,0,0,1,0
2025,7,Emilia Romagna Grand Prix,2025-05-18,imola,Autodromo Enzo e Dino Ferrari,Imola,Italy,44.3439,11.7167,hadjar,HAD,Isack Hadjar,French,6,2004-09-28,rb,RB F1 Team,Italian,9,9,9,2.0,63,Finished,0,0,1,0
2025,7,Emilia Romagna Grand Prix,2025-05-18,imola,Autodromo Enzo e Dino Ferrari,Imola,Italy,44.3439,11.7167,tsunoda,TSU,Yuki Tsunoda,Japanese,22,2000-05-11,red_bull,Red Bull,Austrian,20,20,10,1.0,63,Finished,0,0,1,0
2025,7,Emilia Romagna Grand Prix,2025-05-18,imola,Autodromo Enzo e Dino Ferrari,Imola,Italy,44.3439,11.7167,alonso,ALO,Fernando Alonso,Spanish,14,1981-07-29,aston_martin,Aston Martin,British,5,5,11,0.0,63,Finished,0,0,0,0
2025,7,Emilia Romagna Grand Prix,2025-05-18,imola,Autodromo Enzo e Dino Ferrari,Imola,Italy,44.3439,11.7167,hulkenberg,HUL,Nico Hülkenberg,German,27,1987-08-19,sauber,Sauber,Swiss,17,17,12,0.0,63,Finished,0,0,0,0
2025,7,Emilia Romagna Grand Prix,2025-05-18,imola,Autodromo Enzo e Dino Ferrari,Imola,Italy,44.3439,11.7167,gasly,GAS,Pierre Gasly,French,10,1996-02-07,alpine,Alpine F1 Team,French,10,10,13,0.0,63,Finished,0,0,0,0
2025,7,Emilia Romagna Grand Prix,2025-05-18,imola,Autodromo Enzo e Dino Ferrari,Imola,Italy,44.3439,11.7167,lawson,LAW,Liam Lawson,New Zealander,30,2002-02-11,rb,RB F1 Team,Italian,16,15,14,0.0,63,Finished,0,0,0,0
2025,7,Emilia Romagna Grand Prix,2025-05-18,imola,Autodromo Enzo e Dino Ferrari,Imola,Italy,44.3439,11.7167,stroll,STR,Lance Stroll,Canadian,18,1998-10-29,aston_martin,Aston Martin,British,8,8,15,0.0,63,Finished,0,0,0,0
2025,7,Emilia Romagna Grand Prix,2025-05-18,imola,Autodromo Enzo e Dino Ferrari,Imola,Italy,44.3439,11.7167,colapinto,COL,Franco Colapinto,Argentine,43,2003-05-27,alpine,Alpine F1 Team,French,15,16,16,0.0,63,Finished,0,0,0,0
2025,7,Emilia Romagna Grand Prix,2025-05-18,imola,Autodromo Enzo e Dino Ferrari,Imola,Italy,44.3439,11.7167,bearman,BEA,Oliver Bearman,British,87,2005-05-08,haas,Haas F1 Team,American,16,19,17,0.0,63,Finished,0,0,0,0
2025,7,Emilia Romagna Grand Prix,2025-05-18,imola,Autodromo Enzo e Dino Ferrari,Imola,Italy,44.3439,11.7167,bortoleto,BOR,Gabriel Bortoleto,Brazilian,5,2004-10-14,sauber,Sauber,Swiss,14,14,18,0.0,63,Finished,0,0,0,0
2025,7,Emilia Romagna Grand Prix,2025-05-18,imola,Autodromo Enzo e Dino Ferrari,Imola,Italy,44.3439,11.7167,antonelli,ANT,Andrea Kimi Antonelli,Italian,12,2006-08-25,mercedes,Mercedes,German,13,13,19,0.0,44,Retired,0,0,0,1
2025,7,Emilia Romagna Grand Prix,2025-05-18,imola,Autodromo Enzo e Dino Ferrari,Imola,Italy,44.3439,11.7167,ocon,OCO,Esteban Ocon,French,31,1996-09-17,haas,Haas F1 Team,American,18,18,20,0.0,27,Retired,0,0,0,1
2025,8,Monaco Grand Prix,2025-05-25,monaco,Circuit de Monaco,Monte Carlo,Monaco,43.7347,7.42056,norris,NOR,Lando Norris,British,1,1999-11-13,mclaren,McLaren,British,1,1,1,25.0,78,Finished,1,1,1,0
2025,8,Monaco Grand Prix,2025-05-25,monaco,Circuit de Monaco,Monte Carlo,Monaco,43.7347,7.42056,leclerc,LEC,Charles Leclerc,Monegasque,16,1997-10-16,ferrari,Ferrari,Italian,2,2,2,18.0,78,Finished,0,1,1,0
2025,8,Monaco Grand Prix,2025-05-25,monaco,Circuit de Monaco,Monte Carlo,Monaco,43.7347,7.42056,piastri,PIA,Oscar Piastri,Australian,81,2001-04-06,mclaren,McLaren,British,3,3,3,15.0,78,Finished,0,1,1,0
2025,8,Monaco Grand Prix,2025-05-25,monaco,Circuit de Monaco,Monte Carlo,Monaco,43.7347,7.42056,max_verstappen,VER,Max Verstappen,Dutch,3,1997-09-30,red_bull,Red Bull,Austrian,5,4,4,12.0,78,Finished,0,0,1,0
2025,8,Monaco Grand Prix,2025-05-25,monaco,Circuit de Monaco,Monte Carlo,Monaco,43.7347,7.42056,hamilton,HAM,Lewis Hamilton,British,44,1985-01-07,ferrari,Ferrari,Italian,4,7,5,10.0,78,Finished,0,0,1,0
2025,8,Monaco Grand Prix,2025-05-25,monaco,Circuit de Monaco,Monte Carlo,Monaco,43.7347,7.42056,hadjar,HAD,Isack Hadjar,French,6,2004-09-28,rb,RB F1 Team,Italian,6,5,6,8.0,77,Lapped,0,0,1,0
2025,8,Monaco Grand Prix,2025-05-25,monaco,Circuit de Monaco,Monte Carlo,Monaco,43.7347,7.42056,ocon,OCO,Esteban Ocon,French,31,1996-09-17,haas,Haas F1 Team,American,8,8,7,6.0,77,Lapped,0,0,1,0
2025,8,Monaco Grand Prix,2025-05-25,monaco,Circuit de Monaco,Monte Carlo,Monaco,43.7347,7.42056,lawson,LAW,Liam Lawson,New Zealander,30,2002-02-11,rb,RB F1 Team,Italian,9,9,8,4.0,77,Lapped,0,0,1,0
2025,8,Monaco Grand Prix,2025-05-25,monaco,Circuit de Monaco,Monte Carlo,Monaco,43.7347,7.42056,albon,ALB,Alexander Albon,Thai,23,1996-03-23,williams,Williams,British,10,10,9,2.0,76,Lapped,0,0,1,0
2025,8,Monaco Grand Prix,2025-05-25,monaco,Circuit de Monaco,Monte Carlo,Monaco,43.7347,7.42056,sainz,SAI,Carlos Sainz,Spanish,55,1994-09-01,williams,Williams,British,11,11,10,1.0,76,Lapped,0,0,1,0
2025,8,Monaco Grand Prix,2025-05-25,monaco,Circuit de Monaco,Monte Carlo,Monaco,43.7347,7.42056,russell,RUS,George Russell,British,63,1998-02-15,mercedes,Mercedes,German,14,14,11,0.0,76,Lapped,0,0,0,0
2025,8,Monaco Grand Prix,2025-05-25,monaco,Circuit de Monaco,Monte Carlo,Monaco,43.7347,7.42056,bearman,BEA,Oliver Bearman,British,87,2005-05-08,haas,Haas F1 Team,American,17,20,12,0.0,76,Lapped,0,0,0,0
2025,8,Monaco Grand Prix,2025-05-25,monaco,Circuit de Monaco,Monte Carlo,Monaco,43.7347,7.42056,colapinto,COL,Franco Colapinto,Argentine,43,2003-05-27,alpine,Alpine F1 Team,French,20,18,13,0.0,76,Lapped,0,0,0,0
2025,8,Monaco Grand Prix,2025-05-25,monaco,Circuit de Monaco,Monte Carlo,Monaco,43.7347,7.42056,bortoleto,BOR,Gabriel Bortoleto,Brazilian,5,2004-10-14,sauber,Sauber,Swiss,16,16,14,0.0,76,Lapped,0,0,0,0
2025,8,Monaco Grand Prix,2025-05-25,monaco,Circuit de Monaco,Monte Carlo,Monaco,43.7347,7.42056,stroll,STR,Lance Stroll,Canadian,18,1998-10-29,aston_martin,Aston Martin,British,19,19,15,0.0,76,Lapped,0,0,0,0
2025,8,Monaco Grand Prix,2025-05-25,monaco,Circuit de Monaco,Monte Carlo,Monaco,43.7347,7.42056,hulkenberg,HUL,Nico Hülkenberg,German,27,1987-08-19,sauber,Sauber,Swiss,13,13,16,0.0,76,Lapped,0,0,0,0
2025,8,Monaco Grand Prix,2025-05-25,monaco,Circuit de Monaco,Monte Carlo,Monaco,43.7347,7.42056,tsunoda,TSU,Yuki Tsunoda,Japanese,22,2000-05-11,red_bull,Red Bull,Austrian,12,12,17,0.0,76,Lapped,0,0,0,0
2025,8,Monaco Grand Prix,2025-05-25,monaco,Circuit de Monaco,Monte Carlo,Monaco,43.7347,7.42056,antonelli,ANT,Andrea Kimi Antonelli,Italian,12,2006-08-25,mercedes,Mercedes,German,15,15,18,0.0,75,Lapped,0,0,0,0
2025,8,Monaco Grand Prix,2025-05-25,monaco,Circuit de Monaco,Monte Carlo,Monaco,43.7347,7.42056,alonso,ALO,Fernando Alonso,Spanish,14,1981-07-29,aston_martin,Aston Martin,British,7,6,19,0.0,36,Retired,0,0,0,1
2025,8,Monaco Grand Prix,2025-05-25,monaco,Circuit de Monaco,Monte Carlo,Monaco,43.7347,7.42056,gasly,GAS,Pierre Gasly,French,10,1996-02-07,alpine,Alpine F1 Team,French,18,17,20,0.0,7,Retired,0,0,0,1
2025,9,Spanish Grand Prix,2025-06-01,catalunya,Circuit de Barcelona-Catalunya,Barcelona,Spain,41.57,2.26111,piastri,PIA,Oscar Piastri,Australian,81,2001-04-06,mclaren,McLaren,British,1,1,1,25.0,66,Finished,1,1,1,0
2025,9,Spanish Grand Prix,2025-06-01,catalunya,Circuit de Barcelona-Catalunya,Barcelona,Spain,41.57,2.26111,norris,NOR,Lando Norris,British,1,1999-11-13,mclaren,McLaren,British,2,2,2,18.0,66,Finished,0,1,1,0
2025,9,Spanish Grand Prix,2025-06-01,catalunya,Circuit de Barcelona-Catalunya,Barcelona,Spain,41.57,2.26111,leclerc,LEC,Charles Leclerc,Monegasque,16,1997-10-16,ferrari,Ferrari,Italian,7,7,3,15.0,66,Finished,0,1,1,0
2025,9,Spanish Grand Prix,2025-06-01,catalunya,Circuit de Barcelona-Catalunya,Barcelona,Spain,41.57,2.26111,russell,RUS,George Russell,British,63,1998-02-15,mercedes,Mercedes,German,4,4,4,12.0,66,Finished,0,0,1,0
2025,9,Spanish Grand Prix,2025-06-01,catalunya,Circuit de Barcelona-Catalunya,Barcelona,Spain,41.57,2.26111,hulkenberg,HUL,Nico Hülkenberg,German,27,1987-08-19,sauber,Sauber,Swiss,16,15,5,10.0,66,Finished,0,0,1,0
2025,9,Spanish Grand Prix,2025-06-01,catalunya,Circuit de Barcelona-Catalunya,Barcelona,Spain,41.57,2.26111,hamilton,HAM,Lewis Hamilton,British,44,1985-01-07,ferrari,Ferrari,Italian,5,5,6,8.0,66,Finished,0,0,1,0
2025,9,Spanish Grand Prix,2025-06-01,catalunya,Circuit de Barcelona-Catalunya,Barcelona,Spain,41.57,2.26111,hadjar,HAD,Isack Hadjar,French,6,2004-09-28,rb,RB F1 Team,Italian,9,9,7,6.0,66,Finished,0,0,1,0
2025,9,Spanish Grand Prix,2025-06-01,catalunya,Circuit de Barcelona-Catalunya,Barcelona,Spain,41.57,2.26111,gasly,GAS,Pierre Gasly,French,10,1996-02-07,alpine,Alpine F1 Team,French,8,8,8,4.0,66,Finished,0,0,1,0
2025,9,Spanish Grand Prix,2025-06-01,catalunya,Circuit de Barcelona-Catalunya,Barcelona,Spain,41.57,2.26111,alonso,ALO,Fernando Alonso,Spanish,14,1981-07-29,aston_martin,Aston Martin,British,10,10,9,2.0,66,Finished,0,0,1,0
2025,9,Spanish Grand Prix,2025-06-01,catalunya,Circuit de Barcelona-Catalunya,Barcelona,Spain,41.57,2.26111,max_verstappen,VER,Max Verstappen,Dutch,3,1997-09-30,red_bull,Red Bull,Austrian,3,3,10,1.0,66,Finished,0,0,1,0
2025,9,Spanish Grand Prix,2025-06-01,catalunya,Circuit de Barcelona-Catalunya,Barcelona,Spain,41.57,2.26111,lawson,LAW,Liam Lawson,New Zealander,30,2002-02-11,rb,RB F1 Team,Italian,13,13,11,0.0,66,Finished,0,0,0,0
2025,9,Spanish Grand Prix,2025-06-01,catalunya,Circuit de Barcelona-Catalunya,Barcelona,Spain,41.57,2.26111,bortoleto,BOR,Gabriel Bortoleto,Brazilian,5,2004-10-14,sauber,Sauber,Swiss,12,12,12,0.0,66,Finished,0,0,0,0
2025,9,Spanish Grand Prix,2025-06-01,catalunya,Circuit de Barcelona-Catalunya,Barcelona,Spain,41.57,2.26111,tsunoda,TSU,Yuki Tsunoda,Japanese,22,2000-05-11,red_bull,Red Bull,Austrian,20,19,13,0.0,66,Finished,0,0,0,0
2025,9,Spanish Grand Prix,2025-06-01,catalunya,Circuit de Barcelona-Catalunya,Barcelona,Spain,41.57,2.26111,sainz,SAI,Carlos Sainz,Spanish,55,1994-09-01,williams,Williams,British,18,17,14,0.0,66,Finished,0,0,0,0
2025,9,Spanish Grand Prix,2025-06-01,catalunya,Circuit de Barcelona-Catalunya,Barcelona,Spain,41.57,2.26111,colapinto,COL,Franco Colapinto,Argentine,43,2003-05-27,alpine,Alpine F1 Team,French,19,18,15,0.0,66,Finished,0,0,0,0
2025,9,Spanish Grand Prix,2025-06-01,catalunya,Circuit de Barcelona-Catalunya,Barcelona,Spain,41.57,2.26111,ocon,OCO,Esteban Ocon,French,31,1996-09-17,haas,Haas F1 Team,American,17,16,16,0.0,66,Finished,0,0,0,0
2025,9,Spanish Grand Prix,2025-06-01,catalunya,Circuit de Barcelona-Catalunya,Barcelona,Spain,41.57,2.26111,bearman,BEA,Oliver Bearman,British,87,2005-05-08,haas,Haas F1 Team,American,15,14,17,0.0,66,Finished,0,0,0,0
2025,9,Spanish Grand Prix,2025-06-01,catalunya,Circuit de Barcelona-Catalunya,Barcelona,Spain,41.57,2.26111,antonelli,ANT,Andrea Kimi Antonelli,Italian,12,2006-08-25,mercedes,Mercedes,German,6,6,18,0.0,53,Retired,0,0,0,1
2025,9,Spanish Grand Prix,2025-06-01,catalunya,Circuit de Barcelona-Catalunya,Barcelona,Spain,41.57,2.26111,albon,ALB,Alexander Albon,Thai,23,1996-03-23,williams,Williams,British,11,11,19,0.0,27,Retired,0,0,0,1
2025,10,Canadian Grand Prix,2025-06-15,villeneuve,Circuit Gilles Villeneuve,Montreal,Canada,45.5,-73.5228,russell,RUS,George Russell,British,63,1998-02-15,mercedes,Mercedes,German,1,1,1,25.0,70,Finished,1,1,1,0
2025,10,Canadian Grand Prix,2025-06-15,villeneuve,Circuit Gilles Villeneuve,Montreal,Canada,45.5,-73.5228,max_verstappen,VER,Max Verstappen,Dutch,3,1997-09-30,red_bull,Red Bull,Austrian,2,2,2,18.0,70,Finished,0,1,1,0
2025,10,Canadian Grand Prix,2025-06-15,villeneuve,Circuit Gilles Villeneuve,Montreal,Canada,45.5,-73.5228,antonelli,ANT,Andrea Kimi Antonelli,Italian,12,2006-08-25,mercedes,Mercedes,German,4,4,3,15.0,70,Finished,0,1,1,0
2025,10,Canadian Grand Prix,2025-06-15,villeneuve,Circuit Gilles Villeneuve,Montreal,Canada,45.5,-73.5228,piastri,PIA,Oscar Piastri,Australian,81,2001-04-06,mclaren,McLaren,British,3,3,4,12.0,70,Finished,0,0,1,0
2025,10,Canadian Grand Prix,2025-06-15,villeneuve,Circuit Gilles Villeneuve,Montreal,Canada,45.5,-73.5228,leclerc,LEC,Charles Leclerc,Monegasque,16,1997-10-16,ferrari,Ferrari,Italian,8,8,5,10.0,70,Finished,0,0,1,0
2025,10,Canadian Grand Prix,2025-06-15,villeneuve,Circuit Gilles Villeneuve,Montreal,Canada,45.5,-73.5228,hamilton,HAM,Lewis Hamilton,British,44,1985-01-07,ferrari,Ferrari,Italian,5,5,6,8.0,70,Finished,0,0,1,0
2025,10,Canadian Grand Prix,2025-06-15,villeneuve,Circuit Gilles Villeneuve,Montreal,Canada,45.5,-73.5228,alonso,ALO,Fernando Alonso,Spanish,14,1981-07-29,aston_martin,Aston Martin,British,6,6,7,6.0,70,Finished,0,0,1,0
2025,10,Canadian Grand Prix,2025-06-15,villeneuve,Circuit Gilles Villeneuve,Montreal,Canada,45.5,-73.5228,hulkenberg,HUL,Nico Hülkenberg,German,27,1987-08-19,sauber,Sauber,Swiss,13,11,8,4.0,70,Finished,0,0,1,0
2025,10,Canadian Grand Prix,2025-06-15,villeneuve,Circuit Gilles Villeneuve,Montreal,Canada,45.5,-73.5228,ocon,OCO,Esteban Ocon,French,31,1996-09-17,haas,Haas F1 Team,American,15,14,9,2.0,69,Lapped,0,0,1,0
2025,10,Canadian Grand Prix,2025-06-15,villeneuve,Circuit Gilles Villeneuve,Montreal,Canada,45.5,-73.5228,sainz,SAI,Carlos Sainz,Spanish,55,1994-09-01,williams,Williams,British,17,16,10,1.0,69,Lapped,0,0,1,0
2025,10,Canadian Grand Prix,2025-06-15,villeneuve,Circuit Gilles Villeneuve,Montreal,Canada,45.5,-73.5228,bearman,BEA,Oliver Bearman,British,87,2005-05-08,haas,Haas F1 Team,American,14,13,11,0.0,69,Lapped,0,0,0,0
2025,10,Canadian Grand Prix,2025-06-15,villeneuve,Circuit Gilles Villeneuve,Montreal,Canada,45.5,-73.5228,tsunoda,TSU,Yuki Tsunoda,Japanese,22,2000-05-11,red_bull,Red Bull,Austrian,11,18,12,0.0,69,Lapped,0,0,0,0
2025,10,Canadian Grand Prix,2025-06-15,villeneuve,Circuit Gilles Villeneuve,Montreal,Canada,45.5,-73.5228,colapinto,COL,Franco Colapinto,Argentine,43,2003-05-27,alpine,Alpine F1 Team,French,12,10,13,0.0,69,Lapped,0,0,0,0
2025,10,Canadian Grand Prix,2025-06-15,villeneuve,Circuit Gilles Villeneuve,Montreal,Canada,45.5,-73.5228,bortoleto,BOR,Gabriel Bortoleto,Brazilian,5,2004-10-14,sauber,Sauber,Swiss,16,15,14,0.0,69,Lapped,0,0,0,0
2025,10,Canadian Grand Prix,2025-06-15,villeneuve,Circuit Gilles Villeneuve,Montreal,Canada,45.5,-73.5228,gasly,GAS,Pierre Gasly,French,10,1996-02-07,alpine,Alpine F1 Team,French,20,20,15,0.0,69,Lapped,0,0,0,0
2025,10,Canadian Grand Prix,2025-06-15,villeneuve,Circuit Gilles Villeneuve,Montreal,Canada,45.5,-73.5228,hadjar,HAD,Isack Hadjar,French,6,2004-09-28,rb,RB F1 Team,Italian,9,12,16,0.0,69,Lapped,0,0,0,0
2025,10,Canadian Grand Prix,2025-06-15,villeneuve,Circuit Gilles Villeneuve,Montreal,Canada,45.5,-73.5228,stroll,STR,Lance Stroll,Canadian,18,1998-10-29,aston_martin,Aston Martin,British,18,17,17,0.0,69,Lapped,0,0,0,0
2025,10,Canadian Grand Prix,2025-06-15,villeneuve,Circuit Gilles Villeneuve,Montreal,Canada,45.5,-73.5228,norris,NOR,Lando Norris,British,1,1999-11-13,mclaren,McLaren,British,7,7,18,0.0,66,Retired,0,0,0,1
2025,10,Canadian Grand Prix,2025-06-15,villeneuve,Circuit Gilles Villeneuve,Montreal,Canada,45.5,-73.5228,lawson,LAW,Liam Lawson,New Zealander,30,2002-02-11,rb,RB F1 Team,Italian,19,19,19,0.0,53,Retired,0,0,0,1
2025,10,Canadian Grand Prix,2025-06-15,villeneuve,Circuit Gilles Villeneuve,Montreal,Canada,45.5,-73.5228,albon,ALB,Alexander Albon,Thai,23,1996-03-23,williams,Williams,British,10,9,20,0.0,46,Retired,0,0,0,1
2025,11,Austrian Grand Prix,2025-06-29,red_bull_ring,Red Bull Ring,Spielberg,Austria,47.2197,14.7647,norris,NOR,Lando Norris,British,1,1999-11-13,mclaren,McLaren,British,1,1,1,25.0,70,Finished,1,1,1,0
2025,11,Austrian Grand Prix,2025-06-29,red_bull_ring,Red Bull Ring,Spielberg,Austria,47.2197,14.7647,piastri,PIA,Oscar Piastri,Australian,81,2001-04-06,mclaren,McLaren,British,3,3,2,18.0,70,Finished,0,1,1,0
2025,11,Austrian Grand Prix,2025-06-29,red_bull_ring,Red Bull Ring,Spielberg,Austria,47.2197,14.7647,leclerc,LEC,Charles Leclerc,Monegasque,16,1997-10-16,ferrari,Ferrari,Italian,2,2,3,15.0,70,Finished,0,1,1,0
2025,11,Austrian Grand Prix,2025-06-29,red_bull_ring,Red Bull Ring,Spielberg,Austria,47.2197,14.7647,hamilton,HAM,Lewis Hamilton,British,44,1985-01-07,ferrari,Ferrari,Italian,4,4,4,12.0,70,Finished,0,0,1,0
2025,11,Austrian Grand Prix,2025-06-29,red_bull_ring,Red Bull Ring,Spielberg,Austria,47.2197,14.7647,russell,RUS,George Russell,British,63,1998-02-15,mercedes,Mercedes,German,5,5,5,10.0,70,Finished,0,0,1,0
2025,11,Austrian Grand Prix,2025-06-29,red_bull_ring,Red Bull Ring,Spielberg,Austria,47.2197,14.7647,lawson,LAW,Liam Lawson,New Zealander,30,2002-02-11,rb,RB F1 Team,Italian,6,6,6,8.0,70,Finished,0,0,1,0
2025,11,Austrian Grand Prix,2025-06-29,red_bull_ring,Red Bull Ring,Spielberg,Austria,47.2197,14.7647,alonso,ALO,Fernando Alonso,Spanish,14,1981-07-29,aston_martin,Aston Martin,British,11,11,7,6.0,69,Lapped,0,0,1,0
2025,11,Austrian Grand Prix,2025-06-29,red_bull_ring,Red Bull Ring,Spielberg,Austria,47.2197,14.7647,bortoleto,BOR,Gabriel Bortoleto,Brazilian,5,2004-10-14,sauber,Sauber,Swiss,8,8,8,4.0,69,Lapped,0,0,1,0
2025,11,Austrian Grand Prix,2025-06-29,red_bull_ring,Red Bull Ring,Spielberg,Austria,47.2197,14.7647,hulkenberg,HUL,Nico Hülkenberg,German,27,1987-08-19,sauber,Sauber,Swiss,20,20,9,2.0,69,Lapped,0,0,1,0
2025,11,Austrian Grand Prix,2025-06-29,red_bull_ring,Red Bull Ring,Spielberg,Austria,47.2197,14.7647,ocon,OCO,Esteban Ocon,French,31,1996-09-17,haas,Haas F1 Team,American,17,17,10,1.0,69,Lapped,0,0,1,0
2025,11,Austrian Grand Prix,2025-06-29,red_bull_ring,Red Bull Ring,Spielberg,Austria,47.2197,14.7647,bearman,BEA,Oliver Bearman,British,87,2005-05-08,haas,Haas F1 Team,American,15,15,11,0.0,69,Lapped,0,0,0,0
2025,11,Austrian Grand Prix,2025-06-29,red_bull_ring,Red Bull Ring,Spielberg,Austria,47.2197,14.7647,hadjar,HAD,Isack Hadjar,French,6,2004-09-28,rb,RB F1 Team,Italian,13,13,12,0.0,69,Lapped,0,0,0,0
2025,11,Austrian Grand Prix,2025-06-29,red_bull_ring,Red Bull Ring,Spielberg,Austria,47.2197,14.7647,gasly,GAS,Pierre Gasly,French,10,1996-02-07,alpine,Alpine F1 Team,French,10,10,13,0.0,69,Lapped,0,0,0,0
2025,11,Austrian Grand Prix,2025-06-29,red_bull_ring,Red Bull Ring,Spielberg,Austria,47.2197,14.7647,stroll,STR,Lance Stroll,Canadian,18,1998-10-29,aston_martin,Aston Martin,British,16,16,14,0.0,69,Lapped,0,0,0,0
2025,11,Austrian Grand Prix,2025-06-29,red_bull_ring,Red Bull Ring,Spielberg,Austria,47.2197,14.7647,colapinto,COL,Franco Colapinto,Argentine,43,2003-05-27,alpine,Alpine F1 Team,French,14,14,15,0.0,69,Lapped,0,0,0,0
2025,11,Austrian Grand Prix,2025-06-29,red_bull_ring,Red Bull Ring,Spielberg,Austria,47.2197,14.7647,tsunoda,TSU,Yuki Tsunoda,Japanese,22,2000-05-11,red_bull,Red Bull,Austrian,18,18,16,0.0,68,Lapped,0,0,0,0
2025,11,Austrian Grand Prix,2025-06-29,red_bull_ring,Red Bull Ring,Spielberg,Austria,47.2197,14.7647,albon,ALB,Alexander Albon,Thai,23,1996-03-23,williams,Williams,British,12,12,17,0.0,15,Retired,0,0,0,1
2025,11,Austrian Grand Prix,2025-06-29,red_bull_ring,Red Bull Ring,Spielberg,Austria,47.2197,14.7647,max_verstappen,VER,Max Verstappen,Dutch,3,1997-09-30,red_bull,Red Bull,Austrian,7,7,18,0.0,0,Retired,0,0,0,1
2025,11,Austrian Grand Prix,2025-06-29,red_bull_ring,Red Bull Ring,Spielberg,Austria,47.2197,14.7647,antonelli,ANT,Andrea Kimi Antonelli,Italian,12,2006-08-25,mercedes,Mercedes,German,9,9,19,0.0,0,Retired,0,0,0,1
2025,11,Austrian Grand Prix,2025-06-29,red_bull_ring,Red Bull Ring,Spielberg,Austria,47.2197,14.7647,sainz,SAI,Carlos Sainz,Spanish,55,1994-09-01,williams,Williams,British,19,19,20,0.0,0,Did not start,0,0,0,0
2025,12,British Grand Prix,2025-07-06,silverstone,Silverstone Circuit,Silverstone,UK,52.0786,-1.01694,norris,NOR,Lando Norris,British,1,1999-11-13,mclaren,McLaren,British,3,3,1,25.0,52,Finished,1,1,1,0
2025,12,British Grand Prix,2025-07-06,silverstone,Silverstone Circuit,Silverstone,UK,52.0786,-1.01694,piastri,PIA,Oscar Piastri,Australian,81,2001-04-06,mclaren,McLaren,British,2,2,2,18.0,52,Finished,0,1,1,0
2025,12,British Grand Prix,2025-07-06,silverstone,Silverstone Circuit,Silverstone,UK,52.0786,-1.01694,hulkenberg,HUL,Nico Hülkenberg,German,27,1987-08-19,sauber,Sauber,Swiss,19,19,3,15.0,52,Finished,0,1,1,0
2025,12,British Grand Prix,2025-07-06,silverstone,Silverstone Circuit,Silverstone,UK,52.0786,-1.01694,hamilton,HAM,Lewis Hamilton,British,44,1985-01-07,ferrari,Ferrari,Italian,5,5,4,12.0,52,Finished,0,0,1,0
2025,12,British Grand Prix,2025-07-06,silverstone,Silverstone Circuit,Silverstone,UK,52.0786,-1.01694,max_verstappen,VER,Max Verstappen,Dutch,3,1997-09-30,red_bull,Red Bull,Austrian,1,1,5,10.0,52,Finished,0,0,1,0
2025,12,British Grand Prix,2025-07-06,silverstone,Silverstone Circuit,Silverstone,UK,52.0786,-1.01694,gasly,GAS,Pierre Gasly,French,10,1996-02-07,alpine,Alpine F1 Team,French,10,8,6,8.0,52,Finished,0,0,1,0
2025,12,British Grand Prix,2025-07-06,silverstone,Silverstone Circuit,Silverstone,UK,52.0786,-1.01694,stroll,STR,Lance Stroll,Canadian,18,1998-10-29,aston_martin,Aston Martin,British,18,17,7,6.0,52,Finished,0,0,1,0
2025,12,British Grand Prix,2025-07-06,silverstone,Silverstone Circuit,Silverstone,UK,52.0786,-1.01694,albon,ALB,Alexander Albon,Thai,23,1996-03-23,williams,Williams,British,14,13,8,4.0,52,Finished,0,0,1,0
2025,12,British Grand Prix,2025-07-06,silverstone,Silverstone Circuit,Silverstone,UK,52.0786,-1.01694,alonso,ALO,Fernando Alonso,Spanish,14,1981-07-29,aston_martin,Aston Martin,British,9,7,9,2.0,52,Finished,0,0,1,0
2025,12,British Grand Prix,2025-07-06,silverstone,Silverstone Circuit,Silverstone,UK,52.0786,-1.01694,russell,RUS,George Russell,British,63,1998-02-15,mercedes,Mercedes,German,4,4,10,1.0,52,Finished,0,0,1,0
2025,12,British Grand Prix,2025-07-06,silverstone,Silverstone Circuit,Silverstone,UK,52.0786,-1.01694,bearman,BEA,Oliver Bearman,British,87,2005-05-08,haas,Haas F1 Team,American,8,18,11,0.0,52,Finished,0,0,0,0
2025,12,British Grand Prix,2025-07-06,silverstone,Silverstone Circuit,Silverstone,UK,52.0786,-1.01694,sainz,SAI,Carlos Sainz,Spanish,55,1994-09-01,williams,Williams,British,11,9,12,0.0,52,Finished,0,0,0,0
2025,12,British Grand Prix,2025-07-06,silverstone,Silverstone Circuit,Silverstone,UK,52.0786,-1.01694,ocon,OCO,Esteban Ocon,French,31,1996-09-17,haas,Haas F1 Team,American,15,14,13,0.0,52,Finished,0,0,0,0
2025,12,British Grand Prix,2025-07-06,silverstone,Silverstone Circuit,Silverstone,UK,52.0786,-1.01694,leclerc,LEC,Charles Leclerc,Monegasque,16,1997-10-16,ferrari,Ferrari,Italian,6,6,14,0.0,52,Finished,0,0,0,0
2025,12,British Grand Prix,2025-07-06,silverstone,Silverstone Circuit,Silverstone,UK,52.0786,-1.01694,tsunoda,TSU,Yuki Tsunoda,Japanese,22,2000-05-11,red_bull,Red Bull,Austrian,12,11,15,0.0,51,Lapped,0,0,0,0
2025,12,British Grand Prix,2025-07-06,silverstone,Silverstone Circuit,Silverstone,UK,52.0786,-1.01694,antonelli,ANT,Andrea Kimi Antonelli,Italian,12,2006-08-25,mercedes,Mercedes,German,7,10,16,0.0,23,Retired,0,0,0,1
2025,12,British Grand Prix,2025-07-06,silverstone,Silverstone Circuit,Silverstone,UK,52.0786,-1.01694,hadjar,HAD,Isack Hadjar,French,6,2004-09-28,rb,RB F1 Team,Italian,13,12,17,0.0,17,Retired,0,0,0,1
2025,12,British Grand Prix,2025-07-06,silverstone,Silverstone Circuit,Silverstone,UK,52.0786,-1.01694,bortoleto,BOR,Gabriel Bortoleto,Brazilian,5,2004-10-14,sauber,Sauber,Swiss,17,16,18,0.0,3,Retired,0,0,0,1
2025,12,British Grand Prix,2025-07-06,silverstone,Silverstone Circuit,Silverstone,UK,52.0786,-1.01694,lawson,LAW,Liam Lawson,New Zealander,30,2002-02-11,rb,RB F1 Team,Italian,16,15,19,0.0,0,Retired,0,0,0,1
2025,12,British Grand Prix,2025-07-06,silverstone,Silverstone Circuit,Silverstone,UK,52.0786,-1.01694,colapinto,COL,Franco Colapinto,Argentine,43,2003-05-27,alpine,Alpine F1 Team,French,20,20,20,0.0,0,Did not start,0,0,0,0
2025,13,Belgian Grand Prix,2025-07-27,spa,Circuit de Spa-Francorchamps,Spa,Belgium,50.4372,5.97139,piastri,PIA,Oscar Piastri,Australian,81,2001-04-06,mclaren,McLaren,British,2,2,1,25.0,44,Finished,1,1,1,0
2025,13,Belgian Grand Prix,2025-07-27,spa,Circuit de Spa-Francorchamps,Spa,Belgium,50.4372,5.97139,norris,NOR,Lando Norris,British,1,1999-11-13,mclaren,McLaren,British,1,1,2,18.0,44,Finished,0,1,1,0
2025,13,Belgian Grand Prix,2025-07-27,spa,Circuit de Spa-Francorchamps,Spa,Belgium,50.4372,5.97139,leclerc,LEC,Charles Leclerc,Monegasque,16,1997-10-16,ferrari,Ferrari,Italian,3,3,3,15.0,44,Finished,0,1,1,0
2025,13,Belgian Grand Prix,2025-07-27,spa,Circuit de Spa-Francorchamps,Spa,Belgium,50.4372,5.97139,max_verstappen,VER,Max Verstappen,Dutch,3,1997-09-30,red_bull,Red Bull,Austrian,4,4,4,12.0,44,Finished,0,0,1,0
2025,13,Belgian Grand Prix,2025-07-27,spa,Circuit de Spa-Francorchamps,Spa,Belgium,50.4372,5.97139,russell,RUS,George Russell,British,63,1998-02-15,mercedes,Mercedes,German,6,6,5,10.0,44,Finished,0,0,1,0
2025,13,Belgian Grand Prix,2025-07-27,spa,Circuit de Spa-Francorchamps,Spa,Belgium,50.4372,5.97139,albon,ALB,Alexander Albon,Thai,23,1996-03-23,williams,Williams,British,5,5,6,8.0,44,Finished,0,0,1,0
2025,13,Belgian Grand Prix,2025-07-27,spa,Circuit de Spa-Francorchamps,Spa,Belgium,50.4372,5.97139,hamilton,HAM,Lewis Hamilton,British,44,1985-01-07,ferrari,Ferrari,Italian,16,18,7,6.0,44,Finished,0,0,1,0
2025,13,Belgian Grand Prix,2025-07-27,spa,Circuit de Spa-Francorchamps,Spa,Belgium,50.4372,5.97139,lawson,LAW,Liam Lawson,New Zealander,30,2002-02-11,rb,RB F1 Team,Italian,9,9,8,4.0,44,Finished,0,0,1,0
2025,13,Belgian Grand Prix,2025-07-27,spa,Circuit de Spa-Francorchamps,Spa,Belgium,50.4372,5.97139,bortoleto,BOR,Gabriel Bortoleto,Brazilian,5,2004-10-14,sauber,Sauber,Swiss,10,10,9,2.0,44,Finished,0,0,1,0
2025,13,Belgian Grand Prix,2025-07-27,spa,Circuit de Spa-Francorchamps,Spa,Belgium,50.4372,5.97139,gasly,GAS,Pierre Gasly,French,10,1996-02-07,alpine,Alpine F1 Team,French,13,13,10,1.0,44,Finished,0,0,1,0
2025,13,Belgian Grand Prix,2025-07-27,spa,Circuit de Spa-Francorchamps,Spa,Belgium,50.4372,5.97139,bearman,BEA,Oliver Bearman,British,87,2005-05-08,haas,Haas F1 Team,American,12,12,11,0.0,44,Finished,0,0,0,0
2025,13,Belgian Grand Prix,2025-07-27,spa,Circuit de Spa-Francorchamps,Spa,Belgium,50.4372,5.97139,hulkenberg,HUL,Nico Hülkenberg,German,27,1987-08-19,sauber,Sauber,Swiss,14,14,12,0.0,44,Finished,0,0,0,0
2025,13,Belgian Grand Prix,2025-07-27,spa,Circuit de Spa-Francorchamps,Spa,Belgium,50.4372,5.97139,tsunoda,TSU,Yuki Tsunoda,Japanese,22,2000-05-11,red_bull,Red Bull,Austrian,7,7,13,0.0,44,Finished,0,0,0,0
2025,13,Belgian Grand Prix,2025-07-27,spa,Circuit de Spa-Francorchamps,Spa,Belgium,50.4372,5.97139,stroll,STR,Lance Stroll,Canadian,18,1998-10-29,aston_martin,Aston Martin,British,20,16,14,0.0,44,Finished,0,0,0,0
2025,13,Belgian Grand Prix,2025-07-27,spa,Circuit de Spa-Francorchamps,Spa,Belgium,50.4372,5.97139,ocon,OCO,Esteban Ocon,French,31,1996-09-17,haas,Haas F1 Team,American,11,11,15,0.0,44,Finished,0,0,0,0
2025,13,Belgian Grand Prix,2025-07-27,spa,Circuit de Spa-Francorchamps,Spa,Belgium,50.4372,5.97139,antonelli,ANT,Andrea Kimi Antonelli,Italian,12,2006-08-25,mercedes,Mercedes,German,18,19,16,0.0,44,Finished,0,0,0,0
2025,13,Belgian Grand Prix,2025-07-27,spa,Circuit de Spa-Francorchamps,Spa,Belgium,50.4372,5.97139,alonso,ALO,Fernando Alonso,Spanish,14,1981-07-29,aston_martin,Aston Martin,British,19,20,17,0.0,44,Finished,0,0,0,0
2025,13,Belgian Grand Prix,2025-07-27,spa,Circuit de Spa-Francorchamps,Spa,Belgium,50.4372,5.97139,sainz,SAI,Carlos Sainz,Spanish,55,1994-09-01,williams,Williams,British,15,17,18,0.0,44,Finished,0,0,0,0
2025,13,Belgian Grand Prix,2025-07-27,spa,Circuit de Spa-Francorchamps,Spa,Belgium,50.4372,5.97139,colapinto,COL,Franco Colapinto,Argentine,43,2003-05-27,alpine,Alpine F1 Team,French,17,15,19,0.0,44,Finished,0,0,0,0
2025,13,Belgian Grand Prix,2025-07-27,spa,Circuit de Spa-Francorchamps,Spa,Belgium,50.4372,5.97139,hadjar,HAD,Isack Hadjar,French,6,2004-09-28,rb,RB F1 Team,Italian,8,8,20,0.0,43,Lapped,0,0,0,0
2025,14,Hungarian Grand Prix,2025-08-03,hungaroring,Hungaroring,Budapest,Hungary,47.5789,19.2486,norris,NOR,Lando Norris,British,1,1999-11-13,mclaren,McLaren,British,3,3,1,25.0,70,Finished,1,1,1,0
2025,14,Hungarian Grand Prix,2025-08-03,hungaroring,Hungaroring,Budapest,Hungary,47.5789,19.2486,piastri,PIA,Oscar Piastri,Australian,81,2001-04-06,mclaren,McLaren,British,2,2,2,18.0,70,Finished,0,1,1,0
2025,14,Hungarian Grand Prix,2025-08-03,hungaroring,Hungaroring,Budapest,Hungary,47.5789,19.2486,russell,RUS,George Russell,British,63,1998-02-15,mercedes,Mercedes,German,4,4,3,15.0,70,Finished,0,1,1,0
2025,14,Hungarian Grand Prix,2025-08-03,hungaroring,Hungaroring,Budapest,Hungary,47.5789,19.2486,leclerc,LEC,Charles Leclerc,Monegasque,16,1997-10-16,ferrari,Ferrari,Italian,1,1,4,12.0,70,Finished,0,0,1,0
2025,14,Hungarian Grand Prix,2025-08-03,hungaroring,Hungaroring,Budapest,Hungary,47.5789,19.2486,alonso,ALO,Fernando Alonso,Spanish,14,1981-07-29,aston_martin,Aston Martin,British,5,5,5,10.0,70,Finished,0,0,1,0
2025,14,Hungarian Grand Prix,2025-08-03,hungaroring,Hungaroring,Budapest,Hungary,47.5789,19.2486,bortoleto,BOR,Gabriel Bortoleto,Brazilian,5,2004-10-14,sauber,Sauber,Swiss,7,7,6,8.0,70,Finished,0,0,1,0
2025,14,Hungarian Grand Prix,2025-08-03,hungaroring,Hungaroring,Budapest,Hungary,47.5789,19.2486,stroll,STR,Lance Stroll,Canadian,18,1998-10-29,aston_martin,Aston Martin,British,6,6,7,6.0,70,Finished,0,0,1,0
2025,14,Hungarian Grand Prix,2025-08-03,hungaroring,Hungaroring,Budapest,Hungary,47.5789,19.2486,lawson,LAW,Liam Lawson,New Zealander,30,2002-02-11,rb,RB F1 Team,Italian,9,9,8,4.0,70,Finished,0,0,1,0
2025,14,Hungarian Grand Prix,2025-08-03,hungaroring,Hungaroring,Budapest,Hungary,47.5789,19.2486,max_verstappen,VER,Max Verstappen,Dutch,3,1997-09-30,red_bull,Red Bull,Austrian,8,8,9,2.0,70,Finished,0,0,1,0
2025,14,Hungarian Grand Prix,2025-08-03,hungaroring,Hungaroring,Budapest,Hungary,47.5789,19.2486,antonelli,ANT,Andrea Kimi Antonelli,Italian,12,2006-08-25,mercedes,Mercedes,German,15,15,10,1.0,69,Lapped,0,0,1,0
2025,14,Hungarian Grand Prix,2025-08-03,hungaroring,Hungaroring,Budapest,Hungary,47.5789,19.2486,hadjar,HAD,Isack Hadjar,French,6,2004-09-28,rb,RB F1 Team,Italian,10,10,11,0.0,69,Lapped,0,0,0,0
2025,14,Hungarian Grand Prix,2025-08-03,hungaroring,Hungaroring,Budapest,Hungary,47.5789,19.2486,hamilton,HAM,Lewis Hamilton,British,44,1985-01-07,ferrari,Ferrari,Italian,12,12,12,0.0,69,Lapped,0,0,0,0
2025,14,Hungarian Grand Prix,2025-08-03,hungaroring,Hungaroring,Budapest,Hungary,47.5789,19.2486,hulkenberg,HUL,Nico Hülkenberg,German,27,1987-08-19,sauber,Sauber,Swiss,19,18,13,0.0,69,Lapped,0,0,0,0
2025,14,Hungarian Grand Prix,2025-08-03,hungaroring,Hungaroring,Budapest,Hungary,47.5789,19.2486,sainz,SAI,Carlos Sainz,Spanish,55,1994-09-01,williams,Williams,British,13,13,14,0.0,69,Lapped,0,0,0,0
2025,14,Hungarian Grand Prix,2025-08-03,hungaroring,Hungaroring,Budapest,Hungary,47.5789,19.2486,albon,ALB,Alexander Albon,Thai,23,1996-03-23,williams,Williams,British,20,19,15,0.0,69,Lapped,0,0,0,0
2025,14,Hungarian Grand Prix,2025-08-03,hungaroring,Hungaroring,Budapest,Hungary,47.5789,19.2486,ocon,OCO,Esteban Ocon,French,31,1996-09-17,haas,Haas F1 Team,American,18,17,16,0.0,69,Lapped,0,0,0,0
2025,14,Hungarian Grand Prix,2025-08-03,hungaroring,Hungaroring,Budapest,Hungary,47.5789,19.2486,tsunoda,TSU,Yuki Tsunoda,Japanese,22,2000-05-11,red_bull,Red Bull,Austrian,16,20,17,0.0,69,Lapped,0,0,0,0
2025,14,Hungarian Grand Prix,2025-08-03,hungaroring,Hungaroring,Budapest,Hungary,47.5789,19.2486,colapinto,COL,Franco Colapinto,Argentine,43,2003-05-27,alpine,Alpine F1 Team,French,14,14,18,0.0,69,Lapped,0,0,0,0
2025,14,Hungarian Grand Prix,2025-08-03,hungaroring,Hungaroring,Budapest,Hungary,47.5789,19.2486,gasly,GAS,Pierre Gasly,French,10,1996-02-07,alpine,Alpine F1 Team,French,17,16,19,0.0,69,Lapped,0,0,0,0
2025,14,Hungarian Grand Prix,2025-08-03,hungaroring,Hungaroring,Budapest,Hungary,47.5789,19.2486,bearman,BEA,Oliver Bearman,British,87,2005-05-08,haas,Haas F1 Team,American,11,11,20,0.0,48,Retired,0,0,0,1
2025,15,Dutch Grand Prix,2025-08-31,zandvoort,Circuit Park Zandvoort,Zandvoort,Netherlands,52.3888,4.54092,piastri,PIA,Oscar Piastri,Australian,81,2001-04-06,mclaren,McLaren,British,1,1,1,25.0,72,Finished,1,1,1,0
2025,15,Dutch Grand Prix,2025-08-31,zandvoort,Circuit Park Zandvoort,Zandvoort,Netherlands,52.3888,4.54092,max_verstappen,VER,Max Verstappen,Dutch,3,1997-09-30,red_bull,Red Bull,Austrian,3,3,2,18.0,72,Finished,0,1,1,0
2025,15,Dutch Grand Prix,2025-08-31,zandvoort,Circuit Park Zandvoort,Zandvoort,Netherlands,52.3888,4.54092,hadjar,HAD,Isack Hadjar,French,6,2004-09-28,rb,RB F1 Team,Italian,4,4,3,15.0,72,Finished,0,1,1,0
2025,15,Dutch Grand Prix,2025-08-31,zandvoort,Circuit Park Zandvoort,Zandvoort,Netherlands,52.3888,4.54092,russell,RUS,George Russell,British,63,1998-02-15,mercedes,Mercedes,German,5,5,4,12.0,72,Finished,0,0,1,0
2025,15,Dutch Grand Prix,2025-08-31,zandvoort,Circuit Park Zandvoort,Zandvoort,Netherlands,52.3888,4.54092,albon,ALB,Alexander Albon,Thai,23,1996-03-23,williams,Williams,British,15,15,5,10.0,72,Finished,0,0,1,0
2025,15,Dutch Grand Prix,2025-08-31,zandvoort,Circuit Park Zandvoort,Zandvoort,Netherlands,52.3888,4.54092,bearman,BEA,Oliver Bearman,British,87,2005-05-08,haas,Haas F1 Team,American,19,20,6,8.0,72,Finished,0,0,1,0
2025,15,Dutch Grand Prix,2025-08-31,zandvoort,Circuit Park Zandvoort,Zandvoort,Netherlands,52.3888,4.54092,stroll,STR,Lance Stroll,Canadian,18,1998-10-29,aston_martin,Aston Martin,British,20,19,7,6.0,72,Finished,0,0,1,0
2025,15,Dutch Grand Prix,2025-08-31,zandvoort,Circuit Park Zandvoort,Zandvoort,Netherlands,52.3888,4.54092,alonso,ALO,Fernando Alonso,Spanish,14,1981-07-29,aston_martin,Aston Martin,British,10,10,8,4.0,72,Finished,0,0,1,0
2025,15,Dutch Grand Prix,2025-08-31,zandvoort,Circuit Park Zandvoort,Zandvoort,Netherlands,52.3888,4.54092,tsunoda,TSU,Yuki Tsunoda,Japanese,22,2000-05-11,red_bull,Red Bull,Austrian,12,12,9,2.0,72,Finished,0,0,1,0
2025,15,Dutch Grand Prix,2025-08-31,zandvoort,Circuit Park Zandvoort,Zandvoort,Netherlands,52.3888,4.54092,ocon,OCO,Esteban Ocon,French,31,1996-09-17,haas,Haas F1 Team,American,18,18,10,1.0,72,Finished,0,0,1,0
2025,15,Dutch Grand Prix,2025-08-31,zandvoort,Circuit Park Zandvoort,Zandvoort,Netherlands,52.3888,4.54092,colapinto,COL,Franco Colapinto,Argentine,43,2003-05-27,alpine,Alpine F1 Team,French,16,16,11,0.0,72,Finished,0,0,0,0
2025,15,Dutch Grand Prix,2025-08-31,zandvoort,Circuit Park Zandvoort,Zandvoort,Netherlands,52.3888,4.54092,lawson,LAW,Liam Lawson,New Zealander,30,2002-02-11,rb,RB F1 Team,Italian,8,8,12,0.0,72,Finished,0,0,0,0
2025,15,Dutch Grand Prix,2025-08-31,zandvoort,Circuit Park Zandvoort,Zandvoort,Netherlands,52.3888,4.54092,sainz,SAI,Carlos Sainz,Spanish,55,1994-09-01,williams,Williams,British,9,9,13,0.0,72,Finished,0,0,0,0
2025,15,Dutch Grand Prix,2025-08-31,zandvoort,Circuit Park Zandvoort,Zandvoort,Netherlands,52.3888,4.54092,hulkenberg,HUL,Nico Hülkenberg,German,27,1987-08-19,sauber,Sauber,Swiss,17,17,14,0.0,72,Finished,0,0,0,0
2025,15,Dutch Grand Prix,2025-08-31,zandvoort,Circuit Park Zandvoort,Zandvoort,Netherlands,52.3888,4.54092,bortoleto,BOR,Gabriel Bortoleto,Brazilian,5,2004-10-14,sauber,Sauber,Swiss,13,13,15,0.0,72,Finished,0,0,0,0
2025,15,Dutch Grand Prix,2025-08-31,zandvoort,Circuit Park Zandvoort,Zandvoort,Netherlands,52.3888,4.54092,antonelli,ANT,Andrea Kimi Antonelli,Italian,12,2006-08-25,mercedes,Mercedes,German,11,11,16,0.0,72,Finished,0,0,0,0
2025,15,Dutch Grand Prix,2025-08-31,zandvoort,Circuit Park Zandvoort,Zandvoort,Netherlands,52.3888,4.54092,gasly,GAS,Pierre Gasly,French,10,1996-02-07,alpine,Alpine F1 Team,French,14,14,17,0.0,72,Finished,0,0,0,0
2025,15,Dutch Grand Prix,2025-08-31,zandvoort,Circuit Park Zandvoort,Zandvoort,Netherlands,52.3888,4.54092,norris,NOR,Lando Norris,British,1,1999-11-13,mclaren,McLaren,British,2,2,18,0.0,64,Retired,0,0,0,1
2025,15,Dutch Grand Prix,2025-08-31,zandvoort,Circuit Park Zandvoort,Zandvoort,Netherlands,52.3888,4.54092,leclerc,LEC,Charles Leclerc,Monegasque,16,1997-10-16,ferrari,Ferrari,Italian,6,6,19,0.0,52,Retired,0,0,0,1
2025,15,Dutch Grand Prix,2025-08-31,zandvoort,Circuit Park Zandvoort,Zandvoort,Netherlands,52.3888,4.54092,hamilton,HAM,Lewis Hamilton,British,44,1985-01-07,ferrari,Ferrari,Italian,7,7,20,0.0,22,Retired,0,0,0,1
2025,16,Italian Grand Prix,2025-09-07,monza,Autodromo Nazionale di Monza,Monza,Italy,45.6156,9.28111,max_verstappen,VER,Max Verstappen,Dutch,3,1997-09-30,red_bull,Red Bull,Austrian,1,1,1,25.0,53,Finished,1,1,1,0
2025,16,Italian Grand Prix,2025-09-07,monza,Autodromo Nazionale di Monza,Monza,Italy,45.6156,9.28111,norris,NOR,Lando Norris,British,1,1999-11-13,mclaren,McLaren,British,2,2,2,18.0,53,Finished,0,1,1,0
2025,16,Italian Grand Prix,2025-09-07,monza,Autodromo Nazionale di Monza,Monza,Italy,45.6156,9.28111,piastri,PIA,Oscar Piastri,Australian,81,2001-04-06,mclaren,McLaren,British,3,3,3,15.0,53,Finished,0,1,1,0
2025,16,Italian Grand Prix,2025-09-07,monza,Autodromo Nazionale di Monza,Monza,Italy,45.6156,9.28111,leclerc,LEC,Charles Leclerc,Monegasque,16,1997-10-16,ferrari,Ferrari,Italian,4,4,4,12.0,53,Finished,0,0,1,0
2025,16,Italian Grand Prix,2025-09-07,monza,Autodromo Nazionale di Monza,Monza,Italy,45.6156,9.28111,russell,RUS,George Russell,British,63,1998-02-15,mercedes,Mercedes,German,6,5,5,10.0,53,Finished,0,0,1,0
2025,16,Italian Grand Prix,2025-09-07,monza,Autodromo Nazionale di Monza,Monza,Italy,45.6156,9.28111,hamilton,HAM,Lewis Hamilton,British,44,1985-01-07,ferrari,Ferrari,Italian,5,10,6,8.0,53,Finished,0,0,1,0
2025,16,Italian Grand Prix,2025-09-07,monza,Autodromo Nazionale di Monza,Monza,Italy,45.6156,9.28111,albon,ALB,Alexander Albon,Thai,23,1996-03-23,williams,Williams,British,14,14,7,6.0,53,Finished,0,0,1,0
2025,16,Italian Grand Prix,2025-09-07,monza,Autodromo Nazionale di Monza,Monza,Italy,45.6156,9.28111,bortoleto,BOR,Gabriel Bortoleto,Brazilian,5,2004-10-14,sauber,Sauber,Swiss,8,7,8,4.0,53,Finished,0,0,1,0
2025,16,Italian Grand Prix,2025-09-07,monza,Autodromo Nazionale di Monza,Monza,Italy,45.6156,9.28111,antonelli,ANT,Andrea Kimi Antonelli,Italian,12,2006-08-25,mercedes,Mercedes,German,7,6,9,2.0,53,Finished,0,0,1,0
2025,16,Italian Grand Prix,2025-09-07,monza,Autodromo Nazionale di Monza,Monza,Italy,45.6156,9.28111,hadjar,HAD,Isack Hadjar,French,6,2004-09-28,rb,RB F1 Team,Italian,16,19,10,1.0,53,Finished,0,0,1,0
2025,16,Italian Grand Prix,2025-09-07,monza,Autodromo Nazionale di Monza,Monza,Italy,45.6156,9.28111,sainz,SAI,Carlos Sainz,Spanish,55,1994-09-01,williams,Williams,British,13,13,11,0.0,53,Finished,0,0,0,0
2025,16,Italian Grand Prix,2025-09-07,monza,Autodromo Nazionale di Monza,Monza,Italy,45.6156,9.28111,bearman,BEA,Oliver Bearman,British,87,2005-05-08,haas,Haas F1 Team,American,11,11,12,0.0,53,Finished,0,0,0,0
2025,16,Italian Grand Prix,2025-09-07,monza,Autodromo Nazionale di Monza,Monza,Italy,45.6156,9.28111,tsunoda,TSU,Yuki Tsunoda,Japanese,22,2000-05-11,red_bull,Red Bull,Austrian,10,9,13,0.0,53,Finished,0,0,0,0
2025,16,Italian Grand Prix,2025-09-07,monza,Autodromo Nazionale di Monza,Monza,Italy,45.6156,9.28111,lawson,LAW,Liam Lawson,New Zealander,30,2002-02-11,rb,RB F1 Team,Italian,20,18,14,0.0,53,Finished,0,0,0,0
2025,16,Italian Grand Prix,2025-09-07,monza,Autodromo Nazionale di Monza,Monza,Italy,45.6156,9.28111,ocon,OCO,Esteban Ocon,French,31,1996-09-17,haas,Haas F1 Team,American,15,15,15,0.0,52,Lapped,0,0,0,0
2025,16,Italian Grand Prix,2025-09-07,monza,Autodromo Nazionale di Monza,Monza,Italy,45.6156,9.28111,gasly,GAS,Pierre Gasly,French,10,1996-02-07,alpine,Alpine F1 Team,French,19,20,16,0.0,52,Lapped,0,0,0,0
2025,16,Italian Grand Prix,2025-09-07,monza,Autodromo Nazionale di Monza,Monza,Italy,45.6156,9.28111,colapinto,COL,Franco Colapinto,Argentine,43,2003-05-27,alpine,Alpine F1 Team,French,18,17,17,0.0,52,Lapped,0,0,0,0
2025,16,Italian Grand Prix,2025-09-07,monza,Autodromo Nazionale di Monza,Monza,Italy,45.6156,9.28111,stroll,STR,Lance Stroll,Canadian,18,1998-10-29,aston_martin,Aston Martin,British,17,16,18,0.0,52,Lapped,0,0,0,0
2025,16,Italian Grand Prix,2025-09-07,monza,Autodromo Nazionale di Monza,Monza,Italy,45.6156,9.28111,alonso,ALO,Fernando Alonso,Spanish,14,1981-07-29,aston_martin,Aston Martin,British,9,8,19,0.0,24,Retired,0,0,0,1
2025,16,Italian Grand Prix,2025-09-07,monza,Autodromo Nazionale di Monza,Monza,Italy,45.6156,9.28111,hulkenberg,HUL,Nico Hülkenberg,German,27,1987-08-19,sauber,Sauber,Swiss,12,12,20,0.0,0,Did not start,0,0,0,0
2025,17,Azerbaijan Grand Prix,2025-09-21,baku,Baku City Circuit,Baku,Azerbaijan,40.3725,49.8533,max_verstappen,VER,Max Verstappen,Dutch,3,1997-09-30,red_bull,Red Bull,Austrian,1,1,1,25.0,51,Finished,1,1,1,0
2025,17,Azerbaijan Grand Prix,2025-09-21,baku,Baku City Circuit,Baku,Azerbaijan,40.3725,49.8533,russell,RUS,George Russell,British,63,1998-02-15,mercedes,Mercedes,German,5,5,2,18.0,51,Finished,0,1,1,0
2025,17,Azerbaijan Grand Prix,2025-09-21,baku,Baku City Circuit,Baku,Azerbaijan,40.3725,49.8533,sainz,SAI,Carlos Sainz,Spanish,55,1994-09-01,williams,Williams,British,2,2,3,15.0,51,Finished,0,1,1,0
2025,17,Azerbaijan Grand Prix,2025-09-21,baku,Baku City Circuit,Baku,Azerbaijan,40.3725,49.8533,antonelli,ANT,Andrea Kimi Antonelli,Italian,12,2006-08-25,mercedes,Mercedes,German,4,4,4,12.0,51,Finished,0,0,1,0
2025,17,Azerbaijan Grand Prix,2025-09-21,baku,Baku City Circuit,Baku,Azerbaijan,40.3725,49.8533,lawson,LAW,Liam Lawson,New Zealander,30,2002-02-11,rb,RB F1 Team,Italian,3,3,5,10.0,51,Finished,0,0,1,0
2025,17,Azerbaijan Grand Prix,2025-09-21,baku,Baku City Circuit,Baku,Azerbaijan,40.3725,49.8533,tsunoda,TSU,Yuki Tsunoda,Japanese,22,2000-05-11,red_bull,Red Bull,Austrian,6,6,6,8.0,51,Finished,0,0,1,0
2025,17,Azerbaijan Grand Prix,2025-09-21,baku,Baku City Circuit,Baku,Azerbaijan,40.3725,49.8533,norris,NOR,Lando Norris,British,1,1999-11-13,mclaren,McLaren,British,7,7,7,6.0,51,Finished,0,0,1,0
2025,17,Azerbaijan Grand Prix,2025-09-21,baku,Baku City Circuit,Baku,Azerbaijan,40.3725,49.8533,hamilton,HAM,Lewis Hamilton,British,44,1985-01-07,ferrari,Ferrari,Italian,12,12,8,4.0,51,Finished,0,0,1,0
2025,17,Azerbaijan Grand Prix,2025-09-21,baku,Baku City Circuit,Baku,Azerbaijan,40.3725,49.8533,leclerc,LEC,Charles Leclerc,Monegasque,16,1997-10-16,ferrari,Ferrari,Italian,10,10,9,2.0,51,Finished,0,0,1,0
2025,17,Azerbaijan Grand Prix,2025-09-21,baku,Baku City Circuit,Baku,Azerbaijan,40.3725,49.8533,hadjar,HAD,Isack Hadjar,French,6,2004-09-28,rb,RB F1 Team,Italian,8,8,10,1.0,51,Finished,0,0,1,0
2025,17,Azerbaijan Grand Prix,2025-09-21,baku,Baku City Circuit,Baku,Azerbaijan,40.3725,49.8533,bortoleto,BOR,Gabriel Bortoleto,Brazilian,5,2004-10-14,sauber,Sauber,Swiss,13,13,11,0.0,51,Finished,0,0,0,0
2025,17,Azerbaijan Grand Prix,2025-09-21,baku,Baku City Circuit,Baku,Azerbaijan,40.3725,49.8533,bearman,BEA,Oliver Bearman,British,87,2005-05-08,haas,Haas F1 Team,American,15,15,12,0.0,51,Finished,0,0,0,0
2025,17,Azerbaijan Grand Prix,2025-09-21,baku,Baku City Circuit,Baku,Azerbaijan,40.3725,49.8533,albon,ALB,Alexander Albon,Thai,23,1996-03-23,williams,Williams,British,19,19,13,0.0,51,Finished,0,0,0,0
2025,17,Azerbaijan Grand Prix,2025-09-21,baku,Baku City Circuit,Baku,Azerbaijan,40.3725,49.8533,ocon,OCO,Esteban Ocon,French,31,1996-09-17,haas,Haas F1 Team,American,20,20,14,0.0,51,Finished,0,0,0,0
2025,17,Azerbaijan Grand Prix,2025-09-21,baku,Baku City Circuit,Baku,Azerbaijan,40.3725,49.8533,alonso,ALO,Fernando Alonso,Spanish,14,1981-07-29,aston_martin,Aston Martin,British,11,11,15,0.0,51,Finished,0,0,0,0
2025,17,Azerbaijan Grand Prix,2025-09-21,baku,Baku City Circuit,Baku,Azerbaijan,40.3725,49.8533,hulkenberg,HUL,Nico Hülkenberg,German,27,1987-08-19,sauber,Sauber,Swiss,17,17,16,0.0,51,Finished,0,0,0,0
2025,17,Azerbaijan Grand Prix,2025-09-21,baku,Baku City Circuit,Baku,Azerbaijan,40.3725,49.8533,stroll,STR,Lance Stroll,Canadian,18,1998-10-29,aston_martin,Aston Martin,British,14,14,17,0.0,51,Finished,0,0,0,0
2025,17,Azerbaijan Grand Prix,2025-09-21,baku,Baku City Circuit,Baku,Azerbaijan,40.3725,49.8533,gasly,GAS,Pierre Gasly,French,10,1996-02-07,alpine,Alpine F1 Team,French,18,18,18,0.0,50,Lapped,0,0,0,0
2025,17,Azerbaijan Grand Prix,2025-09-21,baku,Baku City Circuit,Baku,Azerbaijan,40.3725,49.8533,colapinto,COL,Franco Colapinto,Argentine,43,2003-05-27,alpine,Alpine F1 Team,French,16,16,19,0.0,50,Lapped,0,0,0,0
2025,17,Azerbaijan Grand Prix,2025-09-21,baku,Baku City Circuit,Baku,Azerbaijan,40.3725,49.8533,piastri,PIA,Oscar Piastri,Australian,81,2001-04-06,mclaren,McLaren,British,9,9,20,0.0,0,Retired,0,0,0,1
2025,18,Singapore Grand Prix,2025-10-05,marina_bay,Marina Bay Street Circuit,Marina Bay,Singapore,1.2914,103.864,russell,RUS,George Russell,British,63,1998-02-15,mercedes,Mercedes,German,1,1,1,25.0,62,Finished,1,1,1,0
2025,18,Singapore Grand Prix,2025-10-05,marina_bay,Marina Bay Street Circuit,Marina Bay,Singapore,1.2914,103.864,max_verstappen,VER,Max Verstappen,Dutch,3,1997-09-30,red_bull,Red Bull,Austrian,2,2,2,18.0,62,Finished,0,1,1,0
2025,18,Singapore Grand Prix,2025-10-05,marina_bay,Marina Bay Street Circuit,Marina Bay,Singapore,1.2914,103.864,norris,NOR,Lando Norris,British,1,1999-11-13,mclaren,McLaren,British,5,5,3,15.0,62,Finished,0,1,1,0
2025,18,Singapore Grand Prix,2025-10-05,marina_bay,Marina Bay Street Circuit,Marina Bay,Singapore,1.2914,103.864,piastri,PIA,Oscar Piastri,Australian,81,2001-04-06,mclaren,McLaren,British,3,3,4,12.0,62,Finished,0,0,1,0
2025,18,Singapore Grand Prix,2025-10-05,marina_bay,Marina Bay Street Circuit,Marina Bay,Singapore,1.2914,103.864,antonelli,ANT,Andrea Kimi Antonelli,Italian,12,2006-08-25,mercedes,Mercedes,German,4,4,5,10.0,62,Finished,0,0,1,0
2025,18,Singapore Grand Prix,2025-10-05,marina_bay,Marina Bay Street Circuit,Marina Bay,Singapore,1.2914,103.864,leclerc,LEC,Charles Leclerc,Monegasque,16,1997-10-16,ferrari,Ferrari,Italian,7,7,6,8.0,62,Finished,0,0,1,0
2025,18,Singapore Grand Prix,2025-10-05,marina_bay,Marina Bay Street Circuit,Marina Bay,Singapore,1.2914,103.864,alonso,ALO,Fernando Alonso,Spanish,14,1981-07-29,aston_martin,Aston Martin,British,10,10,7,6.0,62,Finished,0,0,1,0
2025,18,Singapore Grand Prix,2025-10-05,marina_bay,Marina Bay Street Circuit,Marina Bay,Singapore,1.2914,103.864,hamilton,HAM,Lewis Hamilton,British,44,1985-01-07,ferrari,Ferrari,Italian,6,6,8,4.0,62,Finished,0,0,1,0
2025,18,Singapore Grand Prix,2025-10-05,marina_bay,Marina Bay Street Circuit,Marina Bay,Singapore,1.2914,103.864,bearman,BEA,Oliver Bearman,British,87,2005-05-08,haas,Haas F1 Team,American,9,9,9,2.0,62,Finished,0,0,1,0
2025,18,Singapore Grand Prix,2025-10-05,marina_bay,Marina Bay Street Circuit,Marina Bay,Singapore,1.2914,103.864,sainz,SAI,Carlos Sainz,Spanish,55,1994-09-01,williams,Williams,British,20,18,10,1.0,61,Lapped,0,0,1,0
2025,18,Singapore Grand Prix,2025-10-05,marina_bay,Marina Bay Street Circuit,Marina Bay,Singapore,1.2914,103.864,hadjar,HAD,Isack Hadjar,French,6,2004-09-28,rb,RB F1 Team,Italian,8,8,11,0.0,61,Lapped,0,0,0,0
2025,18,Singapore Grand Prix,2025-10-05,marina_bay,Marina Bay Street Circuit,Marina Bay,Singapore,1.2914,103.864,tsunoda,TSU,Yuki Tsunoda,Japanese,22,2000-05-11,red_bull,Red Bull,Austrian,13,13,12,0.0,61,Lapped,0,0,0,0
2025,18,Singapore Grand Prix,2025-10-05,marina_bay,Marina Bay Street Circuit,Marina Bay,Singapore,1.2914,103.864,stroll,STR,Lance Stroll,Canadian,18,1998-10-29,aston_martin,Aston Martin,British,15,15,13,0.0,61,Lapped,0,0,0,0
2025,18,Singapore Grand Prix,2025-10-05,marina_bay,Marina Bay Street Circuit,Marina Bay,Singapore,1.2914,103.864,albon,ALB,Alexander Albon,Thai,23,1996-03-23,williams,Williams,British,19,20,14,0.0,61,Lapped,0,0,0,0
2025,18,Singapore Grand Prix,2025-10-05,marina_bay,Marina Bay Street Circuit,Marina Bay,Singapore,1.2914,103.864,lawson,LAW,Liam Lawson,New Zealander,30,2002-02-11,rb,RB F1 Team,Italian,12,12,15,0.0,61,Lapped,0,0,0,0
2025,18,Singapore Grand Prix,2025-10-05,marina_bay,Marina Bay Street Circuit,Marina Bay,Singapore,1.2914,103.864,colapinto,COL,Franco Colapinto,Argentine,43,2003-05-27,alpine,Alpine F1 Team,French,16,16,16,0.0,61,Lapped,0,0,0,0
2025,18,Singapore Grand Prix,2025-10-05,marina_bay,Marina Bay Street Circuit,Marina Bay,Singapore,1.2914,103.864,bortoleto,BOR,Gabriel Bortoleto,Brazilian,5,2004-10-14,sauber,Sauber,Swiss,14,14,17,0.0,61,Lapped,0,0,0,0
2025,18,Singapore Grand Prix,2025-10-05,marina_bay,Marina Bay Street Circuit,Marina Bay,Singapore,1.2914,103.864,ocon,OCO,Esteban Ocon,French,31,1996-09-17,haas,Haas F1 Team,American,17,17,18,0.0,61,Lapped,0,0,0,0
2025,18,Singapore Grand Prix,2025-10-05,marina_bay,Marina Bay Street Circuit,Marina Bay,Singapore,1.2914,103.864,gasly,GAS,Pierre Gasly,French,10,1996-02-07,alpine,Alpine F1 Team,French,18,19,19,0.0,61,Lapped,0,0,0,0
2025,18,Singapore Grand Prix,2025-10-05,marina_bay,Marina Bay Street Circuit,Marina Bay,Singapore,1.2914,103.864,hulkenberg,HUL,Nico Hülkenberg,German,27,1987-08-19,sauber,Sauber,Swiss,11,11,20,0.0,61,Lapped,0,0,0,0
2025,19,United States Grand Prix,2025-10-19,americas,Circuit of the Americas,Austin,USA,30.1328,-97.6411,max_verstappen,VER,Max Verstappen,Dutch,3,1997-09-30,red_bull,Red Bull,Austrian,1,1,1,25.0,56,Finished,1,1,1,0
2025,19,United States Grand Prix,2025-10-19,americas,Circuit of the Americas,Austin,USA,30.1328,-97.6411,norris,NOR,Lando Norris,British,1,1999-11-13,mclaren,McLaren,British,2,2,2,18.0,56,Finished,0,1,1,0
2025,19,United States Grand Prix,2025-10-19,americas,Circuit of the Americas,Austin,USA,30.1328,-97.6411,leclerc,LEC,Charles Leclerc,Monegasque,16,1997-10-16,ferrari,Ferrari,Italian,3,3,3,15.0,56,Finished,0,1,1,0
2025,19,United States Grand Prix,2025-10-19,americas,Circuit of the Americas,Austin,USA,30.1328,-97.6411,hamilton,HAM,Lewis Hamilton,British,44,1985-01-07,ferrari,Ferrari,Italian,5,5,4,12.0,56,Finished,0,0,1,0
2025,19,United States Grand Prix,2025-10-19,americas,Circuit of the Americas,Austin,USA,30.1328,-97.6411,piastri,PIA,Oscar Piastri,Australian,81,2001-04-06,mclaren,McLaren,British,6,6,5,10.0,56,Finished,0,0,1,0
2025,19,United States Grand Prix,2025-10-19,americas,Circuit of the Americas,Austin,USA,30.1328,-97.6411,russell,RUS,George Russell,British,63,1998-02-15,mercedes,Mercedes,German,4,4,6,8.0,56,Finished,0,0,1,0
2025,19,United States Grand Prix,2025-10-19,americas,Circuit of the Americas,Austin,USA,30.1328,-97.6411,tsunoda,TSU,Yuki Tsunoda,Japanese,22,2000-05-11,red_bull,Red Bull,Austrian,13,13,7,6.0,56,Finished,0,0,1,0
2025,19,United States Grand Prix,2025-10-19,americas,Circuit of the Americas,Austin,USA,30.1328,-97.6411,hulkenberg,HUL,Nico Hülkenberg,German,27,1987-08-19,sauber,Sauber,Swiss,11,11,8,4.0,56,Finished,0,0,1,0
2025,19,United States Grand Prix,2025-10-19,americas,Circuit of the Americas,Austin,USA,30.1328,-97.6411,bearman,BEA,Oliver Bearman,British,87,2005-05-08,haas,Haas F1 Team,American,8,8,9,2.0,56,Finished,0,0,1,0
2025,19,United States Grand Prix,2025-10-19,americas,Circuit of the Americas,Austin,USA,30.1328,-97.6411,alonso,ALO,Fernando Alonso,Spanish,14,1981-07-29,aston_martin,Aston Martin,British,10,10,10,1.0,56,Finished,0,0,1,0
2025,19,United States Grand Prix,2025-10-19,americas,Circuit of the Americas,Austin,USA,30.1328,-97.6411,lawson,LAW,Liam Lawson,New Zealander,30,2002-02-11,rb,RB F1 Team,Italian,12,12,11,0.0,56,Finished,0,0,0,0
2025,19,United States Grand Prix,2025-10-19,americas,Circuit of the Americas,Austin,USA,30.1328,-97.6411,stroll,STR,Lance Stroll,Canadian,18,1998-10-29,aston_martin,Aston Martin,British,18,19,12,0.0,56,Finished,0,0,0,0
2025,19,United States Grand Prix,2025-10-19,americas,Circuit of the Americas,Austin,USA,30.1328,-97.6411,antonelli,ANT,Andrea Kimi Antonelli,Italian,12,2006-08-25,mercedes,Mercedes,German,7,7,13,0.0,56,Finished,0,0,0,0
2025,19,United States Grand Prix,2025-10-19,americas,Circuit of the Americas,Austin,USA,30.1328,-97.6411,albon,ALB,Alexander Albon,Thai,23,1996-03-23,williams,Williams,British,19,18,14,0.0,56,Finished,0,0,0,0
2025,19,United States Grand Prix,2025-10-19,americas,Circuit of the Americas,Austin,USA,30.1328,-97.6411,ocon,OCO,Esteban Ocon,French,31,1996-09-17,haas,Haas F1 Team,American,17,17,15,0.0,56,Finished,0,0,0,0
2025,19,United States Grand Prix,2025-10-19,americas,Circuit of the Americas,Austin,USA,30.1328,-97.6411,hadjar,HAD,Isack Hadjar,French,6,2004-09-28,rb,RB F1 Team,Italian,20,20,16,0.0,56,Finished,0,0,0,0
2025,19,United States Grand Prix,2025-10-19,americas,Circuit of the Americas,Austin,USA,30.1328,-97.6411,colapinto,COL,Franco Colapinto,Argentine,43,2003-05-27,alpine,Alpine F1 Team,French,15,15,17,0.0,55,Lapped,0,0,0,0
2025,19,United States Grand Prix,2025-10-19,americas,Circuit of the Americas,Austin,USA,30.1328,-97.6411,bortoleto,BOR,Gabriel Bortoleto,Brazilian,5,2004-10-14,sauber,Sauber,Swiss,16,16,18,0.0,55,Lapped,0,0,0,0
2025,19,United States Grand Prix,2025-10-19,americas,Circuit of the Americas,Austin,USA,30.1328,-97.6411,gasly,GAS,Pierre Gasly,French,10,1996-02-07,alpine,Alpine F1 Team,French,14,14,19,0.0,55,Lapped,0,0,0,0
2025,19,United States Grand Prix,2025-10-19,americas,Circuit of the Americas,Austin,USA,30.1328,-97.6411,sainz,SAI,Carlos Sainz,Spanish,55,1994-09-01,williams,Williams,British,9,9,20,0.0,5,Retired,0,0,0,1
2025,20,Mexico City Grand Prix,2025-10-26,rodriguez,Autódromo Hermanos Rodríguez,Mexico City,Mexico,19.4042,-99.0907,norris,NOR,Lando Norris,British,1,1999-11-13,mclaren,McLaren,British,1,1,1,25.0,71,Finished,1,1,1,0
2025,20,Mexico City Grand Prix,2025-10-26,rodriguez,Autódromo Hermanos Rodríguez,Mexico City,Mexico,19.4042,-99.0907,leclerc,LEC,Charles Leclerc,Monegasque,16,1997-10-16,ferrari,Ferrari,Italian,2,2,2,18.0,71,Finished,0,1,1,0
2025,20,Mexico City Grand Prix,2025-10-26,rodriguez,Autódromo Hermanos Rodríguez,Mexico City,Mexico,19.4042,-99.0907,max_verstappen,VER,Max Verstappen,Dutch,3,1997-09-30,red_bull,Red Bull,Austrian,5,5,3,15.0,71,Finished,0,1,1,0
2025,20,Mexico City Grand Prix,2025-10-26,rodriguez,Autódromo Hermanos Rodríguez,Mexico City,Mexico,19.4042,-99.0907,bearman,BEA,Oliver Bearman,British,87,2005-05-08,haas,Haas F1 Team,American,10,9,4,12.0,71,Finished,0,0,1,0
2025,20,Mexico City Grand Prix,2025-10-26,rodriguez,Autódromo Hermanos Rodríguez,Mexico City,Mexico,19.4042,-99.0907,piastri,PIA,Oscar Piastri,Australian,81,2001-04-06,mclaren,McLaren,British,8,7,5,10.0,71,Finished,0,0,1,0
2025,20,Mexico City Grand Prix,2025-10-26,rodriguez,Autódromo Hermanos Rodríguez,Mexico City,Mexico,19.4042,-99.0907,antonelli,ANT,Andrea Kimi Antonelli,Italian,12,2006-08-25,mercedes,Mercedes,German,6,6,6,8.0,71,Finished,0,0,1,0
2025,20,Mexico City Grand Prix,2025-10-26,rodriguez,Autódromo Hermanos Rodríguez,Mexico City,Mexico,19.4042,-99.0907,russell,RUS,George Russell,British,63,1998-02-15,mercedes,Mercedes,German,4,4,7,6.0,71,Finished,0,0,1,0
2025,20,Mexico City Grand Prix,2025-10-26,rodriguez,Autódromo Hermanos Rodríguez,Mexico City,Mexico,19.4042,-99.0907,hamilton,HAM,Lewis Hamilton,British,44,1985-01-07,ferrari,Ferrari,Italian,3,3,8,4.0,71,Finished,0,0,1,0
2025,20,Mexico City Grand Prix,2025-10-26,rodriguez,Autódromo Hermanos Rodríguez,Mexico City,Mexico,19.4042,-99.0907,ocon,OCO,Esteban Ocon,French,31,1996-09-17,haas,Haas F1 Team,American,12,11,9,2.0,71,Finished,0,0,1,0
2025,20,Mexico City Grand Prix,2025-10-26,rodriguez,Autódromo Hermanos Rodríguez,Mexico City,Mexico,19.4042,-99.0907,bortoleto,BOR,Gabriel Bortoleto,Brazilian,5,2004-10-14,sauber,Sauber,Swiss,16,16,10,1.0,71,Finished,0,0,1,0
2025,20,Mexico City Grand Prix,2025-10-26,rodriguez,Autódromo Hermanos Rodríguez,Mexico City,Mexico,19.4042,-99.0907,tsunoda,TSU,Yuki Tsunoda,Japanese,22,2000-05-11,red_bull,Red Bull,Austrian,11,10,11,0.0,71,Finished,0,0,0,0
2025,20,Mexico City Grand Prix,2025-10-26,rodriguez,Autódromo Hermanos Rodríguez,Mexico City,Mexico,19.4042,-99.0907,albon,ALB,Alexander Albon,Thai,23,1996-03-23,williams,Williams,British,17,17,12,0.0,70,Lapped,0,0,0,0
2025,20,Mexico City Grand Prix,2025-10-26,rodriguez,Autódromo Hermanos Rodríguez,Mexico City,Mexico,19.4042,-99.0907,hadjar,HAD,Isack Hadjar,French,6,2004-09-28,rb,RB F1 Team,Italian,9,8,13,0.0,70,Lapped,0,0,0,0
2025,20,Mexico City Grand Prix,2025-10-26,rodriguez,Autódromo Hermanos Rodríguez,Mexico City,Mexico,19.4042,-99.0907,stroll,STR,Lance Stroll,Canadian,18,1998-10-29,aston_martin,Aston Martin,British,19,19,14,0.0,70,Lapped,0,0,0,0
2025,20,Mexico City Grand Prix,2025-10-26,rodriguez,Autódromo Hermanos Rodríguez,Mexico City,Mexico,19.4042,-99.0907,gasly,GAS,Pierre Gasly,French,10,1996-02-07,alpine,Alpine F1 Team,French,18,18,15,0.0,70,Lapped,0,0,0,0
2025,20,Mexico City Grand Prix,2025-10-26,rodriguez,Autódromo Hermanos Rodríguez,Mexico City,Mexico,19.4042,-99.0907,colapinto,COL,Franco Colapinto,Argentine,43,2003-05-27,alpine,Alpine F1 Team,French,20,20,16,0.0,70,Lapped,0,0,0,0
2025,20,Mexico City Grand Prix,2025-10-26,rodriguez,Autódromo Hermanos Rodríguez,Mexico City,Mexico,19.4042,-99.0907,sainz,SAI,Carlos Sainz,Spanish,55,1994-09-01,williams,Williams,British,7,12,17,0.0,67,Retired,0,0,0,1
2025,20,Mexico City Grand Prix,2025-10-26,rodriguez,Autódromo Hermanos Rodríguez,Mexico City,Mexico,19.4042,-99.0907,alonso,ALO,Fernando Alonso,Spanish,14,1981-07-29,aston_martin,Aston Martin,British,14,14,18,0.0,34,Retired,0,0,0,1
2025,20,Mexico City Grand Prix,2025-10-26,rodriguez,Autódromo Hermanos Rodríguez,Mexico City,Mexico,19.4042,-99.0907,hulkenberg,HUL,Nico Hülkenberg,German,27,1987-08-19,sauber,Sauber,Swiss,13,13,19,0.0,25,Retired,0,0,0,1
2025,20,Mexico City Grand Prix,2025-10-26,rodriguez,Autódromo Hermanos Rodríguez,Mexico City,Mexico,19.4042,-99.0907,lawson,LAW,Liam Lawson,New Zealander,30,2002-02-11,rb,RB F1 Team,Italian,15,15,20,0.0,5,Retired,0,0,0,1
2025,21,São Paulo Grand Prix,2025-11-09,interlagos,Autódromo José Carlos Pace,São Paulo,Brazil,-23.7036,-46.6997,norris,NOR,Lando Norris,British,1,1999-11-13,mclaren,McLaren,British,1,1,1,25.0,71,Finished,1,1,1,0
2025,21,São Paulo Grand Prix,2025-11-09,interlagos,Autódromo José Carlos Pace,São Paulo,Brazil,-23.7036,-46.6997,antonelli,ANT,Andrea Kimi Antonelli,Italian,12,2006-08-25,mercedes,Mercedes,German,2,2,2,18.0,71,Finished,0,1,1,0
2025,21,São Paulo Grand Prix,2025-11-09,interlagos,Autódromo José Carlos Pace,São Paulo,Brazil,-23.7036,-46.6997,max_verstappen,VER,Max Verstappen,Dutch,3,1997-09-30,red_bull,Red Bull,Austrian,16,19,3,15.0,71,Finished,0,1,1,0
2025,21,São Paulo Grand Prix,2025-11-09,interlagos,Autódromo José Carlos Pace,São Paulo,Brazil,-23.7036,-46.6997,russell,RUS,George Russell,British,63,1998-02-15,mercedes,Mercedes,German,6,6,4,12.0,71,Finished,0,0,1,0
2025,21,São Paulo Grand Prix,2025-11-09,interlagos,Autódromo José Carlos Pace,São Paulo,Brazil,-23.7036,-46.6997,piastri,PIA,Oscar Piastri,Australian,81,2001-04-06,mclaren,McLaren,British,4,4,5,10.0,71,Finished,0,0,1,0
2025,21,São Paulo Grand Prix,2025-11-09,interlagos,Autódromo José Carlos Pace,São Paulo,Brazil,-23.7036,-46.6997,bearman,BEA,Oliver Bearman,British,87,2005-05-08,haas,Haas F1 Team,American,8,8,6,8.0,71,Finished,0,0,1,0
2025,21,São Paulo Grand Prix,2025-11-09,interlagos,Autódromo José Carlos Pace,São Paulo,Brazil,-23.7036,-46.6997,lawson,LAW,Liam Lawson,New Zealander,30,2002-02-11,rb,RB F1 Team,Italian,7,7,7,6.0,71,Finished,0,0,1,0
2025,21,São Paulo Grand Prix,2025-11-09,interlagos,Autódromo José Carlos Pace,São Paulo,Brazil,-23.7036,-46.6997,hadjar,HAD,Isack Hadjar,French,6,2004-09-28,rb,RB F1 Team,Italian,5,5,8,4.0,71,Finished,0,0,1,0
2025,21,São Paulo Grand Prix,2025-11-09,interlagos,Autódromo José Carlos Pace,São Paulo,Brazil,-23.7036,-46.6997,hulkenberg,HUL,Nico Hülkenberg,German,27,1987-08-19,sauber,Sauber,Swiss,10,10,9,2.0,71,Finished,0,0,1,0
2025,21,São Paulo Grand Prix,2025-11-09,interlagos,Autódromo José Carlos Pace,São Paulo,Brazil,-23.7036,-46.6997,gasly,GAS,Pierre Gasly,French,10,1996-02-07,alpine,Alpine F1 Team,French,9,9,10,1.0,71,Finished,0,0,1,0
2025,21,São Paulo Grand Prix,2025-11-09,interlagos,Autódromo José Carlos Pace,São Paulo,Brazil,-23.7036,-46.6997,albon,ALB,Alexander Albon,Thai,23,1996-03-23,williams,Williams,British,12,12,11,0.0,71,Finished,0,0,0,0
2025,21,São Paulo Grand Prix,2025-11-09,interlagos,Autódromo José Carlos Pace,São Paulo,Brazil,-23.7036,-46.6997,ocon,OCO,Esteban Ocon,French,31,1996-09-17,haas,Haas F1 Team,American,17,20,12,0.0,71,Finished,0,0,0,0
2025,21,São Paulo Grand Prix,2025-11-09,interlagos,Autódromo José Carlos Pace,São Paulo,Brazil,-23.7036,-46.6997,sainz,SAI,Carlos Sainz,Spanish,55,1994-09-01,williams,Williams,British,15,15,13,0.0,71,Finished,0,0,0,0
2025,21,São Paulo Grand Prix,2025-11-09,interlagos,Autódromo José Carlos Pace,São Paulo,Brazil,-23.7036,-46.6997,alonso,ALO,Fernando Alonso,Spanish,14,1981-07-29,aston_martin,Aston Martin,British,11,11,14,0.0,71,Finished,0,0,0,0
2025,21,São Paulo Grand Prix,2025-11-09,interlagos,Autódromo José Carlos Pace,São Paulo,Brazil,-23.7036,-46.6997,colapinto,COL,Franco Colapinto,Argentine,43,2003-05-27,alpine,Alpine F1 Team,French,18,16,15,0.0,71,Finished,0,0,0,0
2025,21,São Paulo Grand Prix,2025-11-09,interlagos,Autódromo José Carlos Pace,São Paulo,Brazil,-23.7036,-46.6997,stroll,STR,Lance Stroll,Canadian,18,1998-10-29,aston_martin,Aston Martin,British,14,14,16,0.0,71,Finished,0,0,0,0
2025,21,São Paulo Grand Prix,2025-11-09,interlagos,Autódromo José Carlos Pace,São Paulo,Brazil,-23.7036,-46.6997,tsunoda,TSU,Yuki Tsunoda,Japanese,22,2000-05-11,red_bull,Red Bull,Austrian,19,17,17,0.0,71,Finished,0,0,0,0
2025,21,São Paulo Grand Prix,2025-11-09,interlagos,Autódromo José Carlos Pace,São Paulo,Brazil,-23.7036,-46.6997,hamilton,HAM,Lewis Hamilton,British,44,1985-01-07,ferrari,Ferrari,Italian,13,13,18,0.0,37,Retired,0,0,0,1
2025,21,São Paulo Grand Prix,2025-11-09,interlagos,Autódromo José Carlos Pace,São Paulo,Brazil,-23.7036,-46.6997,leclerc,LEC,Charles Leclerc,Monegasque,16,1997-10-16,ferrari,Ferrari,Italian,3,3,19,0.0,5,Retired,0,0,0,1
2025,21,São Paulo Grand Prix,2025-11-09,interlagos,Autódromo José Carlos Pace,São Paulo,Brazil,-23.7036,-46.6997,bortoleto,BOR,Gabriel Bortoleto,Brazilian,5,2004-10-14,sauber,Sauber,Swiss,18,18,20,0.0,0,Retired,0,0,0,1
2025,22,Las Vegas Grand Prix,2025-11-23,vegas,Las Vegas Strip Street Circuit,Las Vegas,USA,36.1147,-115.173,max_verstappen,VER,Max Verstappen,Dutch,3,1997-09-30,red_bull,Red Bull,Austrian,2,2,1,25.0,50,Finished,1,1,1,0
2025,22,Las Vegas Grand Prix,2025-11-23,vegas,Las Vegas Strip Street Circuit,Las Vegas,USA,36.1147,-115.173,russell,RUS,George Russell,British,63,1998-02-15,mercedes,Mercedes,German,4,4,2,18.0,50,Finished,0,1,1,0
2025,22,Las Vegas Grand Prix,2025-11-23,vegas,Las Vegas Strip Street Circuit,Las Vegas,USA,36.1147,-115.173,antonelli,ANT,Andrea Kimi Antonelli,Italian,12,2006-08-25,mercedes,Mercedes,German,17,17,3,15.0,50,Finished,0,1,1,0
2025,22,Las Vegas Grand Prix,2025-11-23,vegas,Las Vegas Strip Street Circuit,Las Vegas,USA,36.1147,-115.173,leclerc,LEC,Charles Leclerc,Monegasque,16,1997-10-16,ferrari,Ferrari,Italian,9,9,4,12.0,50,Finished,0,0,1,0
2025,22,Las Vegas Grand Prix,2025-11-23,vegas,Las Vegas Strip Street Circuit,Las Vegas,USA,36.1147,-115.173,sainz,SAI,Carlos Sainz,Spanish,55,1994-09-01,williams,Williams,British,3,3,5,10.0,50,Finished,0,0,1,0
2025,22,Las Vegas Grand Prix,2025-11-23,vegas,Las Vegas Strip Street Circuit,Las Vegas,USA,36.1147,-115.173,hadjar,HAD,Isack Hadjar,French,6,2004-09-28,rb,RB F1 Team,Italian,8,8,6,8.0,50,Finished,0,0,1,0
2025,22,Las Vegas Grand Prix,2025-11-23,vegas,Las Vegas Strip Street Circuit,Las Vegas,USA,36.1147,-115.173,hulkenberg,HUL,Nico Hülkenberg,German,27,1987-08-19,sauber,Sauber,Swiss,11,11,7,6.0,50,Finished,0,0,1,0
2025,22,Las Vegas Grand Prix,2025-11-23,vegas,Las Vegas Strip Street Circuit,Las Vegas,USA,36.1147,-115.173,hamilton,HAM,Lewis Hamilton,British,44,1985-01-07,ferrari,Ferrari,Italian,20,19,8,4.0,50,Finished,0,0,1,0
2025,22,Las Vegas Grand Prix,2025-11-23,vegas,Las Vegas Strip Street Circuit,Las Vegas,USA,36.1147,-115.173,ocon,OCO,Esteban Ocon,French,31,1996-09-17,haas,Haas F1 Team,American,13,13,9,2.0,50,Finished,0,0,1,0
2025,22,Las Vegas Grand Prix,2025-11-23,vegas,Las Vegas Strip Street Circuit,Las Vegas,USA,36.1147,-115.173,bearman,BEA,Oliver Bearman,British,87,2005-05-08,haas,Haas F1 Team,American,14,14,10,1.0,50,Finished,0,0,1,0
2025,22,Las Vegas Grand Prix,2025-11-23,vegas,Las Vegas Strip Street Circuit,Las Vegas,USA,36.1147,-115.173,alonso,ALO,Fernando Alonso,Spanish,14,1981-07-29,aston_martin,Aston Martin,British,7,7,11,0.0,50,Finished,0,0,0,0
2025,22,Las Vegas Grand Prix,2025-11-23,vegas,Las Vegas Strip Street Circuit,Las Vegas,USA,36.1147,-115.173,tsunoda,TSU,Yuki Tsunoda,Japanese,22,2000-05-11,red_bull,Red Bull,Austrian,19,20,12,0.0,50,Finished,0,0,0,0
2025,22,Las Vegas Grand Prix,2025-11-23,vegas,Las Vegas Strip Street Circuit,Las Vegas,USA,36.1147,-115.173,gasly,GAS,Pierre Gasly,French,10,1996-02-07,alpine,Alpine F1 Team,French,10,10,13,0.0,50,Finished,0,0,0,0
2025,22,Las Vegas Grand Prix,2025-11-23,vegas,Las Vegas Strip Street Circuit,Las Vegas,USA,36.1147,-115.173,lawson,LAW,Liam Lawson,New Zealander,30,2002-02-11,rb,RB F1 Team,Italian,6,6,14,0.0,49,Lapped,0,0,0,0
2025,22,Las Vegas Grand Prix,2025-11-23,vegas,Las Vegas Strip Street Circuit,Las Vegas,USA,36.1147,-115.173,colapinto,COL,Franco Colapinto,Argentine,43,2003-05-27,alpine,Alpine F1 Team,French,15,15,15,0.0,49,Lapped,0,0,0,0
2025,22,Las Vegas Grand Prix,2025-11-23,vegas,Las Vegas Strip Street Circuit,Las Vegas,USA,36.1147,-115.173,albon,ALB,Alexander Albon,Thai,23,1996-03-23,williams,Williams,British,16,16,16,0.0,35,Retired,0,0,0,1
2025,22,Las Vegas Grand Prix,2025-11-23,vegas,Las Vegas Strip Street Circuit,Las Vegas,USA,36.1147,-115.173,bortoleto,BOR,Gabriel Bortoleto,Brazilian,5,2004-10-14,sauber,Sauber,Swiss,18,18,17,0.0,2,Retired,0,0,0,1
2025,22,Las Vegas Grand Prix,2025-11-23,vegas,Las Vegas Strip Street Circuit,Las Vegas,USA,36.1147,-115.173,stroll,STR,Lance Stroll,Canadian,18,1998-10-29,aston_martin,Aston Martin,British,12,12,18,0.0,0,Retired,0,0,0,1
2025,22,Las Vegas Grand Prix,2025-11-23,vegas,Las Vegas Strip Street Circuit,Las Vegas,USA,36.1147,-115.173,norris,NOR,Lando Norris,British,1,1999-11-13,mclaren,McLaren,British,1,1,19,0.0,50,Disqualified,0,0,0,0
2025,22,Las Vegas Grand Prix,2025-11-23,vegas,Las Vegas Strip Street Circuit,Las Vegas,USA,36.1147,-115.173,piastri,PIA,Oscar Piastri,Australian,81,2001-04-06,mclaren,McLaren,British,5,5,20,0.0,50,Disqualified,0,0,0,0
2025,23,Qatar Grand Prix,2025-11-30,losail,Losail International Circuit,Lusail,Qatar,25.49,51.4542,max_verstappen,VER,Max Verstappen,Dutch,3,1997-09-30,red_bull,Red Bull,Austrian,3,3,1,25.0,57,Finished,1,1,1,0
2025,23,Qatar Grand Prix,2025-11-30,losail,Losail International Circuit,Lusail,Qatar,25.49,51.4542,piastri,PIA,Oscar Piastri,Australian,81,2001-04-06,mclaren,McLaren,British,1,1,2,18.0,57,Finished,0,1,1,0
2025,23,Qatar Grand Prix,2025-11-30,losail,Losail International Circuit,Lusail,Qatar,25.49,51.4542,sainz,SAI,Carlos Sainz,Spanish,55,1994-09-01,williams,Williams,British,7,7,3,15.0,57,Finished,0,1,1,0
2025,23,Qatar Grand Prix,2025-11-30,losail,Losail International Circuit,Lusail,Qatar,25.49,51.4542,norris,NOR,Lando Norris,British,1,1999-11-13,mclaren,McLaren,British,2,2,4,12.0,57,Finished,0,0,1,0
2025,23,Qatar Grand Prix,2025-11-30,losail,Losail International Circuit,Lusail,Qatar,25.49,51.4542,antonelli,ANT,Andrea Kimi Antonelli,Italian,12,2006-08-25,mercedes,Mercedes,German,5,5,5,10.0,57,Finished,0,0,1,0
2025,23,Qatar Grand Prix,2025-11-30,losail,Losail International Circuit,Lusail,Qatar,25.49,51.4542,russell,RUS,George Russell,British,63,1998-02-15,mercedes,Mercedes,German,4,4,6,8.0,57,Finished,0,0,1,0
2025,23,Qatar Grand Prix,2025-11-30,losail,Losail International Circuit,Lusail,Qatar,25.49,51.4542,alonso,ALO,Fernando Alonso,Spanish,14,1981-07-29,aston_martin,Aston Martin,British,8,8,7,6.0,57,Finished,0,0,1,0
2025,23,Qatar Grand Prix,2025-11-30,losail,Losail International Circuit,Lusail,Qatar,25.49,51.4542,leclerc,LEC,Charles Leclerc,Monegasque,16,1997-10-16,ferrari,Ferrari,Italian,10,10,8,4.0,57,Finished,0,0,1,0
2025,23,Qatar Grand Prix,2025-11-30,losail,Losail International Circuit,Lusail,Qatar,25.49,51.4542,lawson,LAW,Liam Lawson,New Zealander,30,2002-02-11,rb,RB F1 Team,Italian,12,12,9,2.0,57,Finished,0,0,1,0
2025,23,Qatar Grand Prix,2025-11-30,losail,Losail International Circuit,Lusail,Qatar,25.49,51.4542,tsunoda,TSU,Yuki Tsunoda,Japanese,22,2000-05-11,red_bull,Red Bull,Austrian,16,15,10,1.0,57,Finished,0,0,1,0
2025,23,Qatar Grand Prix,2025-11-30,losail,Losail International Circuit,Lusail,Qatar,25.49,51.4542,albon,ALB,Alexander Albon,Thai,23,1996-03-23,williams,Williams,British,15,14,11,0.0,57,Finished,0,0,0,0
2025,23,Qatar Grand Prix,2025-11-30,losail,Losail International Circuit,Lusail,Qatar,25.49,51.4542,hamilton,HAM,Lewis Hamilton,British,44,1985-01-07,ferrari,Ferrari,Italian,18,17,12,0.0,57,Finished,0,0,0,0
2025,23,Qatar Grand Prix,2025-11-30,losail,Losail International Circuit,Lusail,Qatar,25.49,51.4542,bortoleto,BOR,Gabriel Bortoleto,Brazilian,5,2004-10-14,sauber,Sauber,Swiss,14,19,13,0.0,57,Finished,0,0,0,0
2025,23,Qatar Grand Prix,2025-11-30,losail,Losail International Circuit,Lusail,Qatar,25.49,51.4542,colapinto,COL,Franco Colapinto,Argentine,43,2003-05-27,alpine,Alpine F1 Team,French,20,20,14,0.0,56,Lapped,0,0,0,0
2025,23,Qatar Grand Prix,2025-11-30,losail,Losail International Circuit,Lusail,Qatar,25.49,51.4542,ocon,OCO,Esteban Ocon,French,31,1996-09-17,haas,Haas F1 Team,American,17,16,15,0.0,56,Lapped,0,0,0,0
2025,23,Qatar Grand Prix,2025-11-30,losail,Losail International Circuit,Lusail,Qatar,25.49,51.4542,gasly,GAS,Pierre Gasly,French,10,1996-02-07,alpine,Alpine F1 Team,French,9,9,16,0.0,56,Lapped,0,0,0,0
2025,23,Qatar Grand Prix,2025-11-30,losail,Losail International Circuit,Lusail,Qatar,25.49,51.4542,stroll,STR,Lance Stroll,Canadian,18,1998-10-29,aston_martin,Aston Martin,British,19,18,17,0.0,55,Retired,0,0,0,1
2025,23,Qatar Grand Prix,2025-11-30,losail,Losail International Circuit,Lusail,Qatar,25.49,51.4542,hadjar,HAD,Isack Hadjar,French,6,2004-09-28,rb,RB F1 Team,Italian,6,6,18,0.0,55,Retired,0,0,0,1
2025,23,Qatar Grand Prix,2025-11-30,losail,Losail International Circuit,Lusail,Qatar,25.49,51.4542,bearman,BEA,Oliver Bearman,British,87,2005-05-08,haas,Haas F1 Team,American,13,13,19,0.0,41,Retired,0,0,0,1
2025,23,Qatar Grand Prix,2025-11-30,losail,Losail International Circuit,Lusail,Qatar,25.49,51.4542,hulkenberg,HUL,Nico Hülkenberg,German,27,1987-08-19,sauber,Sauber,Swiss,11,11,20,0.0,6,Retired,0,0,0,1
2025,24,Abu Dhabi Grand Prix,2025-12-07,yas_marina,Yas Marina Circuit,Abu Dhabi,UAE,24.4672,54.6031,max_verstappen,VER,Max Verstappen,Dutch,3,1997-09-30,red_bull,Red Bull,Austrian,1,1,1,25.0,58,Finished,1,1,1,0
2025,24,Abu Dhabi Grand Prix,2025-12-07,yas_marina,Yas Marina Circuit,Abu Dhabi,UAE,24.4672,54.6031,piastri,PIA,Oscar Piastri,Australian,81,2001-04-06,mclaren,McLaren,British,3,3,2,18.0,58,Finished,0,1,1,0
2025,24,Abu Dhabi Grand Prix,2025-12-07,yas_marina,Yas Marina Circuit,Abu Dhabi,UAE,24.4672,54.6031,norris,NOR,Lando Norris,British,1,1999-11-13,mclaren,McLaren,British,2,2,3,15.0,58,Finished,0,1,1,0
2025,24,Abu Dhabi Grand Prix,2025-12-07,yas_marina,Yas Marina Circuit,Abu Dhabi,UAE,24.4672,54.6031,leclerc,LEC,Charles Leclerc,Monegasque,16,1997-10-16,ferrari,Ferrari,Italian,5,5,4,12.0,58,Finished,0,0,1,0
2025,24,Abu Dhabi Grand Prix,2025-12-07,yas_marina,Yas Marina Circuit,Abu Dhabi,UAE,24.4672,54.6031,russell,RUS,George Russell,British,63,1998-02-15,mercedes,Mercedes,German,4,4,5,10.0,58,Finished,0,0,1,0
2025,24,Abu Dhabi Grand Prix,2025-12-07,yas_marina,Yas Marina Circuit,Abu Dhabi,UAE,24.4672,54.6031,alonso,ALO,Fernando Alonso,Spanish,14,1981-07-29,aston_martin,Aston Martin,British,6,6,6,8.0,58,Finished,0,0,1,0
2025,24,Abu Dhabi Grand Prix,2025-12-07,yas_marina,Yas Marina Circuit,Abu Dhabi,UAE,24.4672,54.6031,ocon,OCO,Esteban Ocon,French,31,1996-09-17,haas,Haas F1 Team,American,8,8,7,6.0,58,Finished,0,0,1,0
2025,24,Abu Dhabi Grand Prix,2025-12-07,yas_marina,Yas Marina Circuit,Abu Dhabi,UAE,24.4672,54.6031,hamilton,HAM,Lewis Hamilton,British,44,1985-01-07,ferrari,Ferrari,Italian,16,16,8,4.0,58,Finished,0,0,1,0
2025,24,Abu Dhabi Grand Prix,2025-12-07,yas_marina,Yas Marina Circuit,Abu Dhabi,UAE,24.4672,54.6031,hulkenberg,HUL,Nico Hülkenberg,German,27,1987-08-19,sauber,Sauber,Swiss,18,18,9,2.0,58,Finished,0,0,1,0
2025,24,Abu Dhabi Grand Prix,2025-12-07,yas_marina,Yas Marina Circuit,Abu Dhabi,UAE,24.4672,54.6031,stroll,STR,Lance Stroll,Canadian,18,1998-10-29,aston_martin,Aston Martin,British,15,15,10,1.0,58,Finished,0,0,1,0
2025,24,Abu Dhabi Grand Prix,2025-12-07,yas_marina,Yas Marina Circuit,Abu Dhabi,UAE,24.4672,54.6031,bortoleto,BOR,Gabriel Bortoleto,Brazilian,5,2004-10-14,sauber,Sauber,Swiss,7,7,11,0.0,58,Finished,0,0,0,0
2025,24,Abu Dhabi Grand Prix,2025-12-07,yas_marina,Yas Marina Circuit,Abu Dhabi,UAE,24.4672,54.6031,bearman,BEA,Oliver Bearman,British,87,2005-05-08,haas,Haas F1 Team,American,11,11,12,0.0,58,Finished,0,0,0,0
2025,24,Abu Dhabi Grand Prix,2025-12-07,yas_marina,Yas Marina Circuit,Abu Dhabi,UAE,24.4672,54.6031,sainz,SAI,Carlos Sainz,Spanish,55,1994-09-01,williams,Williams,British,12,12,13,0.0,58,Finished,0,0,0,0
2025,24,Abu Dhabi Grand Prix,2025-12-07,yas_marina,Yas Marina Circuit,Abu Dhabi,UAE,24.4672,54.6031,tsunoda,TSU,Yuki Tsunoda,Japanese,22,2000-05-11,red_bull,Red Bull,Austrian,10,10,14,0.0,58,Finished,0,0,0,0
2025,24,Abu Dhabi Grand Prix,2025-12-07,yas_marina,Yas Marina Circuit,Abu Dhabi,UAE,24.4672,54.6031,antonelli,ANT,Andrea Kimi Antonelli,Italian,12,2006-08-25,mercedes,Mercedes,German,14,14,15,0.0,58,Finished,0,0,0,0
2025,24,Abu Dhabi Grand Prix,2025-12-07,yas_marina,Yas Marina Circuit,Abu Dhabi,UAE,24.4672,54.6031,albon,ALB,Alexander Albon,Thai,23,1996-03-23,williams,Williams,British,17,17,16,0.0,58,Finished,0,0,0,0
2025,24,Abu Dhabi Grand Prix,2025-12-07,yas_marina,Yas Marina Circuit,Abu Dhabi,UAE,24.4672,54.6031,hadjar,HAD,Isack Hadjar,French,6,2004-09-28,rb,RB F1 Team,Italian,9,9,17,0.0,57,Lapped,0,0,0,0
2025,24,Abu Dhabi Grand Prix,2025-12-07,yas_marina,Yas Marina Circuit,Abu Dhabi,UAE,24.4672,54.6031,lawson,LAW,Liam Lawson,New Zealander,30,2002-02-11,rb,RB F1 Team,Italian,13,13,18,0.0,57,Lapped,0,0,0,0
2025,24,Abu Dhabi Grand Prix,2025-12-07,yas_marina,Yas Marina Circuit,Abu Dhabi,UAE,24.4672,54.6031,gasly,GAS,Pierre Gasly,French,10,1996-02-07,alpine,Alpine F1 Team,French,19,19,19,0.0,57,Lapped,0,0,0,0
2025,24,Abu Dhabi Grand Prix,2025-12-07,yas_marina,Yas Marina Circuit,Abu Dhabi,UAE,24.4672,54.6031,colapinto,COL,Franco Colapinto,Argentine,43,2003-05-27,alpine,Alpine F1 Team,French,20,20,20,0.0,57,Lapped,0,0,0,0
